geomid,naics,workers
872912494ffffff,Art/Culture,36.326
872912494ffffff,Business Support,66.319
872912494ffffff,Construction,91.757
872912494ffffff,Corporate,0.514
872912494ffffff,Education,41.868
872912494ffffff,Energy,0.103
872912494ffffff,Financial,50.798
872912494ffffff,Health,68.702
872912494ffffff,Hospitality,78.284
872912494ffffff,Information,43.563
872912494ffffff,Manufacturing,31.643
872912494ffffff,Professional Service,80.65
872912494ffffff,Public Administration,39.599
872912494ffffff,Real Estate,24.025
872912494ffffff,Retail,8.089
872912494ffffff,Transportation,8.915
872912494ffffff,Wholesale,6.154
8729a0255ffffff,Art/Culture,72.197
8729a0255ffffff,Business Support,300.208
8729a0255ffffff,Construction,544.731
8729a0255ffffff,Corporate,4.496
8729a0255ffffff,Education,482.344
8729a0255ffffff,Energy,41.17
8729a0255ffffff,Financial,262.125
8729a0255ffffff,Health,761.95
8729a0255ffffff,Hospitality,122.316
8729a0255ffffff,Information,305.052
8729a0255ffffff,Manufacturing,776.23
8729a0255ffffff,Professional Service,469.562
8729a0255ffffff,Public Administration,230.404
8729a0255ffffff,Real Estate,141.587
8729a0255ffffff,Retail,200.57
8729a0255ffffff,Transportation,216.86
8729a0255ffffff,Wholesale,99.041
8729a02ecffffff,Art/Culture,2.782
8729a02ecffffff,Business Support,0.191
8729a02ecffffff,Construction,57.764
8729a02ecffffff,Education,12.174
8729a02ecffffff,Energy,0.074
8729a02ecffffff,Financial,0.444
8729a02ecffffff,Health,19.835
8729a02ecffffff,Hospitality,7.458
8729a02ecffffff,Information,0.222
8729a02ecffffff,Manufacturing,0.104
8729a02ecffffff,Professional Service,0.555
8729a02ecffffff,Public Administration,0.166
8729a02ecffffff,Real Estate,0.185
8729a02ecffffff,Retail,1.334
8729a02ecffffff,Transportation,0.416
8729a02ecffffff,Wholesale,0.086
8729a0362ffffff,Art/Culture,2.357
8729a0362ffffff,Business Support,9.331
8729a0362ffffff,Construction,0.178
8729a0362ffffff,Education,16.315
8729a0362ffffff,Financial,2.057
8729a0362ffffff,Health,29.385
8729a0362ffffff,Hospitality,6.687
8729a0362ffffff,Information,4.626
8729a0362ffffff,Manufacturing,0.67
8729a0362ffffff,Professional Service,0.168
8729a0362ffffff,Public Administration,0.276
8729a0362ffffff,Real Estate,0.128
8729a0362ffffff,Retail,1.354
8729a0362ffffff,Transportation,1.443
8729a0362ffffff,Wholesale,1.41
8729a0364ffffff,Art/Culture,19.957
8729a0364ffffff,Business Support,8.846
8729a0364ffffff,Construction,40.827
8729a0364ffffff,Education,24.864
8729a0364ffffff,Energy,3.652
8729a0364ffffff,Financial,8.03
8729a0364ffffff,Health,47.974
8729a0364ffffff,Hospitality,33.846
8729a0364ffffff,Information,5.964
8729a0364ffffff,Manufacturing,27.376
8729a0364ffffff,Professional Service,9.573
8729a0364ffffff,Public Administration,12.791
8729a0364ffffff,Real Estate,3.43
8729a0364ffffff,Retail,23.094
8729a0364ffffff,Transportation,27.949
8729a0364ffffff,Wholesale,9.958
8729a0365ffffff,Art/Culture,27.934
8729a0365ffffff,Business Support,104.05
8729a0365ffffff,Construction,426.961
8729a0365ffffff,Corporate,0.119
8729a0365ffffff,Education,150.408
8729a0365ffffff,Energy,13.121
8729a0365ffffff,Financial,93.314
8729a0365ffffff,Health,301.645
8729a0365ffffff,Hospitality,156.157
8729a0365ffffff,Information,52.704
8729a0365ffffff,Manufacturing,185.043
8729a0365ffffff,Professional Service,111.359
8729a0365ffffff,Public Administration,45.935
8729a0365ffffff,Real Estate,50.055
8729a0365ffffff,Retail,63.243
8729a0365ffffff,Transportation,71.576
8729a0365ffffff,Wholesale,33.436
8729a0366ffffff,Art/Culture,34.543
8729a0366ffffff,Business Support,1.905
8729a0366ffffff,Construction,7.567
8729a0366ffffff,Education,50.141
8729a0366ffffff,Energy,1.716
8729a0366ffffff,Financial,3.793
8729a0366ffffff,Health,78.975
8729a0366ffffff,Hospitality,71.22
8729a0366ffffff,Information,2.364
8729a0366ffffff,Manufacturing,5.205
8729a0366ffffff,Professional Service,1.231
8729a0366ffffff,Public Administration,5.714
8729a0366ffffff,Real Estate,1.515
8729a0366ffffff,Retail,9.059
8729a0366ffffff,Transportation,18.177
8729a0366ffffff,Wholesale,3.989
8729a036dffffff,Art/Culture,42.842
8729a036dffffff,Business Support,105.856
8729a036dffffff,Construction,78.984
8729a036dffffff,Education,132.838
8729a036dffffff,Energy,6.675
8729a036dffffff,Financial,80.093
8729a036dffffff,Health,335.743
8729a036dffffff,Hospitality,94.563
8729a036dffffff,Information,16.424
8729a036dffffff,Manufacturing,81.707
8729a036dffffff,Professional Service,116.611
8729a036dffffff,Public Administration,58.618
8729a036dffffff,Real Estate,36.304
8729a036dffffff,Retail,71.67
8729a036dffffff,Transportation,32.955
8729a036dffffff,Wholesale,29.718
8729a0370ffffff,Art/Culture,8.887
8729a0370ffffff,Business Support,1.692
8729a0370ffffff,Construction,0.283
8729a0370ffffff,Education,7.917
8729a0370ffffff,Financial,0.566
8729a0370ffffff,Health,11.308
8729a0370ffffff,Hospitality,13.976
8729a0370ffffff,Information,0.141
8729a0370ffffff,Manufacturing,6.201
8729a0370ffffff,Professional Service,1.55
8729a0370ffffff,Public Administration,4.931
8729a0370ffffff,Real Estate,0.846
8729a0370ffffff,Retail,14.088
8729a0370ffffff,Transportation,14.229
8729a0370ffffff,Wholesale,4.931
8729a0374ffffff,Art/Culture,4.473
8729a0374ffffff,Business Support,2.894
8729a0374ffffff,Construction,4.34
8729a0374ffffff,Education,31.664
8729a0374ffffff,Energy,0.146
8729a0374ffffff,Financial,3.212
8729a0374ffffff,Health,43.649
8729a0374ffffff,Hospitality,9.026
8729a0374ffffff,Information,2.947
8729a0374ffffff,Manufacturing,3.564
8729a0374ffffff,Professional Service,5.08
8729a0374ffffff,Public Administration,2.89
8729a0374ffffff,Real Estate,1.656
8729a0374ffffff,Retail,4.509
8729a0374ffffff,Transportation,6.468
8729a0374ffffff,Wholesale,3.06
8729a0a40ffffff,Art/Culture,51.305
8729a0a40ffffff,Business Support,79.304
8729a0a40ffffff,Construction,227.262
8729a0a40ffffff,Corporate,0.414
8729a0a40ffffff,Education,426.877
8729a0a40ffffff,Energy,9.896
8729a0a40ffffff,Financial,157.672
8729a0a40ffffff,Health,679.819
8729a0a40ffffff,Hospitality,217.766
8729a0a40ffffff,Information,45.119
8729a0a40ffffff,Manufacturing,184.514
8729a0a40ffffff,Professional Service,219.615
8729a0a40ffffff,Public Administration,154.328
8729a0a40ffffff,Real Estate,82.541
8729a0a40ffffff,Retail,94.767
8729a0a40ffffff,Transportation,135.375
8729a0a40ffffff,Wholesale,202.353
8729a0a41ffffff,Art/Culture,2.275
8729a0a41ffffff,Business Support,4.739
8729a0a41ffffff,Construction,9.858
8729a0a41ffffff,Corporate,0.19
8729a0a41ffffff,Education,7.014
8729a0a41ffffff,Energy,0.379
8729a0a41ffffff,Financial,2.275
8729a0a41ffffff,Health,8.72
8729a0a41ffffff,Hospitality,1.327
8729a0a41ffffff,Information,7.014
8729a0a41ffffff,Manufacturing,3.791
8729a0a41ffffff,Professional Service,10.616
8729a0a41ffffff,Public Administration,9.668
8729a0a41ffffff,Real Estate,1.706
8729a0a41ffffff,Retail,4.929
8729a0a41ffffff,Transportation,2.844
8729a0a41ffffff,Wholesale,4.17
8729a0a43ffffff,Art/Culture,10.921
8729a0a43ffffff,Business Support,25.142
8729a0a43ffffff,Construction,46.439
8729a0a43ffffff,Corporate,0.509
8729a0a43ffffff,Education,26.452
8729a0a43ffffff,Energy,10.126
8729a0a43ffffff,Financial,59.559
8729a0a43ffffff,Health,41.43
8729a0a43ffffff,Hospitality,48.243
8729a0a43ffffff,Information,16.465
8729a0a43ffffff,Manufacturing,17.622
8729a0a43ffffff,Professional Service,65.223
8729a0a43ffffff,Public Administration,24.884
8729a0a43ffffff,Real Estate,21.106
8729a0a43ffffff,Retail,24.759
8729a0a43ffffff,Transportation,27.117
8729a0a43ffffff,Wholesale,38.988
8729a0a48ffffff,Art/Culture,50.913
8729a0a48ffffff,Business Support,149.419
8729a0a48ffffff,Construction,219.806
8729a0a48ffffff,Corporate,4.219
8729a0a48ffffff,Education,198.734
8729a0a48ffffff,Energy,31.888
8729a0a48ffffff,Financial,112.144
8729a0a48ffffff,Health,410.013
8729a0a48ffffff,Hospitality,154.444
8729a0a48ffffff,Information,94.691
8729a0a48ffffff,Manufacturing,69.23
8729a0a48ffffff,Professional Service,159.124
8729a0a48ffffff,Public Administration,63.116
8729a0a48ffffff,Real Estate,43.633
8729a0a48ffffff,Retail,97.399
8729a0a48ffffff,Transportation,108.615
8729a0a48ffffff,Wholesale,89.58
8729a0a4affffff,Art/Culture,135.129
8729a0a4affffff,Business Support,242.736
8729a0a4affffff,Construction,285.367
8729a0a4affffff,Corporate,1.877
8729a0a4affffff,Education,165.756
8729a0a4affffff,Energy,91.198
8729a0a4affffff,Financial,200.178
8729a0a4affffff,Health,336.502
8729a0a4affffff,Hospitality,388.161
8729a0a4affffff,Information,117.441
8729a0a4affffff,Manufacturing,1657.12
8729a0a4affffff,Professional Service,287.781
8729a0a4affffff,Public Administration,86.923
8729a0a4affffff,Real Estate,96.925
8729a0a4affffff,Retail,419.898
8729a0a4affffff,Transportation,617.439
8729a0a4affffff,Wholesale,452.052
8729a0a4bffffff,Art/Culture,168.249
8729a0a4bffffff,Business Support,262.157
8729a0a4bffffff,Construction,298.331
8729a0a4bffffff,Corporate,2.575
8729a0a4bffffff,Education,166.821
8729a0a4bffffff,Energy,93.661
8729a0a4bffffff,Financial,178.609
8729a0a4bffffff,Health,323.217
8729a0a4bffffff,Hospitality,490.121
8729a0a4bffffff,Information,110.063
8729a0a4bffffff,Manufacturing,1805.274
8729a0a4bffffff,Professional Service,272.977
8729a0a4bffffff,Public Administration,81.899
8729a0a4bffffff,Real Estate,109.374
8729a0a4bffffff,Retail,446.885
8729a0a4bffffff,Transportation,679.414
8729a0a4bffffff,Wholesale,481.492
8729a0a4cffffff,Art/Culture,23.777
8729a0a4cffffff,Business Support,34.754
8729a0a4cffffff,Construction,32.026
8729a0a4cffffff,Corporate,2.425
8729a0a4cffffff,Education,177.648
8729a0a4cffffff,Energy,14.664
8729a0a4cffffff,Financial,41.081
8729a0a4cffffff,Health,261.528
8729a0a4cffffff,Hospitality,79.802
8729a0a4cffffff,Information,40.573
8729a0a4cffffff,Manufacturing,22.623
8729a0a4cffffff,Professional Service,79.635
8729a0a4cffffff,Public Administration,57.026
8729a0a4cffffff,Real Estate,22.464
8729a0a4cffffff,Retail,75.34
8729a0a4cffffff,Transportation,62.08
8729a0a4cffffff,Wholesale,49.587
8729a0a4dffffff,Art/Culture,2.367
8729a0a4dffffff,Business Support,11.876
8729a0a4dffffff,Construction,5.272
8729a0a4dffffff,Corporate,1.936
8729a0a4dffffff,Education,23.086
8729a0a4dffffff,Energy,9.227
8729a0a4dffffff,Financial,15.793
8729a0a4dffffff,Health,24.485
8729a0a4dffffff,Hospitality,15.736
8729a0a4dffffff,Information,9.519
8729a0a4dffffff,Manufacturing,3.559
8729a0a4dffffff,Professional Service,21.703
8729a0a4dffffff,Public Administration,18.267
8729a0a4dffffff,Real Estate,7.481
8729a0a4dffffff,Retail,19.3
8729a0a4dffffff,Transportation,17.934
8729a0a4dffffff,Wholesale,25.291
8729a0a4effffff,Art/Culture,63.325
8729a0a4effffff,Business Support,60.454
8729a0a4effffff,Construction,106.026
8729a0a4effffff,Corporate,0.549
8729a0a4effffff,Education,236.826
8729a0a4effffff,Energy,35.456
8729a0a4effffff,Financial,99.217
8729a0a4effffff,Health,349.987
8729a0a4effffff,Hospitality,223.569
8729a0a4effffff,Information,67.93
8729a0a4effffff,Manufacturing,94.908
8729a0a4effffff,Professional Service,204.522
8729a0a4effffff,Public Administration,55.679
8729a0a4effffff,Real Estate,22.058
8729a0a4effffff,Retail,111.253
8729a0a4effffff,Transportation,88.419
8729a0a4effffff,Wholesale,64.502
8729a0a53ffffff,Art/Culture,49.811
8729a0a53ffffff,Business Support,105.825
8729a0a53ffffff,Construction,19.892
8729a0a53ffffff,Corporate,3.449
8729a0a53ffffff,Education,198.657
8729a0a53ffffff,Energy,20.803
8729a0a53ffffff,Financial,125.97
8729a0a53ffffff,Health,365.717
8729a0a53ffffff,Hospitality,155.391
8729a0a53ffffff,Information,47.325
8729a0a53ffffff,Manufacturing,176.458
8729a0a53ffffff,Professional Service,216.004
8729a0a53ffffff,Public Administration,94.633
8729a0a53ffffff,Real Estate,80.189
8729a0a53ffffff,Retail,189.765
8729a0a53ffffff,Transportation,156.11
8729a0a53ffffff,Wholesale,344.241
8729a0a58ffffff,Art/Culture,118.581
8729a0a58ffffff,Business Support,211.049
8729a0a58ffffff,Construction,295.822
8729a0a58ffffff,Corporate,1.613
8729a0a58ffffff,Education,230.695
8729a0a58ffffff,Energy,93.023
8729a0a58ffffff,Financial,150.586
8729a0a58ffffff,Health,431.268
8729a0a58ffffff,Hospitality,400.152
8729a0a58ffffff,Information,102.41
8729a0a58ffffff,Manufacturing,1446.352
8729a0a58ffffff,Professional Service,305.723
8729a0a58ffffff,Public Administration,112.615
8729a0a58ffffff,Real Estate,90.896
8729a0a58ffffff,Retail,366.208
8729a0a58ffffff,Transportation,574.495
8729a0a58ffffff,Wholesale,450.983
8729a0a59ffffff,Art/Culture,136.679
8729a0a59ffffff,Business Support,110.467
8729a0a59ffffff,Construction,250.88
8729a0a59ffffff,Corporate,0.405
8729a0a59ffffff,Education,153.781
8729a0a59ffffff,Energy,23.493
8729a0a59ffffff,Financial,67.067
8729a0a59ffffff,Health,408.734
8729a0a59ffffff,Hospitality,365.058
8729a0a59ffffff,Information,32.353
8729a0a59ffffff,Manufacturing,406.907
8729a0a59ffffff,Professional Service,110.292
8729a0a59ffffff,Public Administration,171.63
8729a0a59ffffff,Real Estate,87.569
8729a0a59ffffff,Retail,126.083
8729a0a59ffffff,Transportation,195.137
8729a0a59ffffff,Wholesale,130.299
8729a0a5affffff,Art/Culture,76.994
8729a0a5affffff,Business Support,78.704
8729a0a5affffff,Construction,49.266
8729a0a5affffff,Corporate,3.72
8729a0a5affffff,Education,225.106
8729a0a5affffff,Energy,23.42
8729a0a5affffff,Financial,95.336
8729a0a5affffff,Health,414.185
8729a0a5affffff,Hospitality,186.502
8729a0a5affffff,Information,25.531
8729a0a5affffff,Manufacturing,116.388
8729a0a5affffff,Professional Service,339.14
8729a0a5affffff,Public Administration,82.559
8729a0a5affffff,Real Estate,36.036
8729a0a5affffff,Retail,162.494
8729a0a5affffff,Transportation,169.96
8729a0a5affffff,Wholesale,116.134
8729a0a5bffffff,Art/Culture,115.311
8729a0a5bffffff,Business Support,74.138
8729a0a5bffffff,Construction,90.608
8729a0a5bffffff,Corporate,0.18
8729a0a5bffffff,Education,127.378
8729a0a5bffffff,Energy,27.261
8729a0a5bffffff,Financial,52.219
8729a0a5bffffff,Health,245.147
8729a0a5bffffff,Hospitality,307.418
8729a0a5bffffff,Information,53.396
8729a0a5bffffff,Manufacturing,112.453
8729a0a5bffffff,Professional Service,116.866
8729a0a5bffffff,Public Administration,106.079
8729a0a5bffffff,Real Estate,31.316
8729a0a5bffffff,Retail,193.895
8729a0a5bffffff,Transportation,219.353
8729a0a5bffffff,Wholesale,152.663
8729a0a5cffffff,Art/Culture,208.894
8729a0a5cffffff,Business Support,222.921
8729a0a5cffffff,Construction,171.636
8729a0a5cffffff,Corporate,1.346
8729a0a5cffffff,Education,242.665
8729a0a5cffffff,Energy,55.904
8729a0a5cffffff,Financial,309.464
8729a0a5cffffff,Health,427.258
8729a0a5cffffff,Hospitality,833.659
8729a0a5cffffff,Information,91.041
8729a0a5cffffff,Manufacturing,637.929
8729a0a5cffffff,Professional Service,338.524
8729a0a5cffffff,Public Administration,229.584
8729a0a5cffffff,Real Estate,101.135
8729a0a5cffffff,Retail,320.702
8729a0a5cffffff,Transportation,378.14
8729a0a5cffffff,Wholesale,297.04
8729a0a5dffffff,Art/Culture,195.201
8729a0a5dffffff,Business Support,314.453
8729a0a5dffffff,Construction,321.088
8729a0a5dffffff,Corporate,3.369
8729a0a5dffffff,Education,203.816
8729a0a5dffffff,Energy,135.237
8729a0a5dffffff,Financial,261.035
8729a0a5dffffff,Health,392.08
8729a0a5dffffff,Hospitality,623.304
8729a0a5dffffff,Information,145.674
8729a0a5dffffff,Manufacturing,2339.041
8729a0a5dffffff,Professional Service,380.863
8729a0a5dffffff,Public Administration,123.835
8729a0a5dffffff,Real Estate,138.168
8729a0a5dffffff,Retail,547.672
8729a0a5dffffff,Transportation,901.721
8729a0a5dffffff,Wholesale,669.884
8729a0a5effffff,Art/Culture,156.85
8729a0a5effffff,Business Support,187.306
8729a0a5effffff,Construction,173.444
8729a0a5effffff,Corporate,3.058
8729a0a5effffff,Education,245.306
8729a0a5effffff,Energy,86.071
8729a0a5effffff,Financial,159.008
8729a0a5effffff,Health,464.029
8729a0a5effffff,Hospitality,441.366
8729a0a5effffff,Information,51.705
8729a0a5effffff,Manufacturing,1130.544
8729a0a5effffff,Professional Service,275.024
8729a0a5effffff,Public Administration,190.406
8729a0a5effffff,Real Estate,90.925
8729a0a5effffff,Retail,458.694
8729a0a5effffff,Transportation,526.765
8729a0a5effffff,Wholesale,482.23
8729a0a68ffffff,Art/Culture,215.651
8729a0a68ffffff,Business Support,145.96
8729a0a68ffffff,Construction,197.529
8729a0a68ffffff,Corporate,0.26
8729a0a68ffffff,Education,443.052
8729a0a68ffffff,Energy,50.19
8729a0a68ffffff,Financial,102.91
8729a0a68ffffff,Health,491.869
8729a0a68ffffff,Hospitality,631.337
8729a0a68ffffff,Information,31.476
8729a0a68ffffff,Manufacturing,173.25
8729a0a68ffffff,Professional Service,172.523
8729a0a68ffffff,Public Administration,253.449
8729a0a68ffffff,Real Estate,73.008
8729a0a68ffffff,Retail,439.177
8729a0a68ffffff,Transportation,479.998
8729a0a68ffffff,Wholesale,259.227
8729a0a69ffffff,Art/Culture,60.067
8729a0a69ffffff,Business Support,76.941
8729a0a69ffffff,Construction,61.864
8729a0a69ffffff,Corporate,6.834
8729a0a69ffffff,Education,340.23
8729a0a69ffffff,Energy,11.203
8729a0a69ffffff,Financial,94.232
8729a0a69ffffff,Health,444.416
8729a0a69ffffff,Hospitality,180.17
8729a0a69ffffff,Information,18.895
8729a0a69ffffff,Manufacturing,86.089
8729a0a69ffffff,Professional Service,97.167
8729a0a69ffffff,Public Administration,127.49
8729a0a69ffffff,Real Estate,30.135
8729a0a69ffffff,Retail,57.037
8729a0a69ffffff,Transportation,97.641
8729a0a69ffffff,Wholesale,69.95
8729a0a6affffff,Art/Culture,79.875
8729a0a6affffff,Business Support,84.41
8729a0a6affffff,Construction,77.885
8729a0a6affffff,Corporate,3.093
8729a0a6affffff,Education,247.727
8729a0a6affffff,Energy,13.626
8729a0a6affffff,Financial,34.774
8729a0a6affffff,Health,319.477
8729a0a6affffff,Hospitality,116.758
8729a0a6affffff,Information,35.417
8729a0a6affffff,Manufacturing,63.088
8729a0a6affffff,Professional Service,114.723
8729a0a6affffff,Public Administration,85.519
8729a0a6affffff,Real Estate,23.757
8729a0a6affffff,Retail,109.784
8729a0a6affffff,Transportation,53.05
8729a0a6affffff,Wholesale,47.82
8729a0a6bffffff,Art/Culture,46.651
8729a0a6bffffff,Business Support,39.184
8729a0a6bffffff,Construction,20.762
8729a0a6bffffff,Corporate,0.086
8729a0a6bffffff,Education,369.033
8729a0a6bffffff,Energy,10.715
8729a0a6bffffff,Financial,41.327
8729a0a6bffffff,Health,552.604
8729a0a6bffffff,Hospitality,167.307
8729a0a6bffffff,Information,44.784
8729a0a6bffffff,Manufacturing,19.077
8729a0a6bffffff,Professional Service,77.471
8729a0a6bffffff,Public Administration,41.583
8729a0a6bffffff,Real Estate,31.905
8729a0a6bffffff,Retail,107.807
8729a0a6bffffff,Transportation,102.665
8729a0a6bffffff,Wholesale,46.786
8729a0a6cffffff,Art/Culture,74.138
8729a0a6cffffff,Business Support,89.921
8729a0a6cffffff,Construction,207.112
8729a0a6cffffff,Education,512.796
8729a0a6cffffff,Energy,36.461
8729a0a6cffffff,Financial,188.968
8729a0a6cffffff,Health,593.81
8729a0a6cffffff,Hospitality,287.41
8729a0a6cffffff,Information,38.165
8729a0a6cffffff,Manufacturing,80.057
8729a0a6cffffff,Professional Service,115.08
8729a0a6cffffff,Public Administration,136.758
8729a0a6cffffff,Real Estate,32.588
8729a0a6cffffff,Retail,186.385
8729a0a6cffffff,Transportation,158.48
8729a0a6cffffff,Wholesale,107.762
8729a0a6dffffff,Art/Culture,77.196
8729a0a6dffffff,Business Support,113.5
8729a0a6dffffff,Construction,155.503
8729a0a6dffffff,Corporate,17.61
8729a0a6dffffff,Education,611.504
8729a0a6dffffff,Energy,28.008
8729a0a6dffffff,Financial,108.111
8729a0a6dffffff,Health,658.837
8729a0a6dffffff,Hospitality,178.246
8729a0a6dffffff,Information,46.057
8729a0a6dffffff,Manufacturing,153.305
8729a0a6dffffff,Professional Service,156.477
8729a0a6dffffff,Public Administration,227.044
8729a0a6dffffff,Real Estate,37.855
8729a0a6dffffff,Retail,155.192
8729a0a6dffffff,Transportation,171.089
8729a0a6dffffff,Wholesale,68.504
8729a0ac0ffffff,Art/Culture,3.457
8729a0ac0ffffff,Construction,47.681
8729a0ac0ffffff,Education,64.53
8729a0ac0ffffff,Energy,0.8
8729a0ac0ffffff,Health,116.717
8729a0ac0ffffff,Hospitality,11.458
8729a0ac0ffffff,Public Administration,19.472
8729a0ac0ffffff,Retail,7.86
8729a0ac0ffffff,Transportation,11.001
8729a0ac0ffffff,Wholesale,13.756
8729a0ac1ffffff,Art/Culture,0.132
8729a0ac1ffffff,Business Support,0.607
8729a0ac1ffffff,Construction,6.481
8729a0ac1ffffff,Corporate,0.005
8729a0ac1ffffff,Education,16.226
8729a0ac1ffffff,Energy,0.03
8729a0ac1ffffff,Financial,0.61
8729a0ac1ffffff,Health,27.829
8729a0ac1ffffff,Hospitality,1.808
8729a0ac1ffffff,Information,0.327
8729a0ac1ffffff,Manufacturing,2.531
8729a0ac1ffffff,Professional Service,1.25
8729a0ac1ffffff,Public Administration,0.759
8729a0ac1ffffff,Real Estate,0.435
8729a0ac1ffffff,Retail,12.423
8729a0ac1ffffff,Transportation,6.862
8729a0ac1ffffff,Wholesale,7.104
8729a0ac2ffffff,Art/Culture,7.01
8729a0ac2ffffff,Business Support,42.17
8729a0ac2ffffff,Construction,247.999
8729a0ac2ffffff,Corporate,2.061
8729a0ac2ffffff,Education,42.424
8729a0ac2ffffff,Energy,13.385
8729a0ac2ffffff,Financial,15.75
8729a0ac2ffffff,Health,121.668
8729a0ac2ffffff,Hospitality,29.053
8729a0ac2ffffff,Information,4.862
8729a0ac2ffffff,Manufacturing,237.434
8729a0ac2ffffff,Professional Service,28.031
8729a0ac2ffffff,Public Administration,38.346
8729a0ac2ffffff,Real Estate,13.536
8729a0ac2ffffff,Retail,104.816
8729a0ac2ffffff,Transportation,62.865
8729a0ac2ffffff,Wholesale,90.355
8729a0ac3ffffff,Art/Culture,5.252
8729a0ac3ffffff,Business Support,9.702
8729a0ac3ffffff,Construction,18.529
8729a0ac3ffffff,Education,70.379
8729a0ac3ffffff,Energy,5.697
8729a0ac3ffffff,Financial,3.607
8729a0ac3ffffff,Health,117.587
8729a0ac3ffffff,Hospitality,18.947
8729a0ac3ffffff,Information,1.602
8729a0ac3ffffff,Manufacturing,38.525
8729a0ac3ffffff,Professional Service,5.637
8729a0ac3ffffff,Public Administration,24.818
8729a0ac3ffffff,Real Estate,4.509
8729a0ac3ffffff,Retail,38.888
8729a0ac3ffffff,Transportation,26.84
8729a0ac3ffffff,Wholesale,19.328
8729a0ac6ffffff,Art/Culture,10.005
8729a0ac6ffffff,Business Support,30.53
8729a0ac6ffffff,Construction,516.804
8729a0ac6ffffff,Education,42.088
8729a0ac6ffffff,Energy,14.119
8729a0ac6ffffff,Financial,4.907
8729a0ac6ffffff,Health,114.268
8729a0ac6ffffff,Hospitality,31.448
8729a0ac6ffffff,Information,1.362
8729a0ac6ffffff,Manufacturing,54.171
8729a0ac6ffffff,Professional Service,15.449
8729a0ac6ffffff,Public Administration,68.441
8729a0ac6ffffff,Real Estate,3.814
8729a0ac6ffffff,Retail,125.653
8729a0ac6ffffff,Transportation,113.297
8729a0ac6ffffff,Wholesale,97.417
8729a0ac8ffffff,Art/Culture,8.3
8729a0ac8ffffff,Business Support,17.396
8729a0ac8ffffff,Construction,34.47
8729a0ac8ffffff,Education,21.595
8729a0ac8ffffff,Energy,0.421
8729a0ac8ffffff,Financial,18.288
8729a0ac8ffffff,Health,49.571
8729a0ac8ffffff,Hospitality,46.941
8729a0ac8ffffff,Information,15.798
8729a0ac8ffffff,Manufacturing,0.923
8729a0ac8ffffff,Professional Service,20.142
8729a0ac8ffffff,Public Administration,29.215
8729a0ac8ffffff,Real Estate,12.568
8729a0ac8ffffff,Retail,5.73
8729a0ac8ffffff,Transportation,2.567
8729a0ac8ffffff,Wholesale,2.027
8729a0ac9ffffff,Art/Culture,23.663
8729a0ac9ffffff,Business Support,52.693
8729a0ac9ffffff,Construction,75.73
8729a0ac9ffffff,Education,271.058
8729a0ac9ffffff,Energy,26.104
8729a0ac9ffffff,Financial,90.194
8729a0ac9ffffff,Health,402.049
8729a0ac9ffffff,Hospitality,67.31
8729a0ac9ffffff,Information,54.508
8729a0ac9ffffff,Manufacturing,122.052
8729a0ac9ffffff,Professional Service,98.179
8729a0ac9ffffff,Public Administration,57.527
8729a0ac9ffffff,Real Estate,56.465
8729a0ac9ffffff,Retail,104.534
8729a0ac9ffffff,Transportation,108.782
8729a0ac9ffffff,Wholesale,66.46
8729a0acaffffff,Art/Culture,2.859
8729a0acaffffff,Business Support,2.744
8729a0acaffffff,Construction,18.4
8729a0acaffffff,Education,8.347
8729a0acaffffff,Energy,0.52
8729a0acaffffff,Financial,2.757
8729a0acaffffff,Health,16.811
8729a0acaffffff,Hospitality,15.425
8729a0acaffffff,Information,4.411
8729a0acaffffff,Manufacturing,5.841
8729a0acaffffff,Professional Service,4.282
8729a0acaffffff,Public Administration,5.87
8729a0acaffffff,Real Estate,3.305
8729a0acaffffff,Retail,3.531
8729a0acaffffff,Transportation,2.303
8729a0acaffffff,Wholesale,1.557
8729a0acbffffff,Art/Culture,33.372
8729a0acbffffff,Business Support,136.983
8729a0acbffffff,Construction,564.646
8729a0acbffffff,Education,117.721
8729a0acbffffff,Energy,24.404
8729a0acbffffff,Financial,155.49
8729a0acbffffff,Health,211.915
8729a0acbffffff,Hospitality,159.645
8729a0acbffffff,Information,72.901
8729a0acbffffff,Manufacturing,482.126
8729a0acbffffff,Professional Service,206.554
8729a0acbffffff,Public Administration,77.448
8729a0acbffffff,Real Estate,72.665
8729a0acbffffff,Retail,186.798
8729a0acbffffff,Transportation,148.408
8729a0acbffffff,Wholesale,73.906
8729a0accffffff,Art/Culture,19.254
8729a0accffffff,Business Support,48.304
8729a0accffffff,Construction,98.181
8729a0accffffff,Education,525.348
8729a0accffffff,Energy,20.536
8729a0accffffff,Financial,36.501
8729a0accffffff,Health,649.018
8729a0accffffff,Hospitality,81.201
8729a0accffffff,Information,27.437
8729a0accffffff,Manufacturing,30.457
8729a0accffffff,Professional Service,42.704
8729a0accffffff,Public Administration,89.041
8729a0accffffff,Real Estate,23.793
8729a0accffffff,Retail,213.6
8729a0accffffff,Transportation,94.091
8729a0accffffff,Wholesale,80.629
8729a0acdffffff,Art/Culture,11.661
8729a0acdffffff,Business Support,34.182
8729a0acdffffff,Construction,29.132
8729a0acdffffff,Corporate,0.448
8729a0acdffffff,Education,105.224
8729a0acdffffff,Energy,2.27
8729a0acdffffff,Financial,34.448
8729a0acdffffff,Health,180.239
8729a0acdffffff,Hospitality,56.039
8729a0acdffffff,Information,20.142
8729a0acdffffff,Manufacturing,5.38
8729a0acdffffff,Professional Service,44.869
8729a0acdffffff,Public Administration,36.841
8729a0acdffffff,Real Estate,19.946
8729a0acdffffff,Retail,15.07
8729a0acdffffff,Transportation,11.871
8729a0acdffffff,Wholesale,6.377
8729a0aceffffff,Art/Culture,5.678
8729a0aceffffff,Business Support,5.608
8729a0aceffffff,Construction,26.579
8729a0aceffffff,Education,33.53
8729a0aceffffff,Energy,4.016
8729a0aceffffff,Financial,6.402
8729a0aceffffff,Health,44.887
8729a0aceffffff,Hospitality,31.023
8729a0aceffffff,Information,2.514
8729a0aceffffff,Manufacturing,61.754
8729a0aceffffff,Professional Service,7.177
8729a0aceffffff,Public Administration,12.576
8729a0aceffffff,Real Estate,2.37
8729a0aceffffff,Retail,52.635
8729a0aceffffff,Transportation,50.554
8729a0aceffffff,Wholesale,37.895
8729a0ad8ffffff,Art/Culture,86.247
8729a0ad8ffffff,Business Support,57.961
8729a0ad8ffffff,Construction,88.729
8729a0ad8ffffff,Corporate,2.049
8729a0ad8ffffff,Education,370.007
8729a0ad8ffffff,Energy,15.564
8729a0ad8ffffff,Financial,65.372
8729a0ad8ffffff,Health,632.752
8729a0ad8ffffff,Hospitality,113.856
8729a0ad8ffffff,Information,38.842
8729a0ad8ffffff,Manufacturing,144.544
8729a0ad8ffffff,Professional Service,80.941
8729a0ad8ffffff,Public Administration,53.517
8729a0ad8ffffff,Real Estate,25.313
8729a0ad8ffffff,Retail,102.19
8729a0ad8ffffff,Transportation,108.329
8729a0ad8ffffff,Wholesale,53.642
8729a0ad9ffffff,Art/Culture,44.911
8729a0ad9ffffff,Business Support,7.243
8729a0ad9ffffff,Construction,98.824
8729a0ad9ffffff,Education,111.107
8729a0ad9ffffff,Energy,11.892
8729a0ad9ffffff,Financial,5.966
8729a0ad9ffffff,Health,247.711
8729a0ad9ffffff,Hospitality,87.442
8729a0ad9ffffff,Information,5.404
8729a0ad9ffffff,Manufacturing,222.987
8729a0ad9ffffff,Professional Service,3.529
8729a0ad9ffffff,Public Administration,25.456
8729a0ad9ffffff,Real Estate,2.271
8729a0ad9ffffff,Retail,55.294
8729a0ad9ffffff,Transportation,79.746
8729a0ad9ffffff,Wholesale,30.815
8729a0adaffffff,Art/Culture,60.522
8729a0adaffffff,Business Support,29.863
8729a0adaffffff,Construction,141.549
8729a0adaffffff,Corporate,0.336
8729a0adaffffff,Education,602.457
8729a0adaffffff,Energy,3.334
8729a0adaffffff,Financial,37.874
8729a0adaffffff,Health,1029.155
8729a0adaffffff,Hospitality,116.913
8729a0adaffffff,Information,20.211
8729a0adaffffff,Manufacturing,56.921
8729a0adaffffff,Professional Service,30.36
8729a0adaffffff,Public Administration,39.882
8729a0adaffffff,Real Estate,13.546
8729a0adaffffff,Retail,29.715
8729a0adaffffff,Transportation,45.045
8729a0adaffffff,Wholesale,23.057
8729a0adbffffff,Art/Culture,46.626
8729a0adbffffff,Business Support,12.2
8729a0adbffffff,Construction,14.698
8729a0adbffffff,Corporate,0.012
8729a0adbffffff,Education,136.724
8729a0adbffffff,Energy,5.353
8729a0adbffffff,Financial,5.614
8729a0adbffffff,Health,169.757
8729a0adbffffff,Hospitality,89.44
8729a0adbffffff,Information,6.871
8729a0adbffffff,Manufacturing,13.611
8729a0adbffffff,Professional Service,16.535
8729a0adbffffff,Public Administration,11.52
8729a0adbffffff,Real Estate,5.466
8729a0adbffffff,Retail,18.341
8729a0adbffffff,Transportation,49.041
8729a0adbffffff,Wholesale,23.499
8729a0adcffffff,Art/Culture,23.199
8729a0adcffffff,Business Support,22.61
8729a0adcffffff,Construction,179.921
8729a0adcffffff,Corporate,1.208
8729a0adcffffff,Education,143.932
8729a0adcffffff,Energy,10.945
8729a0adcffffff,Financial,16.193
8729a0adcffffff,Health,223.386
8729a0adcffffff,Hospitality,43.537
8729a0adcffffff,Information,10.189
8729a0adcffffff,Manufacturing,23.43
8729a0adcffffff,Professional Service,32.777
8729a0adcffffff,Public Administration,12.655
8729a0adcffffff,Real Estate,7.256
8729a0adcffffff,Retail,100.097
8729a0adcffffff,Transportation,70.174
8729a0adcffffff,Wholesale,49.837
8729a0addffffff,Art/Culture,0.56
8729a0addffffff,Business Support,2.724
8729a0addffffff,Construction,12.438
8729a0addffffff,Education,175.027
8729a0addffffff,Energy,1.544
8729a0addffffff,Financial,0.849
8729a0addffffff,Health,250.28
8729a0addffffff,Hospitality,2.498
8729a0addffffff,Information,0.784
8729a0addffffff,Manufacturing,14.993
8729a0addffffff,Professional Service,1.102
8729a0addffffff,Public Administration,1.624
8729a0addffffff,Real Estate,1.374
8729a0addffffff,Retail,10.293
8729a0addffffff,Transportation,6.721
8729a0addffffff,Wholesale,2.775
8729a0adeffffff,Art/Culture,27.211
8729a0adeffffff,Business Support,33.618
8729a0adeffffff,Construction,73.358
8729a0adeffffff,Corporate,0.025
8729a0adeffffff,Education,127.847
8729a0adeffffff,Energy,6.49
8729a0adeffffff,Financial,22.308
8729a0adeffffff,Health,239.944
8729a0adeffffff,Hospitality,42.886
8729a0adeffffff,Information,30.445
8729a0adeffffff,Manufacturing,40.163
8729a0adeffffff,Professional Service,55.41
8729a0adeffffff,Public Administration,9.6
8729a0adeffffff,Real Estate,17.655
8729a0adeffffff,Retail,30.417
8729a0adeffffff,Transportation,20.441
8729a0adeffffff,Wholesale,16.679
8729a0ae1ffffff,Art/Culture,24.947
8729a0ae1ffffff,Business Support,86.217
8729a0ae1ffffff,Construction,144.905
8729a0ae1ffffff,Corporate,2.524
8729a0ae1ffffff,Education,111.996
8729a0ae1ffffff,Energy,7.92
8729a0ae1ffffff,Financial,115.976
8729a0ae1ffffff,Health,200.743
8729a0ae1ffffff,Hospitality,53.462
8729a0ae1ffffff,Information,24.381
8729a0ae1ffffff,Manufacturing,61.167
8729a0ae1ffffff,Professional Service,174.386
8729a0ae1ffffff,Public Administration,84.974
8729a0ae1ffffff,Real Estate,88.061
8729a0ae1ffffff,Retail,110.908
8729a0ae1ffffff,Transportation,52.898
8729a0ae1ffffff,Wholesale,54.806
8729a0ae5ffffff,Art/Culture,4.742
8729a0ae5ffffff,Business Support,27.796
8729a0ae5ffffff,Construction,23.645
8729a0ae5ffffff,Education,92.834
8729a0ae5ffffff,Energy,9.31
8729a0ae5ffffff,Financial,28.566
8729a0ae5ffffff,Health,97.179
8729a0ae5ffffff,Hospitality,13.533
8729a0ae5ffffff,Information,12.527
8729a0ae5ffffff,Manufacturing,18.954
8729a0ae5ffffff,Professional Service,58.361
8729a0ae5ffffff,Public Administration,41.336
8729a0ae5ffffff,Real Estate,28.822
8729a0ae5ffffff,Retail,43.45
8729a0ae5ffffff,Transportation,48.544
8729a0ae5ffffff,Wholesale,44.033
8729a0ae8ffffff,Art/Culture,139.98
8729a0ae8ffffff,Business Support,278.018
8729a0ae8ffffff,Construction,808.653
8729a0ae8ffffff,Corporate,2.937
8729a0ae8ffffff,Education,333.383
8729a0ae8ffffff,Energy,125.518
8729a0ae8ffffff,Financial,220.942
8729a0ae8ffffff,Health,539.186
8729a0ae8ffffff,Hospitality,383.039
8729a0ae8ffffff,Information,95.786
8729a0ae8ffffff,Manufacturing,925.887
8729a0ae8ffffff,Professional Service,384.799
8729a0ae8ffffff,Public Administration,134.158
8729a0ae8ffffff,Real Estate,117.295
8729a0ae8ffffff,Retail,573.844
8729a0ae8ffffff,Transportation,996.766
8729a0ae8ffffff,Wholesale,597.225
8729a0ae9ffffff,Art/Culture,27.9
8729a0ae9ffffff,Business Support,44.434
8729a0ae9ffffff,Construction,68.877
8729a0ae9ffffff,Corporate,0.882
8729a0ae9ffffff,Education,164.488
8729a0ae9ffffff,Energy,6.959
8729a0ae9ffffff,Financial,29.217
8729a0ae9ffffff,Health,285.381
8729a0ae9ffffff,Hospitality,75.761
8729a0ae9ffffff,Information,18.652
8729a0ae9ffffff,Manufacturing,69.021
8729a0ae9ffffff,Professional Service,111.16
8729a0ae9ffffff,Public Administration,29.757
8729a0ae9ffffff,Real Estate,36.02
8729a0ae9ffffff,Retail,72.967
8729a0ae9ffffff,Transportation,54.797
8729a0ae9ffffff,Wholesale,75.06
8729a0aeaffffff,Art/Culture,21.283
8729a0aeaffffff,Business Support,180.479
8729a0aeaffffff,Construction,137.561
8729a0aeaffffff,Corporate,1.559
8729a0aeaffffff,Education,78.84
8729a0aeaffffff,Energy,17.16
8729a0aeaffffff,Financial,184.689
8729a0aeaffffff,Health,90.689
8729a0aeaffffff,Hospitality,41.389
8729a0aeaffffff,Information,95.802
8729a0aeaffffff,Manufacturing,71.896
8729a0aeaffffff,Professional Service,365.191
8729a0aeaffffff,Public Administration,32.584
8729a0aeaffffff,Real Estate,123.71
8729a0aeaffffff,Retail,49.479
8729a0aeaffffff,Transportation,79.643
8729a0aeaffffff,Wholesale,57.616
8729a0aebffffff,Art/Culture,37.477
8729a0aebffffff,Business Support,55.016
8729a0aebffffff,Construction,129.359
8729a0aebffffff,Education,647.109
8729a0aebffffff,Energy,20.345
8729a0aebffffff,Financial,39.4
8729a0aebffffff,Health,976.139
8729a0aebffffff,Hospitality,118.822
8729a0aebffffff,Information,29.569
8729a0aebffffff,Manufacturing,45.168
8729a0aebffffff,Professional Service,78.696
8729a0aebffffff,Public Administration,86.878
8729a0aebffffff,Real Estate,43.814
8729a0aebffffff,Retail,209.431
8729a0aebffffff,Transportation,111.129
8729a0aebffffff,Wholesale,107.551
8729a0aecffffff,Art/Culture,71.024
8729a0aecffffff,Business Support,370.327
8729a0aecffffff,Construction,291.032
8729a0aecffffff,Corporate,16.272
8729a0aecffffff,Education,210.334
8729a0aecffffff,Energy,34.898
8729a0aecffffff,Financial,389.484
8729a0aecffffff,Health,420.895
8729a0aecffffff,Hospitality,198.66
8729a0aecffffff,Information,166.208
8729a0aecffffff,Manufacturing,386.414
8729a0aecffffff,Professional Service,562.047
8729a0aecffffff,Public Administration,374.562
8729a0aecffffff,Real Estate,143.02
8729a0aecffffff,Retail,237.304
8729a0aecffffff,Transportation,215.517
8729a0aecffffff,Wholesale,183.543
8729a0aeeffffff,Art/Culture,47.871
8729a0aeeffffff,Business Support,140.726
8729a0aeeffffff,Construction,136.011
8729a0aeeffffff,Corporate,1.051
8729a0aeeffffff,Education,196.416
8729a0aeeffffff,Energy,10.618
8729a0aeeffffff,Financial,220.987
8729a0aeeffffff,Health,270.527
8729a0aeeffffff,Hospitality,171.227
8729a0aeeffffff,Information,77.896
8729a0aeeffffff,Manufacturing,89.41
8729a0aeeffffff,Professional Service,396.289
8729a0aeeffffff,Public Administration,143.147
8729a0aeeffffff,Real Estate,137.885
8729a0aeeffffff,Retail,95.199
8729a0aeeffffff,Transportation,99.424
8729a0aeeffffff,Wholesale,87.314
8729a1005ffffff,Art/Culture,3.86
8729a1005ffffff,Business Support,0.095
8729a1005ffffff,Construction,15.838
8729a1005ffffff,Education,24.66
8729a1005ffffff,Financial,0.315
8729a1005ffffff,Health,29.472
8729a1005ffffff,Hospitality,4.747
8729a1005ffffff,Information,0.032
8729a1005ffffff,Manufacturing,1.331
8729a1005ffffff,Professional Service,0.19
8729a1005ffffff,Public Administration,1.558
8729a1005ffffff,Real Estate,0.032
8729a1005ffffff,Retail,1.837
8729a1005ffffff,Transportation,1.386
8729a1005ffffff,Wholesale,0.051
8729a1013ffffff,Art/Culture,1.095
8729a1013ffffff,Business Support,0.706
8729a1013ffffff,Construction,22.517
8729a1013ffffff,Education,0.587
8729a1013ffffff,Energy,0.117
8729a1013ffffff,Financial,0.91
8729a1013ffffff,Health,0.644
8729a1013ffffff,Hospitality,2.668
8729a1013ffffff,Information,0.464
8729a1013ffffff,Manufacturing,10.183
8729a1013ffffff,Professional Service,0.884
8729a1013ffffff,Public Administration,2.223
8729a1013ffffff,Real Estate,0.183
8729a1013ffffff,Retail,1.94
8729a1013ffffff,Transportation,2.681
8729a1013ffffff,Wholesale,1.443
8729a1020ffffff,Art/Culture,1.818
8729a1020ffffff,Business Support,4.401
8729a1020ffffff,Construction,121.448
8729a1020ffffff,Education,13.418
8729a1020ffffff,Energy,3.714
8729a1020ffffff,Financial,1.582
8729a1020ffffff,Health,34.437
8729a1020ffffff,Hospitality,8.064
8729a1020ffffff,Information,6.767
8729a1020ffffff,Manufacturing,1.131
8729a1020ffffff,Professional Service,3.845
8729a1020ffffff,Public Administration,8.781
8729a1020ffffff,Real Estate,2.549
8729a1020ffffff,Retail,4.253
8729a1020ffffff,Transportation,8.312
8729a1020ffffff,Wholesale,8.839
8729a1024ffffff,Art/Culture,24.206
8729a1024ffffff,Business Support,28.262
8729a1024ffffff,Construction,125.012
8729a1024ffffff,Education,47.713
8729a1024ffffff,Energy,6.426
8729a1024ffffff,Financial,9.082
8729a1024ffffff,Health,109.102
8729a1024ffffff,Hospitality,196.008
8729a1024ffffff,Information,30.879
8729a1024ffffff,Manufacturing,20.341
8729a1024ffffff,Professional Service,34.984
8729a1024ffffff,Public Administration,29.161
8729a1024ffffff,Real Estate,4.326
8729a1024ffffff,Retail,30.697
8729a1024ffffff,Transportation,55.138
8729a1024ffffff,Wholesale,19.605
8729a1025ffffff,Art/Culture,14.414
8729a1025ffffff,Business Support,19.833
8729a1025ffffff,Construction,129.307
8729a1025ffffff,Corporate,0.006
8729a1025ffffff,Education,45.181
8729a1025ffffff,Energy,2.436
8729a1025ffffff,Financial,8.17
8729a1025ffffff,Health,88.6
8729a1025ffffff,Hospitality,42.615
8729a1025ffffff,Information,23.584
8729a1025ffffff,Manufacturing,18.772
8729a1025ffffff,Professional Service,27.705
8729a1025ffffff,Public Administration,24.195
8729a1025ffffff,Real Estate,2.974
8729a1025ffffff,Retail,14.946
8729a1025ffffff,Transportation,24.068
8729a1025ffffff,Wholesale,12.356
8729a1029ffffff,Art/Culture,0.727
8729a1029ffffff,Business Support,0.017
8729a1029ffffff,Construction,0.274
8729a1029ffffff,Education,13.709
8729a1029ffffff,Energy,0.002
8729a1029ffffff,Financial,0.012
8729a1029ffffff,Health,0.012
8729a1029ffffff,Hospitality,0.238
8729a1029ffffff,Information,0.02
8729a1029ffffff,Manufacturing,3.918
8729a1029ffffff,Professional Service,0.04
8729a1029ffffff,Public Administration,8.219
8729a1029ffffff,Real Estate,0.017
8729a1029ffffff,Retail,0.038
8729a1029ffffff,Transportation,0.057
8729a1029ffffff,Wholesale,0.02
8729a102cffffff,Art/Culture,12.434
8729a102cffffff,Business Support,6.618
8729a102cffffff,Construction,3.293
8729a102cffffff,Education,1.246
8729a102cffffff,Energy,0.045
8729a102cffffff,Financial,6.26
8729a102cffffff,Health,1.757
8729a102cffffff,Hospitality,1.907
8729a102cffffff,Information,1.984
8729a102cffffff,Manufacturing,3.583
8729a102cffffff,Professional Service,15.77
8729a102cffffff,Public Administration,0.572
8729a102cffffff,Real Estate,1.985
8729a102cffffff,Retail,0.199
8729a102cffffff,Transportation,3.773
8729a102cffffff,Wholesale,0.333
8729a102dffffff,Art/Culture,0.76
8729a102dffffff,Business Support,1.948
8729a102dffffff,Construction,0.416
8729a102dffffff,Corporate,0.002
8729a102dffffff,Education,18.298
8729a102dffffff,Energy,0.18
8729a102dffffff,Financial,0.581
8729a102dffffff,Health,10.106
8729a102dffffff,Hospitality,0.406
8729a102dffffff,Information,0.266
8729a102dffffff,Manufacturing,11.652
8729a102dffffff,Professional Service,1.002
8729a102dffffff,Public Administration,9.81
8729a102dffffff,Real Estate,0.225
8729a102dffffff,Retail,2.775
8729a102dffffff,Transportation,2.481
8729a102dffffff,Wholesale,1.494
8729a1031ffffff,Art/Culture,14.81
8729a1031ffffff,Business Support,6.141
8729a1031ffffff,Construction,69.423
8729a1031ffffff,Education,17.216
8729a1031ffffff,Energy,0.591
8729a1031ffffff,Financial,8.463
8729a1031ffffff,Health,25.387
8729a1031ffffff,Hospitality,35.406
8729a1031ffffff,Information,2.055
8729a1031ffffff,Manufacturing,0.502
8729a1031ffffff,Professional Service,7.266
8729a1031ffffff,Public Administration,8.263
8729a1031ffffff,Real Estate,1.099
8729a1031ffffff,Retail,2.929
8729a1031ffffff,Transportation,2.813
8729a1031ffffff,Wholesale,0.014
8729a1034ffffff,Art/Culture,0.01
8729a1034ffffff,Business Support,0.014
8729a1034ffffff,Construction,0.266
8729a1034ffffff,Education,2.496
8729a1034ffffff,Energy,0.001
8729a1034ffffff,Financial,0.565
8729a1034ffffff,Health,3.033
8729a1034ffffff,Hospitality,0.028
8729a1034ffffff,Information,0.004
8729a1034ffffff,Manufacturing,0.008
8729a1034ffffff,Professional Service,0.079
8729a1034ffffff,Public Administration,0.118
8729a1034ffffff,Real Estate,0.139
8729a1034ffffff,Retail,6.469
8729a1034ffffff,Transportation,4.837
8729a1034ffffff,Wholesale,1.598
8729a1035ffffff,Art/Culture,0.119
8729a1035ffffff,Business Support,0.164
8729a1035ffffff,Construction,13.212
8729a1035ffffff,Education,7.792
8729a1035ffffff,Energy,0.359
8729a1035ffffff,Financial,0.57
8729a1035ffffff,Health,15.695
8729a1035ffffff,Hospitality,0.358
8729a1035ffffff,Information,1.527
8729a1035ffffff,Manufacturing,1.909
8729a1035ffffff,Professional Service,5.3
8729a1035ffffff,Public Administration,0.359
8729a1035ffffff,Real Estate,2.56
8729a1035ffffff,Retail,5.049
8729a1035ffffff,Transportation,4.238
8729a1035ffffff,Wholesale,1.262
8729a1089ffffff,Art/Culture,2.269
8729a1089ffffff,Business Support,0.128
8729a1089ffffff,Construction,0.152
8729a1089ffffff,Education,6.813
8729a1089ffffff,Health,6.573
8729a1089ffffff,Hospitality,1.512
8729a1089ffffff,Information,0.064
8729a1089ffffff,Manufacturing,0.001
8729a1089ffffff,Professional Service,0.16
8729a1089ffffff,Public Administration,1.31
8729a1089ffffff,Real Estate,0.032
8729a1089ffffff,Retail,0.019
8729a1089ffffff,Transportation,0.025
8729a1089ffffff,Wholesale,0.01
8729a1095ffffff,Art/Culture,0.371
8729a1095ffffff,Business Support,0.317
8729a1095ffffff,Construction,47.997
8729a1095ffffff,Education,14.679
8729a1095ffffff,Energy,6.217
8729a1095ffffff,Financial,0.119
8729a1095ffffff,Health,37.594
8729a1095ffffff,Hospitality,0.438
8729a1095ffffff,Information,0.238
8729a1095ffffff,Manufacturing,0.079
8729a1095ffffff,Professional Service,0.238
8729a1095ffffff,Public Administration,0.066
8729a1095ffffff,Real Estate,0.04
8729a1095ffffff,Retail,5.962
8729a1095ffffff,Transportation,4.444
8729a1095ffffff,Wholesale,6.589
8729a1096ffffff,Art/Culture,15.295
8729a1096ffffff,Business Support,11.79
8729a1096ffffff,Construction,41.258
8729a1096ffffff,Corporate,0.063
8729a1096ffffff,Education,19.001
8729a1096ffffff,Energy,6.232
8729a1096ffffff,Financial,9.289
8729a1096ffffff,Health,58.04
8729a1096ffffff,Hospitality,110.896
8729a1096ffffff,Information,5.145
8729a1096ffffff,Manufacturing,9.214
8729a1096ffffff,Professional Service,10.774
8729a1096ffffff,Public Administration,1.727
8729a1096ffffff,Real Estate,2.424
8729a1096ffffff,Retail,74.704
8729a1096ffffff,Transportation,54.817
8729a1096ffffff,Wholesale,32.561
8729a109affffff,Art/Culture,0.039
8729a109affffff,Business Support,7.079
8729a109affffff,Construction,0.039
8729a109affffff,Education,12.157
8729a109affffff,Financial,1.655
8729a109affffff,Health,5.54
8729a109affffff,Hospitality,2.856
8729a109affffff,Information,0.269
8729a109affffff,Manufacturing,0.423
8729a109affffff,Professional Service,2.039
8729a109affffff,Public Administration,11.004
8729a109affffff,Retail,0.116
8729a109affffff,Transportation,0.888
8729a109affffff,Wholesale,0.654
8729a109cffffff,Art/Culture,0.059
8729a109cffffff,Education,0.02
8729a109cffffff,Hospitality,0.039
8729a109effffff,Business Support,0.147
8729a109effffff,Construction,6.338
8729a109effffff,Education,17.204
8729a109effffff,Financial,0.029
8729a109effffff,Health,46.922
8729a109effffff,Hospitality,0.091
8729a109effffff,Manufacturing,0.01
8729a109effffff,Professional Service,0.039
8729a109effffff,Public Administration,2.544
8729a109effffff,Retail,7.746
8729a109effffff,Transportation,2.14
8729a109effffff,Wholesale,7.756
8729a10b6ffffff,Business Support,0.067
8729a10b6ffffff,Construction,0.539
8729a10b6ffffff,Education,0.568
8729a10b6ffffff,Energy,0.011
8729a10b6ffffff,Financial,0.017
8729a10b6ffffff,Health,1.317
8729a10b6ffffff,Hospitality,0.028
8729a10b6ffffff,Information,0.033
8729a10b6ffffff,Manufacturing,0.033
8729a10b6ffffff,Professional Service,0.033
8729a10b6ffffff,Public Administration,0.335
8729a10b6ffffff,Real Estate,0.006
8729a10b6ffffff,Retail,3.757
8729a10b6ffffff,Transportation,0.035
8729a10b6ffffff,Wholesale,0.134
8729a10d5ffffff,Art/Culture,0.499
8729a10d5ffffff,Business Support,0.056
8729a10d5ffffff,Construction,0.597
8729a10d5ffffff,Education,0.073
8729a10d5ffffff,Energy,0.008
8729a10d5ffffff,Financial,0.04
8729a10d5ffffff,Health,0.04
8729a10d5ffffff,Hospitality,0.936
8729a10d5ffffff,Information,0.064
8729a10d5ffffff,Manufacturing,0.021
8729a10d5ffffff,Professional Service,0.128
8729a10d5ffffff,Public Administration,0.2
8729a10d5ffffff,Real Estate,0.056
8729a10d5ffffff,Retail,0.099
8729a10d5ffffff,Transportation,0.187
8729a10d5ffffff,Wholesale,0.067
8729a1104ffffff,Art/Culture,55.885
8729a1104ffffff,Business Support,145.613
8729a1104ffffff,Construction,416.623
8729a1104ffffff,Corporate,2.233
8729a1104ffffff,Education,401.149
8729a1104ffffff,Energy,30.169
8729a1104ffffff,Financial,73.983
8729a1104ffffff,Health,801.609
8729a1104ffffff,Hospitality,81.926
8729a1104ffffff,Information,29.256
8729a1104ffffff,Manufacturing,332.071
8729a1104ffffff,Professional Service,96.861
8729a1104ffffff,Public Administration,73.458
8729a1104ffffff,Real Estate,57.499
8729a1104ffffff,Retail,193.234
8729a1104ffffff,Transportation,143.437
8729a1104ffffff,Wholesale,72.298
8729a1105ffffff,Art/Culture,20.849
8729a1105ffffff,Business Support,71.862
8729a1105ffffff,Construction,187.613
8729a1105ffffff,Corporate,2.063
8729a1105ffffff,Education,95.34
8729a1105ffffff,Energy,18.147
8729a1105ffffff,Financial,65.788
8729a1105ffffff,Health,172.358
8729a1105ffffff,Hospitality,32.803
8729a1105ffffff,Information,50.199
8729a1105ffffff,Manufacturing,546.918
8729a1105ffffff,Professional Service,70.195
8729a1105ffffff,Public Administration,104.212
8729a1105ffffff,Real Estate,31.303
8729a1105ffffff,Retail,97.991
8729a1105ffffff,Transportation,79.187
8729a1105ffffff,Wholesale,46.631
8729a1109ffffff,Art/Culture,29.585
8729a1109ffffff,Business Support,18.763
8729a1109ffffff,Construction,60.725
8729a1109ffffff,Corporate,0.729
8729a1109ffffff,Education,35.489
8729a1109ffffff,Energy,3.282
8729a1109ffffff,Financial,9.529
8729a1109ffffff,Health,53.35
8729a1109ffffff,Hospitality,57.492
8729a1109ffffff,Information,8.58
8729a1109ffffff,Manufacturing,27.261
8729a1109ffffff,Professional Service,16.602
8729a1109ffffff,Public Administration,12.13
8729a1109ffffff,Real Estate,7.341
8729a1109ffffff,Retail,24.48
8729a1109ffffff,Transportation,31.36
8729a1109ffffff,Wholesale,5.47
8729a110affffff,Art/Culture,2.045
8729a110affffff,Business Support,0.855
8729a110affffff,Construction,21.029
8729a110affffff,Education,9.466
8729a110affffff,Energy,0.565
8729a110affffff,Financial,0.58
8729a110affffff,Health,15.11
8729a110affffff,Hospitality,17.042
8729a110affffff,Information,0.916
8729a110affffff,Manufacturing,0.58
8729a110affffff,Professional Service,1.449
8729a110affffff,Public Administration,1.97
8729a110affffff,Real Estate,1.297
8729a110affffff,Retail,18.668
8729a110affffff,Transportation,11.636
8729a110affffff,Wholesale,12.499
8729a110bffffff,Art/Culture,27.928
8729a110bffffff,Business Support,9.669
8729a110bffffff,Construction,49.662
8729a110bffffff,Corporate,0.245
8729a110bffffff,Education,30.233
8729a110bffffff,Energy,4.384
8729a110bffffff,Financial,5.09
8729a110bffffff,Health,48.095
8729a110bffffff,Hospitality,110.304
8729a110bffffff,Information,8.018
8729a110bffffff,Manufacturing,38.46
8729a110bffffff,Professional Service,10.831
8729a110bffffff,Public Administration,43.276
8729a110bffffff,Real Estate,6.312
8729a110bffffff,Retail,24.059
8729a110bffffff,Transportation,35.618
8729a110bffffff,Wholesale,20.211
8729a111bffffff,Art/Culture,0.313
8729a111bffffff,Business Support,2.611
8729a111bffffff,Construction,9.404
8729a111bffffff,Education,2.651
8729a111bffffff,Energy,0.64
8729a111bffffff,Financial,0.47
8729a111bffffff,Health,5.354
8729a111bffffff,Hospitality,0.679
8729a111bffffff,Information,0.312
8729a111bffffff,Manufacturing,0.6
8729a111bffffff,Professional Service,6.732
8729a111bffffff,Public Administration,0.052
8729a111bffffff,Real Estate,1.972
8729a111bffffff,Retail,4.419
8729a111bffffff,Transportation,10.332
8729a111bffffff,Wholesale,11.777
8729a111dffffff,Art/Culture,4.024
8729a111dffffff,Business Support,11.153
8729a111dffffff,Construction,95.865
8729a111dffffff,Education,29.96
8729a111dffffff,Energy,2.013
8729a111dffffff,Financial,5.612
8729a111dffffff,Health,57.689
8729a111dffffff,Hospitality,11.748
8729a111dffffff,Information,7.262
8729a111dffffff,Manufacturing,13.133
8729a111dffffff,Professional Service,10.434
8729a111dffffff,Public Administration,2.368
8729a111dffffff,Real Estate,4.252
8729a111dffffff,Retail,19.188
8729a111dffffff,Transportation,24.065
8729a111dffffff,Wholesale,14.598
8729a1120ffffff,Art/Culture,11.427
8729a1120ffffff,Business Support,3.087
8729a1120ffffff,Construction,20.466
8729a1120ffffff,Education,15.236
8729a1120ffffff,Energy,1.965
8729a1120ffffff,Financial,9.705
8729a1120ffffff,Health,30.471
8729a1120ffffff,Hospitality,16.235
8729a1120ffffff,Information,1.754
8729a1120ffffff,Manufacturing,1.632
8729a1120ffffff,Professional Service,3.931
8729a1120ffffff,Public Administration,8.35
8729a1120ffffff,Real Estate,1.588
8729a1120ffffff,Retail,13.303
8729a1120ffffff,Transportation,9.65
8729a1120ffffff,Wholesale,2.088
8729a1121ffffff,Art/Culture,38.168
8729a1121ffffff,Business Support,34.006
8729a1121ffffff,Construction,60.756
8729a1121ffffff,Corporate,15.583
8729a1121ffffff,Education,202.317
8729a1121ffffff,Energy,17.228
8729a1121ffffff,Financial,63.219
8729a1121ffffff,Health,240.166
8729a1121ffffff,Hospitality,107.487
8729a1121ffffff,Information,37.432
8729a1121ffffff,Manufacturing,57.856
8729a1121ffffff,Professional Service,109.251
8729a1121ffffff,Public Administration,75.784
8729a1121ffffff,Real Estate,12.884
8729a1121ffffff,Retail,113.93
8729a1121ffffff,Transportation,27.185
8729a1121ffffff,Wholesale,28.459
8729a1122ffffff,Art/Culture,97.539
8729a1122ffffff,Business Support,224.183
8729a1122ffffff,Construction,539.062
8729a1122ffffff,Corporate,1.199
8729a1122ffffff,Education,303.931
8729a1122ffffff,Energy,30.111
8729a1122ffffff,Financial,73.015
8729a1122ffffff,Health,463.461
8729a1122ffffff,Hospitality,202.933
8729a1122ffffff,Information,63.195
8729a1122ffffff,Manufacturing,567.362
8729a1122ffffff,Professional Service,111.528
8729a1122ffffff,Public Administration,117.248
8729a1122ffffff,Real Estate,50.565
8729a1122ffffff,Retail,232.811
8729a1122ffffff,Transportation,213.927
8729a1122ffffff,Wholesale,103.302
8729a1123ffffff,Art/Culture,61.407
8729a1123ffffff,Business Support,113.077
8729a1123ffffff,Construction,983.154
8729a1123ffffff,Corporate,0.045
8729a1123ffffff,Education,207.737
8729a1123ffffff,Energy,60.05
8729a1123ffffff,Financial,63.619
8729a1123ffffff,Health,444.086
8729a1123ffffff,Hospitality,124.371
8729a1123ffffff,Information,41.322
8729a1123ffffff,Manufacturing,1999.139
8729a1123ffffff,Professional Service,128.422
8729a1123ffffff,Public Administration,105.992
8729a1123ffffff,Real Estate,34.608
8729a1123ffffff,Retail,343.985
8729a1123ffffff,Transportation,315.4
8729a1123ffffff,Wholesale,174.302
8729a1124ffffff,Art/Culture,71.443
8729a1124ffffff,Business Support,217.46
8729a1124ffffff,Construction,351.02
8729a1124ffffff,Corporate,2.772
8729a1124ffffff,Education,234.098
8729a1124ffffff,Energy,12.186
8729a1124ffffff,Financial,206.458
8729a1124ffffff,Health,470.259
8729a1124ffffff,Hospitality,204.882
8729a1124ffffff,Information,101.914
8729a1124ffffff,Manufacturing,203.314
8729a1124ffffff,Professional Service,201.311
8729a1124ffffff,Public Administration,74.511
8729a1124ffffff,Real Estate,49.639
8729a1124ffffff,Retail,120.793
8729a1124ffffff,Transportation,165.739
8729a1124ffffff,Wholesale,54.231
8729a1125ffffff,Art/Culture,57.12
8729a1125ffffff,Business Support,59.111
8729a1125ffffff,Construction,117.529
8729a1125ffffff,Corporate,2.13
8729a1125ffffff,Education,209.893
8729a1125ffffff,Energy,23.733
8729a1125ffffff,Financial,67.369
8729a1125ffffff,Health,461.251
8729a1125ffffff,Hospitality,158.415
8729a1125ffffff,Information,34.675
8729a1125ffffff,Manufacturing,59.129
8729a1125ffffff,Professional Service,105.948
8729a1125ffffff,Public Administration,56.38
8729a1125ffffff,Real Estate,21.229
8729a1125ffffff,Retail,49.462
8729a1125ffffff,Transportation,56.612
8729a1125ffffff,Wholesale,51.762
8729a1126ffffff,Art/Culture,29.926
8729a1126ffffff,Business Support,58.168
8729a1126ffffff,Construction,152.877
8729a1126ffffff,Corporate,19.922
8729a1126ffffff,Education,110.943
8729a1126ffffff,Energy,7.252
8729a1126ffffff,Financial,43.936
8729a1126ffffff,Health,202.205
8729a1126ffffff,Hospitality,82.848
8729a1126ffffff,Information,58.35
8729a1126ffffff,Manufacturing,210.985
8729a1126ffffff,Professional Service,57.276
8729a1126ffffff,Public Administration,95.096
8729a1126ffffff,Real Estate,23.829
8729a1126ffffff,Retail,84.105
8729a1126ffffff,Transportation,78.651
8729a1126ffffff,Wholesale,27.506
8729a112cffffff,Art/Culture,15.879
8729a112cffffff,Business Support,15.109
8729a112cffffff,Construction,33.088
8729a112cffffff,Corporate,0.343
8729a112cffffff,Education,138.598
8729a112cffffff,Energy,1.305
8729a112cffffff,Financial,35.052
8729a112cffffff,Health,225.606
8729a112cffffff,Hospitality,16.309
8729a112cffffff,Information,55.194
8729a112cffffff,Manufacturing,54.784
8729a112cffffff,Professional Service,101.212
8729a112cffffff,Public Administration,37.284
8729a112cffffff,Real Estate,8.702
8729a112cffffff,Retail,38.82
8729a112cffffff,Transportation,9.645
8729a112cffffff,Wholesale,14.751
8729a112dffffff,Art/Culture,14.879
8729a112dffffff,Business Support,19.947
8729a112dffffff,Construction,23.745
8729a112dffffff,Education,24.837
8729a112dffffff,Energy,1.056
8729a112dffffff,Financial,17.068
8729a112dffffff,Health,31.356
8729a112dffffff,Hospitality,16.973
8729a112dffffff,Information,20.566
8729a112dffffff,Manufacturing,25.384
8729a112dffffff,Professional Service,52.304
8729a112dffffff,Public Administration,8.187
8729a112dffffff,Real Estate,3.244
8729a112dffffff,Retail,14.526
8729a112dffffff,Transportation,10.427
8729a112dffffff,Wholesale,9.508
8729a112effffff,Art/Culture,21.532
8729a112effffff,Business Support,49.887
8729a112effffff,Construction,271.408
8729a112effffff,Corporate,0.6
8729a112effffff,Education,48.762
8729a112effffff,Energy,16.218
8729a112effffff,Financial,23.785
8729a112effffff,Health,90.846
8729a112effffff,Hospitality,40.496
8729a112effffff,Information,29.912
8729a112effffff,Manufacturing,539.751
8729a112effffff,Professional Service,51.419
8729a112effffff,Public Administration,65.55
8729a112effffff,Real Estate,11.982
8729a112effffff,Retail,125.801
8729a112effffff,Transportation,86.662
8729a112effffff,Wholesale,43.516
8729a1130ffffff,Art/Culture,13.255
8729a1130ffffff,Business Support,104.478
8729a1130ffffff,Construction,244.378
8729a1130ffffff,Corporate,1.348
8729a1130ffffff,Education,206.776
8729a1130ffffff,Energy,13.104
8729a1130ffffff,Financial,54.588
8729a1130ffffff,Health,459.639
8729a1130ffffff,Hospitality,101.965
8729a1130ffffff,Information,38.843
8729a1130ffffff,Manufacturing,208.073
8729a1130ffffff,Professional Service,46.426
8729a1130ffffff,Public Administration,54.905
8729a1130ffffff,Real Estate,18.311
8729a1130ffffff,Retail,45.203
8729a1130ffffff,Transportation,97.69
8729a1130ffffff,Wholesale,36.155
8729a1131ffffff,Art/Culture,98.406
8729a1131ffffff,Business Support,133.782
8729a1131ffffff,Construction,583.872
8729a1131ffffff,Corporate,1.643
8729a1131ffffff,Education,322.068
8729a1131ffffff,Energy,47.243
8729a1131ffffff,Financial,142.574
8729a1131ffffff,Health,519.401
8729a1131ffffff,Hospitality,257.463
8729a1131ffffff,Information,91.737
8729a1131ffffff,Manufacturing,895.508
8729a1131ffffff,Professional Service,151.142
8729a1131ffffff,Public Administration,115.289
8729a1131ffffff,Real Estate,37.439
8729a1131ffffff,Retail,362.371
8729a1131ffffff,Transportation,513.791
8729a1131ffffff,Wholesale,229.835
8729a1134ffffff,Art/Culture,19.596
8729a1134ffffff,Business Support,128.709
8729a1134ffffff,Construction,177.171
8729a1134ffffff,Corporate,9.225
8729a1134ffffff,Education,284.148
8729a1134ffffff,Energy,8.28
8729a1134ffffff,Financial,71.408
8729a1134ffffff,Health,549.626
8729a1134ffffff,Hospitality,52.689
8729a1134ffffff,Information,74.652
8729a1134ffffff,Manufacturing,194.38
8729a1134ffffff,Professional Service,91.888
8729a1134ffffff,Public Administration,60.675
8729a1134ffffff,Real Estate,45.712
8729a1134ffffff,Retail,73.327
8729a1134ffffff,Transportation,83.313
8729a1134ffffff,Wholesale,46.648
8729a1135ffffff,Art/Culture,98.253
8729a1135ffffff,Business Support,319.035
8729a1135ffffff,Construction,706.616
8729a1135ffffff,Corporate,12.182
8729a1135ffffff,Education,411.944
8729a1135ffffff,Energy,64.037
8729a1135ffffff,Financial,119.368
8729a1135ffffff,Health,750.743
8729a1135ffffff,Hospitality,208.61
8729a1135ffffff,Information,122.809
8729a1135ffffff,Manufacturing,970.819
8729a1135ffffff,Professional Service,230.136
8729a1135ffffff,Public Administration,173.629
8729a1135ffffff,Real Estate,92.64
8729a1135ffffff,Retail,390.127
8729a1135ffffff,Transportation,467.838
8729a1135ffffff,Wholesale,282.888
8729a1146ffffff,Art/Culture,309.632
8729a1146ffffff,Business Support,86.441
8729a1146ffffff,Construction,154.711
8729a1146ffffff,Corporate,1.062
8729a1146ffffff,Education,69.305
8729a1146ffffff,Energy,11.719
8729a1146ffffff,Financial,48.743
8729a1146ffffff,Health,145.614
8729a1146ffffff,Hospitality,788.677
8729a1146ffffff,Information,50.701
8729a1146ffffff,Manufacturing,506.333
8729a1146ffffff,Professional Service,84.676
8729a1146ffffff,Public Administration,77.486
8729a1146ffffff,Real Estate,24.23
8729a1146ffffff,Retail,67.955
8729a1146ffffff,Transportation,78.864
8729a1146ffffff,Wholesale,46.864
8729a114affffff,Art/Culture,1.964
8729a114affffff,Business Support,0.99
8729a114affffff,Construction,11.175
8729a114affffff,Corporate,0.003
8729a114affffff,Education,1.207
8729a114affffff,Energy,0.013
8729a114affffff,Financial,0.981
8729a114affffff,Health,3.625
8729a114affffff,Hospitality,3.996
8729a114affffff,Information,0.099
8729a114affffff,Manufacturing,2.163
8729a114affffff,Professional Service,0.631
8729a114affffff,Public Administration,6.224
8729a114affffff,Real Estate,0.133
8729a114affffff,Retail,3.206
8729a114affffff,Transportation,7.651
8729a114affffff,Wholesale,0.382
8729a114bffffff,Art/Culture,0.489
8729a114bffffff,Business Support,2.112
8729a114bffffff,Construction,13.649
8729a114bffffff,Corporate,0.122
8729a114bffffff,Education,1.239
8729a114bffffff,Energy,0.538
8729a114bffffff,Financial,1.725
8729a114bffffff,Health,3.827
8729a114bffffff,Hospitality,1.768
8729a114bffffff,Information,1.833
8729a114bffffff,Manufacturing,51.646
8729a114bffffff,Professional Service,3.058
8729a114bffffff,Public Administration,4.643
8729a114bffffff,Real Estate,0.93
8729a114bffffff,Retail,6.895
8729a114bffffff,Transportation,13.57
8729a114bffffff,Wholesale,3.026
8729a1150ffffff,Art/Culture,57.436
8729a1150ffffff,Business Support,45.645
8729a1150ffffff,Construction,146.827
8729a1150ffffff,Corporate,0.197
8729a1150ffffff,Education,61.988
8729a1150ffffff,Energy,19.7
8729a1150ffffff,Financial,27.235
8729a1150ffffff,Health,117.415
8729a1150ffffff,Hospitality,157.98
8729a1150ffffff,Information,15.209
8729a1150ffffff,Manufacturing,35.97
8729a1150ffffff,Professional Service,53.582
8729a1150ffffff,Public Administration,31.211
8729a1150ffffff,Real Estate,14.431
8729a1150ffffff,Retail,123.436
8729a1150ffffff,Transportation,188.701
8729a1150ffffff,Wholesale,71.689
8729a1151ffffff,Art/Culture,106.325
8729a1151ffffff,Business Support,330.981
8729a1151ffffff,Construction,759.717
8729a1151ffffff,Corporate,4.481
8729a1151ffffff,Education,162.448
8729a1151ffffff,Energy,43.749
8729a1151ffffff,Financial,129.616
8729a1151ffffff,Health,343.086
8729a1151ffffff,Hospitality,246.593
8729a1151ffffff,Information,177.756
8729a1151ffffff,Manufacturing,1811.372
8729a1151ffffff,Professional Service,271.531
8729a1151ffffff,Public Administration,58.089
8729a1151ffffff,Real Estate,99.916
8729a1151ffffff,Retail,203.542
8729a1151ffffff,Transportation,265.651
8729a1151ffffff,Wholesale,168.669
8729a1152ffffff,Art/Culture,15.343
8729a1152ffffff,Business Support,8.837
8729a1152ffffff,Construction,56.067
8729a1152ffffff,Education,14.335
8729a1152ffffff,Energy,2.605
8729a1152ffffff,Financial,2.185
8729a1152ffffff,Health,45.895
8729a1152ffffff,Hospitality,52.051
8729a1152ffffff,Information,3.795
8729a1152ffffff,Manufacturing,2.429
8729a1152ffffff,Professional Service,7.988
8729a1152ffffff,Public Administration,1.967
8729a1152ffffff,Real Estate,0.964
8729a1152ffffff,Retail,11.287
8729a1152ffffff,Transportation,15.569
8729a1152ffffff,Wholesale,9.133
8729a1153ffffff,Art/Culture,14.155
8729a1153ffffff,Business Support,53.103
8729a1153ffffff,Construction,41.73
8729a1153ffffff,Corporate,0.128
8729a1153ffffff,Education,27.488
8729a1153ffffff,Energy,4.39
8729a1153ffffff,Financial,16.382
8729a1153ffffff,Health,71.861
8729a1153ffffff,Hospitality,36.422
8729a1153ffffff,Information,8.545
8729a1153ffffff,Manufacturing,33.508
8729a1153ffffff,Professional Service,38.387
8729a1153ffffff,Public Administration,4.666
8729a1153ffffff,Real Estate,16.983
8729a1153ffffff,Retail,36.042
8729a1153ffffff,Transportation,49.439
8729a1153ffffff,Wholesale,20.725
8729a1154ffffff,Art/Culture,97.725
8729a1154ffffff,Business Support,64.68
8729a1154ffffff,Construction,113.571
8729a1154ffffff,Corporate,0.386
8729a1154ffffff,Education,100.187
8729a1154ffffff,Energy,34.24
8729a1154ffffff,Financial,25.264
8729a1154ffffff,Health,194.663
8729a1154ffffff,Hospitality,267.432
8729a1154ffffff,Information,24.598
8729a1154ffffff,Manufacturing,35.458
8729a1154ffffff,Professional Service,55.95
8729a1154ffffff,Public Administration,47.613
8729a1154ffffff,Real Estate,20.888
8729a1154ffffff,Retail,267.143
8729a1154ffffff,Transportation,227.321
8729a1154ffffff,Wholesale,116.993
8729a1155ffffff,Art/Culture,64.982
8729a1155ffffff,Business Support,235.612
8729a1155ffffff,Construction,142.968
8729a1155ffffff,Corporate,0.222
8729a1155ffffff,Education,261.846
8729a1155ffffff,Energy,20.359
8729a1155ffffff,Financial,104.731
8729a1155ffffff,Health,615.209
8729a1155ffffff,Hospitality,191.872
8729a1155ffffff,Information,104.371
8729a1155ffffff,Manufacturing,42.89
8729a1155ffffff,Professional Service,206.004
8729a1155ffffff,Public Administration,34.136
8729a1155ffffff,Real Estate,58.796
8729a1155ffffff,Retail,171.168
8729a1155ffffff,Transportation,150.595
8729a1155ffffff,Wholesale,73.456
8729a1156ffffff,Art/Culture,36.028
8729a1156ffffff,Business Support,18.738
8729a1156ffffff,Construction,47.447
8729a1156ffffff,Corporate,0.537
8729a1156ffffff,Education,24.734
8729a1156ffffff,Energy,2.415
8729a1156ffffff,Financial,7.04
8729a1156ffffff,Health,32.992
8729a1156ffffff,Hospitality,87.775
8729a1156ffffff,Information,7.084
8729a1156ffffff,Manufacturing,9.456
8729a1156ffffff,Professional Service,15.305
8729a1156ffffff,Public Administration,9.643
8729a1156ffffff,Real Estate,5.761
8729a1156ffffff,Retail,21.683
8729a1156ffffff,Transportation,24.073
8729a1156ffffff,Wholesale,4.026
8729a1158ffffff,Art/Culture,34.749
8729a1158ffffff,Business Support,108.24
8729a1158ffffff,Construction,257.791
8729a1158ffffff,Corporate,1.413
8729a1158ffffff,Education,53.201
8729a1158ffffff,Energy,14.389
8729a1158ffffff,Financial,45.108
8729a1158ffffff,Health,115.805
8729a1158ffffff,Hospitality,71.333
8729a1158ffffff,Information,60.141
8729a1158ffffff,Manufacturing,639.996
8729a1158ffffff,Professional Service,88.02
8729a1158ffffff,Public Administration,14.589
8729a1158ffffff,Real Estate,33.721
8729a1158ffffff,Retail,61.613
8729a1158ffffff,Transportation,80.277
8729a1158ffffff,Wholesale,55.406
8729a1159ffffff,Art/Culture,0.382
8729a1159ffffff,Business Support,0.048
8729a1159ffffff,Construction,13.177
8729a1159ffffff,Education,0.21
8729a1159ffffff,Energy,0.001
8729a1159ffffff,Financial,0.045
8729a1159ffffff,Health,0.629
8729a1159ffffff,Hospitality,0.816
8729a1159ffffff,Information,0.019
8729a1159ffffff,Manufacturing,0.159
8729a1159ffffff,Professional Service,0.118
8729a1159ffffff,Public Administration,0.603
8729a1159ffffff,Real Estate,0.028
8729a1159ffffff,Retail,4.278
8729a1159ffffff,Transportation,11.762
8729a1159ffffff,Wholesale,0.434
8729a115dffffff,Art/Culture,32.053
8729a115dffffff,Business Support,7.447
8729a115dffffff,Construction,60.271
8729a115dffffff,Corporate,0.065
8729a115dffffff,Education,20.498
8729a115dffffff,Energy,0.547
8729a115dffffff,Financial,5.344
8729a115dffffff,Health,60.101
8729a115dffffff,Hospitality,65.082
8729a115dffffff,Information,3.102
8729a115dffffff,Manufacturing,42.889
8729a115dffffff,Professional Service,12.147
8729a115dffffff,Public Administration,52.829
8729a115dffffff,Real Estate,2.994
8729a115dffffff,Retail,10.535
8729a115dffffff,Transportation,6.874
8729a115dffffff,Wholesale,3.088
8729a1164ffffff,Art/Culture,39.6
8729a1164ffffff,Business Support,15.435
8729a1164ffffff,Construction,44.944
8729a1164ffffff,Corporate,0.151
8729a1164ffffff,Education,73.709
8729a1164ffffff,Energy,7.373
8729a1164ffffff,Financial,88.458
8729a1164ffffff,Health,96.933
8729a1164ffffff,Hospitality,72.433
8729a1164ffffff,Information,99.446
8729a1164ffffff,Manufacturing,26.292
8729a1164ffffff,Professional Service,89.42
8729a1164ffffff,Public Administration,76.988
8729a1164ffffff,Real Estate,8.339
8729a1164ffffff,Retail,62.94
8729a1164ffffff,Transportation,51.916
8729a1164ffffff,Wholesale,25.638
8729a1171ffffff,Art/Culture,5.864
8729a1171ffffff,Business Support,2.187
8729a1171ffffff,Construction,3.191
8729a1171ffffff,Education,10.407
8729a1171ffffff,Energy,0.626
8729a1171ffffff,Financial,3.742
8729a1171ffffff,Health,6.514
8729a1171ffffff,Hospitality,11.367
8729a1171ffffff,Information,4.291
8729a1171ffffff,Manufacturing,1.328
8729a1171ffffff,Professional Service,9.701
8729a1171ffffff,Public Administration,5.368
8729a1171ffffff,Real Estate,0.967
8729a1171ffffff,Retail,7.301
8729a1171ffffff,Transportation,5.442
8729a1171ffffff,Wholesale,5.556
8729a1172ffffff,Art/Culture,39.02
8729a1172ffffff,Business Support,35.643
8729a1172ffffff,Construction,127.588
8729a1172ffffff,Corporate,0.005
8729a1172ffffff,Education,79.748
8729a1172ffffff,Energy,9.302
8729a1172ffffff,Financial,8.617
8729a1172ffffff,Health,143.704
8729a1172ffffff,Hospitality,55.773
8729a1172ffffff,Information,17.453
8729a1172ffffff,Manufacturing,25.474
8729a1172ffffff,Professional Service,27.102
8729a1172ffffff,Public Administration,16.331
8729a1172ffffff,Real Estate,9.114
8729a1172ffffff,Retail,50.441
8729a1172ffffff,Transportation,39.886
8729a1172ffffff,Wholesale,19.223
8729a1173ffffff,Art/Culture,10.507
8729a1173ffffff,Business Support,16.697
8729a1173ffffff,Construction,39.113
8729a1173ffffff,Education,251.938
8729a1173ffffff,Energy,4.34
8729a1173ffffff,Financial,10.958
8729a1173ffffff,Health,473.324
8729a1173ffffff,Hospitality,36.992
8729a1173ffffff,Information,5.743
8729a1173ffffff,Manufacturing,6.814
8729a1173ffffff,Professional Service,23.039
8729a1173ffffff,Public Administration,6.443
8729a1173ffffff,Real Estate,5.595
8729a1173ffffff,Retail,24.787
8729a1173ffffff,Transportation,8.643
8729a1173ffffff,Wholesale,16.586
8729a1175ffffff,Art/Culture,101.394
8729a1175ffffff,Business Support,28.24
8729a1175ffffff,Construction,76.74
8729a1175ffffff,Corporate,0.029
8729a1175ffffff,Education,33.88
8729a1175ffffff,Energy,15.327
8729a1175ffffff,Financial,20.0
8729a1175ffffff,Health,74.283
8729a1175ffffff,Hospitality,195.705
8729a1175ffffff,Information,52.473
8729a1175ffffff,Manufacturing,36.081
8729a1175ffffff,Professional Service,56.203
8729a1175ffffff,Public Administration,27.616
8729a1175ffffff,Real Estate,7.322
8729a1175ffffff,Retail,137.645
8729a1175ffffff,Transportation,105.328
8729a1175ffffff,Wholesale,100.73
8729a1176ffffff,Art/Culture,25.315
8729a1176ffffff,Business Support,53.012
8729a1176ffffff,Construction,223.621
8729a1176ffffff,Education,34.597
8729a1176ffffff,Energy,6.432
8729a1176ffffff,Financial,18.054
8729a1176ffffff,Health,76.332
8729a1176ffffff,Hospitality,43.482
8729a1176ffffff,Information,11.261
8729a1176ffffff,Manufacturing,13.039
8729a1176ffffff,Professional Service,41.774
8729a1176ffffff,Public Administration,49.306
8729a1176ffffff,Real Estate,17.751
8729a1176ffffff,Retail,23.131
8729a1176ffffff,Transportation,31.412
8729a1176ffffff,Wholesale,13.585
8729a1189ffffff,Business Support,6.861
8729a1189ffffff,Construction,57.843
8729a1189ffffff,Education,3.718
8729a1189ffffff,Energy,1.71
8729a1189ffffff,Financial,2.565
8729a1189ffffff,Health,4.838
8729a1189ffffff,Hospitality,0.876
8729a1189ffffff,Information,5.13
8729a1189ffffff,Manufacturing,1.731
8729a1189ffffff,Professional Service,5.13
8729a1189ffffff,Public Administration,0.318
8729a1189ffffff,Real Estate,0.855
8729a1189ffffff,Retail,1.218
8729a1189ffffff,Transportation,0.061
8729a1189ffffff,Wholesale,0.273
8729a118dffffff,Business Support,0.015
8729a118dffffff,Construction,0.11
8729a118dffffff,Education,0.169
8729a118dffffff,Health,0.279
8729a118dffffff,Hospitality,0.015
8729a118dffffff,Manufacturing,0.015
8729a118dffffff,Public Administration,0.22
8729a118dffffff,Retail,3.103
8729a118dffffff,Transportation,0.022
8729a118dffffff,Wholesale,0.65
8729a1399ffffff,Art/Culture,13.161
8729a1399ffffff,Business Support,0.482
8729a1399ffffff,Construction,23.372
8729a1399ffffff,Education,0.935
8729a1399ffffff,Energy,0.142
8729a1399ffffff,Financial,0.129
8729a1399ffffff,Health,1.386
8729a1399ffffff,Hospitality,10.16
8729a1399ffffff,Information,0.377
8729a1399ffffff,Manufacturing,3.632
8729a1399ffffff,Professional Service,0.82
8729a1399ffffff,Public Administration,0.802
8729a1399ffffff,Real Estate,0.286
8729a1399ffffff,Retail,6.068
8729a1399ffffff,Transportation,6.56
8729a1399ffffff,Wholesale,4.762
8729a13a0ffffff,Art/Culture,28.875
8729a13a0ffffff,Business Support,6.575
8729a13a0ffffff,Construction,55.263
8729a13a0ffffff,Education,10.169
8729a13a0ffffff,Energy,0.939
8729a13a0ffffff,Financial,4.696
8729a13a0ffffff,Health,4.696
8729a13a0ffffff,Hospitality,90.353
8729a13a0ffffff,Information,7.514
8729a13a0ffffff,Manufacturing,3.355
8729a13a0ffffff,Professional Service,15.028
8729a13a0ffffff,Public Administration,28.415
8729a13a0ffffff,Real Estate,6.575
8729a13a0ffffff,Retail,8.637
8729a13a0ffffff,Transportation,19.102
8729a13a0ffffff,Wholesale,4.804
8729a1412ffffff,Business Support,0.028
8729a1412ffffff,Construction,13.641
8729a1412ffffff,Corporate,0.014
8729a1412ffffff,Education,0.018
8729a1412ffffff,Financial,0.042
8729a1412ffffff,Health,0.009
8729a1412ffffff,Hospitality,0.013
8729a1412ffffff,Information,0.083
8729a1412ffffff,Manufacturing,0.039
8729a1412ffffff,Professional Service,0.028
8729a1412ffffff,Real Estate,0.014
8729a1412ffffff,Transportation,0.014
8729a1414ffffff,Art/Culture,0.002
8729a1414ffffff,Business Support,1.801
8729a1414ffffff,Construction,3.369
8729a1414ffffff,Corporate,0.879
8729a1414ffffff,Education,0.908
8729a1414ffffff,Energy,0.017
8729a1414ffffff,Financial,2.74
8729a1414ffffff,Health,0.088
8729a1414ffffff,Hospitality,0.036
8729a1414ffffff,Information,5.327
8729a1414ffffff,Manufacturing,0.089
8729a1414ffffff,Professional Service,1.886
8729a1414ffffff,Public Administration,0.017
8729a1414ffffff,Real Estate,0.922
8729a1414ffffff,Retail,0.094
8729a1414ffffff,Transportation,0.973
8729a1414ffffff,Wholesale,0.017
8729a1426ffffff,Art/Culture,0.091
8729a1426ffffff,Business Support,4.579
8729a1426ffffff,Construction,7.344
8729a1426ffffff,Corporate,0.056
8729a1426ffffff,Education,1.456
8729a1426ffffff,Energy,1.883
8729a1426ffffff,Financial,10.872
8729a1426ffffff,Health,6.137
8729a1426ffffff,Hospitality,0.229
8729a1426ffffff,Information,5.686
8729a1426ffffff,Professional Service,13.495
8729a1426ffffff,Public Administration,1.869
8729a1426ffffff,Real Estate,4.514
8729a1426ffffff,Retail,9.931
8729a1426ffffff,Transportation,9.977
8729a1426ffffff,Wholesale,1.892
8729a142bffffff,Art/Culture,2.565
8729a142bffffff,Business Support,0.599
8729a142bffffff,Construction,13.879
8729a142bffffff,Corporate,0.067
8729a142bffffff,Education,12.299
8729a142bffffff,Energy,0.662
8729a142bffffff,Financial,0.761
8729a142bffffff,Health,15.536
8729a142bffffff,Hospitality,22.783
8729a142bffffff,Information,0.729
8729a142bffffff,Manufacturing,9.535
8729a142bffffff,Professional Service,0.811
8729a142bffffff,Public Administration,1.321
8729a142bffffff,Real Estate,0.243
8729a142bffffff,Retail,5.073
8729a142bffffff,Transportation,5.317
8729a142bffffff,Wholesale,0.833
8729a142cffffff,Art/Culture,0.154
8729a142cffffff,Business Support,0.308
8729a142cffffff,Construction,7.392
8729a142cffffff,Education,8.467
8729a142cffffff,Energy,3.388
8729a142cffffff,Financial,0.154
8729a142cffffff,Health,15.223
8729a142cffffff,Professional Service,0.308
8729a142cffffff,Public Administration,2.926
8729a142cffffff,Retail,3.335
8729a142cffffff,Transportation,4.832
8729a142cffffff,Wholesale,3.696
8729a142dffffff,Art/Culture,0.945
8729a142dffffff,Education,2.824
8729a142dffffff,Health,5.464
8729a142dffffff,Hospitality,1.448
8729a142dffffff,Real Estate,0.231
8729a142dffffff,Retail,3.689
8729a142dffffff,Transportation,9.301
8729a142dffffff,Wholesale,15.463
8729a1441ffffff,Art/Culture,9.441
8729a1441ffffff,Business Support,20.211
8729a1441ffffff,Construction,36.974
8729a1441ffffff,Corporate,0.046
8729a1441ffffff,Education,79.894
8729a1441ffffff,Energy,1.051
8729a1441ffffff,Financial,3.234
8729a1441ffffff,Health,161.531
8729a1441ffffff,Hospitality,60.831
8729a1441ffffff,Information,9.542
8729a1441ffffff,Manufacturing,21.143
8729a1441ffffff,Professional Service,13.332
8729a1441ffffff,Public Administration,21.576
8729a1441ffffff,Real Estate,5.236
8729a1441ffffff,Retail,16.019
8729a1441ffffff,Transportation,12.916
8729a1441ffffff,Wholesale,5.465
8729a1442ffffff,Art/Culture,0.862
8729a1442ffffff,Business Support,0.831
8729a1442ffffff,Construction,52.156
8729a1442ffffff,Education,20.172
8729a1442ffffff,Financial,1.057
8729a1442ffffff,Health,39.669
8729a1442ffffff,Hospitality,1.447
8729a1442ffffff,Information,0.48
8729a1442ffffff,Manufacturing,1.237
8729a1442ffffff,Professional Service,0.683
8729a1442ffffff,Public Administration,1.53
8729a1442ffffff,Real Estate,0.266
8729a1442ffffff,Retail,1.812
8729a1442ffffff,Transportation,3.106
8729a1442ffffff,Wholesale,1.438
8729a1443ffffff,Art/Culture,0.199
8729a1443ffffff,Business Support,9.351
8729a1443ffffff,Construction,30.835
8729a1443ffffff,Corporate,0.274
8729a1443ffffff,Education,55.766
8729a1443ffffff,Energy,0.56
8729a1443ffffff,Financial,4.52
8729a1443ffffff,Health,90.099
8729a1443ffffff,Hospitality,1.147
8729a1443ffffff,Information,2.808
8729a1443ffffff,Manufacturing,5.612
8729a1443ffffff,Professional Service,4.598
8729a1443ffffff,Public Administration,4.378
8729a1443ffffff,Real Estate,2.655
8729a1443ffffff,Retail,10.299
8729a1443ffffff,Transportation,9.111
8729a1443ffffff,Wholesale,4.504
8729a1445ffffff,Art/Culture,12.972
8729a1445ffffff,Business Support,12.42
8729a1445ffffff,Construction,68.505
8729a1445ffffff,Corporate,0.198
8729a1445ffffff,Education,22.493
8729a1445ffffff,Energy,6.313
8729a1445ffffff,Financial,6.117
8729a1445ffffff,Health,38.168
8729a1445ffffff,Hospitality,70.674
8729a1445ffffff,Information,3.977
8729a1445ffffff,Manufacturing,49.525
8729a1445ffffff,Professional Service,10.83
8729a1445ffffff,Public Administration,5.82
8729a1445ffffff,Real Estate,1.776
8729a1445ffffff,Retail,30.506
8729a1445ffffff,Transportation,27.545
8729a1445ffffff,Wholesale,4.425
8729a1446ffffff,Art/Culture,1.886
8729a1446ffffff,Business Support,19.373
8729a1446ffffff,Construction,104.759
8729a1446ffffff,Corporate,1.303
8729a1446ffffff,Education,58.207
8729a1446ffffff,Energy,4.625
8729a1446ffffff,Financial,10.243
8729a1446ffffff,Health,111.854
8729a1446ffffff,Hospitality,4.236
8729a1446ffffff,Information,11.22
8729a1446ffffff,Manufacturing,145.61
8729a1446ffffff,Professional Service,25.794
8729a1446ffffff,Public Administration,8.383
8729a1446ffffff,Real Estate,1.88
8729a1446ffffff,Retail,22.49
8729a1446ffffff,Transportation,16.833
8729a1446ffffff,Wholesale,10.752
8729a1448ffffff,Art/Culture,0.184
8729a1448ffffff,Business Support,0.037
8729a1448ffffff,Construction,2.765
8729a1448ffffff,Education,1.23
8729a1448ffffff,Energy,0.111
8729a1448ffffff,Health,3.117
8729a1448ffffff,Hospitality,0.184
8729a1448ffffff,Information,0.037
8729a1448ffffff,Manufacturing,1.585
8729a1448ffffff,Professional Service,0.881
8729a1448ffffff,Public Administration,2.825
8729a1448ffffff,Real Estate,0.037
8729a1448ffffff,Retail,7.641
8729a1448ffffff,Transportation,13.595
8729a1448ffffff,Wholesale,4.824
8729a144cffffff,Art/Culture,14.807
8729a144cffffff,Business Support,36.302
8729a144cffffff,Construction,25.779
8729a144cffffff,Corporate,0.362
8729a144cffffff,Education,157.349
8729a144cffffff,Energy,3.632
8729a144cffffff,Financial,12.06
8729a144cffffff,Health,287.378
8729a144cffffff,Hospitality,38.658
8729a144cffffff,Information,20.403
8729a144cffffff,Manufacturing,4.54
8729a144cffffff,Professional Service,8.01
8729a144cffffff,Public Administration,24.177
8729a144cffffff,Real Estate,2.353
8729a144cffffff,Retail,48.247
8729a144cffffff,Transportation,49.884
8729a144cffffff,Wholesale,16.228
8729a144effffff,Art/Culture,8.561
8729a144effffff,Business Support,0.577
8729a144effffff,Construction,57.224
8729a144effffff,Education,64.266
8729a144effffff,Energy,0.535
8729a144effffff,Financial,0.451
8729a144effffff,Health,117.225
8729a144effffff,Hospitality,32.371
8729a144effffff,Information,0.86
8729a144effffff,Manufacturing,6.068
8729a144effffff,Professional Service,0.527
8729a144effffff,Public Administration,21.957
8729a144effffff,Real Estate,0.408
8729a144effffff,Retail,17.111
8729a144effffff,Transportation,16.589
8729a144effffff,Wholesale,4.874
8729a1451ffffff,Art/Culture,0.001
8729a1451ffffff,Business Support,0.568
8729a1451ffffff,Construction,10.344
8729a1451ffffff,Education,10.216
8729a1451ffffff,Financial,1.705
8729a1451ffffff,Health,13.709
8729a1451ffffff,Hospitality,0.004
8729a1451ffffff,Information,0.734
8729a1451ffffff,Manufacturing,7.473
8729a1451ffffff,Professional Service,1.385
8729a1451ffffff,Public Administration,1.137
8729a1451ffffff,Retail,1.139
8729a1451ffffff,Transportation,0.002
8729a1451ffffff,Wholesale,0.004
8729a1455ffffff,Art/Culture,0.044
8729a1455ffffff,Business Support,1.506
8729a1455ffffff,Construction,8.016
8729a1455ffffff,Corporate,0.044
8729a1455ffffff,Education,27.918
8729a1455ffffff,Energy,0.31
8729a1455ffffff,Financial,0.443
8729a1455ffffff,Health,27.594
8729a1455ffffff,Hospitality,0.177
8729a1455ffffff,Information,1.984
8729a1455ffffff,Manufacturing,9.786
8729a1455ffffff,Professional Service,3.751
8729a1455ffffff,Public Administration,0.62
8729a1455ffffff,Real Estate,0.089
8729a1455ffffff,Retail,1.595
8729a1455ffffff,Transportation,1.108
8729a1455ffffff,Wholesale,0.487
8729a145cffffff,Art/Culture,0.976
8729a145cffffff,Business Support,4.292
8729a145cffffff,Construction,62.638
8729a145cffffff,Education,23.759
8729a145cffffff,Financial,2.065
8729a145cffffff,Health,53.572
8729a145cffffff,Hospitality,7.128
8729a145cffffff,Information,0.681
8729a145cffffff,Manufacturing,3.589
8729a145cffffff,Professional Service,0.807
8729a145cffffff,Public Administration,0.53
8729a145cffffff,Real Estate,1.389
8729a145cffffff,Retail,6.14
8729a145cffffff,Transportation,5.51
8729a145cffffff,Wholesale,7.962
8729a1460ffffff,Art/Culture,70.345
8729a1460ffffff,Business Support,26.734
8729a1460ffffff,Construction,156.334
8729a1460ffffff,Corporate,0.848
8729a1460ffffff,Education,70.037
8729a1460ffffff,Energy,8.735
8729a1460ffffff,Financial,9.305
8729a1460ffffff,Health,160.447
8729a1460ffffff,Hospitality,141.321
8729a1460ffffff,Information,16.893
8729a1460ffffff,Manufacturing,102.042
8729a1460ffffff,Professional Service,16.999
8729a1460ffffff,Public Administration,11.694
8729a1460ffffff,Real Estate,9.74
8729a1460ffffff,Retail,135.379
8729a1460ffffff,Transportation,108.079
8729a1460ffffff,Wholesale,62.856
8729a1468ffffff,Art/Culture,0.929
8729a1468ffffff,Business Support,3.942
8729a1468ffffff,Construction,1.689
8729a1468ffffff,Education,6.322
8729a1468ffffff,Energy,1.126
8729a1468ffffff,Financial,1.126
8729a1468ffffff,Health,13.793
8729a1468ffffff,Hospitality,0.929
8729a1468ffffff,Information,0.563
8729a1468ffffff,Manufacturing,0.575
8729a1468ffffff,Professional Service,4.516
8729a1468ffffff,Public Administration,0.575
8729a1468ffffff,Real Estate,0.563
8729a1468ffffff,Retail,5.631
8729a1468ffffff,Transportation,6.85
8729a1468ffffff,Wholesale,1.149
8729a146affffff,Art/Culture,37.008
8729a146affffff,Business Support,24.873
8729a146affffff,Construction,21.47
8729a146affffff,Corporate,0.635
8729a146affffff,Education,194.224
8729a146affffff,Energy,10.133
8729a146affffff,Financial,5.166
8729a146affffff,Health,313.51
8729a146affffff,Hospitality,90.965
8729a146affffff,Information,15.254
8729a146affffff,Manufacturing,11.126
8729a146affffff,Professional Service,23.654
8729a146affffff,Public Administration,27.366
8729a146affffff,Real Estate,3.096
8729a146affffff,Retail,75.1
8729a146affffff,Transportation,62.946
8729a146affffff,Wholesale,20.889
8729a146bffffff,Art/Culture,2.847
8729a146bffffff,Business Support,0.904
8729a146bffffff,Construction,1.599
8729a146bffffff,Education,52.129
8729a146bffffff,Energy,1.996
8729a146bffffff,Financial,0.258
8729a146bffffff,Health,56.389
8729a146bffffff,Hospitality,6.881
8729a146bffffff,Information,0.129
8729a146bffffff,Manufacturing,0.434
8729a146bffffff,Professional Service,0.904
8729a146bffffff,Public Administration,3.257
8729a146bffffff,Real Estate,0.129
8729a146bffffff,Retail,13.944
8729a146bffffff,Transportation,21.108
8729a146bffffff,Wholesale,10.646
8729a146cffffff,Art/Culture,20.268
8729a146cffffff,Business Support,5.568
8729a146cffffff,Construction,102.333
8729a146cffffff,Corporate,0.113
8729a146cffffff,Education,34.151
8729a146cffffff,Energy,6.226
8729a146cffffff,Financial,3.258
8729a146cffffff,Health,49.167
8729a146cffffff,Hospitality,39.543
8729a146cffffff,Information,3.704
8729a146cffffff,Manufacturing,13.638
8729a146cffffff,Professional Service,35.292
8729a146cffffff,Public Administration,3.894
8729a146cffffff,Real Estate,1.44
8729a146cffffff,Retail,22.756
8729a146cffffff,Transportation,19.013
8729a146cffffff,Wholesale,14.212
8729a146dffffff,Art/Culture,1.791
8729a146dffffff,Business Support,7.488
8729a146dffffff,Construction,3.654
8729a146dffffff,Education,50.223
8729a146dffffff,Financial,6.73
8729a146dffffff,Health,53.389
8729a146dffffff,Hospitality,4.703
8729a146dffffff,Information,1.34
8729a146dffffff,Manufacturing,0.185
8729a146dffffff,Professional Service,9.975
8729a146dffffff,Public Administration,9.417
8729a146dffffff,Retail,6.018
8729a146dffffff,Transportation,6.437
8729a146dffffff,Wholesale,8.567
8729a1475ffffff,Art/Culture,7.048
8729a1475ffffff,Business Support,22.246
8729a1475ffffff,Construction,44.764
8729a1475ffffff,Corporate,1.093
8729a1475ffffff,Education,26.485
8729a1475ffffff,Energy,12.032
8729a1475ffffff,Financial,12.676
8729a1475ffffff,Health,51.882
8729a1475ffffff,Hospitality,19.607
8729a1475ffffff,Information,14.271
8729a1475ffffff,Manufacturing,499.334
8729a1475ffffff,Professional Service,17.504
8729a1475ffffff,Public Administration,10.912
8729a1475ffffff,Real Estate,2.282
8729a1475ffffff,Retail,43.916
8729a1475ffffff,Transportation,42.309
8729a1475ffffff,Wholesale,18.752
8729a1489ffffff,Art/Culture,0.025
8729a1489ffffff,Construction,2.697
8729a1489ffffff,Education,1.054
8729a1489ffffff,Health,2.067
8729a1489ffffff,Hospitality,2.904
8729a1489ffffff,Manufacturing,8.51
8729a1489ffffff,Retail,0.008
8729a14c0ffffff,Art/Culture,0.064
8729a14c0ffffff,Business Support,3.181
8729a14c0ffffff,Construction,18.873
8729a14c0ffffff,Corporate,0.002
8729a14c0ffffff,Education,10.908
8729a14c0ffffff,Energy,0.033
8729a14c0ffffff,Financial,1.787
8729a14c0ffffff,Health,11.834
8729a14c0ffffff,Hospitality,0.088
8729a14c0ffffff,Information,0.679
8729a14c0ffffff,Manufacturing,4.134
8729a14c0ffffff,Professional Service,0.956
8729a14c0ffffff,Public Administration,0.782
8729a14c0ffffff,Real Estate,0.977
8729a14c0ffffff,Retail,5.879
8729a14c0ffffff,Transportation,4.628
8729a14c0ffffff,Wholesale,3.097
8729a14d2ffffff,Art/Culture,0.032
8729a14d2ffffff,Construction,1.127
8729a14d2ffffff,Education,0.006
8729a14d2ffffff,Health,0.012
8729a14d2ffffff,Hospitality,0.018
8729a14d2ffffff,Manufacturing,0.12
8729a14d2ffffff,Transportation,2.061
8729a154affffff,Art/Culture,14.895
8729a154affffff,Business Support,34.261
8729a154affffff,Construction,16.115
8729a154affffff,Education,13.473
8729a154affffff,Energy,1.308
8729a154affffff,Financial,4.704
8729a154affffff,Health,44.556
8729a154affffff,Hospitality,38.333
8729a154affffff,Information,6.823
8729a154affffff,Manufacturing,1.308
8729a154affffff,Professional Service,10.627
8729a154affffff,Public Administration,0.712
8729a154affffff,Real Estate,5.488
8729a154affffff,Retail,18.673
8729a154affffff,Transportation,2.18
8729a154affffff,Wholesale,4.799
8729a154bffffff,Art/Culture,5.55
8729a154bffffff,Business Support,1.257
8729a154bffffff,Construction,5.499
8729a154bffffff,Corporate,0.002
8729a154bffffff,Education,12.486
8729a154bffffff,Energy,0.715
8729a154bffffff,Financial,1.018
8729a154bffffff,Health,37.738
8729a154bffffff,Hospitality,41.246
8729a154bffffff,Information,2.063
8729a154bffffff,Manufacturing,0.866
8729a154bffffff,Professional Service,1.68
8729a154bffffff,Public Administration,0.463
8729a154bffffff,Real Estate,0.265
8729a154bffffff,Retail,19.42
8729a154bffffff,Transportation,14.024
8729a154bffffff,Wholesale,7.606
8729a154effffff,Art/Culture,1.126
8729a154effffff,Business Support,0.45
8729a154effffff,Construction,2.476
8729a154effffff,Education,8.419
8729a154effffff,Health,22.148
8729a154effffff,Hospitality,4.953
8729a154effffff,Information,0.45
8729a154effffff,Public Administration,0.225
8729a154effffff,Retail,3.974
8729a154effffff,Transportation,0.005
8729a154effffff,Wholesale,0.762
8729a1552ffffff,Art/Culture,2.097
8729a1552ffffff,Business Support,1.86
8729a1552ffffff,Construction,39.408
8729a1552ffffff,Education,24.879
8729a1552ffffff,Energy,17.787
8729a1552ffffff,Financial,1.149
8729a1552ffffff,Health,34.072
8729a1552ffffff,Hospitality,3.678
8729a1552ffffff,Information,0.172
8729a1552ffffff,Manufacturing,0.289
8729a1552ffffff,Professional Service,2.594
8729a1552ffffff,Public Administration,15.369
8729a1552ffffff,Real Estate,0.143
8729a1552ffffff,Retail,19.83
8729a1552ffffff,Transportation,20.462
8729a1552ffffff,Wholesale,21.702
8729a1556ffffff,Art/Culture,2.093
8729a1556ffffff,Business Support,2.233
8729a1556ffffff,Construction,2.299
8729a1556ffffff,Education,1.011
8729a1556ffffff,Energy,0.423
8729a1556ffffff,Financial,0.737
8729a1556ffffff,Health,1.613
8729a1556ffffff,Hospitality,14.946
8729a1556ffffff,Information,1.152
8729a1556ffffff,Manufacturing,1.806
8729a1556ffffff,Professional Service,2.094
8729a1556ffffff,Public Administration,0.434
8729a1556ffffff,Real Estate,0.241
8729a1556ffffff,Retail,19.44
8729a1556ffffff,Transportation,0.55
8729a1556ffffff,Wholesale,18.319
8729a1558ffffff,Art/Culture,16.8
8729a1558ffffff,Business Support,0.912
8729a1558ffffff,Construction,26.01
8729a1558ffffff,Education,44.053
8729a1558ffffff,Energy,0.171
8729a1558ffffff,Financial,0.198
8729a1558ffffff,Health,80.243
8729a1558ffffff,Hospitality,49.009
8729a1558ffffff,Information,0.098
8729a1558ffffff,Manufacturing,2.744
8729a1558ffffff,Professional Service,0.098
8729a1558ffffff,Public Administration,4.976
8729a1558ffffff,Real Estate,1.058
8729a1558ffffff,Retail,9.669
8729a1558ffffff,Transportation,19.768
8729a1558ffffff,Wholesale,3.889
8729a1559ffffff,Art/Culture,25.449
8729a1559ffffff,Business Support,16.47
8729a1559ffffff,Construction,31.524
8729a1559ffffff,Corporate,0.001
8729a1559ffffff,Education,166.417
8729a1559ffffff,Energy,5.566
8729a1559ffffff,Financial,5.375
8729a1559ffffff,Health,109.64
8729a1559ffffff,Hospitality,51.071
8729a1559ffffff,Information,2.032
8729a1559ffffff,Manufacturing,1.812
8729a1559ffffff,Professional Service,5.335
8729a1559ffffff,Public Administration,31.63
8729a1559ffffff,Real Estate,0.39
8729a1559ffffff,Retail,54.675
8729a1559ffffff,Transportation,39.599
8729a1559ffffff,Wholesale,10.371
8729a155affffff,Art/Culture,5.872
8729a155affffff,Construction,16.644
8729a155affffff,Education,16.931
8729a155affffff,Health,25.709
8729a155affffff,Hospitality,30.723
8729a155affffff,Manufacturing,0.137
8729a155affffff,Public Administration,1.006
8729a155affffff,Real Estate,0.868
8729a155affffff,Retail,9.069
8729a155affffff,Transportation,19.252
8729a155affffff,Wholesale,1.873
8729a155cffffff,Art/Culture,1.198
8729a155cffffff,Business Support,5.083
8729a155cffffff,Construction,2.273
8729a155cffffff,Education,0.944
8729a155cffffff,Energy,0.414
8729a155cffffff,Financial,2.69
8729a155cffffff,Health,1.321
8729a155cffffff,Hospitality,4.197
8729a155cffffff,Information,3.795
8729a155cffffff,Manufacturing,89.59
8729a155cffffff,Professional Service,3.795
8729a155cffffff,Public Administration,1.201
8729a155cffffff,Real Estate,0.759
8729a155cffffff,Retail,7.583
8729a155cffffff,Transportation,5.846
8729a155cffffff,Wholesale,1.145
8729a155dffffff,Art/Culture,0.089
8729a155dffffff,Business Support,8.839
8729a155dffffff,Construction,0.54
8729a155dffffff,Education,3.793
8729a155dffffff,Financial,1.729
8729a155dffffff,Health,6.353
8729a155dffffff,Hospitality,0.089
8729a155dffffff,Information,3.602
8729a155dffffff,Manufacturing,2.936
8729a155dffffff,Professional Service,4.63
8729a155dffffff,Public Administration,0.496
8729a155dffffff,Real Estate,1.935
8729a155dffffff,Retail,0.37
8729a155dffffff,Transportation,0.045
8729a155dffffff,Wholesale,0.024
8729a155effffff,Art/Culture,4.721
8729a155effffff,Business Support,0.67
8729a155effffff,Construction,4.505
8729a155effffff,Education,9.001
8729a155effffff,Energy,0.594
8729a155effffff,Financial,0.627
8729a155effffff,Health,2.636
8729a155effffff,Hospitality,10.399
8729a155effffff,Information,0.072
8729a155effffff,Manufacturing,126.443
8729a155effffff,Professional Service,1.64
8729a155effffff,Public Administration,11.171
8729a155effffff,Real Estate,0.052
8729a155effffff,Retail,11.076
8729a155effffff,Transportation,13.747
8729a155effffff,Wholesale,0.67
8729a1562ffffff,Art/Culture,0.026
8729a1562ffffff,Business Support,2.256
8729a1562ffffff,Construction,18.309
8729a1562ffffff,Education,21.88
8729a1562ffffff,Energy,0.088
8729a1562ffffff,Financial,0.611
8729a1562ffffff,Health,36.591
8729a1562ffffff,Hospitality,2.728
8729a1562ffffff,Information,0.265
8729a1562ffffff,Manufacturing,1.991
8729a1562ffffff,Professional Service,0.743
8729a1562ffffff,Public Administration,27.716
8729a1562ffffff,Real Estate,1.001
8729a1562ffffff,Retail,2.206
8729a1562ffffff,Transportation,2.772
8729a1562ffffff,Wholesale,5.051
8729a1701ffffff,Art/Culture,12.11
8729a1701ffffff,Business Support,0.978
8729a1701ffffff,Construction,67.559
8729a1701ffffff,Education,26.874
8729a1701ffffff,Energy,5.9
8729a1701ffffff,Health,41.028
8729a1701ffffff,Hospitality,21.837
8729a1701ffffff,Information,0.913
8729a1701ffffff,Manufacturing,40.167
8729a1701ffffff,Professional Service,2.555
8729a1701ffffff,Public Administration,91.176
8729a1701ffffff,Real Estate,0.88
8729a1701ffffff,Retail,65.335
8729a1701ffffff,Transportation,30.956
8729a1701ffffff,Wholesale,30.822
8729a1703ffffff,Art/Culture,1.026
8729a1703ffffff,Business Support,0.037
8729a1703ffffff,Construction,32.186
8729a1703ffffff,Education,0.594
8729a1703ffffff,Energy,0.111
8729a1703ffffff,Health,1.077
8729a1703ffffff,Hospitality,0.186
8729a1703ffffff,Information,0.037
8729a1703ffffff,Manufacturing,3.276
8729a1703ffffff,Professional Service,0.074
8729a1703ffffff,Public Administration,0.148
8729a1703ffffff,Real Estate,0.037
8729a1703ffffff,Retail,2.005
8729a1703ffffff,Transportation,53.875
8729a1703ffffff,Wholesale,0.854
8729a1734ffffff,Art/Culture,0.76
8729a1734ffffff,Business Support,1.24
8729a1734ffffff,Construction,0.38
8729a1734ffffff,Education,11.888
8729a1734ffffff,Financial,0.307
8729a1734ffffff,Health,3.324
8729a1734ffffff,Hospitality,2.452
8729a1734ffffff,Information,0.62
8729a1734ffffff,Manufacturing,0.76
8729a1734ffffff,Professional Service,0.208
8729a1734ffffff,Public Administration,24.267
8729a1734ffffff,Real Estate,0.004
8729a1734ffffff,Retail,0.76
8729a1734ffffff,Transportation,0.145
8729a1735ffffff,Art/Culture,0.137
8729a1735ffffff,Business Support,14.308
8729a1735ffffff,Construction,1.952
8729a1735ffffff,Education,22.66
8729a1735ffffff,Energy,0.078
8729a1735ffffff,Financial,2.279
8729a1735ffffff,Health,11.603
8729a1735ffffff,Hospitality,1.279
8729a1735ffffff,Information,2.915
8729a1735ffffff,Manufacturing,1.686
8729a1735ffffff,Professional Service,6.651
8729a1735ffffff,Public Administration,0.671
8729a1735ffffff,Real Estate,0.892
8729a1735ffffff,Retail,1.406
8729a1735ffffff,Transportation,0.078
8729a1735ffffff,Wholesale,1.166
8729a1736ffffff,Art/Culture,0.464
8729a1736ffffff,Business Support,0.002
8729a1736ffffff,Construction,0.897
8729a1736ffffff,Education,49.946
8729a1736ffffff,Energy,0.006
8729a1736ffffff,Health,57.003
8729a1736ffffff,Hospitality,1.547
8729a1736ffffff,Information,0.002
8729a1736ffffff,Manufacturing,0.542
8729a1736ffffff,Professional Service,0.118
8729a1736ffffff,Public Administration,13.277
8729a1736ffffff,Real Estate,0.002
8729a1736ffffff,Retail,1.081
8729a1736ffffff,Transportation,0.264
8729a1736ffffff,Wholesale,0.047
8729a1803ffffff,Art/Culture,32.027
8729a1803ffffff,Business Support,9.141
8729a1803ffffff,Construction,45.19
8729a1803ffffff,Corporate,11.876
8729a1803ffffff,Education,46.734
8729a1803ffffff,Financial,26.326
8729a1803ffffff,Health,15.946
8729a1803ffffff,Hospitality,30.82
8729a1803ffffff,Information,12.763
8729a1803ffffff,Manufacturing,29.844
8729a1803ffffff,Professional Service,53.163
8729a1803ffffff,Public Administration,15.075
8729a1803ffffff,Real Estate,16.76
8729a1803ffffff,Retail,21.897
8729a1803ffffff,Transportation,15.081
8729a1803ffffff,Wholesale,9.557
8729a1804ffffff,Art/Culture,73.055
8729a1804ffffff,Business Support,5.651
8729a1804ffffff,Construction,62.785
8729a1804ffffff,Corporate,0.162
8729a1804ffffff,Education,10.812
8729a1804ffffff,Energy,0.894
8729a1804ffffff,Financial,3.628
8729a1804ffffff,Health,13.558
8729a1804ffffff,Hospitality,113.814
8729a1804ffffff,Information,2.832
8729a1804ffffff,Manufacturing,24.809
8729a1804ffffff,Professional Service,9.946
8729a1804ffffff,Public Administration,7.728
8729a1804ffffff,Real Estate,2.42
8729a1804ffffff,Retail,18.118
8729a1804ffffff,Transportation,9.921
8729a1804ffffff,Wholesale,7.187
8729a180affffff,Art/Culture,108.332
8729a180affffff,Business Support,244.466
8729a180affffff,Construction,292.35
8729a180affffff,Corporate,3.126
8729a180affffff,Education,154.9
8729a180affffff,Energy,10.474
8729a180affffff,Financial,143.306
8729a180affffff,Health,297.708
8729a180affffff,Hospitality,280.431
8729a180affffff,Information,177.422
8729a180affffff,Manufacturing,51.852
8729a180affffff,Professional Service,254.537
8729a180affffff,Public Administration,52.693
8729a180affffff,Real Estate,71.31
8729a180affffff,Retail,94.777
8729a180affffff,Transportation,66.934
8729a180affffff,Wholesale,34.773
8729a1811ffffff,Art/Culture,46.626
8729a1811ffffff,Business Support,4.305
8729a1811ffffff,Construction,72.635
8729a1811ffffff,Corporate,1.332
8729a1811ffffff,Education,54.959
8729a1811ffffff,Energy,0.391
8729a1811ffffff,Financial,63.191
8729a1811ffffff,Health,80.205
8729a1811ffffff,Hospitality,62.973
8729a1811ffffff,Information,35.202
8729a1811ffffff,Manufacturing,55.933
8729a1811ffffff,Professional Service,230.034
8729a1811ffffff,Public Administration,11.366
8729a1811ffffff,Real Estate,39.296
8729a1811ffffff,Retail,17.799
8729a1811ffffff,Transportation,9.531
8729a1811ffffff,Wholesale,19.902
8729a1812ffffff,Art/Culture,16.929
8729a1812ffffff,Business Support,3.574
8729a1812ffffff,Construction,4.355
8729a1812ffffff,Corporate,2.588
8729a1812ffffff,Education,48.086
8729a1812ffffff,Financial,3.944
8729a1812ffffff,Health,43.114
8729a1812ffffff,Hospitality,46.024
8729a1812ffffff,Information,3.496
8729a1812ffffff,Manufacturing,1.524
8729a1812ffffff,Professional Service,8.38
8729a1812ffffff,Public Administration,1.602
8729a1812ffffff,Real Estate,3.327
8729a1812ffffff,Retail,1.479
8729a1812ffffff,Transportation,0.37
8729a1812ffffff,Wholesale,0.919
8729a1818ffffff,Art/Culture,13.527
8729a1818ffffff,Business Support,35.07
8729a1818ffffff,Construction,23.918
8729a1818ffffff,Corporate,1.587
8729a1818ffffff,Education,25.019
8729a1818ffffff,Energy,0.583
8729a1818ffffff,Financial,37.446
8729a1818ffffff,Health,61.212
8729a1818ffffff,Hospitality,26.211
8729a1818ffffff,Information,66.107
8729a1818ffffff,Manufacturing,24.86
8729a1818ffffff,Professional Service,69.273
8729a1818ffffff,Public Administration,8.073
8729a1818ffffff,Real Estate,17.439
8729a1818ffffff,Retail,44.968
8729a1818ffffff,Transportation,17.12
8729a1818ffffff,Wholesale,8.895
8729a1819ffffff,Art/Culture,183.08
8729a1819ffffff,Business Support,406.007
8729a1819ffffff,Construction,432.459
8729a1819ffffff,Corporate,7.476
8729a1819ffffff,Education,279.004
8729a1819ffffff,Energy,18.257
8729a1819ffffff,Financial,306.301
8729a1819ffffff,Health,528.927
8729a1819ffffff,Hospitality,345.265
8729a1819ffffff,Information,311.489
8729a1819ffffff,Manufacturing,109.662
8729a1819ffffff,Professional Service,687.614
8729a1819ffffff,Public Administration,106.999
8729a1819ffffff,Real Estate,171.091
8729a1819ffffff,Retail,250.108
8729a1819ffffff,Transportation,197.601
8729a1819ffffff,Wholesale,111.967
8729a181bffffff,Art/Culture,263.568
8729a181bffffff,Business Support,1576.1
8729a181bffffff,Construction,732.22
8729a181bffffff,Corporate,30.643
8729a181bffffff,Education,1481.849
8729a181bffffff,Energy,17.904
8729a181bffffff,Financial,1208.407
8729a181bffffff,Health,3261.301
8729a181bffffff,Hospitality,698.46
8729a181bffffff,Information,1279.562
8729a181bffffff,Manufacturing,1006.629
8729a181bffffff,Professional Service,2365.387
8729a181bffffff,Public Administration,209.947
8729a181bffffff,Real Estate,646.633
8729a181bffffff,Retail,438.665
8729a181bffffff,Transportation,302.647
8729a181bffffff,Wholesale,168.554
8729a181dffffff,Art/Culture,7.491
8729a181dffffff,Business Support,27.068
8729a181dffffff,Construction,12.775
8729a181dffffff,Corporate,2.508
8729a181dffffff,Education,43.202
8729a181dffffff,Energy,0.111
8729a181dffffff,Financial,22.21
8729a181dffffff,Health,57.7
8729a181dffffff,Hospitality,9.881
8729a181dffffff,Information,8.785
8729a181dffffff,Manufacturing,12.492
8729a181dffffff,Professional Service,24.142
8729a181dffffff,Public Administration,8.825
8729a181dffffff,Real Estate,5.816
8729a181dffffff,Retail,19.054
8729a181dffffff,Transportation,8.857
8729a181dffffff,Wholesale,4.06
8729a181effffff,Art/Culture,113.868
8729a181effffff,Business Support,116.455
8729a181effffff,Construction,218.582
8729a181effffff,Corporate,2.479
8729a181effffff,Education,201.195
8729a181effffff,Energy,6.453
8729a181effffff,Financial,180.084
8729a181effffff,Health,489.168
8729a181effffff,Hospitality,205.812
8729a181effffff,Information,260.162
8729a181effffff,Manufacturing,90.314
8729a181effffff,Professional Service,356.747
8729a181effffff,Public Administration,90.284
8729a181effffff,Real Estate,110.101
8729a181effffff,Retail,194.273
8729a181effffff,Transportation,95.887
8729a181effffff,Wholesale,126.034
8729a1828ffffff,Art/Culture,59.584
8729a1828ffffff,Business Support,29.784
8729a1828ffffff,Construction,102.511
8729a1828ffffff,Corporate,5.537
8729a1828ffffff,Education,67.608
8729a1828ffffff,Energy,0.113
8729a1828ffffff,Financial,27.865
8729a1828ffffff,Health,71.958
8729a1828ffffff,Hospitality,73.065
8729a1828ffffff,Information,14.342
8729a1828ffffff,Manufacturing,23.747
8729a1828ffffff,Professional Service,49.739
8729a1828ffffff,Public Administration,30.994
8729a1828ffffff,Real Estate,16.354
8729a1828ffffff,Retail,45.253
8729a1828ffffff,Transportation,28.17
8729a1828ffffff,Wholesale,10.144
8729a182bffffff,Art/Culture,34.506
8729a182bffffff,Business Support,63.927
8729a182bffffff,Construction,62.484
8729a182bffffff,Corporate,2.233
8729a182bffffff,Education,78.004
8729a182bffffff,Energy,1.989
8729a182bffffff,Financial,39.304
8729a182bffffff,Health,166.049
8729a182bffffff,Hospitality,65.912
8729a182bffffff,Information,45.613
8729a182bffffff,Manufacturing,17.262
8729a182bffffff,Professional Service,64.725
8729a182bffffff,Public Administration,47.331
8729a182bffffff,Real Estate,17.037
8729a182bffffff,Retail,24.855
8729a182bffffff,Transportation,15.717
8729a182bffffff,Wholesale,7.1
8729a182effffff,Art/Culture,142.869
8729a182effffff,Business Support,68.152
8729a182effffff,Construction,102.792
8729a182effffff,Corporate,0.701
8729a182effffff,Education,64.896
8729a182effffff,Energy,1.384
8729a182effffff,Financial,42.251
8729a182effffff,Health,52.651
8729a182effffff,Hospitality,315.064
8729a182effffff,Information,33.411
8729a182effffff,Manufacturing,49.005
8729a182effffff,Professional Service,105.086
8729a182effffff,Public Administration,47.927
8729a182effffff,Real Estate,18.635
8729a182effffff,Retail,109.308
8729a182effffff,Transportation,85.858
8729a182effffff,Wholesale,26.033
8729a1832ffffff,Art/Culture,162.905
8729a1832ffffff,Business Support,45.519
8729a1832ffffff,Construction,170.545
8729a1832ffffff,Corporate,21.15
8729a1832ffffff,Education,195.534
8729a1832ffffff,Energy,1.12
8729a1832ffffff,Financial,139.396
8729a1832ffffff,Health,216.405
8729a1832ffffff,Hospitality,221.001
8729a1832ffffff,Information,169.882
8729a1832ffffff,Manufacturing,49.849
8729a1832ffffff,Professional Service,631.491
8729a1832ffffff,Public Administration,119.649
8729a1832ffffff,Real Estate,153.615
8729a1832ffffff,Retail,66.008
8729a1832ffffff,Transportation,104.065
8729a1832ffffff,Wholesale,30.329
8729a1836ffffff,Art/Culture,166.64
8729a1836ffffff,Business Support,78.289
8729a1836ffffff,Construction,129.494
8729a1836ffffff,Corporate,0.722
8729a1836ffffff,Education,205.623
8729a1836ffffff,Energy,2.882
8729a1836ffffff,Financial,57.855
8729a1836ffffff,Health,258.921
8729a1836ffffff,Hospitality,325.138
8729a1836ffffff,Information,110.735
8729a1836ffffff,Manufacturing,36.279
8729a1836ffffff,Professional Service,312.402
8729a1836ffffff,Public Administration,110.4
8729a1836ffffff,Real Estate,72.51
8729a1836ffffff,Retail,159.648
8729a1836ffffff,Transportation,113.42
8729a1836ffffff,Wholesale,75.14
8729a1844ffffff,Art/Culture,88.374
8729a1844ffffff,Business Support,287.651
8729a1844ffffff,Construction,192.204
8729a1844ffffff,Corporate,5.364
8729a1844ffffff,Education,84.009
8729a1844ffffff,Energy,2.898
8729a1844ffffff,Financial,223.849
8729a1844ffffff,Health,155.942
8729a1844ffffff,Hospitality,227.891
8729a1844ffffff,Information,299.566
8729a1844ffffff,Manufacturing,127.418
8729a1844ffffff,Professional Service,474.61
8729a1844ffffff,Public Administration,57.09
8729a1844ffffff,Real Estate,124.884
8729a1844ffffff,Retail,57.0
8729a1844ffffff,Transportation,62.797
8729a1844ffffff,Wholesale,38.938
8729a1845ffffff,Art/Culture,103.659
8729a1845ffffff,Business Support,266.177
8729a1845ffffff,Construction,340.585
8729a1845ffffff,Corporate,3.328
8729a1845ffffff,Education,70.977
8729a1845ffffff,Energy,18.026
8729a1845ffffff,Financial,144.602
8729a1845ffffff,Health,122.355
8729a1845ffffff,Hospitality,205.305
8729a1845ffffff,Information,161.915
8729a1845ffffff,Manufacturing,101.299
8729a1845ffffff,Professional Service,267.37
8729a1845ffffff,Public Administration,40.459
8729a1845ffffff,Real Estate,114.32
8729a1845ffffff,Retail,115.961
8729a1845ffffff,Transportation,142.173
8729a1845ffffff,Wholesale,65.035
8729a1846ffffff,Art/Culture,57.416
8729a1846ffffff,Business Support,82.74
8729a1846ffffff,Construction,231.006
8729a1846ffffff,Corporate,1.228
8729a1846ffffff,Education,51.658
8729a1846ffffff,Energy,5.153
8729a1846ffffff,Financial,45.568
8729a1846ffffff,Health,82.139
8729a1846ffffff,Hospitality,126.613
8729a1846ffffff,Information,49.114
8729a1846ffffff,Manufacturing,98.174
8729a1846ffffff,Professional Service,87.936
8729a1846ffffff,Public Administration,21.24
8729a1846ffffff,Real Estate,36.961
8729a1846ffffff,Retail,75.206
8729a1846ffffff,Transportation,69.433
8729a1846ffffff,Wholesale,33.654
8729a1854ffffff,Art/Culture,18.703
8729a1854ffffff,Business Support,79.247
8729a1854ffffff,Construction,109.465
8729a1854ffffff,Corporate,2.44
8729a1854ffffff,Education,36.436
8729a1854ffffff,Energy,2.252
8729a1854ffffff,Financial,70.872
8729a1854ffffff,Health,73.05
8729a1854ffffff,Hospitality,52.786
8729a1854ffffff,Information,58.56
8729a1854ffffff,Manufacturing,91.48
8729a1854ffffff,Professional Service,108.709
8729a1854ffffff,Public Administration,20.994
8729a1854ffffff,Real Estate,34.215
8729a1854ffffff,Retail,66.917
8729a1854ffffff,Transportation,41.232
8729a1854ffffff,Wholesale,23.282
8729a1855ffffff,Art/Culture,2.516
8729a1855ffffff,Business Support,0.593
8729a1855ffffff,Construction,15.518
8729a1855ffffff,Education,8.691
8729a1855ffffff,Energy,0.419
8729a1855ffffff,Financial,0.347
8729a1855ffffff,Health,13.087
8729a1855ffffff,Hospitality,4.613
8729a1855ffffff,Information,0.593
8729a1855ffffff,Manufacturing,5.134
8729a1855ffffff,Professional Service,0.593
8729a1855ffffff,Public Administration,1.952
8729a1855ffffff,Real Estate,0.173
8729a1855ffffff,Retail,5.033
8729a1855ffffff,Transportation,3.283
8729a1855ffffff,Wholesale,2.473
8729a1856ffffff,Art/Culture,24.082
8729a1856ffffff,Business Support,209.063
8729a1856ffffff,Construction,239.704
8729a1856ffffff,Corporate,6.875
8729a1856ffffff,Education,38.256
8729a1856ffffff,Energy,3.461
8729a1856ffffff,Financial,144.014
8729a1856ffffff,Health,99.668
8729a1856ffffff,Hospitality,67.634
8729a1856ffffff,Information,143.728
8729a1856ffffff,Manufacturing,67.476
8729a1856ffffff,Professional Service,244.744
8729a1856ffffff,Public Administration,26.129
8729a1856ffffff,Real Estate,56.524
8729a1856ffffff,Retail,78.713
8729a1856ffffff,Transportation,52.054
8729a1856ffffff,Wholesale,23.41
8729a1870ffffff,Art/Culture,33.943
8729a1870ffffff,Business Support,81.644
8729a1870ffffff,Construction,68.534
8729a1870ffffff,Corporate,4.855
8729a1870ffffff,Education,27.009
8729a1870ffffff,Energy,3.954
8729a1870ffffff,Financial,61.596
8729a1870ffffff,Health,53.116
8729a1870ffffff,Hospitality,103.737
8729a1870ffffff,Information,63.575
8729a1870ffffff,Manufacturing,59.972
8729a1870ffffff,Professional Service,116.187
8729a1870ffffff,Public Administration,2.423
8729a1870ffffff,Real Estate,34.771
8729a1870ffffff,Retail,57.33
8729a1870ffffff,Transportation,40.187
8729a1870ffffff,Wholesale,23.489
8729a1872ffffff,Art/Culture,56.283
8729a1872ffffff,Business Support,180.822
8729a1872ffffff,Construction,92.18
8729a1872ffffff,Corporate,9.527
8729a1872ffffff,Education,86.894
8729a1872ffffff,Energy,7.52
8729a1872ffffff,Financial,139.292
8729a1872ffffff,Health,130.628
8729a1872ffffff,Hospitality,144.809
8729a1872ffffff,Information,138.581
8729a1872ffffff,Manufacturing,218.731
8729a1872ffffff,Professional Service,242.987
8729a1872ffffff,Public Administration,74.372
8729a1872ffffff,Real Estate,79.129
8729a1872ffffff,Retail,135.412
8729a1872ffffff,Transportation,125.071
8729a1872ffffff,Wholesale,47.933
8729a1880ffffff,Art/Culture,138.253
8729a1880ffffff,Business Support,186.03
8729a1880ffffff,Construction,657.154
8729a1880ffffff,Corporate,0.325
8729a1880ffffff,Education,480.118
8729a1880ffffff,Energy,16.051
8729a1880ffffff,Financial,153.481
8729a1880ffffff,Health,676.949
8729a1880ffffff,Hospitality,255.328
8729a1880ffffff,Information,287.328
8729a1880ffffff,Manufacturing,113.99
8729a1880ffffff,Professional Service,408.799
8729a1880ffffff,Public Administration,589.534
8729a1880ffffff,Real Estate,142.211
8729a1880ffffff,Retail,289.081
8729a1880ffffff,Transportation,246.323
8729a1880ffffff,Wholesale,127.951
8729a1881ffffff,Art/Culture,256.58
8729a1881ffffff,Business Support,469.483
8729a1881ffffff,Construction,588.836
8729a1881ffffff,Corporate,5.954
8729a1881ffffff,Education,1132.573
8729a1881ffffff,Energy,36.902
8729a1881ffffff,Financial,227.037
8729a1881ffffff,Health,1853.447
8729a1881ffffff,Hospitality,460.513
8729a1881ffffff,Information,335.373
8729a1881ffffff,Manufacturing,234.159
8729a1881ffffff,Professional Service,675.342
8729a1881ffffff,Public Administration,294.427
8729a1881ffffff,Real Estate,224.916
8729a1881ffffff,Retail,579.358
8729a1881ffffff,Transportation,427.881
8729a1881ffffff,Wholesale,246.044
8729a1882ffffff,Art/Culture,235.623
8729a1882ffffff,Business Support,159.716
8729a1882ffffff,Construction,571.876
8729a1882ffffff,Corporate,5.186
8729a1882ffffff,Education,816.568
8729a1882ffffff,Energy,35.945
8729a1882ffffff,Financial,88.087
8729a1882ffffff,Health,1445.66
8729a1882ffffff,Hospitality,482.244
8729a1882ffffff,Information,217.148
8729a1882ffffff,Manufacturing,270.032
8729a1882ffffff,Professional Service,216.926
8729a1882ffffff,Public Administration,172.204
8729a1882ffffff,Real Estate,81.837
8729a1882ffffff,Retail,247.94
8729a1882ffffff,Transportation,318.505
8729a1882ffffff,Wholesale,155.24
8729a1883ffffff,Art/Culture,195.519
8729a1883ffffff,Business Support,481.254
8729a1883ffffff,Construction,688.06
8729a1883ffffff,Corporate,11.906
8729a1883ffffff,Education,1101.196
8729a1883ffffff,Energy,32.969
8729a1883ffffff,Financial,237.417
8729a1883ffffff,Health,1876.762
8729a1883ffffff,Hospitality,640.429
8729a1883ffffff,Information,372.597
8729a1883ffffff,Manufacturing,214.427
8729a1883ffffff,Professional Service,650.592
8729a1883ffffff,Public Administration,354.891
8729a1883ffffff,Real Estate,225.412
8729a1883ffffff,Retail,536.019
8729a1883ffffff,Transportation,364.583
8729a1883ffffff,Wholesale,193.874
8729a1884ffffff,Art/Culture,819.96
8729a1884ffffff,Business Support,564.773
8729a1884ffffff,Construction,520.517
8729a1884ffffff,Corporate,13.134
8729a1884ffffff,Education,948.461
8729a1884ffffff,Energy,91.8
8729a1884ffffff,Financial,519.639
8729a1884ffffff,Health,1472.467
8729a1884ffffff,Hospitality,1443.889
8729a1884ffffff,Information,1219.072
8729a1884ffffff,Manufacturing,256.678
8729a1884ffffff,Professional Service,1375.763
8729a1884ffffff,Public Administration,319.627
8729a1884ffffff,Real Estate,354.0
8729a1884ffffff,Retail,1335.829
8729a1884ffffff,Transportation,991.61
8729a1884ffffff,Wholesale,415.429
8729a1885ffffff,Art/Culture,477.997
8729a1885ffffff,Business Support,694.132
8729a1885ffffff,Construction,397.32
8729a1885ffffff,Corporate,13.325
8729a1885ffffff,Education,942.116
8729a1885ffffff,Energy,27.041
8729a1885ffffff,Financial,585.27
8729a1885ffffff,Health,1106.411
8729a1885ffffff,Hospitality,691.456
8729a1885ffffff,Information,1036.953
8729a1885ffffff,Manufacturing,242.933
8729a1885ffffff,Professional Service,1444.801
8729a1885ffffff,Public Administration,227.619
8729a1885ffffff,Real Estate,423.407
8729a1885ffffff,Retail,330.039
8729a1885ffffff,Transportation,297.3
8729a1885ffffff,Wholesale,171.539
8729a1886ffffff,Art/Culture,135.652
8729a1886ffffff,Business Support,95.422
8729a1886ffffff,Construction,83.943
8729a1886ffffff,Corporate,8.227
8729a1886ffffff,Education,344.937
8729a1886ffffff,Energy,4.175
8729a1886ffffff,Financial,112.71
8729a1886ffffff,Health,616.383
8729a1886ffffff,Hospitality,76.597
8729a1886ffffff,Information,267.538
8729a1886ffffff,Manufacturing,81.45
8729a1886ffffff,Professional Service,164.659
8729a1886ffffff,Public Administration,45.224
8729a1886ffffff,Real Estate,49.285
8729a1886ffffff,Retail,83.022
8729a1886ffffff,Transportation,61.377
8729a1886ffffff,Wholesale,29.648
8729a1888ffffff,Art/Culture,229.819
8729a1888ffffff,Business Support,637.797
8729a1888ffffff,Construction,915.468
8729a1888ffffff,Corporate,13.531
8729a1888ffffff,Education,687.336
8729a1888ffffff,Energy,111.513
8729a1888ffffff,Financial,452.437
8729a1888ffffff,Health,1448.329
8729a1888ffffff,Hospitality,521.392
8729a1888ffffff,Information,556.932
8729a1888ffffff,Manufacturing,1557.99
8729a1888ffffff,Professional Service,838.257
8729a1888ffffff,Public Administration,261.378
8729a1888ffffff,Real Estate,268.633
8729a1888ffffff,Retail,1655.554
8729a1888ffffff,Transportation,1169.084
8729a1888ffffff,Wholesale,683.479
8729a1889ffffff,Art/Culture,105.702
8729a1889ffffff,Business Support,168.642
8729a1889ffffff,Construction,229.253
8729a1889ffffff,Corporate,1.459
8729a1889ffffff,Education,560.443
8729a1889ffffff,Energy,13.057
8729a1889ffffff,Financial,126.689
8729a1889ffffff,Health,693.532
8729a1889ffffff,Hospitality,164.725
8729a1889ffffff,Information,120.457
8729a1889ffffff,Manufacturing,271.635
8729a1889ffffff,Professional Service,209.473
8729a1889ffffff,Public Administration,72.99
8729a1889ffffff,Real Estate,51.452
8729a1889ffffff,Retail,170.941
8729a1889ffffff,Transportation,166.153
8729a1889ffffff,Wholesale,54.961
8729a188affffff,Art/Culture,153.472
8729a188affffff,Business Support,364.849
8729a188affffff,Construction,494.314
8729a188affffff,Corporate,10.856
8729a188affffff,Education,842.087
8729a188affffff,Energy,45.269
8729a188affffff,Financial,185.259
8729a188affffff,Health,1936.498
8729a188affffff,Hospitality,595.302
8729a188affffff,Information,151.425
8729a188affffff,Manufacturing,270.029
8729a188affffff,Professional Service,243.975
8729a188affffff,Public Administration,133.046
8729a188affffff,Real Estate,102.799
8729a188affffff,Retail,400.144
8729a188affffff,Transportation,437.82
8729a188affffff,Wholesale,113.475
8729a188bffffff,Art/Culture,115.789
8729a188bffffff,Business Support,282.647
8729a188bffffff,Construction,206.839
8729a188bffffff,Corporate,5.066
8729a188bffffff,Education,519.902
8729a188bffffff,Energy,22.128
8729a188bffffff,Financial,242.847
8729a188bffffff,Health,884.745
8729a188bffffff,Hospitality,223.814
8729a188bffffff,Information,230.323
8729a188bffffff,Manufacturing,440.227
8729a188bffffff,Professional Service,354.566
8729a188bffffff,Public Administration,81.669
8729a188bffffff,Real Estate,122.842
8729a188bffffff,Retail,175.873
8729a188bffffff,Transportation,145.02
8729a188bffffff,Wholesale,87.396
8729a188dffffff,Art/Culture,35.625
8729a188dffffff,Business Support,101.018
8729a188dffffff,Construction,262.466
8729a188dffffff,Corporate,0.163
8729a188dffffff,Education,312.811
8729a188dffffff,Energy,9.367
8729a188dffffff,Financial,84.064
8729a188dffffff,Health,646.318
8729a188dffffff,Hospitality,111.325
8729a188dffffff,Information,55.969
8729a188dffffff,Manufacturing,85.7
8729a188dffffff,Professional Service,126.882
8729a188dffffff,Public Administration,45.031
8729a188dffffff,Real Estate,25.43
8729a188dffffff,Retail,124.864
8729a188dffffff,Transportation,133.166
8729a188dffffff,Wholesale,50.866
8729a188effffff,Art/Culture,130.001
8729a188effffff,Business Support,399.83
8729a188effffff,Construction,966.996
8729a188effffff,Corporate,3.955
8729a188effffff,Education,804.786
8729a188effffff,Energy,35.576
8729a188effffff,Financial,235.795
8729a188effffff,Health,1620.686
8729a188effffff,Hospitality,596.183
8729a188effffff,Information,222.272
8729a188effffff,Manufacturing,784.726
8729a188effffff,Professional Service,426.46
8729a188effffff,Public Administration,268.568
8729a188effffff,Real Estate,128.478
8729a188effffff,Retail,362.391
8729a188effffff,Transportation,375.453
8729a188effffff,Wholesale,197.837
8729a1890ffffff,Art/Culture,249.425
8729a1890ffffff,Business Support,248.7
8729a1890ffffff,Construction,423.471
8729a1890ffffff,Corporate,7.498
8729a1890ffffff,Education,384.237
8729a1890ffffff,Energy,69.705
8729a1890ffffff,Financial,129.612
8729a1890ffffff,Health,673.869
8729a1890ffffff,Hospitality,424.201
8729a1890ffffff,Information,350.53
8729a1890ffffff,Manufacturing,538.054
8729a1890ffffff,Professional Service,274.14
8729a1890ffffff,Public Administration,173.101
8729a1890ffffff,Real Estate,96.446
8729a1890ffffff,Retail,651.561
8729a1890ffffff,Transportation,425.051
8729a1890ffffff,Wholesale,165.834
8729a1891ffffff,Art/Culture,209.236
8729a1891ffffff,Business Support,295.51
8729a1891ffffff,Construction,1238.094
8729a1891ffffff,Corporate,9.508
8729a1891ffffff,Education,695.589
8729a1891ffffff,Energy,87.59
8729a1891ffffff,Financial,154.969
8729a1891ffffff,Health,1486.882
8729a1891ffffff,Hospitality,382.353
8729a1891ffffff,Information,272.435
8729a1891ffffff,Manufacturing,1578.241
8729a1891ffffff,Professional Service,242.042
8729a1891ffffff,Public Administration,195.778
8729a1891ffffff,Real Estate,107.523
8729a1891ffffff,Retail,596.086
8729a1891ffffff,Transportation,605.364
8729a1891ffffff,Wholesale,250.113
8729a1892ffffff,Art/Culture,356.524
8729a1892ffffff,Business Support,1589.679
8729a1892ffffff,Construction,575.781
8729a1892ffffff,Corporate,43.433
8729a1892ffffff,Education,484.301
8729a1892ffffff,Energy,62.547
8729a1892ffffff,Financial,1169.437
8729a1892ffffff,Health,716.316
8729a1892ffffff,Hospitality,740.3
8729a1892ffffff,Information,2044.98
8729a1892ffffff,Manufacturing,2080.797
8729a1892ffffff,Professional Service,2675.8
8729a1892ffffff,Public Administration,183.03
8729a1892ffffff,Real Estate,827.042
8729a1892ffffff,Retail,810.618
8729a1892ffffff,Transportation,618.27
8729a1892ffffff,Wholesale,288.318
8729a1893ffffff,Art/Culture,90.967
8729a1893ffffff,Business Support,113.46
8729a1893ffffff,Construction,757.123
8729a1893ffffff,Corporate,1.642
8729a1893ffffff,Education,228.244
8729a1893ffffff,Energy,47.65
8729a1893ffffff,Financial,87.918
8729a1893ffffff,Health,388.993
8729a1893ffffff,Hospitality,221.075
8729a1893ffffff,Information,100.082
8729a1893ffffff,Manufacturing,679.165
8729a1893ffffff,Professional Service,146.221
8729a1893ffffff,Public Administration,157.471
8729a1893ffffff,Real Estate,56.725
8729a1893ffffff,Retail,396.357
8729a1893ffffff,Transportation,268.311
8729a1893ffffff,Wholesale,112.802
8729a1894ffffff,Art/Culture,960.159
8729a1894ffffff,Business Support,451.653
8729a1894ffffff,Construction,665.772
8729a1894ffffff,Corporate,1.548
8729a1894ffffff,Education,503.021
8729a1894ffffff,Energy,29.863
8729a1894ffffff,Financial,330.965
8729a1894ffffff,Health,920.986
8729a1894ffffff,Hospitality,1159.181
8729a1894ffffff,Information,1417.47
8729a1894ffffff,Manufacturing,450.612
8729a1894ffffff,Professional Service,1016.004
8729a1894ffffff,Public Administration,213.886
8729a1894ffffff,Real Estate,203.314
8729a1894ffffff,Retail,619.847
8729a1894ffffff,Transportation,425.926
8729a1894ffffff,Wholesale,263.302
8729a1895ffffff,Art/Culture,265.877
8729a1895ffffff,Business Support,355.994
8729a1895ffffff,Construction,207.664
8729a1895ffffff,Corporate,10.249
8729a1895ffffff,Education,584.59
8729a1895ffffff,Energy,18.622
8729a1895ffffff,Financial,319.039
8729a1895ffffff,Health,1114.418
8729a1895ffffff,Hospitality,360.998
8729a1895ffffff,Information,472.163
8729a1895ffffff,Manufacturing,153.295
8729a1895ffffff,Professional Service,498.706
8729a1895ffffff,Public Administration,137.219
8729a1895ffffff,Real Estate,140.583
8729a1895ffffff,Retail,444.439
8729a1895ffffff,Transportation,399.115
8729a1895ffffff,Wholesale,187.441
8729a1896ffffff,Art/Culture,19.152
8729a1896ffffff,Business Support,121.572
8729a1896ffffff,Construction,38.714
8729a1896ffffff,Corporate,3.383
8729a1896ffffff,Education,27.896
8729a1896ffffff,Energy,2.455
8729a1896ffffff,Financial,90.581
8729a1896ffffff,Health,37.064
8729a1896ffffff,Hospitality,44.158
8729a1896ffffff,Information,157.842
8729a1896ffffff,Manufacturing,138.038
8729a1896ffffff,Professional Service,206.042
8729a1896ffffff,Public Administration,8.284
8729a1896ffffff,Real Estate,63.481
8729a1896ffffff,Retail,32.105
8729a1896ffffff,Transportation,29.548
8729a1896ffffff,Wholesale,13.919
8729a1898ffffff,Art/Culture,26.473
8729a1898ffffff,Business Support,69.464
8729a1898ffffff,Construction,292.094
8729a1898ffffff,Corporate,1.176
8729a1898ffffff,Education,263.078
8729a1898ffffff,Energy,14.509
8729a1898ffffff,Financial,70.106
8729a1898ffffff,Health,556.049
8729a1898ffffff,Hospitality,119.73
8729a1898ffffff,Information,34.836
8729a1898ffffff,Manufacturing,241.871
8729a1898ffffff,Professional Service,64.968
8729a1898ffffff,Public Administration,79.87
8729a1898ffffff,Real Estate,12.242
8729a1898ffffff,Retail,162.056
8729a1898ffffff,Transportation,143.333
8729a1898ffffff,Wholesale,81.19
8729a1899ffffff,Art/Culture,119.652
8729a1899ffffff,Business Support,111.644
8729a1899ffffff,Construction,324.668
8729a1899ffffff,Corporate,33.527
8729a1899ffffff,Education,318.469
8729a1899ffffff,Energy,10.826
8729a1899ffffff,Financial,101.799
8729a1899ffffff,Health,683.715
8729a1899ffffff,Hospitality,247.244
8729a1899ffffff,Information,101.479
8729a1899ffffff,Manufacturing,128.193
8729a1899ffffff,Professional Service,119.585
8729a1899ffffff,Public Administration,127.603
8729a1899ffffff,Real Estate,50.503
8729a1899ffffff,Retail,176.161
8729a1899ffffff,Transportation,140.568
8729a1899ffffff,Wholesale,41.479
8729a189bffffff,Art/Culture,21.822
8729a189bffffff,Business Support,162.711
8729a189bffffff,Construction,270.298
8729a189bffffff,Corporate,10.633
8729a189bffffff,Education,282.695
8729a189bffffff,Energy,26.496
8729a189bffffff,Financial,74.826
8729a189bffffff,Health,461.971
8729a189bffffff,Hospitality,123.045
8729a189bffffff,Information,74.464
8729a189bffffff,Manufacturing,556.013
8729a189bffffff,Professional Service,112.76
8729a189bffffff,Public Administration,179.63
8729a189bffffff,Real Estate,46.924
8729a189bffffff,Retail,245.647
8729a189bffffff,Transportation,235.819
8729a189bffffff,Wholesale,127.474
8729a189cffffff,Art/Culture,42.285
8729a189cffffff,Business Support,49.381
8729a189cffffff,Construction,100.353
8729a189cffffff,Corporate,0.494
8729a189cffffff,Education,110.515
8729a189cffffff,Energy,5.319
8729a189cffffff,Financial,27.221
8729a189cffffff,Health,201.031
8729a189cffffff,Hospitality,102.453
8729a189cffffff,Information,34.17
8729a189cffffff,Manufacturing,57.851
8729a189cffffff,Professional Service,49.189
8729a189cffffff,Public Administration,35.847
8729a189cffffff,Real Estate,12.81
8729a189cffffff,Retail,64.435
8729a189cffffff,Transportation,84.152
8729a189cffffff,Wholesale,45.566
8729a189dffffff,Art/Culture,84.069
8729a189dffffff,Business Support,242.127
8729a189dffffff,Construction,271.755
8729a189dffffff,Corporate,1.35
8729a189dffffff,Education,342.546
8729a189dffffff,Energy,29.542
8729a189dffffff,Financial,85.945
8729a189dffffff,Health,713.025
8729a189dffffff,Hospitality,383.322
8729a189dffffff,Information,68.302
8729a189dffffff,Manufacturing,288.929
8729a189dffffff,Professional Service,125.714
8729a189dffffff,Public Administration,113.048
8729a189dffffff,Real Estate,74.532
8729a189dffffff,Retail,477.445
8729a189dffffff,Transportation,427.007
8729a189dffffff,Wholesale,180.53
8729a189effffff,Art/Culture,78.936
8729a189effffff,Business Support,150.987
8729a189effffff,Construction,419.091
8729a189effffff,Corporate,0.905
8729a189effffff,Education,331.888
8729a189effffff,Energy,26.871
8729a189effffff,Financial,59.657
8729a189effffff,Health,666.926
8729a189effffff,Hospitality,225.953
8729a189effffff,Information,75.256
8729a189effffff,Manufacturing,376.262
8729a189effffff,Professional Service,109.596
8729a189effffff,Public Administration,158.654
8729a189effffff,Real Estate,32.885
8729a189effffff,Retail,275.35
8729a189effffff,Transportation,217.68
8729a189effffff,Wholesale,77.76
8729a18a0ffffff,Art/Culture,9.06
8729a18a0ffffff,Business Support,1.703
8729a18a0ffffff,Construction,2.694
8729a18a0ffffff,Corporate,0.358
8729a18a0ffffff,Education,5.879
8729a18a0ffffff,Energy,0.313
8729a18a0ffffff,Financial,1.405
8729a18a0ffffff,Health,6.081
8729a18a0ffffff,Hospitality,21.568
8729a18a0ffffff,Information,1.23
8729a18a0ffffff,Manufacturing,1.047
8729a18a0ffffff,Professional Service,5.049
8729a18a0ffffff,Public Administration,2.108
8729a18a0ffffff,Real Estate,0.76
8729a18a0ffffff,Retail,1.136
8729a18a0ffffff,Transportation,0.426
8729a18a0ffffff,Wholesale,0.217
8729a18a1ffffff,Art/Culture,108.061
8729a18a1ffffff,Business Support,27.878
8729a18a1ffffff,Construction,58.708
8729a18a1ffffff,Corporate,13.326
8729a18a1ffffff,Education,300.875
8729a18a1ffffff,Energy,0.487
8729a18a1ffffff,Financial,40.885
8729a18a1ffffff,Health,245.421
8729a18a1ffffff,Hospitality,223.832
8729a18a1ffffff,Information,50.211
8729a18a1ffffff,Manufacturing,10.006
8729a18a1ffffff,Professional Service,86.301
8729a18a1ffffff,Public Administration,32.605
8729a18a1ffffff,Real Estate,38.323
8729a18a1ffffff,Retail,42.292
8729a18a1ffffff,Transportation,7.184
8729a18a1ffffff,Wholesale,26.148
8729a18a2ffffff,Art/Culture,30.154
8729a18a2ffffff,Business Support,10.688
8729a18a2ffffff,Construction,36.993
8729a18a2ffffff,Education,15.921
8729a18a2ffffff,Energy,0.071
8729a18a2ffffff,Financial,7.872
8729a18a2ffffff,Health,49.619
8729a18a2ffffff,Hospitality,24.424
8729a18a2ffffff,Information,32.864
8729a18a2ffffff,Manufacturing,14.499
8729a18a2ffffff,Professional Service,42.396
8729a18a2ffffff,Public Administration,22.122
8729a18a2ffffff,Real Estate,21.038
8729a18a2ffffff,Retail,5.589
8729a18a2ffffff,Transportation,6.175
8729a18a2ffffff,Wholesale,7.259
8729a18a3ffffff,Art/Culture,158.757
8729a18a3ffffff,Business Support,322.26
8729a18a3ffffff,Construction,170.695
8729a18a3ffffff,Corporate,10.036
8729a18a3ffffff,Education,165.109
8729a18a3ffffff,Energy,7.897
8729a18a3ffffff,Financial,217.351
8729a18a3ffffff,Health,144.635
8729a18a3ffffff,Hospitality,442.157
8729a18a3ffffff,Information,326.885
8729a18a3ffffff,Manufacturing,93.388
8729a18a3ffffff,Professional Service,587.223
8729a18a3ffffff,Public Administration,96.464
8729a18a3ffffff,Real Estate,164.531
8729a18a3ffffff,Retail,114.332
8729a18a3ffffff,Transportation,103.264
8729a18a3ffffff,Wholesale,77.017
8729a18a8ffffff,Art/Culture,133.359
8729a18a8ffffff,Business Support,176.786
8729a18a8ffffff,Construction,216.28
8729a18a8ffffff,Corporate,2.641
8729a18a8ffffff,Education,358.173
8729a18a8ffffff,Energy,7.556
8729a18a8ffffff,Financial,188.735
8729a18a8ffffff,Health,621.832
8729a18a8ffffff,Hospitality,247.133
8729a18a8ffffff,Information,217.22
8729a18a8ffffff,Manufacturing,64.419
8729a18a8ffffff,Professional Service,497.067
8729a18a8ffffff,Public Administration,136.653
8729a18a8ffffff,Real Estate,106.036
8729a18a8ffffff,Retail,149.144
8729a18a8ffffff,Transportation,147.667
8729a18a8ffffff,Wholesale,72.085
8729a18a9ffffff,Art/Culture,251.651
8729a18a9ffffff,Business Support,399.289
8729a18a9ffffff,Construction,633.694
8729a18a9ffffff,Corporate,4.174
8729a18a9ffffff,Education,1032.275
8729a18a9ffffff,Energy,30.334
8729a18a9ffffff,Financial,442.616
8729a18a9ffffff,Health,2109.25
8729a18a9ffffff,Hospitality,490.705
8729a18a9ffffff,Information,449.991
8729a18a9ffffff,Manufacturing,334.57
8729a18a9ffffff,Professional Service,747.36
8729a18a9ffffff,Public Administration,284.09
8729a18a9ffffff,Real Estate,241.267
8729a18a9ffffff,Retail,388.557
8729a18a9ffffff,Transportation,339.36
8729a18a9ffffff,Wholesale,179.544
8729a18aaffffff,Art/Culture,149.72
8729a18aaffffff,Business Support,260.534
8729a18aaffffff,Construction,315.18
8729a18aaffffff,Corporate,2.639
8729a18aaffffff,Education,571.331
8729a18aaffffff,Energy,6.018
8729a18aaffffff,Financial,257.041
8729a18aaffffff,Health,1129.25
8729a18aaffffff,Hospitality,307.172
8729a18aaffffff,Information,302.461
8729a18aaffffff,Manufacturing,112.13
8729a18aaffffff,Professional Service,414.308
8729a18aaffffff,Public Administration,105.053
8729a18aaffffff,Real Estate,141.095
8729a18aaffffff,Retail,101.911
8729a18aaffffff,Transportation,89.441
8729a18aaffffff,Wholesale,92.729
8729a18acffffff,Art/Culture,45.732
8729a18acffffff,Business Support,15.425
8729a18acffffff,Construction,58.527
8729a18acffffff,Corporate,0.444
8729a18acffffff,Education,41.572
8729a18acffffff,Energy,0.082
8729a18acffffff,Financial,23.225
8729a18acffffff,Health,54.52
8729a18acffffff,Hospitality,14.346
8729a18acffffff,Information,36.326
8729a18acffffff,Manufacturing,17.265
8729a18acffffff,Professional Service,137.523
8729a18acffffff,Public Administration,19.164
8729a18acffffff,Real Estate,8.735
8729a18acffffff,Retail,26.745
8729a18acffffff,Transportation,8.861
8729a18acffffff,Wholesale,18.032
8729a18adffffff,Art/Culture,100.948
8729a18adffffff,Business Support,9.384
8729a18adffffff,Construction,82.025
8729a18adffffff,Education,76.586
8729a18adffffff,Energy,0.832
8729a18adffffff,Financial,88.995
8729a18adffffff,Health,127.52
8729a18adffffff,Hospitality,111.307
8729a18adffffff,Information,77.189
8729a18adffffff,Manufacturing,28.934
8729a18adffffff,Professional Service,128.32
8729a18adffffff,Public Administration,16.838
8729a18adffffff,Real Estate,12.887
8729a18adffffff,Retail,18.651
8729a18adffffff,Transportation,31.802
8729a18adffffff,Wholesale,42.622
8729a18aeffffff,Art/Culture,234.581
8729a18aeffffff,Business Support,443.422
8729a18aeffffff,Construction,411.896
8729a18aeffffff,Corporate,11.634
8729a18aeffffff,Education,455.431
8729a18aeffffff,Energy,18.548
8729a18aeffffff,Financial,359.663
8729a18aeffffff,Health,846.302
8729a18aeffffff,Hospitality,522.275
8729a18aeffffff,Information,429.835
8729a18aeffffff,Manufacturing,74.836
8729a18aeffffff,Professional Service,692.004
8729a18aeffffff,Public Administration,261.102
8729a18aeffffff,Real Estate,198.115
8729a18aeffffff,Retail,201.252
8729a18aeffffff,Transportation,162.793
8729a18aeffffff,Wholesale,122.311
8729a18b0ffffff,Art/Culture,486.487
8729a18b0ffffff,Business Support,249.209
8729a18b0ffffff,Construction,364.059
8729a18b0ffffff,Corporate,11.773
8729a18b0ffffff,Education,243.46
8729a18b0ffffff,Energy,26.567
8729a18b0ffffff,Financial,183.135
8729a18b0ffffff,Health,466.971
8729a18b0ffffff,Hospitality,829.874
8729a18b0ffffff,Information,552.932
8729a18b0ffffff,Manufacturing,222.309
8729a18b0ffffff,Professional Service,613.754
8729a18b0ffffff,Public Administration,206.418
8729a18b0ffffff,Real Estate,135.992
8729a18b0ffffff,Retail,300.583
8729a18b0ffffff,Transportation,281.674
8729a18b0ffffff,Wholesale,120.158
8729a18b1ffffff,Art/Culture,384.638
8729a18b1ffffff,Business Support,144.793
8729a18b1ffffff,Construction,129.405
8729a18b1ffffff,Corporate,3.119
8729a18b1ffffff,Education,231.408
8729a18b1ffffff,Energy,11.378
8729a18b1ffffff,Financial,247.622
8729a18b1ffffff,Health,381.748
8729a18b1ffffff,Hospitality,465.017
8729a18b1ffffff,Information,544.834
8729a18b1ffffff,Manufacturing,132.155
8729a18b1ffffff,Professional Service,367.226
8729a18b1ffffff,Public Administration,157.066
8729a18b1ffffff,Real Estate,131.048
8729a18b1ffffff,Retail,205.814
8729a18b1ffffff,Transportation,180.389
8729a18b1ffffff,Wholesale,75.787
8729a18b2ffffff,Art/Culture,664.481
8729a18b2ffffff,Business Support,487.127
8729a18b2ffffff,Construction,349.913
8729a18b2ffffff,Corporate,15.265
8729a18b2ffffff,Education,334.752
8729a18b2ffffff,Energy,35.53
8729a18b2ffffff,Financial,415.197
8729a18b2ffffff,Health,565.42
8729a18b2ffffff,Hospitality,1066.831
8729a18b2ffffff,Information,1041.173
8729a18b2ffffff,Manufacturing,120.619
8729a18b2ffffff,Professional Service,987.219
8729a18b2ffffff,Public Administration,207.324
8729a18b2ffffff,Real Estate,225.993
8729a18b2ffffff,Retail,402.693
8729a18b2ffffff,Transportation,250.36
8729a18b2ffffff,Wholesale,160.16
8729a18b3ffffff,Art/Culture,508.328
8729a18b3ffffff,Business Support,291.022
8729a18b3ffffff,Construction,323.178
8729a18b3ffffff,Corporate,8.751
8729a18b3ffffff,Education,582.465
8729a18b3ffffff,Energy,13.473
8729a18b3ffffff,Financial,297.468
8729a18b3ffffff,Health,678.989
8729a18b3ffffff,Hospitality,407.25
8729a18b3ffffff,Information,760.31
8729a18b3ffffff,Manufacturing,172.553
8729a18b3ffffff,Professional Service,762.474
8729a18b3ffffff,Public Administration,257.282
8729a18b3ffffff,Real Estate,174.965
8729a18b3ffffff,Retail,208.453
8729a18b3ffffff,Transportation,194.765
8729a18b3ffffff,Wholesale,69.412
8729a18b4ffffff,Art/Culture,1554.922
8729a18b4ffffff,Business Support,839.333
8729a18b4ffffff,Construction,657.2
8729a18b4ffffff,Corporate,19.533
8729a18b4ffffff,Education,1298.697
8729a18b4ffffff,Energy,54.265
8729a18b4ffffff,Financial,560.711
8729a18b4ffffff,Health,1994.892
8729a18b4ffffff,Hospitality,3000.195
8729a18b4ffffff,Information,1297.284
8729a18b4ffffff,Manufacturing,402.522
8729a18b4ffffff,Professional Service,2080.612
8729a18b4ffffff,Public Administration,547.075
8729a18b4ffffff,Real Estate,479.979
8729a18b4ffffff,Retail,984.753
8729a18b4ffffff,Transportation,696.019
8729a18b4ffffff,Wholesale,456.198
8729a18b6ffffff,Art/Culture,115.454
8729a18b6ffffff,Business Support,54.054
8729a18b6ffffff,Construction,85.063
8729a18b6ffffff,Corporate,0.326
8729a18b6ffffff,Education,51.952
8729a18b6ffffff,Energy,2.498
8729a18b6ffffff,Financial,38.513
8729a18b6ffffff,Health,66.005
8729a18b6ffffff,Hospitality,115.3
8729a18b6ffffff,Information,139.541
8729a18b6ffffff,Manufacturing,39.93
8729a18b6ffffff,Professional Service,213.321
8729a18b6ffffff,Public Administration,70.365
8729a18b6ffffff,Real Estate,22.336
8729a18b6ffffff,Retail,61.026
8729a18b6ffffff,Transportation,39.084
8729a18b6ffffff,Wholesale,77.588
8729a18c0ffffff,Art/Culture,53.672
8729a18c0ffffff,Business Support,244.17
8729a18c0ffffff,Construction,385.937
8729a18c0ffffff,Corporate,5.489
8729a18c0ffffff,Education,349.947
8729a18c0ffffff,Energy,28.935
8729a18c0ffffff,Financial,243.584
8729a18c0ffffff,Health,575.007
8729a18c0ffffff,Hospitality,253.208
8729a18c0ffffff,Information,179.713
8729a18c0ffffff,Manufacturing,1273.915
8729a18c0ffffff,Professional Service,283.403
8729a18c0ffffff,Public Administration,86.814
8729a18c0ffffff,Real Estate,89.407
8729a18c0ffffff,Retail,186.074
8729a18c0ffffff,Transportation,254.201
8729a18c0ffffff,Wholesale,121.628
8729a18c2ffffff,Art/Culture,81.687
8729a18c2ffffff,Business Support,107.712
8729a18c2ffffff,Construction,122.503
8729a18c2ffffff,Corporate,1.04
8729a18c2ffffff,Education,364.6
8729a18c2ffffff,Energy,15.755
8729a18c2ffffff,Financial,185.75
8729a18c2ffffff,Health,749.185
8729a18c2ffffff,Hospitality,234.757
8729a18c2ffffff,Information,86.451
8729a18c2ffffff,Manufacturing,266.231
8729a18c2ffffff,Professional Service,197.067
8729a18c2ffffff,Public Administration,103.47
8729a18c2ffffff,Real Estate,58.276
8729a18c2ffffff,Retail,123.465
8729a18c2ffffff,Transportation,69.516
8729a18c2ffffff,Wholesale,58.718
8729a18c3ffffff,Art/Culture,2.163
8729a18c3ffffff,Business Support,1.88
8729a18c3ffffff,Construction,1.922
8729a18c3ffffff,Education,22.329
8729a18c3ffffff,Financial,2.922
8729a18c3ffffff,Health,63.694
8729a18c3ffffff,Hospitality,3.377
8729a18c3ffffff,Information,3.182
8729a18c3ffffff,Manufacturing,0.902
8729a18c3ffffff,Professional Service,1.707
8729a18c3ffffff,Public Administration,6.75
8729a18c3ffffff,Real Estate,0.455
8729a18c3ffffff,Retail,1.403
8729a18c3ffffff,Transportation,1.513
8729a18c3ffffff,Wholesale,0.581
8729a18c4ffffff,Art/Culture,60.116
8729a18c4ffffff,Business Support,179.389
8729a18c4ffffff,Construction,382.737
8729a18c4ffffff,Corporate,1.214
8729a18c4ffffff,Education,235.737
8729a18c4ffffff,Energy,34.338
8729a18c4ffffff,Financial,208.912
8729a18c4ffffff,Health,425.482
8729a18c4ffffff,Hospitality,146.603
8729a18c4ffffff,Information,139.887
8729a18c4ffffff,Manufacturing,560.729
8729a18c4ffffff,Professional Service,267.783
8729a18c4ffffff,Public Administration,81.035
8729a18c4ffffff,Real Estate,50.097
8729a18c4ffffff,Retail,230.356
8729a18c4ffffff,Transportation,215.027
8729a18c4ffffff,Wholesale,93.569
8729a18c5ffffff,Art/Culture,6.196
8729a18c5ffffff,Business Support,44.283
8729a18c5ffffff,Construction,84.761
8729a18c5ffffff,Corporate,0.14
8729a18c5ffffff,Education,32.453
8729a18c5ffffff,Energy,5.938
8729a18c5ffffff,Financial,25.719
8729a18c5ffffff,Health,59.483
8729a18c5ffffff,Hospitality,39.892
8729a18c5ffffff,Information,22.839
8729a18c5ffffff,Manufacturing,272.989
8729a18c5ffffff,Professional Service,44.172
8729a18c5ffffff,Public Administration,9.903
8729a18c5ffffff,Real Estate,14.966
8729a18c5ffffff,Retail,37.626
8729a18c5ffffff,Transportation,53.397
8729a18c5ffffff,Wholesale,25.882
8729a18c6ffffff,Art/Culture,174.938
8729a18c6ffffff,Business Support,583.918
8729a18c6ffffff,Construction,1242.672
8729a18c6ffffff,Corporate,9.945
8729a18c6ffffff,Education,552.91
8729a18c6ffffff,Energy,77.673
8729a18c6ffffff,Financial,363.769
8729a18c6ffffff,Health,819.397
8729a18c6ffffff,Hospitality,643.104
8729a18c6ffffff,Information,410.583
8729a18c6ffffff,Manufacturing,4808.998
8729a18c6ffffff,Professional Service,612.148
8729a18c6ffffff,Public Administration,211.664
8729a18c6ffffff,Real Estate,219.947
8729a18c6ffffff,Retail,645.001
8729a18c6ffffff,Transportation,678.256
8729a18c6ffffff,Wholesale,345.069
8729a18d0ffffff,Art/Culture,94.875
8729a18d0ffffff,Business Support,119.135
8729a18d0ffffff,Construction,167.186
8729a18d0ffffff,Corporate,0.1
8729a18d0ffffff,Education,237.816
8729a18d0ffffff,Energy,17.552
8729a18d0ffffff,Financial,100.25
8729a18d0ffffff,Health,339.577
8729a18d0ffffff,Hospitality,137.847
8729a18d0ffffff,Information,89.47
8729a18d0ffffff,Manufacturing,60.153
8729a18d0ffffff,Professional Service,301.205
8729a18d0ffffff,Public Administration,57.842
8729a18d0ffffff,Real Estate,29.301
8729a18d0ffffff,Retail,94.327
8729a18d0ffffff,Transportation,75.981
8729a18d0ffffff,Wholesale,33.234
8729a18d1ffffff,Art/Culture,152.137
8729a18d1ffffff,Business Support,64.516
8729a18d1ffffff,Construction,227.15
8729a18d1ffffff,Corporate,0.718
8729a18d1ffffff,Education,160.499
8729a18d1ffffff,Energy,32.749
8729a18d1ffffff,Financial,155.879
8729a18d1ffffff,Health,273.285
8729a18d1ffffff,Hospitality,234.94
8729a18d1ffffff,Information,143.986
8729a18d1ffffff,Manufacturing,83.956
8729a18d1ffffff,Professional Service,232.368
8729a18d1ffffff,Public Administration,186.132
8729a18d1ffffff,Real Estate,90.88
8729a18d1ffffff,Retail,233.966
8729a18d1ffffff,Transportation,241.695
8729a18d1ffffff,Wholesale,127.067
8729a18d2ffffff,Art/Culture,28.555
8729a18d2ffffff,Business Support,66.872
8729a18d2ffffff,Construction,198.743
8729a18d2ffffff,Corporate,0.658
8729a18d2ffffff,Education,199.137
8729a18d2ffffff,Energy,41.146
8729a18d2ffffff,Financial,80.883
8729a18d2ffffff,Health,453.819
8729a18d2ffffff,Hospitality,119.536
8729a18d2ffffff,Information,70.089
8729a18d2ffffff,Manufacturing,83.194
8729a18d2ffffff,Professional Service,241.815
8729a18d2ffffff,Public Administration,94.033
8729a18d2ffffff,Real Estate,29.984
8729a18d2ffffff,Retail,94.272
8729a18d2ffffff,Transportation,130.784
8729a18d2ffffff,Wholesale,95.439
8729a18d3ffffff,Art/Culture,37.233
8729a18d3ffffff,Business Support,41.946
8729a18d3ffffff,Construction,44.193
8729a18d3ffffff,Corporate,3.098
8729a18d3ffffff,Education,87.486
8729a18d3ffffff,Energy,2.769
8729a18d3ffffff,Financial,85.365
8729a18d3ffffff,Health,178.986
8729a18d3ffffff,Hospitality,36.595
8729a18d3ffffff,Information,77.264
8729a18d3ffffff,Manufacturing,44.415
8729a18d3ffffff,Professional Service,236.162
8729a18d3ffffff,Public Administration,41.813
8729a18d3ffffff,Real Estate,53.77
8729a18d3ffffff,Retail,32.937
8729a18d3ffffff,Transportation,25.208
8729a18d3ffffff,Wholesale,17.276
8729a18d4ffffff,Art/Culture,248.673
8729a18d4ffffff,Business Support,153.194
8729a18d4ffffff,Construction,419.513
8729a18d4ffffff,Corporate,0.068
8729a18d4ffffff,Education,1344.619
8729a18d4ffffff,Energy,52.945
8729a18d4ffffff,Financial,239.246
8729a18d4ffffff,Health,1653.28
8729a18d4ffffff,Hospitality,816.559
8729a18d4ffffff,Information,220.903
8729a18d4ffffff,Manufacturing,873.554
8729a18d4ffffff,Professional Service,392.62
8729a18d4ffffff,Public Administration,330.683
8729a18d4ffffff,Real Estate,83.921
8729a18d4ffffff,Retail,377.389
8729a18d4ffffff,Transportation,294.729
8729a18d4ffffff,Wholesale,165.978
8729a18d5ffffff,Art/Culture,215.333
8729a18d5ffffff,Business Support,299.577
8729a18d5ffffff,Construction,377.659
8729a18d5ffffff,Corporate,4.539
8729a18d5ffffff,Education,366.42
8729a18d5ffffff,Energy,73.987
8729a18d5ffffff,Financial,251.51
8729a18d5ffffff,Health,584.752
8729a18d5ffffff,Hospitality,802.639
8729a18d5ffffff,Information,191.118
8729a18d5ffffff,Manufacturing,1488.943
8729a18d5ffffff,Professional Service,466.547
8729a18d5ffffff,Public Administration,154.977
8729a18d5ffffff,Real Estate,119.45
8729a18d5ffffff,Retail,574.641
8729a18d5ffffff,Transportation,590.205
8729a18d5ffffff,Wholesale,322.179
8729a18d6ffffff,Art/Culture,199.013
8729a18d6ffffff,Business Support,190.135
8729a18d6ffffff,Construction,382.148
8729a18d6ffffff,Corporate,7.997
8729a18d6ffffff,Education,1199.294
8729a18d6ffffff,Energy,31.144
8729a18d6ffffff,Financial,251.009
8729a18d6ffffff,Health,1508.439
8729a18d6ffffff,Hospitality,410.757
8729a18d6ffffff,Information,157.296
8729a18d6ffffff,Manufacturing,535.886
8729a18d6ffffff,Professional Service,353.452
8729a18d6ffffff,Public Administration,133.017
8729a18d6ffffff,Real Estate,97.412
8729a18d6ffffff,Retail,223.549
8729a18d6ffffff,Transportation,213.408
8729a18d6ffffff,Wholesale,90.488
8729a18dcffffff,Art/Culture,39.34
8729a18dcffffff,Business Support,17.286
8729a18dcffffff,Construction,31.633
8729a18dcffffff,Education,44.705
8729a18dcffffff,Energy,5.961
8729a18dcffffff,Financial,127.557
8729a18dcffffff,Health,91.794
8729a18dcffffff,Hospitality,36.36
8729a18dcffffff,Information,117.424
8729a18dcffffff,Manufacturing,61.394
8729a18dcffffff,Professional Service,113.848
8729a18dcffffff,Public Administration,79.017
8729a18dcffffff,Real Estate,4.768
8729a18dcffffff,Retail,38.527
8729a18dcffffff,Transportation,8.682
8729a18dcffffff,Wholesale,3.107
8729a18e0ffffff,Art/Culture,120.035
8729a18e0ffffff,Business Support,41.342
8729a18e0ffffff,Construction,352.574
8729a18e0ffffff,Corporate,0.827
8729a18e0ffffff,Education,288.783
8729a18e0ffffff,Energy,20.625
8729a18e0ffffff,Financial,116.715
8729a18e0ffffff,Health,585.979
8729a18e0ffffff,Hospitality,365.265
8729a18e0ffffff,Information,104.947
8729a18e0ffffff,Manufacturing,54.446
8729a18e0ffffff,Professional Service,82.576
8729a18e0ffffff,Public Administration,38.305
8729a18e0ffffff,Real Estate,20.112
8729a18e0ffffff,Retail,271.676
8729a18e0ffffff,Transportation,259.372
8729a18e0ffffff,Wholesale,141.79
8729a18e1ffffff,Art/Culture,5.736
8729a18e1ffffff,Business Support,7.611
8729a18e1ffffff,Construction,53.176
8729a18e1ffffff,Education,18.507
8729a18e1ffffff,Financial,11.879
8729a18e1ffffff,Health,55.837
8729a18e1ffffff,Hospitality,12.414
8729a18e1ffffff,Information,6.03
8729a18e1ffffff,Manufacturing,6.41
8729a18e1ffffff,Professional Service,17.541
8729a18e1ffffff,Public Administration,1.135
8729a18e1ffffff,Real Estate,4.146
8729a18e1ffffff,Retail,0.943
8729a18e1ffffff,Transportation,0.773
8729a18e1ffffff,Wholesale,1.452
8729a18e2ffffff,Art/Culture,138.154
8729a18e2ffffff,Business Support,347.195
8729a18e2ffffff,Construction,705.667
8729a18e2ffffff,Corporate,4.001
8729a18e2ffffff,Education,702.581
8729a18e2ffffff,Energy,27.304
8729a18e2ffffff,Financial,357.839
8729a18e2ffffff,Health,1450.557
8729a18e2ffffff,Hospitality,405.269
8729a18e2ffffff,Information,213.36
8729a18e2ffffff,Manufacturing,382.135
8729a18e2ffffff,Professional Service,618.599
8729a18e2ffffff,Public Administration,103.254
8729a18e2ffffff,Real Estate,132.13
8729a18e2ffffff,Retail,424.257
8729a18e2ffffff,Transportation,265.186
8729a18e2ffffff,Wholesale,134.27
8729a18e3ffffff,Art/Culture,8.468
8729a18e3ffffff,Business Support,73.585
8729a18e3ffffff,Construction,232.795
8729a18e3ffffff,Corporate,0.257
8729a18e3ffffff,Education,277.339
8729a18e3ffffff,Energy,3.019
8729a18e3ffffff,Financial,50.239
8729a18e3ffffff,Health,624.574
8729a18e3ffffff,Hospitality,44.209
8729a18e3ffffff,Information,44.627
8729a18e3ffffff,Manufacturing,37.891
8729a18e3ffffff,Professional Service,102.561
8729a18e3ffffff,Public Administration,13.088
8729a18e3ffffff,Real Estate,16.664
8729a18e3ffffff,Retail,46.707
8729a18e3ffffff,Transportation,45.166
8729a18e3ffffff,Wholesale,29.452
8729a18e4ffffff,Art/Culture,27.953
8729a18e4ffffff,Business Support,26.079
8729a18e4ffffff,Construction,101.028
8729a18e4ffffff,Corporate,0.284
8729a18e4ffffff,Education,89.587
8729a18e4ffffff,Energy,2.707
8729a18e4ffffff,Financial,35.429
8729a18e4ffffff,Health,154.732
8729a18e4ffffff,Hospitality,73.187
8729a18e4ffffff,Information,28.72
8729a18e4ffffff,Manufacturing,26.984
8729a18e4ffffff,Professional Service,52.298
8729a18e4ffffff,Public Administration,31.693
8729a18e4ffffff,Real Estate,15.806
8729a18e4ffffff,Retail,35.369
8729a18e4ffffff,Transportation,28.055
8729a18e4ffffff,Wholesale,19.845
8729a18e5ffffff,Art/Culture,10.649
8729a18e5ffffff,Business Support,25.401
8729a18e5ffffff,Construction,87.24
8729a18e5ffffff,Corporate,0.775
8729a18e5ffffff,Education,40.578
8729a18e5ffffff,Energy,0.968
8729a18e5ffffff,Financial,16.796
8729a18e5ffffff,Health,105.398
8729a18e5ffffff,Hospitality,23.832
8729a18e5ffffff,Information,15.05
8729a18e5ffffff,Manufacturing,7.765
8729a18e5ffffff,Professional Service,29.517
8729a18e5ffffff,Public Administration,4.081
8729a18e5ffffff,Real Estate,6.427
8729a18e5ffffff,Retail,10.57
8729a18e5ffffff,Transportation,7.565
8729a18e5ffffff,Wholesale,4.287
8729a18e6ffffff,Art/Culture,316.487
8729a18e6ffffff,Business Support,1189.535
8729a18e6ffffff,Construction,519.876
8729a18e6ffffff,Corporate,23.858
8729a18e6ffffff,Education,562.735
8729a18e6ffffff,Energy,56.422
8729a18e6ffffff,Financial,1217.11
8729a18e6ffffff,Health,947.873
8729a18e6ffffff,Hospitality,1417.931
8729a18e6ffffff,Information,922.057
8729a18e6ffffff,Manufacturing,390.499
8729a18e6ffffff,Professional Service,2132.25
8729a18e6ffffff,Public Administration,291.977
8729a18e6ffffff,Real Estate,504.451
8729a18e6ffffff,Retail,552.545
8729a18e6ffffff,Transportation,696.598
8729a18e6ffffff,Wholesale,426.098
8729a18eeffffff,Art/Culture,0.711
8729a18eeffffff,Business Support,168.102
8729a18eeffffff,Construction,19.943
8729a18eeffffff,Corporate,0.711
8729a18eeffffff,Education,173.281
8729a18eeffffff,Energy,0.711
8729a18eeffffff,Financial,86.355
8729a18eeffffff,Health,432.008
8729a18eeffffff,Hospitality,4.978
8729a18eeffffff,Information,82.828
8729a18eeffffff,Manufacturing,6.4
8729a18eeffffff,Professional Service,130.017
8729a18eeffffff,Public Administration,15.274
8729a18eeffffff,Real Estate,34.787
8729a18eeffffff,Retail,16.355
8729a18eeffffff,Transportation,3.555
8729a18eeffffff,Wholesale,7.111
8729a18f0ffffff,Art/Culture,77.405
8729a18f0ffffff,Business Support,93.273
8729a18f0ffffff,Construction,315.757
8729a18f0ffffff,Corporate,1.0
8729a18f0ffffff,Education,387.895
8729a18f0ffffff,Energy,11.908
8729a18f0ffffff,Financial,179.623
8729a18f0ffffff,Health,736.13
8729a18f0ffffff,Hospitality,167.295
8729a18f0ffffff,Information,153.69
8729a18f0ffffff,Manufacturing,122.718
8729a18f0ffffff,Professional Service,283.087
8729a18f0ffffff,Public Administration,65.374
8729a18f0ffffff,Real Estate,86.241
8729a18f0ffffff,Retail,170.687
8729a18f0ffffff,Transportation,136.342
8729a18f0ffffff,Wholesale,97.008
8729a18f1ffffff,Art/Culture,76.808
8729a18f1ffffff,Business Support,196.201
8729a18f1ffffff,Construction,1213.128
8729a18f1ffffff,Corporate,6.023
8729a18f1ffffff,Education,246.845
8729a18f1ffffff,Energy,54.286
8729a18f1ffffff,Financial,226.054
8729a18f1ffffff,Health,482.908
8729a18f1ffffff,Hospitality,366.645
8729a18f1ffffff,Information,171.775
8729a18f1ffffff,Manufacturing,598.685
8729a18f1ffffff,Professional Service,281.992
8729a18f1ffffff,Public Administration,133.213
8729a18f1ffffff,Real Estate,60.807
8729a18f1ffffff,Retail,416.129
8729a18f1ffffff,Transportation,418.895
8729a18f1ffffff,Wholesale,208.481
8729a18f2ffffff,Art/Culture,122.125
8729a18f2ffffff,Business Support,134.967
8729a18f2ffffff,Construction,713.035
8729a18f2ffffff,Corporate,0.99
8729a18f2ffffff,Education,257.832
8729a18f2ffffff,Energy,21.975
8729a18f2ffffff,Financial,145.51
8729a18f2ffffff,Health,617.165
8729a18f2ffffff,Hospitality,223.756
8729a18f2ffffff,Information,143.981
8729a18f2ffffff,Manufacturing,284.235
8729a18f2ffffff,Professional Service,166.456
8729a18f2ffffff,Public Administration,159.395
8729a18f2ffffff,Real Estate,48.522
8729a18f2ffffff,Retail,264.628
8729a18f2ffffff,Transportation,292.024
8729a18f2ffffff,Wholesale,148.231
8729a18f3ffffff,Art/Culture,277.026
8729a18f3ffffff,Business Support,354.345
8729a18f3ffffff,Construction,485.765
8729a18f3ffffff,Corporate,2.322
8729a18f3ffffff,Education,258.195
8729a18f3ffffff,Energy,64.608
8729a18f3ffffff,Financial,247.469
8729a18f3ffffff,Health,461.809
8729a18f3ffffff,Hospitality,958.56
8729a18f3ffffff,Information,215.987
8729a18f3ffffff,Manufacturing,1795.766
8729a18f3ffffff,Professional Service,406.429
8729a18f3ffffff,Public Administration,178.906
8729a18f3ffffff,Real Estate,122.549
8729a18f3ffffff,Retail,617.726
8729a18f3ffffff,Transportation,650.367
8729a18f3ffffff,Wholesale,313.922
8729a18f4ffffff,Art/Culture,189.503
8729a18f4ffffff,Business Support,273.3
8729a18f4ffffff,Construction,430.911
8729a18f4ffffff,Corporate,5.895
8729a18f4ffffff,Education,471.202
8729a18f4ffffff,Energy,12.474
8729a18f4ffffff,Financial,211.865
8729a18f4ffffff,Health,789.726
8729a18f4ffffff,Hospitality,269.671
8729a18f4ffffff,Information,293.419
8729a18f4ffffff,Manufacturing,247.695
8729a18f4ffffff,Professional Service,571.167
8729a18f4ffffff,Public Administration,54.115
8729a18f4ffffff,Real Estate,154.831
8729a18f4ffffff,Retail,230.996
8729a18f4ffffff,Transportation,185.769
8729a18f4ffffff,Wholesale,79.725
8729a18f5ffffff,Art/Culture,263.021
8729a18f5ffffff,Business Support,748.584
8729a18f5ffffff,Construction,564.86
8729a18f5ffffff,Corporate,15.63
8729a18f5ffffff,Education,729.047
8729a18f5ffffff,Energy,23.207
8729a18f5ffffff,Financial,575.186
8729a18f5ffffff,Health,1238.423
8729a18f5ffffff,Hospitality,837.275
8729a18f5ffffff,Information,567.456
8729a18f5ffffff,Manufacturing,806.342
8729a18f5ffffff,Professional Service,1098.815
8729a18f5ffffff,Public Administration,106.584
8729a18f5ffffff,Real Estate,265.364
8729a18f5ffffff,Retail,614.725
8729a18f5ffffff,Transportation,513.12
8729a18f5ffffff,Wholesale,276.197
8729a18f6ffffff,Art/Culture,135.677
8729a18f6ffffff,Business Support,265.779
8729a18f6ffffff,Construction,919.718
8729a18f6ffffff,Corporate,0.589
8729a18f6ffffff,Education,873.166
8729a18f6ffffff,Energy,14.708
8729a18f6ffffff,Financial,241.858
8729a18f6ffffff,Health,1679.819
8729a18f6ffffff,Hospitality,341.496
8729a18f6ffffff,Information,172.461
8729a18f6ffffff,Manufacturing,201.425
8729a18f6ffffff,Professional Service,380.114
8729a18f6ffffff,Public Administration,191.615
8729a18f6ffffff,Real Estate,82.341
8729a18f6ffffff,Retail,445.493
8729a18f6ffffff,Transportation,344.212
8729a18f6ffffff,Wholesale,211.24
8729a1941ffffff,Art/Culture,25.04
8729a1941ffffff,Business Support,25.569
8729a1941ffffff,Construction,68.579
8729a1941ffffff,Education,33.047
8729a1941ffffff,Financial,5.037
8729a1941ffffff,Health,72.389
8729a1941ffffff,Hospitality,76.064
8729a1941ffffff,Information,10.084
8729a1941ffffff,Manufacturing,20.955
8729a1941ffffff,Professional Service,19.72
8729a1941ffffff,Public Administration,13.64
8729a1941ffffff,Real Estate,13.354
8729a1941ffffff,Retail,4.669
8729a1941ffffff,Transportation,3.326
8729a1941ffffff,Wholesale,8.17
8729a194cffffff,Art/Culture,11.04
8729a194cffffff,Business Support,9.189
8729a194cffffff,Construction,38.902
8729a194cffffff,Education,18.928
8729a194cffffff,Financial,3.036
8729a194cffffff,Health,33.959
8729a194cffffff,Hospitality,22.416
8729a194cffffff,Information,6.106
8729a194cffffff,Manufacturing,13.661
8729a194cffffff,Professional Service,7.97
8729a194cffffff,Public Administration,3.45
8729a194cffffff,Real Estate,4.393
8729a194cffffff,Retail,3.036
8729a194cffffff,Transportation,3.438
8729a194cffffff,Wholesale,3.209
8729a1958ffffff,Art/Culture,70.565
8729a1958ffffff,Business Support,79.034
8729a1958ffffff,Construction,58.629
8729a1958ffffff,Corporate,0.321
8729a1958ffffff,Education,140.237
8729a1958ffffff,Energy,0.373
8729a1958ffffff,Financial,43.109
8729a1958ffffff,Health,273.368
8729a1958ffffff,Hospitality,188.796
8729a1958ffffff,Information,43.774
8729a1958ffffff,Manufacturing,21.231
8729a1958ffffff,Professional Service,95.343
8729a1958ffffff,Public Administration,20.571
8729a1958ffffff,Real Estate,32.833
8729a1958ffffff,Retail,31.624
8729a1958ffffff,Transportation,23.295
8729a1958ffffff,Wholesale,8.745
8729a1980ffffff,Art/Culture,94.941
8729a1980ffffff,Business Support,73.39
8729a1980ffffff,Construction,236.81
8729a1980ffffff,Corporate,0.63
8729a1980ffffff,Education,195.942
8729a1980ffffff,Energy,10.82
8729a1980ffffff,Financial,33.841
8729a1980ffffff,Health,254.737
8729a1980ffffff,Hospitality,83.409
8729a1980ffffff,Information,151.248
8729a1980ffffff,Manufacturing,21.015
8729a1980ffffff,Professional Service,238.253
8729a1980ffffff,Public Administration,32.06
8729a1980ffffff,Real Estate,30.365
8729a1980ffffff,Retail,130.881
8729a1980ffffff,Transportation,155.264
8729a1980ffffff,Wholesale,29.889
8729a1981ffffff,Art/Culture,456.886
8729a1981ffffff,Business Support,1344.845
8729a1981ffffff,Construction,615.661
8729a1981ffffff,Corporate,56.904
8729a1981ffffff,Education,1163.583
8729a1981ffffff,Energy,79.859
8729a1981ffffff,Financial,1130.275
8729a1981ffffff,Health,1617.761
8729a1981ffffff,Hospitality,806.06
8729a1981ffffff,Information,2120.763
8729a1981ffffff,Manufacturing,1019.746
8729a1981ffffff,Professional Service,3591.613
8729a1981ffffff,Public Administration,340.968
8729a1981ffffff,Real Estate,807.203
8729a1981ffffff,Retail,824.319
8729a1981ffffff,Transportation,740.681
8729a1981ffffff,Wholesale,358.416
8729a1982ffffff,Art/Culture,550.494
8729a1982ffffff,Business Support,553.007
8729a1982ffffff,Construction,575.764
8729a1982ffffff,Corporate,4.341
8729a1982ffffff,Education,1014.021
8729a1982ffffff,Energy,17.825
8729a1982ffffff,Financial,465.138
8729a1982ffffff,Health,1374.505
8729a1982ffffff,Hospitality,604.536
8729a1982ffffff,Information,902.759
8729a1982ffffff,Manufacturing,213.379
8729a1982ffffff,Professional Service,2565.351
8729a1982ffffff,Public Administration,241.293
8729a1982ffffff,Real Estate,363.498
8729a1982ffffff,Retail,676.606
8729a1982ffffff,Transportation,343.027
8729a1982ffffff,Wholesale,189.964
8729a1983ffffff,Art/Culture,315.114
8729a1983ffffff,Business Support,399.099
8729a1983ffffff,Construction,465.007
8729a1983ffffff,Corporate,7.908
8729a1983ffffff,Education,364.2
8729a1983ffffff,Energy,9.306
8729a1983ffffff,Financial,438.031
8729a1983ffffff,Health,433.194
8729a1983ffffff,Hospitality,408.219
8729a1983ffffff,Information,594.295
8729a1983ffffff,Manufacturing,112.331
8729a1983ffffff,Professional Service,1310.872
8729a1983ffffff,Public Administration,154.062
8729a1983ffffff,Real Estate,256.127
8729a1983ffffff,Retail,325.851
8729a1983ffffff,Transportation,171.377
8729a1983ffffff,Wholesale,82.56
8729a1984ffffff,Art/Culture,415.675
8729a1984ffffff,Business Support,531.322
8729a1984ffffff,Construction,548.68
8729a1984ffffff,Corporate,11.788
8729a1984ffffff,Education,629.172
8729a1984ffffff,Energy,48.928
8729a1984ffffff,Financial,338.219
8729a1984ffffff,Health,839.846
8729a1984ffffff,Hospitality,623.435
8729a1984ffffff,Information,513.678
8729a1984ffffff,Manufacturing,396.551
8729a1984ffffff,Professional Service,1366.814
8729a1984ffffff,Public Administration,282.471
8729a1984ffffff,Real Estate,286.547
8729a1984ffffff,Retail,569.28
8729a1984ffffff,Transportation,380.714
8729a1984ffffff,Wholesale,254.949
8729a1985ffffff,Art/Culture,118.883
8729a1985ffffff,Business Support,106.86
8729a1985ffffff,Construction,186.481
8729a1985ffffff,Corporate,0.199
8729a1985ffffff,Education,181.068
8729a1985ffffff,Energy,54.045
8729a1985ffffff,Financial,68.579
8729a1985ffffff,Health,140.475
8729a1985ffffff,Hospitality,167.406
8729a1985ffffff,Information,203.762
8729a1985ffffff,Manufacturing,60.581
8729a1985ffffff,Professional Service,337.261
8729a1985ffffff,Public Administration,68.316
8729a1985ffffff,Real Estate,94.356
8729a1985ffffff,Retail,139.346
8729a1985ffffff,Transportation,85.004
8729a1985ffffff,Wholesale,31.335
8729a1986ffffff,Art/Culture,369.733
8729a1986ffffff,Business Support,475.029
8729a1986ffffff,Construction,643.0
8729a1986ffffff,Corporate,11.678
8729a1986ffffff,Education,771.416
8729a1986ffffff,Energy,39.381
8729a1986ffffff,Financial,282.656
8729a1986ffffff,Health,1021.154
8729a1986ffffff,Hospitality,740.679
8729a1986ffffff,Information,537.214
8729a1986ffffff,Manufacturing,148.018
8729a1986ffffff,Professional Service,1142.655
8729a1986ffffff,Public Administration,267.7
8729a1986ffffff,Real Estate,231.547
8729a1986ffffff,Retail,552.058
8729a1986ffffff,Transportation,426.912
8729a1986ffffff,Wholesale,188.621
8729a1988ffffff,Art/Culture,155.115
8729a1988ffffff,Business Support,49.079
8729a1988ffffff,Construction,54.092
8729a1988ffffff,Corporate,0.905
8729a1988ffffff,Education,129.701
8729a1988ffffff,Energy,4.858
8729a1988ffffff,Financial,86.519
8729a1988ffffff,Health,185.847
8729a1988ffffff,Hospitality,212.78
8729a1988ffffff,Information,89.63
8729a1988ffffff,Manufacturing,39.582
8729a1988ffffff,Professional Service,241.197
8729a1988ffffff,Public Administration,77.746
8729a1988ffffff,Real Estate,74.668
8729a1988ffffff,Retail,42.056
8729a1988ffffff,Transportation,22.313
8729a1988ffffff,Wholesale,19.373
8729a198affffff,Art/Culture,330.826
8729a198affffff,Business Support,578.459
8729a198affffff,Construction,268.65
8729a198affffff,Corporate,33.397
8729a198affffff,Education,3582.952
8729a198affffff,Energy,24.795
8729a198affffff,Financial,410.852
8729a198affffff,Health,3508.242
8729a198affffff,Hospitality,786.304
8729a198affffff,Information,477.904
8729a198affffff,Manufacturing,230.252
8729a198affffff,Professional Service,1250.639
8729a198affffff,Public Administration,407.5
8729a198affffff,Real Estate,355.2
8729a198affffff,Retail,346.021
8729a198affffff,Transportation,123.276
8729a198affffff,Wholesale,67.68
8729a198bffffff,Art/Culture,229.975
8729a198bffffff,Business Support,43.802
8729a198bffffff,Construction,67.581
8729a198bffffff,Corporate,8.369
8729a198bffffff,Education,158.13
8729a198bffffff,Energy,7.696
8729a198bffffff,Financial,46.383
8729a198bffffff,Health,169.585
8729a198bffffff,Hospitality,531.349
8729a198bffffff,Information,42.447
8729a198bffffff,Manufacturing,31.875
8729a198bffffff,Professional Service,164.054
8729a198bffffff,Public Administration,67.099
8729a198bffffff,Real Estate,32.948
8729a198bffffff,Retail,28.433
8729a198bffffff,Transportation,10.66
8729a198bffffff,Wholesale,7.497
8729a198cffffff,Art/Culture,772.887
8729a198cffffff,Business Support,672.153
8729a198cffffff,Construction,560.183
8729a198cffffff,Corporate,25.416
8729a198cffffff,Education,2750.673
8729a198cffffff,Energy,69.471
8729a198cffffff,Financial,690.491
8729a198cffffff,Health,3699.611
8729a198cffffff,Hospitality,873.683
8729a198cffffff,Information,1332.315
8729a198cffffff,Manufacturing,594.798
8729a198cffffff,Professional Service,2864.81
8729a198cffffff,Public Administration,441.228
8729a198cffffff,Real Estate,521.0
8729a198cffffff,Retail,1177.253
8729a198cffffff,Transportation,699.11
8729a198cffffff,Wholesale,420.693
8729a198dffffff,Art/Culture,284.159
8729a198dffffff,Business Support,130.887
8729a198dffffff,Construction,98.956
8729a198dffffff,Corporate,1.736
8729a198dffffff,Education,169.939
8729a198dffffff,Energy,2.761
8729a198dffffff,Financial,169.387
8729a198dffffff,Health,307.091
8729a198dffffff,Hospitality,321.929
8729a198dffffff,Information,215.472
8729a198dffffff,Manufacturing,53.977
8729a198dffffff,Professional Service,459.858
8729a198dffffff,Public Administration,112.483
8729a198dffffff,Real Estate,129.436
8729a198dffffff,Retail,96.857
8729a198dffffff,Transportation,60.113
8729a198dffffff,Wholesale,40.703
8729a198effffff,Art/Culture,1130.378
8729a198effffff,Business Support,1771.734
8729a198effffff,Construction,1296.094
8729a198effffff,Corporate,45.603
8729a198effffff,Education,2520.53
8729a198effffff,Energy,54.149
8729a198effffff,Financial,1521.692
8729a198effffff,Health,3886.441
8729a198effffff,Hospitality,1465.94
8729a198effffff,Information,2624.346
8729a198effffff,Manufacturing,975.461
8729a198effffff,Professional Service,5508.424
8729a198effffff,Public Administration,689.528
8729a198effffff,Real Estate,1152.956
8729a198effffff,Retail,890.463
8729a198effffff,Transportation,576.065
8729a198effffff,Wholesale,382.108
8729a1990ffffff,Art/Culture,118.086
8729a1990ffffff,Business Support,164.371
8729a1990ffffff,Construction,209.949
8729a1990ffffff,Corporate,2.338
8729a1990ffffff,Education,95.291
8729a1990ffffff,Energy,7.438
8729a1990ffffff,Financial,92.709
8729a1990ffffff,Health,120.003
8729a1990ffffff,Hospitality,271.262
8729a1990ffffff,Information,155.804
8729a1990ffffff,Manufacturing,296.994
8729a1990ffffff,Professional Service,335.902
8729a1990ffffff,Public Administration,49.906
8729a1990ffffff,Real Estate,64.524
8729a1990ffffff,Retail,166.695
8729a1990ffffff,Transportation,171.299
8729a1990ffffff,Wholesale,74.787
8729a1991ffffff,Art/Culture,194.946
8729a1991ffffff,Business Support,96.603
8729a1991ffffff,Construction,220.553
8729a1991ffffff,Corporate,0.374
8729a1991ffffff,Education,271.217
8729a1991ffffff,Energy,7.226
8729a1991ffffff,Financial,120.934
8729a1991ffffff,Health,383.562
8729a1991ffffff,Hospitality,369.94
8729a1991ffffff,Information,190.681
8729a1991ffffff,Manufacturing,203.467
8729a1991ffffff,Professional Service,320.057
8729a1991ffffff,Public Administration,88.913
8729a1991ffffff,Real Estate,47.244
8729a1991ffffff,Retail,212.598
8729a1991ffffff,Transportation,180.802
8729a1991ffffff,Wholesale,89.124
8729a1992ffffff,Art/Culture,76.013
8729a1992ffffff,Business Support,68.797
8729a1992ffffff,Construction,298.825
8729a1992ffffff,Corporate,4.532
8729a1992ffffff,Education,449.256
8729a1992ffffff,Energy,6.483
8729a1992ffffff,Financial,18.556
8729a1992ffffff,Health,577.906
8729a1992ffffff,Hospitality,211.812
8729a1992ffffff,Information,81.869
8729a1992ffffff,Manufacturing,124.18
8729a1992ffffff,Professional Service,175.869
8729a1992ffffff,Public Administration,81.822
8729a1992ffffff,Real Estate,38.459
8729a1992ffffff,Retail,130.947
8729a1992ffffff,Transportation,103.03
8729a1992ffffff,Wholesale,40.592
8729a1993ffffff,Art/Culture,534.023
8729a1993ffffff,Business Support,1036.488
8729a1993ffffff,Construction,970.391
8729a1993ffffff,Corporate,33.265
8729a1993ffffff,Education,1139.382
8729a1993ffffff,Energy,19.563
8729a1993ffffff,Financial,712.635
8729a1993ffffff,Health,1847.037
8729a1993ffffff,Hospitality,929.565
8729a1993ffffff,Information,1462.512
8729a1993ffffff,Manufacturing,355.756
8729a1993ffffff,Professional Service,2397.529
8729a1993ffffff,Public Administration,395.666
8729a1993ffffff,Real Estate,582.373
8729a1993ffffff,Retail,594.624
8729a1993ffffff,Transportation,402.063
8729a1993ffffff,Wholesale,272.351
8729a1994ffffff,Art/Culture,22.126
8729a1994ffffff,Business Support,96.083
8729a1994ffffff,Construction,30.537
8729a1994ffffff,Corporate,1.117
8729a1994ffffff,Education,149.21
8729a1994ffffff,Energy,2.905
8729a1994ffffff,Financial,52.833
8729a1994ffffff,Health,244.269
8729a1994ffffff,Hospitality,40.59
8729a1994ffffff,Information,82.205
8729a1994ffffff,Manufacturing,93.421
8729a1994ffffff,Professional Service,198.383
8729a1994ffffff,Public Administration,57.44
8729a1994ffffff,Real Estate,33.0
8729a1994ffffff,Retail,36.233
8729a1994ffffff,Transportation,132.54
8729a1994ffffff,Wholesale,33.009
8729a1995ffffff,Art/Culture,285.714
8729a1995ffffff,Business Support,1126.295
8729a1995ffffff,Construction,161.085
8729a1995ffffff,Corporate,44.117
8729a1995ffffff,Education,398.251
8729a1995ffffff,Energy,14.191
8729a1995ffffff,Financial,1003.336
8729a1995ffffff,Health,551.386
8729a1995ffffff,Hospitality,278.244
8729a1995ffffff,Information,1585.319
8729a1995ffffff,Manufacturing,879.386
8729a1995ffffff,Professional Service,2746.148
8729a1995ffffff,Public Administration,194.889
8729a1995ffffff,Real Estate,569.368
8729a1995ffffff,Retail,394.02
8729a1995ffffff,Transportation,260.525
8729a1995ffffff,Wholesale,159.571
8729a1996ffffff,Art/Culture,76.687
8729a1996ffffff,Business Support,193.403
8729a1996ffffff,Construction,126.726
8729a1996ffffff,Corporate,0.071
8729a1996ffffff,Education,551.565
8729a1996ffffff,Energy,12.457
8729a1996ffffff,Financial,213.629
8729a1996ffffff,Health,823.373
8729a1996ffffff,Hospitality,387.308
8729a1996ffffff,Information,106.224
8729a1996ffffff,Manufacturing,103.06
8729a1996ffffff,Professional Service,183.048
8729a1996ffffff,Public Administration,159.083
8729a1996ffffff,Real Estate,99.871
8729a1996ffffff,Retail,447.811
8729a1996ffffff,Transportation,487.714
8729a1996ffffff,Wholesale,243.146
8729a1998ffffff,Art/Culture,486.586
8729a1998ffffff,Business Support,657.133
8729a1998ffffff,Construction,262.016
8729a1998ffffff,Corporate,19.361
8729a1998ffffff,Education,293.275
8729a1998ffffff,Energy,24.791
8729a1998ffffff,Financial,484.315
8729a1998ffffff,Health,483.028
8729a1998ffffff,Hospitality,1075.955
8729a1998ffffff,Information,692.785
8729a1998ffffff,Manufacturing,132.016
8729a1998ffffff,Professional Service,1338.713
8729a1998ffffff,Public Administration,265.834
8729a1998ffffff,Real Estate,311.458
8729a1998ffffff,Retail,364.992
8729a1998ffffff,Transportation,344.168
8729a1998ffffff,Wholesale,215.202
8729a1999ffffff,Art/Culture,47.537
8729a1999ffffff,Business Support,58.215
8729a1999ffffff,Construction,135.851
8729a1999ffffff,Corporate,1.098
8729a1999ffffff,Education,2161.984
8729a1999ffffff,Energy,0.823
8729a1999ffffff,Financial,39.834
8729a1999ffffff,Health,2298.366
8729a1999ffffff,Hospitality,177.919
8729a1999ffffff,Information,35.997
8729a1999ffffff,Manufacturing,54.888
8729a1999ffffff,Professional Service,146.185
8729a1999ffffff,Public Administration,64.646
8729a1999ffffff,Real Estate,19.83
8729a1999ffffff,Retail,74.734
8729a1999ffffff,Transportation,21.956
8729a1999ffffff,Wholesale,12.664
8729a199bffffff,Art/Culture,81.232
8729a199bffffff,Business Support,31.185
8729a199bffffff,Construction,70.725
8729a199bffffff,Corporate,0.07
8729a199bffffff,Education,45.236
8729a199bffffff,Energy,0.403
8729a199bffffff,Financial,29.433
8729a199bffffff,Health,113.437
8729a199bffffff,Hospitality,120.907
8729a199bffffff,Information,123.474
8729a199bffffff,Manufacturing,80.534
8729a199bffffff,Professional Service,160.2
8729a199bffffff,Public Administration,58.395
8729a199bffffff,Real Estate,131.016
8729a199bffffff,Retail,27.299
8729a199bffffff,Transportation,34.398
8729a199bffffff,Wholesale,19.458
8729a199cffffff,Art/Culture,1598.597
8729a199cffffff,Business Support,5241.224
8729a199cffffff,Construction,950.377
8729a199cffffff,Corporate,162.964
8729a199cffffff,Education,803.407
8729a199cffffff,Energy,62.814
8729a199cffffff,Financial,3960.173
8729a199cffffff,Health,1129.422
8729a199cffffff,Hospitality,3045.785
8729a199cffffff,Information,6040.989
8729a199cffffff,Manufacturing,439.541
8729a199cffffff,Professional Service,11400.66
8729a199cffffff,Public Administration,412.54
8729a199cffffff,Real Estate,2797.67
8729a199cffffff,Retail,878.87
8729a199cffffff,Transportation,694.783
8729a199cffffff,Wholesale,484.904
8729a199dffffff,Art/Culture,1236.186
8729a199dffffff,Business Support,1743.048
8729a199dffffff,Construction,1167.81
8729a199dffffff,Corporate,61.963
8729a199dffffff,Education,10305.567
8729a199dffffff,Energy,47.91
8729a199dffffff,Financial,1454.293
8729a199dffffff,Health,13232.496
8729a199dffffff,Hospitality,2715.604
8729a199dffffff,Information,2100.628
8729a199dffffff,Manufacturing,737.866
8729a199dffffff,Professional Service,4524.641
8729a199dffffff,Public Administration,1110.934
8729a199dffffff,Real Estate,989.445
8729a199dffffff,Retail,1336.934
8729a199dffffff,Transportation,784.796
8729a199dffffff,Wholesale,425.047
8729a199effffff,Art/Culture,1940.506
8729a199effffff,Business Support,1679.68
8729a199effffff,Construction,1088.213
8729a199effffff,Corporate,43.485
8729a199effffff,Education,3167.795
8729a199effffff,Energy,82.228
8729a199effffff,Financial,1221.26
8729a199effffff,Health,5138.005
8729a199effffff,Hospitality,3623.028
8729a199effffff,Information,1927.547
8729a199effffff,Manufacturing,712.916
8729a199effffff,Professional Service,3489.674
8729a199effffff,Public Administration,953.381
8729a199effffff,Real Estate,842.343
8729a199effffff,Retail,1323.598
8729a199effffff,Transportation,1121.086
8729a199effffff,Wholesale,847.893
8729a19a0ffffff,Art/Culture,118.661
8729a19a0ffffff,Business Support,58.489
8729a19a0ffffff,Construction,83.768
8729a19a0ffffff,Corporate,0.004
8729a19a0ffffff,Education,75.667
8729a19a0ffffff,Energy,0.259
8729a19a0ffffff,Financial,43.747
8729a19a0ffffff,Health,109.972
8729a19a0ffffff,Hospitality,230.273
8729a19a0ffffff,Information,116.957
8729a19a0ffffff,Manufacturing,39.165
8729a19a0ffffff,Professional Service,249.311
8729a19a0ffffff,Public Administration,46.73
8729a19a0ffffff,Real Estate,105.516
8729a19a0ffffff,Retail,65.056
8729a19a0ffffff,Transportation,27.779
8729a19a0ffffff,Wholesale,40.891
8729a19a2ffffff,Art/Culture,221.271
8729a19a2ffffff,Business Support,288.034
8729a19a2ffffff,Construction,113.035
8729a19a2ffffff,Corporate,11.784
8729a19a2ffffff,Education,278.146
8729a19a2ffffff,Energy,33.747
8729a19a2ffffff,Financial,309.992
8729a19a2ffffff,Health,521.753
8729a19a2ffffff,Hospitality,317.058
8729a19a2ffffff,Information,475.901
8729a19a2ffffff,Manufacturing,392.284
8729a19a2ffffff,Professional Service,1101.476
8729a19a2ffffff,Public Administration,94.441
8729a19a2ffffff,Real Estate,168.318
8729a19a2ffffff,Retail,362.613
8729a19a2ffffff,Transportation,250.194
8729a19a2ffffff,Wholesale,147.526
8729a19a3ffffff,Art/Culture,281.4
8729a19a3ffffff,Business Support,144.608
8729a19a3ffffff,Construction,221.835
8729a19a3ffffff,Corporate,1.678
8729a19a3ffffff,Education,195.004
8729a19a3ffffff,Energy,5.161
8729a19a3ffffff,Financial,218.02
8729a19a3ffffff,Health,227.365
8729a19a3ffffff,Hospitality,623.797
8729a19a3ffffff,Information,445.28
8729a19a3ffffff,Manufacturing,112.126
8729a19a3ffffff,Professional Service,641.052
8729a19a3ffffff,Public Administration,92.261
8729a19a3ffffff,Real Estate,200.606
8729a19a3ffffff,Retail,311.2
8729a19a3ffffff,Transportation,96.668
8729a19a3ffffff,Wholesale,40.168
8729a19aaffffff,Art/Culture,1943.969
8729a19aaffffff,Business Support,1409.971
8729a19aaffffff,Construction,946.041
8729a19aaffffff,Corporate,50.533
8729a19aaffffff,Education,2103.173
8729a19aaffffff,Energy,134.027
8729a19aaffffff,Financial,1168.83
8729a19aaffffff,Health,2829.774
8729a19aaffffff,Hospitality,4493.253
8729a19aaffffff,Information,1906.584
8729a19aaffffff,Manufacturing,830.636
8729a19aaffffff,Professional Service,3763.287
8729a19aaffffff,Public Administration,1009.134
8729a19aaffffff,Real Estate,745.412
8729a19aaffffff,Retail,1963.097
8729a19aaffffff,Transportation,1324.197
8729a19aaffffff,Wholesale,685.639
8729a19abffffff,Art/Culture,661.71
8729a19abffffff,Business Support,579.23
8729a19abffffff,Construction,382.215
8729a19abffffff,Corporate,9.574
8729a19abffffff,Education,520.387
8729a19abffffff,Energy,14.207
8729a19abffffff,Financial,386.749
8729a19abffffff,Health,904.747
8729a19abffffff,Hospitality,1223.919
8729a19abffffff,Information,737.484
8729a19abffffff,Manufacturing,258.35
8729a19abffffff,Professional Service,1498.545
8729a19abffffff,Public Administration,323.744
8729a19abffffff,Real Estate,259.949
8729a19abffffff,Retail,431.115
8729a19abffffff,Transportation,204.092
8729a19abffffff,Wholesale,105.684
8729a19b0ffffff,Art/Culture,77.853
8729a19b0ffffff,Business Support,279.286
8729a19b0ffffff,Construction,138.369
8729a19b0ffffff,Corporate,7.781
8729a19b0ffffff,Education,315.263
8729a19b0ffffff,Energy,9.436
8729a19b0ffffff,Financial,160.997
8729a19b0ffffff,Health,500.05
8729a19b0ffffff,Hospitality,211.047
8729a19b0ffffff,Information,235.745
8729a19b0ffffff,Manufacturing,117.314
8729a19b0ffffff,Professional Service,503.911
8729a19b0ffffff,Public Administration,114.192
8729a19b0ffffff,Real Estate,117.52
8729a19b0ffffff,Retail,258.916
8729a19b0ffffff,Transportation,230.791
8729a19b0ffffff,Wholesale,90.363
8729a19b1ffffff,Art/Culture,404.098
8729a19b1ffffff,Business Support,766.744
8729a19b1ffffff,Construction,593.31
8729a19b1ffffff,Corporate,43.202
8729a19b1ffffff,Education,699.1
8729a19b1ffffff,Energy,81.799
8729a19b1ffffff,Financial,915.516
8729a19b1ffffff,Health,934.693
8729a19b1ffffff,Hospitality,549.107
8729a19b1ffffff,Information,1299.555
8729a19b1ffffff,Manufacturing,1237.186
8729a19b1ffffff,Professional Service,2439.89
8729a19b1ffffff,Public Administration,195.161
8729a19b1ffffff,Real Estate,550.743
8729a19b1ffffff,Retail,886.596
8729a19b1ffffff,Transportation,732.568
8729a19b1ffffff,Wholesale,359.39
8729a19b2ffffff,Art/Culture,109.911
8729a19b2ffffff,Business Support,309.599
8729a19b2ffffff,Construction,368.311
8729a19b2ffffff,Corporate,8.86
8729a19b2ffffff,Education,653.081
8729a19b2ffffff,Energy,26.512
8729a19b2ffffff,Financial,204.511
8729a19b2ffffff,Health,916.478
8729a19b2ffffff,Hospitality,352.584
8729a19b2ffffff,Information,328.134
8729a19b2ffffff,Manufacturing,565.663
8729a19b2ffffff,Professional Service,727.215
8729a19b2ffffff,Public Administration,268.613
8729a19b2ffffff,Real Estate,104.844
8729a19b2ffffff,Retail,298.342
8729a19b2ffffff,Transportation,390.349
8729a19b2ffffff,Wholesale,128.516
8729a19b3ffffff,Art/Culture,257.202
8729a19b3ffffff,Business Support,1513.319
8729a19b3ffffff,Construction,495.336
8729a19b3ffffff,Corporate,36.485
8729a19b3ffffff,Education,1360.178
8729a19b3ffffff,Energy,33.072
8729a19b3ffffff,Financial,899.384
8729a19b3ffffff,Health,2425.687
8729a19b3ffffff,Hospitality,735.389
8729a19b3ffffff,Information,1131.242
8729a19b3ffffff,Manufacturing,471.935
8729a19b3ffffff,Professional Service,2279.927
8729a19b3ffffff,Public Administration,358.695
8729a19b3ffffff,Real Estate,605.209
8729a19b3ffffff,Retail,789.456
8729a19b3ffffff,Transportation,707.574
8729a19b3ffffff,Wholesale,303.854
8729a19b5ffffff,Art/Culture,383.994
8729a19b5ffffff,Business Support,339.307
8729a19b5ffffff,Construction,330.737
8729a19b5ffffff,Corporate,7.294
8729a19b5ffffff,Education,618.861
8729a19b5ffffff,Energy,94.901
8729a19b5ffffff,Financial,188.445
8729a19b5ffffff,Health,933.678
8729a19b5ffffff,Hospitality,972.719
8729a19b5ffffff,Information,235.358
8729a19b5ffffff,Manufacturing,151.655
8729a19b5ffffff,Professional Service,470.525
8729a19b5ffffff,Public Administration,212.296
8729a19b5ffffff,Real Estate,134.724
8729a19b5ffffff,Retail,1876.32
8729a19b5ffffff,Transportation,1402.042
8729a19b5ffffff,Wholesale,650.434
8729a19b6ffffff,Art/Culture,262.716
8729a19b6ffffff,Business Support,665.781
8729a19b6ffffff,Construction,579.155
8729a19b6ffffff,Corporate,23.458
8729a19b6ffffff,Education,717.061
8729a19b6ffffff,Energy,57.842
8729a19b6ffffff,Financial,279.745
8729a19b6ffffff,Health,1090.799
8729a19b6ffffff,Hospitality,791.529
8729a19b6ffffff,Information,317.541
8729a19b6ffffff,Manufacturing,1861.359
8729a19b6ffffff,Professional Service,551.257
8729a19b6ffffff,Public Administration,705.05
8729a19b6ffffff,Real Estate,168.358
8729a19b6ffffff,Retail,1335.186
8729a19b6ffffff,Transportation,1155.529
8729a19b6ffffff,Wholesale,484.35
8729a1ab2ffffff,Art/Culture,2.446
8729a1ab2ffffff,Business Support,37.784
8729a1ab2ffffff,Construction,68.163
8729a1ab2ffffff,Corporate,2.298
8729a1ab2ffffff,Education,23.531
8729a1ab2ffffff,Energy,9.959
8729a1ab2ffffff,Financial,30.889
8729a1ab2ffffff,Health,72.89
8729a1ab2ffffff,Hospitality,14.112
8729a1ab2ffffff,Information,32.967
8729a1ab2ffffff,Manufacturing,975.62
8729a1ab2ffffff,Professional Service,54.652
8729a1ab2ffffff,Public Administration,80.989
8729a1ab2ffffff,Real Estate,16.14
8729a1ab2ffffff,Retail,69.181
8729a1ab2ffffff,Transportation,86.67
8729a1ab2ffffff,Wholesale,49.82
8729a1c01ffffff,Art/Culture,75.027
8729a1c01ffffff,Business Support,34.327
8729a1c01ffffff,Construction,120.666
8729a1c01ffffff,Education,161.931
8729a1c01ffffff,Energy,16.985
8729a1c01ffffff,Financial,86.807
8729a1c01ffffff,Health,184.618
8729a1c01ffffff,Hospitality,66.831
8729a1c01ffffff,Information,160.339
8729a1c01ffffff,Manufacturing,35.674
8729a1c01ffffff,Professional Service,306.799
8729a1c01ffffff,Public Administration,53.146
8729a1c01ffffff,Real Estate,34.352
8729a1c01ffffff,Retail,126.388
8729a1c01ffffff,Transportation,34.4
8729a1c01ffffff,Wholesale,28.746
8729a1c04ffffff,Art/Culture,1.464
8729a1c04ffffff,Business Support,2.541
8729a1c04ffffff,Construction,1.796
8729a1c04ffffff,Education,4.762
8729a1c04ffffff,Energy,1.479
8729a1c04ffffff,Financial,4.306
8729a1c04ffffff,Health,6.314
8729a1c04ffffff,Hospitality,0.939
8729a1c04ffffff,Information,4.826
8729a1c04ffffff,Manufacturing,8.361
8729a1c04ffffff,Professional Service,12.166
8729a1c04ffffff,Public Administration,1.437
8729a1c04ffffff,Real Estate,2.289
8729a1c04ffffff,Retail,4.98
8729a1c04ffffff,Transportation,1.785
8729a1c04ffffff,Wholesale,1.209
8729a1c05ffffff,Art/Culture,34.098
8729a1c05ffffff,Business Support,33.935
8729a1c05ffffff,Construction,65.798
8729a1c05ffffff,Education,43.459
8729a1c05ffffff,Energy,4.833
8729a1c05ffffff,Financial,40.032
8729a1c05ffffff,Health,66.094
8729a1c05ffffff,Hospitality,16.997
8729a1c05ffffff,Information,27.258
8729a1c05ffffff,Manufacturing,10.501
8729a1c05ffffff,Professional Service,99.889
8729a1c05ffffff,Public Administration,24.499
8729a1c05ffffff,Real Estate,3.898
8729a1c05ffffff,Retail,23.06
8729a1c05ffffff,Transportation,25.234
8729a1c05ffffff,Wholesale,21.434
8729a1c06ffffff,Art/Culture,7.522
8729a1c06ffffff,Business Support,28.84
8729a1c06ffffff,Construction,11.004
8729a1c06ffffff,Education,145.694
8729a1c06ffffff,Energy,13.755
8729a1c06ffffff,Financial,34.081
8729a1c06ffffff,Health,114.802
8729a1c06ffffff,Hospitality,2.251
8729a1c06ffffff,Information,37.65
8729a1c06ffffff,Manufacturing,64.782
8729a1c06ffffff,Professional Service,134.832
8729a1c06ffffff,Public Administration,55.955
8729a1c06ffffff,Real Estate,25.29
8729a1c06ffffff,Retail,32.116
8729a1c06ffffff,Transportation,16.065
8729a1c06ffffff,Wholesale,11.567
8729a1c0cffffff,Art/Culture,16.146
8729a1c0cffffff,Business Support,4.458
8729a1c0cffffff,Construction,67.834
8729a1c0cffffff,Corporate,0.006
8729a1c0cffffff,Education,65.62
8729a1c0cffffff,Energy,3.246
8729a1c0cffffff,Financial,16.529
8729a1c0cffffff,Health,102.822
8729a1c0cffffff,Hospitality,20.189
8729a1c0cffffff,Information,43.135
8729a1c0cffffff,Manufacturing,42.061
8729a1c0cffffff,Professional Service,61.362
8729a1c0cffffff,Public Administration,18.761
8729a1c0cffffff,Real Estate,42.145
8729a1c0cffffff,Retail,12.139
8729a1c0cffffff,Transportation,33.91
8729a1c0cffffff,Wholesale,6.476
8729a1c14ffffff,Art/Culture,82.18
8729a1c14ffffff,Business Support,80.501
8729a1c14ffffff,Construction,113.468
8729a1c14ffffff,Corporate,8.576
8729a1c14ffffff,Education,186.324
8729a1c14ffffff,Energy,14.645
8729a1c14ffffff,Financial,62.217
8729a1c14ffffff,Health,295.432
8729a1c14ffffff,Hospitality,191.919
8729a1c14ffffff,Information,46.268
8729a1c14ffffff,Manufacturing,62.242
8729a1c14ffffff,Professional Service,172.996
8729a1c14ffffff,Public Administration,74.215
8729a1c14ffffff,Real Estate,38.256
8729a1c14ffffff,Retail,130.644
8729a1c14ffffff,Transportation,85.572
8729a1c14ffffff,Wholesale,52.873
8729a1c20ffffff,Art/Culture,66.539
8729a1c20ffffff,Business Support,143.734
8729a1c20ffffff,Construction,86.416
8729a1c20ffffff,Corporate,3.174
8729a1c20ffffff,Education,163.635
8729a1c20ffffff,Energy,7.027
8729a1c20ffffff,Financial,179.092
8729a1c20ffffff,Health,285.404
8729a1c20ffffff,Hospitality,139.257
8729a1c20ffffff,Information,95.833
8729a1c20ffffff,Manufacturing,36.97
8729a1c20ffffff,Professional Service,287.156
8729a1c20ffffff,Public Administration,43.339
8729a1c20ffffff,Real Estate,78.024
8729a1c20ffffff,Retail,101.477
8729a1c20ffffff,Transportation,55.478
8729a1c20ffffff,Wholesale,33.0
8729a1c21ffffff,Art/Culture,973.574
8729a1c21ffffff,Business Support,2164.658
8729a1c21ffffff,Construction,1001.509
8729a1c21ffffff,Corporate,102.972
8729a1c21ffffff,Education,2084.513
8729a1c21ffffff,Energy,125.553
8729a1c21ffffff,Financial,1813.857
8729a1c21ffffff,Health,3203.524
8729a1c21ffffff,Hospitality,2612.305
8729a1c21ffffff,Information,1654.617
8729a1c21ffffff,Manufacturing,597.124
8729a1c21ffffff,Professional Service,3962.504
8729a1c21ffffff,Public Administration,959.512
8729a1c21ffffff,Real Estate,1025.659
8729a1c21ffffff,Retail,1178.567
8729a1c21ffffff,Transportation,745.885
8729a1c21ffffff,Wholesale,476.438
8729a1c22ffffff,Art/Culture,8.374
8729a1c22ffffff,Business Support,11.762
8729a1c22ffffff,Construction,5.881
8729a1c22ffffff,Corporate,0.342
8729a1c22ffffff,Education,18.301
8729a1c22ffffff,Energy,1.653
8729a1c22ffffff,Financial,12.831
8729a1c22ffffff,Health,31.548
8729a1c22ffffff,Hospitality,24.451
8729a1c22ffffff,Information,5.961
8729a1c22ffffff,Manufacturing,4.361
8729a1c22ffffff,Professional Service,20.384
8729a1c22ffffff,Public Administration,4.139
8729a1c22ffffff,Real Estate,5.808
8729a1c22ffffff,Retail,14.684
8729a1c22ffffff,Transportation,14.313
8729a1c22ffffff,Wholesale,8.761
8729a1c23ffffff,Art/Culture,335.732
8729a1c23ffffff,Business Support,810.367
8729a1c23ffffff,Construction,274.309
8729a1c23ffffff,Corporate,16.232
8729a1c23ffffff,Education,964.567
8729a1c23ffffff,Energy,62.29
8729a1c23ffffff,Financial,640.385
8729a1c23ffffff,Health,1515.212
8729a1c23ffffff,Hospitality,668.114
8729a1c23ffffff,Information,708.446
8729a1c23ffffff,Manufacturing,199.179
8729a1c23ffffff,Professional Service,1537.952
8729a1c23ffffff,Public Administration,355.604
8729a1c23ffffff,Real Estate,375.153
8729a1c23ffffff,Retail,492.548
8729a1c23ffffff,Transportation,266.806
8729a1c23ffffff,Wholesale,186.384
8729a1c24ffffff,Art/Culture,174.343
8729a1c24ffffff,Business Support,246.722
8729a1c24ffffff,Construction,168.995
8729a1c24ffffff,Corporate,1.5
8729a1c24ffffff,Education,511.671
8729a1c24ffffff,Energy,34.939
8729a1c24ffffff,Financial,290.747
8729a1c24ffffff,Health,839.878
8729a1c24ffffff,Hospitality,512.581
8729a1c24ffffff,Information,152.502
8729a1c24ffffff,Manufacturing,168.038
8729a1c24ffffff,Professional Service,445.684
8729a1c24ffffff,Public Administration,155.954
8729a1c24ffffff,Real Estate,142.476
8729a1c24ffffff,Retail,333.536
8729a1c24ffffff,Transportation,232.485
8729a1c24ffffff,Wholesale,144.967
8729a1c25ffffff,Art/Culture,148.748
8729a1c25ffffff,Business Support,225.537
8729a1c25ffffff,Construction,212.833
8729a1c25ffffff,Corporate,8.641
8729a1c25ffffff,Education,342.776
8729a1c25ffffff,Energy,26.248
8729a1c25ffffff,Financial,200.134
8729a1c25ffffff,Health,393.186
8729a1c25ffffff,Hospitality,389.354
8729a1c25ffffff,Information,230.809
8729a1c25ffffff,Manufacturing,118.366
8729a1c25ffffff,Professional Service,618.99
8729a1c25ffffff,Public Administration,169.375
8729a1c25ffffff,Real Estate,119.01
8729a1c25ffffff,Retail,197.519
8729a1c25ffffff,Transportation,130.806
8729a1c25ffffff,Wholesale,80.666
8729a1c26ffffff,Art/Culture,52.043
8729a1c26ffffff,Business Support,93.408
8729a1c26ffffff,Construction,45.153
8729a1c26ffffff,Corporate,1.357
8729a1c26ffffff,Education,211.691
8729a1c26ffffff,Energy,14.964
8729a1c26ffffff,Financial,117.799
8729a1c26ffffff,Health,374.011
8729a1c26ffffff,Hospitality,133.3
8729a1c26ffffff,Information,47.737
8729a1c26ffffff,Manufacturing,57.952
8729a1c26ffffff,Professional Service,206.076
8729a1c26ffffff,Public Administration,67.755
8729a1c26ffffff,Real Estate,55.913
8729a1c26ffffff,Retail,68.152
8729a1c26ffffff,Transportation,51.315
8729a1c26ffffff,Wholesale,42.248
8729a1c28ffffff,Art/Culture,2.236
8729a1c28ffffff,Business Support,3.602
8729a1c28ffffff,Construction,4.321
8729a1c28ffffff,Corporate,0.036
8729a1c28ffffff,Education,5.911
8729a1c28ffffff,Energy,0.134
8729a1c28ffffff,Financial,3.409
8729a1c28ffffff,Health,12.529
8729a1c28ffffff,Hospitality,3.581
8729a1c28ffffff,Information,4.378
8729a1c28ffffff,Manufacturing,0.849
8729a1c28ffffff,Professional Service,7.748
8729a1c28ffffff,Public Administration,0.77
8729a1c28ffffff,Real Estate,1.709
8729a1c28ffffff,Retail,0.808
8729a1c28ffffff,Transportation,1.186
8729a1c28ffffff,Wholesale,0.029
8729a1c29ffffff,Art/Culture,2.234
8729a1c29ffffff,Business Support,3.631
8729a1c29ffffff,Construction,1.396
8729a1c29ffffff,Education,13.126
8729a1c29ffffff,Financial,21.784
8729a1c29ffffff,Health,33.235
8729a1c29ffffff,Hospitality,4.189
8729a1c29ffffff,Information,11.451
8729a1c29ffffff,Manufacturing,6.982
8729a1c29ffffff,Professional Service,41.614
8729a1c29ffffff,Public Administration,2.234
8729a1c29ffffff,Real Estate,5.306
8729a1c29ffffff,Retail,1.117
8729a1c29ffffff,Transportation,0.279
8729a1c29ffffff,Wholesale,0.279
8729a1c2affffff,Art/Culture,24.673
8729a1c2affffff,Business Support,14.254
8729a1c2affffff,Construction,67.038
8729a1c2affffff,Education,218.954
8729a1c2affffff,Energy,7.365
8729a1c2affffff,Financial,27.839
8729a1c2affffff,Health,392.682
8729a1c2affffff,Hospitality,72.439
8729a1c2affffff,Information,41.027
8729a1c2affffff,Manufacturing,38.833
8729a1c2affffff,Professional Service,86.887
8729a1c2affffff,Public Administration,68.717
8729a1c2affffff,Real Estate,16.314
8729a1c2affffff,Retail,30.465
8729a1c2affffff,Transportation,31.912
8729a1c2affffff,Wholesale,11.524
8729a1c2bffffff,Art/Culture,36.278
8729a1c2bffffff,Business Support,155.906
8729a1c2bffffff,Construction,72.388
8729a1c2bffffff,Corporate,3.282
8729a1c2bffffff,Education,160.03
8729a1c2bffffff,Energy,8.935
8729a1c2bffffff,Financial,174.069
8729a1c2bffffff,Health,213.323
8729a1c2bffffff,Hospitality,81.423
8729a1c2bffffff,Information,164.884
8729a1c2bffffff,Manufacturing,71.054
8729a1c2bffffff,Professional Service,380.114
8729a1c2bffffff,Public Administration,85.14
8729a1c2bffffff,Real Estate,95.751
8729a1c2bffffff,Retail,80.536
8729a1c2bffffff,Transportation,71.168
8729a1c2bffffff,Wholesale,38.107
8729a1c2effffff,Art/Culture,73.947
8729a1c2effffff,Business Support,251.352
8729a1c2effffff,Construction,151.34
8729a1c2effffff,Corporate,6.604
8729a1c2effffff,Education,505.694
8729a1c2effffff,Energy,28.267
8729a1c2effffff,Financial,159.928
8729a1c2effffff,Health,823.104
8729a1c2effffff,Hospitality,207.391
8729a1c2effffff,Information,189.889
8729a1c2effffff,Manufacturing,139.577
8729a1c2effffff,Professional Service,371.131
8729a1c2effffff,Public Administration,165.275
8729a1c2effffff,Real Estate,79.224
8729a1c2effffff,Retail,212.53
8729a1c2effffff,Transportation,138.994
8729a1c2effffff,Wholesale,77.295
8729a1c30ffffff,Art/Culture,359.276
8729a1c30ffffff,Business Support,105.342
8729a1c30ffffff,Construction,177.708
8729a1c30ffffff,Corporate,0.455
8729a1c30ffffff,Education,440.83
8729a1c30ffffff,Energy,69.089
8729a1c30ffffff,Financial,118.943
8729a1c30ffffff,Health,773.031
8729a1c30ffffff,Hospitality,774.127
8729a1c30ffffff,Information,58.666
8729a1c30ffffff,Manufacturing,107.228
8729a1c30ffffff,Professional Service,220.817
8729a1c30ffffff,Public Administration,152.961
8729a1c30ffffff,Real Estate,69.409
8729a1c30ffffff,Retail,422.753
8729a1c30ffffff,Transportation,387.295
8729a1c30ffffff,Wholesale,208.483
8729a1c31ffffff,Art/Culture,54.906
8729a1c31ffffff,Business Support,53.215
8729a1c31ffffff,Construction,41.816
8729a1c31ffffff,Corporate,0.642
8729a1c31ffffff,Education,154.025
8729a1c31ffffff,Energy,14.232
8729a1c31ffffff,Financial,41.722
8729a1c31ffffff,Health,214.929
8729a1c31ffffff,Hospitality,163.346
8729a1c31ffffff,Information,30.947
8729a1c31ffffff,Manufacturing,44.634
8729a1c31ffffff,Professional Service,104.198
8729a1c31ffffff,Public Administration,46.44
8729a1c31ffffff,Real Estate,29.13
8729a1c31ffffff,Retail,110.99
8729a1c31ffffff,Transportation,103.246
8729a1c31ffffff,Wholesale,68.415
8729a1c33ffffff,Art/Culture,120.478
8729a1c33ffffff,Business Support,157.842
8729a1c33ffffff,Construction,267.58
8729a1c33ffffff,Education,340.929
8729a1c33ffffff,Energy,3.767
8729a1c33ffffff,Financial,111.186
8729a1c33ffffff,Health,566.16
8729a1c33ffffff,Hospitality,183.061
8729a1c33ffffff,Information,52.416
8729a1c33ffffff,Manufacturing,94.712
8729a1c33ffffff,Professional Service,295.232
8729a1c33ffffff,Public Administration,137.234
8729a1c33ffffff,Real Estate,66.597
8729a1c33ffffff,Retail,148.771
8729a1c33ffffff,Transportation,44.87
8729a1c33ffffff,Wholesale,68.944
8729a1c34ffffff,Art/Culture,132.779
8729a1c34ffffff,Business Support,88.199
8729a1c34ffffff,Construction,170.593
8729a1c34ffffff,Corporate,6.942
8729a1c34ffffff,Education,383.925
8729a1c34ffffff,Energy,59.224
8729a1c34ffffff,Financial,124.797
8729a1c34ffffff,Health,481.848
8729a1c34ffffff,Hospitality,313.192
8729a1c34ffffff,Information,56.482
8729a1c34ffffff,Manufacturing,82.449
8729a1c34ffffff,Professional Service,384.084
8729a1c34ffffff,Public Administration,132.131
8729a1c34ffffff,Real Estate,77.165
8729a1c34ffffff,Retail,192.216
8729a1c34ffffff,Transportation,156.213
8729a1c34ffffff,Wholesale,112.373
8729a1c35ffffff,Art/Culture,140.247
8729a1c35ffffff,Business Support,119.857
8729a1c35ffffff,Construction,210.693
8729a1c35ffffff,Corporate,7.855
8729a1c35ffffff,Education,386.868
8729a1c35ffffff,Energy,63.735
8729a1c35ffffff,Financial,183.599
8729a1c35ffffff,Health,588.399
8729a1c35ffffff,Hospitality,442.574
8729a1c35ffffff,Information,63.295
8729a1c35ffffff,Manufacturing,153.327
8729a1c35ffffff,Professional Service,306.942
8729a1c35ffffff,Public Administration,133.498
8729a1c35ffffff,Real Estate,86.575
8729a1c35ffffff,Retail,302.805
8729a1c35ffffff,Transportation,319.196
8729a1c35ffffff,Wholesale,192.021
8729a1c36ffffff,Art/Culture,414.172
8729a1c36ffffff,Business Support,440.806
8729a1c36ffffff,Construction,510.882
8729a1c36ffffff,Corporate,4.498
8729a1c36ffffff,Education,858.49
8729a1c36ffffff,Energy,83.773
8729a1c36ffffff,Financial,349.713
8729a1c36ffffff,Health,1378.596
8729a1c36ffffff,Hospitality,1124.757
8729a1c36ffffff,Information,219.845
8729a1c36ffffff,Manufacturing,306.281
8729a1c36ffffff,Professional Service,722.109
8729a1c36ffffff,Public Administration,275.225
8729a1c36ffffff,Real Estate,219.82
8729a1c36ffffff,Retail,557.31
8729a1c36ffffff,Transportation,440.742
8729a1c36ffffff,Wholesale,282.453
8729a1c41ffffff,Art/Culture,40.885
8729a1c41ffffff,Business Support,12.066
8729a1c41ffffff,Construction,57.197
8729a1c41ffffff,Education,100.958
8729a1c41ffffff,Energy,10.262
8729a1c41ffffff,Financial,84.064
8729a1c41ffffff,Health,166.692
8729a1c41ffffff,Hospitality,42.785
8729a1c41ffffff,Information,57.692
8729a1c41ffffff,Manufacturing,46.134
8729a1c41ffffff,Professional Service,78.462
8729a1c41ffffff,Public Administration,20.825
8729a1c41ffffff,Real Estate,7.284
8729a1c41ffffff,Retail,17.137
8729a1c41ffffff,Transportation,45.258
8729a1c41ffffff,Wholesale,19.503
8729a1c44ffffff,Art/Culture,5.875
8729a1c44ffffff,Business Support,13.426
8729a1c44ffffff,Construction,20.566
8729a1c44ffffff,Education,34.267
8729a1c44ffffff,Energy,3.744
8729a1c44ffffff,Financial,10.539
8729a1c44ffffff,Health,93.483
8729a1c44ffffff,Hospitality,13.753
8729a1c44ffffff,Information,7.211
8729a1c44ffffff,Manufacturing,5.38
8729a1c44ffffff,Professional Service,17.998
8729a1c44ffffff,Public Administration,15.752
8729a1c44ffffff,Real Estate,2.091
8729a1c44ffffff,Retail,34.931
8729a1c44ffffff,Transportation,22.331
8729a1c44ffffff,Wholesale,12.16
8729a1c45ffffff,Art/Culture,61.795
8729a1c45ffffff,Business Support,104.793
8729a1c45ffffff,Construction,214.044
8729a1c45ffffff,Education,307.488
8729a1c45ffffff,Energy,25.645
8729a1c45ffffff,Financial,91.484
8729a1c45ffffff,Health,660.191
8729a1c45ffffff,Hospitality,86.92
8729a1c45ffffff,Information,87.208
8729a1c45ffffff,Manufacturing,90.677
8729a1c45ffffff,Professional Service,152.225
8729a1c45ffffff,Public Administration,55.346
8729a1c45ffffff,Real Estate,26.324
8729a1c45ffffff,Retail,82.168
8729a1c45ffffff,Transportation,54.891
8729a1c45ffffff,Wholesale,18.771
8729a1c46ffffff,Art/Culture,20.182
8729a1c46ffffff,Business Support,18.92
8729a1c46ffffff,Construction,44.778
8729a1c46ffffff,Education,73.158
8729a1c46ffffff,Energy,15.767
8729a1c46ffffff,Financial,21.443
8729a1c46ffffff,Health,220.737
8729a1c46ffffff,Hospitality,44.147
8729a1c46ffffff,Information,20.182
8729a1c46ffffff,Manufacturing,17.028
8729a1c46ffffff,Professional Service,36.579
8729a1c46ffffff,Public Administration,52.346
8729a1c46ffffff,Real Estate,4.415
8729a1c46ffffff,Retail,85.772
8729a1c46ffffff,Transportation,70.005
8729a1c46ffffff,Wholesale,36.579
8729a1c4cffffff,Art/Culture,18.587
8729a1c4cffffff,Business Support,23.392
8729a1c4cffffff,Construction,58.424
8729a1c4cffffff,Education,65.561
8729a1c4cffffff,Energy,7.288
8729a1c4cffffff,Financial,48.373
8729a1c4cffffff,Health,134.913
8729a1c4cffffff,Hospitality,19.057
8729a1c4cffffff,Information,32.632
8729a1c4cffffff,Manufacturing,24.726
8729a1c4cffffff,Professional Service,44.036
8729a1c4cffffff,Public Administration,19.888
8729a1c4cffffff,Real Estate,6.104
8729a1c4cffffff,Retail,37.248
8729a1c4cffffff,Transportation,32.36
8729a1c4cffffff,Wholesale,15.291
8729a1c60ffffff,Art/Culture,4.706
8729a1c60ffffff,Business Support,9.696
8729a1c60ffffff,Construction,16.126
8729a1c60ffffff,Corporate,0.02
8729a1c60ffffff,Education,18.808
8729a1c60ffffff,Energy,0.516
8729a1c60ffffff,Financial,5.226
8729a1c60ffffff,Health,41.858
8729a1c60ffffff,Hospitality,7.226
8729a1c60ffffff,Information,11.378
8729a1c60ffffff,Manufacturing,3.19
8729a1c60ffffff,Professional Service,16.457
8729a1c60ffffff,Public Administration,1.83
8729a1c60ffffff,Real Estate,10.369
8729a1c60ffffff,Retail,4.221
8729a1c60ffffff,Transportation,6.545
8729a1c60ffffff,Wholesale,1.55
8729a1c64ffffff,Art/Culture,713.214
8729a1c64ffffff,Business Support,763.097
8729a1c64ffffff,Construction,739.589
8729a1c64ffffff,Corporate,16.724
8729a1c64ffffff,Education,724.549
8729a1c64ffffff,Energy,75.806
8729a1c64ffffff,Financial,634.449
8729a1c64ffffff,Health,1268.436
8729a1c64ffffff,Hospitality,1004.71
8729a1c64ffffff,Information,1119.175
8729a1c64ffffff,Manufacturing,855.144
8729a1c64ffffff,Professional Service,1473.765
8729a1c64ffffff,Public Administration,349.992
8729a1c64ffffff,Real Estate,518.2
8729a1c64ffffff,Retail,631.054
8729a1c64ffffff,Transportation,481.149
8729a1c64ffffff,Wholesale,283.238
8729a1c65ffffff,Art/Culture,531.752
8729a1c65ffffff,Business Support,831.435
8729a1c65ffffff,Construction,316.31
8729a1c65ffffff,Corporate,20.342
8729a1c65ffffff,Education,556.58
8729a1c65ffffff,Energy,54.217
8729a1c65ffffff,Financial,586.166
8729a1c65ffffff,Health,1087.033
8729a1c65ffffff,Hospitality,799.463
8729a1c65ffffff,Information,1083.085
8729a1c65ffffff,Manufacturing,854.275
8729a1c65ffffff,Professional Service,1415.414
8729a1c65ffffff,Public Administration,154.738
8729a1c65ffffff,Real Estate,427.039
8729a1c65ffffff,Retail,916.199
8729a1c65ffffff,Transportation,635.467
8729a1c65ffffff,Wholesale,283.207
8729a1c66ffffff,Art/Culture,3.835
8729a1c66ffffff,Business Support,19.696
8729a1c66ffffff,Construction,7.413
8729a1c66ffffff,Education,3.388
8729a1c66ffffff,Energy,0.749
8729a1c66ffffff,Financial,13.797
8729a1c66ffffff,Health,9.063
8729a1c66ffffff,Hospitality,3.146
8729a1c66ffffff,Information,9.915
8729a1c66ffffff,Manufacturing,10.738
8729a1c66ffffff,Professional Service,51.148
8729a1c66ffffff,Public Administration,11.181
8729a1c66ffffff,Real Estate,11.988
8729a1c66ffffff,Retail,5.895
8729a1c66ffffff,Transportation,5.959
8729a1c66ffffff,Wholesale,4.05
8729a1c69ffffff,Art/Culture,5.84
8729a1c69ffffff,Business Support,31.267
8729a1c69ffffff,Construction,110.509
8729a1c69ffffff,Corporate,0.377
8729a1c69ffffff,Education,14.183
8729a1c69ffffff,Energy,3.673
8729a1c69ffffff,Financial,14.523
8729a1c69ffffff,Health,21.454
8729a1c69ffffff,Hospitality,23.376
8729a1c69ffffff,Information,24.618
8729a1c69ffffff,Manufacturing,121.808
8729a1c69ffffff,Professional Service,22.999
8729a1c69ffffff,Public Administration,13.561
8729a1c69ffffff,Real Estate,12.715
8729a1c69ffffff,Retail,46.146
8729a1c69ffffff,Transportation,51.138
8729a1c69ffffff,Wholesale,18.835
8729a1c6affffff,Art/Culture,77.318
8729a1c6affffff,Business Support,41.621
8729a1c6affffff,Construction,164.971
8729a1c6affffff,Education,176.998
8729a1c6affffff,Energy,79.4
8729a1c6affffff,Financial,72.379
8729a1c6affffff,Health,361.273
8729a1c6affffff,Hospitality,132.797
8729a1c6affffff,Information,111.071
8729a1c6affffff,Manufacturing,57.534
8729a1c6affffff,Professional Service,135.843
8729a1c6affffff,Public Administration,34.942
8729a1c6affffff,Real Estate,123.714
8729a1c6affffff,Retail,80.035
8729a1c6affffff,Transportation,47.379
8729a1c6affffff,Wholesale,39.363
8729a1c6bffffff,Art/Culture,14.627
8729a1c6bffffff,Business Support,18.369
8729a1c6bffffff,Construction,43.055
8729a1c6bffffff,Education,22.745
8729a1c6bffffff,Energy,5.346
8729a1c6bffffff,Financial,10.739
8729a1c6bffffff,Health,31.346
8729a1c6bffffff,Hospitality,17.346
8729a1c6bffffff,Information,11.128
8729a1c6bffffff,Manufacturing,6.851
8729a1c6bffffff,Professional Service,6.462
8729a1c6bffffff,Public Administration,9.089
8729a1c6bffffff,Real Estate,6.072
8729a1c6bffffff,Retail,11.762
8729a1c6bffffff,Transportation,11.227
8729a1c6bffffff,Wholesale,6.95
8729a1c6cffffff,Art/Culture,23.508
8729a1c6cffffff,Business Support,50.488
8729a1c6cffffff,Construction,85.438
8729a1c6cffffff,Corporate,1.257
8729a1c6cffffff,Education,173.95
8729a1c6cffffff,Energy,4.806
8729a1c6cffffff,Financial,28.986
8729a1c6cffffff,Health,279.793
8729a1c6cffffff,Hospitality,62.758
8729a1c6cffffff,Information,76.098
8729a1c6cffffff,Manufacturing,36.995
8729a1c6cffffff,Professional Service,120.392
8729a1c6cffffff,Public Administration,29.511
8729a1c6cffffff,Real Estate,30.623
8729a1c6cffffff,Retail,20.05
8729a1c6cffffff,Transportation,22.086
8729a1c6cffffff,Wholesale,23.38
8729a1c6dffffff,Art/Culture,68.369
8729a1c6dffffff,Business Support,356.101
8729a1c6dffffff,Construction,1618.722
8729a1c6dffffff,Corporate,4.717
8729a1c6dffffff,Education,285.033
8729a1c6dffffff,Energy,58.187
8729a1c6dffffff,Financial,166.282
8729a1c6dffffff,Health,480.909
8729a1c6dffffff,Hospitality,264.482
8729a1c6dffffff,Information,269.915
8729a1c6dffffff,Manufacturing,1962.087
8729a1c6dffffff,Professional Service,283.286
8729a1c6dffffff,Public Administration,232.842
8729a1c6dffffff,Real Estate,141.24
8729a1c6dffffff,Retail,673.402
8729a1c6dffffff,Transportation,730.809
8729a1c6dffffff,Wholesale,326.907
8729a1c6effffff,Art/Culture,5.097
8729a1c6effffff,Business Support,17.754
8729a1c6effffff,Construction,90.23
8729a1c6effffff,Education,122.158
8729a1c6effffff,Energy,10.929
8729a1c6effffff,Financial,13.431
8729a1c6effffff,Health,189.537
8729a1c6effffff,Hospitality,2.67
8729a1c6effffff,Information,27.94
8729a1c6effffff,Manufacturing,15.895
8729a1c6effffff,Professional Service,27.091
8729a1c6effffff,Public Administration,15.552
8729a1c6effffff,Real Estate,4.267
8729a1c6effffff,Retail,27.442
8729a1c6effffff,Transportation,16.581
8729a1c6effffff,Wholesale,14.479
8729a1c70ffffff,Art/Culture,99.009
8729a1c70ffffff,Business Support,141.841
8729a1c70ffffff,Construction,171.224
8729a1c70ffffff,Corporate,2.982
8729a1c70ffffff,Education,213.957
8729a1c70ffffff,Energy,13.811
8729a1c70ffffff,Financial,117.873
8729a1c70ffffff,Health,290.643
8729a1c70ffffff,Hospitality,138.565
8729a1c70ffffff,Information,97.119
8729a1c70ffffff,Manufacturing,126.21
8729a1c70ffffff,Professional Service,258.32
8729a1c70ffffff,Public Administration,120.971
8729a1c70ffffff,Real Estate,33.998
8729a1c70ffffff,Retail,112.562
8729a1c70ffffff,Transportation,97.337
8729a1c70ffffff,Wholesale,55.493
8729a1c71ffffff,Art/Culture,58.066
8729a1c71ffffff,Business Support,36.266
8729a1c71ffffff,Construction,37.579
8729a1c71ffffff,Corporate,1.763
8729a1c71ffffff,Education,159.135
8729a1c71ffffff,Energy,13.531
8729a1c71ffffff,Financial,20.924
8729a1c71ffffff,Health,173.38
8729a1c71ffffff,Hospitality,46.688
8729a1c71ffffff,Information,48.398
8729a1c71ffffff,Manufacturing,46.083
8729a1c71ffffff,Professional Service,125.419
8729a1c71ffffff,Public Administration,44.577
8729a1c71ffffff,Real Estate,12.982
8729a1c71ffffff,Retail,88.198
8729a1c71ffffff,Transportation,41.158
8729a1c71ffffff,Wholesale,21.457
8729a1c72ffffff,Art/Culture,30.681
8729a1c72ffffff,Business Support,97.671
8729a1c72ffffff,Construction,24.895
8729a1c72ffffff,Corporate,2.118
8729a1c72ffffff,Education,83.188
8729a1c72ffffff,Energy,1.998
8729a1c72ffffff,Financial,129.647
8729a1c72ffffff,Health,105.147
8729a1c72ffffff,Hospitality,44.797
8729a1c72ffffff,Information,100.6
8729a1c72ffffff,Manufacturing,42.82
8729a1c72ffffff,Professional Service,226.79
8729a1c72ffffff,Public Administration,36.568
8729a1c72ffffff,Real Estate,52.921
8729a1c72ffffff,Retail,19.308
8729a1c72ffffff,Transportation,15.393
8729a1c72ffffff,Wholesale,7.246
8729a1c75ffffff,Art/Culture,225.235
8729a1c75ffffff,Business Support,121.809
8729a1c75ffffff,Construction,286.906
8729a1c75ffffff,Corporate,0.081
8729a1c75ffffff,Education,372.082
8729a1c75ffffff,Energy,24.591
8729a1c75ffffff,Financial,211.111
8729a1c75ffffff,Health,545.325
8729a1c75ffffff,Hospitality,269.4
8729a1c75ffffff,Information,170.74
8729a1c75ffffff,Manufacturing,125.785
8729a1c75ffffff,Professional Service,469.912
8729a1c75ffffff,Public Administration,124.47
8729a1c75ffffff,Real Estate,53.76
8729a1c75ffffff,Retail,123.822
8729a1c75ffffff,Transportation,83.596
8729a1c75ffffff,Wholesale,47.809
8729a1c76ffffff,Art/Culture,93.026
8729a1c76ffffff,Business Support,33.965
8729a1c76ffffff,Construction,139.764
8729a1c76ffffff,Corporate,4.503
8729a1c76ffffff,Education,239.094
8729a1c76ffffff,Energy,16.148
8729a1c76ffffff,Financial,99.809
8729a1c76ffffff,Health,320.414
8729a1c76ffffff,Hospitality,259.443
8729a1c76ffffff,Information,76.465
8729a1c76ffffff,Manufacturing,98.313
8729a1c76ffffff,Professional Service,277.169
8729a1c76ffffff,Public Administration,102.121
8729a1c76ffffff,Real Estate,55.479
8729a1c76ffffff,Retail,272.412
8729a1c76ffffff,Transportation,229.491
8729a1c76ffffff,Wholesale,130.75
8729a1ca4ffffff,Art/Culture,7.519
8729a1ca4ffffff,Business Support,8.013
8729a1ca4ffffff,Construction,28.787
8729a1ca4ffffff,Corporate,0.048
8729a1ca4ffffff,Education,36.946
8729a1ca4ffffff,Energy,1.133
8729a1ca4ffffff,Financial,14.111
8729a1ca4ffffff,Health,20.75
8729a1ca4ffffff,Hospitality,2.844
8729a1ca4ffffff,Information,1.518
8729a1ca4ffffff,Manufacturing,20.413
8729a1ca4ffffff,Professional Service,64.974
8729a1ca4ffffff,Public Administration,3.363
8729a1ca4ffffff,Real Estate,4.965
8729a1ca4ffffff,Retail,20.798
8729a1ca4ffffff,Transportation,2.265
8729a1ca4ffffff,Wholesale,5.906
8729a1d00ffffff,Art/Culture,135.308
8729a1d00ffffff,Business Support,322.521
8729a1d00ffffff,Construction,123.324
8729a1d00ffffff,Corporate,9.285
8729a1d00ffffff,Education,407.921
8729a1d00ffffff,Energy,63.396
8729a1d00ffffff,Financial,194.032
8729a1d00ffffff,Health,695.703
8729a1d00ffffff,Hospitality,715.753
8729a1d00ffffff,Information,109.181
8729a1d00ffffff,Manufacturing,107.7
8729a1d00ffffff,Professional Service,352.923
8729a1d00ffffff,Public Administration,208.186
8729a1d00ffffff,Real Estate,113.385
8729a1d00ffffff,Retail,554.651
8729a1d00ffffff,Transportation,599.641
8729a1d00ffffff,Wholesale,368.924
8729a1d01ffffff,Art/Culture,157.921
8729a1d01ffffff,Business Support,665.371
8729a1d01ffffff,Construction,174.662
8729a1d01ffffff,Corporate,15.884
8729a1d01ffffff,Education,323.377
8729a1d01ffffff,Energy,14.927
8729a1d01ffffff,Financial,416.845
8729a1d01ffffff,Health,501.6
8729a1d01ffffff,Hospitality,544.663
8729a1d01ffffff,Information,243.328
8729a1d01ffffff,Manufacturing,140.087
8729a1d01ffffff,Professional Service,704.802
8729a1d01ffffff,Public Administration,177.733
8729a1d01ffffff,Real Estate,211.413
8729a1d01ffffff,Retail,309.625
8729a1d01ffffff,Transportation,316.864
8729a1d01ffffff,Wholesale,166.351
8729a1d02ffffff,Art/Culture,70.985
8729a1d02ffffff,Business Support,49.177
8729a1d02ffffff,Construction,57.119
8729a1d02ffffff,Corporate,5.19
8729a1d02ffffff,Education,94.532
8729a1d02ffffff,Energy,31.58
8729a1d02ffffff,Financial,76.559
8729a1d02ffffff,Health,154.375
8729a1d02ffffff,Hospitality,266.258
8729a1d02ffffff,Information,35.147
8729a1d02ffffff,Manufacturing,37.195
8729a1d02ffffff,Professional Service,119.873
8729a1d02ffffff,Public Administration,46.851
8729a1d02ffffff,Real Estate,30.308
8729a1d02ffffff,Retail,249.281
8729a1d02ffffff,Transportation,247.859
8729a1d02ffffff,Wholesale,141.489
8729a1d03ffffff,Art/Culture,74.981
8729a1d03ffffff,Business Support,151.827
8729a1d03ffffff,Construction,141.154
8729a1d03ffffff,Corporate,7.515
8729a1d03ffffff,Education,412.191
8729a1d03ffffff,Energy,29.406
8729a1d03ffffff,Financial,182.083
8729a1d03ffffff,Health,883.063
8729a1d03ffffff,Hospitality,340.743
8729a1d03ffffff,Information,74.472
8729a1d03ffffff,Manufacturing,64.352
8729a1d03ffffff,Professional Service,203.323
8729a1d03ffffff,Public Administration,155.645
8729a1d03ffffff,Real Estate,51.17
8729a1d03ffffff,Retail,227.287
8729a1d03ffffff,Transportation,159.096
8729a1d03ffffff,Wholesale,140.494
8729a1d04ffffff,Art/Culture,57.821
8729a1d04ffffff,Business Support,125.172
8729a1d04ffffff,Construction,252.344
8729a1d04ffffff,Corporate,2.495
8729a1d04ffffff,Education,794.16
8729a1d04ffffff,Energy,17.873
8729a1d04ffffff,Financial,71.131
8729a1d04ffffff,Health,1268.719
8729a1d04ffffff,Hospitality,165.751
8729a1d04ffffff,Information,16.184
8729a1d04ffffff,Manufacturing,308.18
8729a1d04ffffff,Professional Service,129.532
8729a1d04ffffff,Public Administration,150.579
8729a1d04ffffff,Real Estate,32.889
8729a1d04ffffff,Retail,215.652
8729a1d04ffffff,Transportation,150.818
8729a1d04ffffff,Wholesale,81.784
8729a1d05ffffff,Art/Culture,228.791
8729a1d05ffffff,Business Support,313.447
8729a1d05ffffff,Construction,579.517
8729a1d05ffffff,Corporate,9.494
8729a1d05ffffff,Education,650.394
8729a1d05ffffff,Energy,74.389
8729a1d05ffffff,Financial,181.515
8729a1d05ffffff,Health,1054.268
8729a1d05ffffff,Hospitality,1054.652
8729a1d05ffffff,Information,92.054
8729a1d05ffffff,Manufacturing,976.262
8729a1d05ffffff,Professional Service,308.95
8729a1d05ffffff,Public Administration,450.447
8729a1d05ffffff,Real Estate,100.578
8729a1d05ffffff,Retail,763.929
8729a1d05ffffff,Transportation,729.203
8729a1d05ffffff,Wholesale,385.024
8729a1d06ffffff,Art/Culture,88.015
8729a1d06ffffff,Business Support,49.583
8729a1d06ffffff,Construction,152.226
8729a1d06ffffff,Corporate,0.264
8729a1d06ffffff,Education,147.247
8729a1d06ffffff,Energy,15.447
8729a1d06ffffff,Financial,54.501
8729a1d06ffffff,Health,230.375
8729a1d06ffffff,Hospitality,197.143
8729a1d06ffffff,Information,12.694
8729a1d06ffffff,Manufacturing,315.489
8729a1d06ffffff,Professional Service,68.326
8729a1d06ffffff,Public Administration,98.976
8729a1d06ffffff,Real Estate,20.088
8729a1d06ffffff,Retail,160.007
8729a1d06ffffff,Transportation,180.61
8729a1d06ffffff,Wholesale,165.483
8729a1d08ffffff,Art/Culture,169.332
8729a1d08ffffff,Business Support,164.624
8729a1d08ffffff,Construction,973.761
8729a1d08ffffff,Corporate,2.552
8729a1d08ffffff,Education,554.857
8729a1d08ffffff,Energy,45.006
8729a1d08ffffff,Financial,192.488
8729a1d08ffffff,Health,865.345
8729a1d08ffffff,Hospitality,398.526
8729a1d08ffffff,Information,175.675
8729a1d08ffffff,Manufacturing,504.04
8729a1d08ffffff,Professional Service,346.502
8729a1d08ffffff,Public Administration,317.52
8729a1d08ffffff,Real Estate,63.132
8729a1d08ffffff,Retail,335.292
8729a1d08ffffff,Transportation,251.62
8729a1d08ffffff,Wholesale,169.817
8729a1d09ffffff,Art/Culture,55.411
8729a1d09ffffff,Business Support,132.923
8729a1d09ffffff,Construction,725.835
8729a1d09ffffff,Corporate,6.001
8729a1d09ffffff,Education,416.114
8729a1d09ffffff,Energy,27.096
8729a1d09ffffff,Financial,110.325
8729a1d09ffffff,Health,648.958
8729a1d09ffffff,Hospitality,234.857
8729a1d09ffffff,Information,99.952
8729a1d09ffffff,Manufacturing,1105.236
8729a1d09ffffff,Professional Service,199.662
8729a1d09ffffff,Public Administration,143.603
8729a1d09ffffff,Real Estate,42.905
8729a1d09ffffff,Retail,266.815
8729a1d09ffffff,Transportation,280.601
8729a1d09ffffff,Wholesale,114.949
8729a1d0affffff,Art/Culture,354.108
8729a1d0affffff,Business Support,438.974
8729a1d0affffff,Construction,292.413
8729a1d0affffff,Corporate,9.331
8729a1d0affffff,Education,743.141
8729a1d0affffff,Energy,73.918
8729a1d0affffff,Financial,331.96
8729a1d0affffff,Health,1426.183
8729a1d0affffff,Hospitality,950.568
8729a1d0affffff,Information,239.134
8729a1d0affffff,Manufacturing,121.29
8729a1d0affffff,Professional Service,597.731
8729a1d0affffff,Public Administration,480.838
8729a1d0affffff,Real Estate,174.373
8729a1d0affffff,Retail,460.152
8729a1d0affffff,Transportation,422.55
8729a1d0affffff,Wholesale,287.877
8729a1d0bffffff,Art/Culture,196.892
8729a1d0bffffff,Business Support,392.409
8729a1d0bffffff,Construction,1272.0
8729a1d0bffffff,Corporate,8.175
8729a1d0bffffff,Education,1029.013
8729a1d0bffffff,Energy,118.83
8729a1d0bffffff,Financial,265.321
8729a1d0bffffff,Health,1625.652
8729a1d0bffffff,Hospitality,479.079
8729a1d0bffffff,Information,319.828
8729a1d0bffffff,Manufacturing,708.793
8729a1d0bffffff,Professional Service,529.516
8729a1d0bffffff,Public Administration,352.627
8729a1d0bffffff,Real Estate,190.654
8729a1d0bffffff,Retail,826.952
8729a1d0bffffff,Transportation,844.058
8729a1d0bffffff,Wholesale,481.955
8729a1d0cffffff,Art/Culture,126.603
8729a1d0cffffff,Business Support,355.218
8729a1d0cffffff,Construction,244.036
8729a1d0cffffff,Corporate,4.019
8729a1d0cffffff,Education,445.896
8729a1d0cffffff,Energy,31.501
8729a1d0cffffff,Financial,318.628
8729a1d0cffffff,Health,774.35
8729a1d0cffffff,Hospitality,404.264
8729a1d0cffffff,Information,254.28
8729a1d0cffffff,Manufacturing,419.37
8729a1d0cffffff,Professional Service,644.556
8729a1d0cffffff,Public Administration,342.451
8729a1d0cffffff,Real Estate,111.682
8729a1d0cffffff,Retail,354.863
8729a1d0cffffff,Transportation,424.57
8729a1d0cffffff,Wholesale,182.944
8729a1d0dffffff,Art/Culture,46.814
8729a1d0dffffff,Business Support,273.83
8729a1d0dffffff,Construction,200.75
8729a1d0dffffff,Corporate,4.483
8729a1d0dffffff,Education,272.322
8729a1d0dffffff,Energy,14.85
8729a1d0dffffff,Financial,228.261
8729a1d0dffffff,Health,495.023
8729a1d0dffffff,Hospitality,174.924
8729a1d0dffffff,Information,180.958
8729a1d0dffffff,Manufacturing,198.549
8729a1d0dffffff,Professional Service,393.622
8729a1d0dffffff,Public Administration,729.113
8729a1d0dffffff,Real Estate,75.487
8729a1d0dffffff,Retail,118.338
8729a1d0dffffff,Transportation,95.42
8729a1d0dffffff,Wholesale,70.483
8729a1d0effffff,Art/Culture,361.317
8729a1d0effffff,Business Support,292.679
8729a1d0effffff,Construction,228.448
8729a1d0effffff,Corporate,3.366
8729a1d0effffff,Education,878.933
8729a1d0effffff,Energy,59.29
8729a1d0effffff,Financial,351.991
8729a1d0effffff,Health,2014.682
8729a1d0effffff,Hospitality,1339.416
8729a1d0effffff,Information,122.622
8729a1d0effffff,Manufacturing,226.801
8729a1d0effffff,Professional Service,553.375
8729a1d0effffff,Public Administration,354.045
8729a1d0effffff,Real Estate,98.68
8729a1d0effffff,Retail,748.12
8729a1d0effffff,Transportation,652.737
8729a1d0effffff,Wholesale,432.318
8729a1d10ffffff,Art/Culture,41.167
8729a1d10ffffff,Business Support,97.87
8729a1d10ffffff,Construction,329.637
8729a1d10ffffff,Corporate,0.709
8729a1d10ffffff,Education,170.417
8729a1d10ffffff,Energy,39.85
8729a1d10ffffff,Financial,53.332
8729a1d10ffffff,Health,350.828
8729a1d10ffffff,Hospitality,167.168
8729a1d10ffffff,Information,21.76
8729a1d10ffffff,Manufacturing,529.474
8729a1d10ffffff,Professional Service,105.311
8729a1d10ffffff,Public Administration,140.843
8729a1d10ffffff,Real Estate,35.652
8729a1d10ffffff,Retail,203.162
8729a1d10ffffff,Transportation,332.483
8729a1d10ffffff,Wholesale,262.61
8729a1d11ffffff,Art/Culture,78.312
8729a1d11ffffff,Business Support,180.189
8729a1d11ffffff,Construction,454.825
8729a1d11ffffff,Corporate,1.994
8729a1d11ffffff,Education,268.594
8729a1d11ffffff,Energy,45.557
8729a1d11ffffff,Financial,86.593
8729a1d11ffffff,Health,517.813
8729a1d11ffffff,Hospitality,393.328
8729a1d11ffffff,Information,38.773
8729a1d11ffffff,Manufacturing,1097.871
8729a1d11ffffff,Professional Service,119.162
8729a1d11ffffff,Public Administration,179.435
8729a1d11ffffff,Real Estate,48.871
8729a1d11ffffff,Retail,241.337
8729a1d11ffffff,Transportation,419.144
8729a1d11ffffff,Wholesale,253.708
8729a1d12ffffff,Art/Culture,98.665
8729a1d12ffffff,Business Support,140.712
8729a1d12ffffff,Construction,502.096
8729a1d12ffffff,Corporate,1.917
8729a1d12ffffff,Education,426.446
8729a1d12ffffff,Energy,76.898
8729a1d12ffffff,Financial,88.708
8729a1d12ffffff,Health,731.644
8729a1d12ffffff,Hospitality,345.366
8729a1d12ffffff,Information,51.694
8729a1d12ffffff,Manufacturing,1751.359
8729a1d12ffffff,Professional Service,115.318
8729a1d12ffffff,Public Administration,166.655
8729a1d12ffffff,Real Estate,45.385
8729a1d12ffffff,Retail,313.203
8729a1d12ffffff,Transportation,1003.494
8729a1d12ffffff,Wholesale,315.655
8729a1d13ffffff,Art/Culture,61.272
8729a1d13ffffff,Business Support,144.78
8729a1d13ffffff,Construction,228.667
8729a1d13ffffff,Corporate,0.354
8729a1d13ffffff,Education,412.829
8729a1d13ffffff,Energy,54.669
8729a1d13ffffff,Financial,63.734
8729a1d13ffffff,Health,727.462
8729a1d13ffffff,Hospitality,436.987
8729a1d13ffffff,Information,22.73
8729a1d13ffffff,Manufacturing,557.972
8729a1d13ffffff,Professional Service,125.962
8729a1d13ffffff,Public Administration,139.857
8729a1d13ffffff,Real Estate,67.005
8729a1d13ffffff,Retail,547.471
8729a1d13ffffff,Transportation,549.849
8729a1d13ffffff,Wholesale,430.019
8729a1d16ffffff,Art/Culture,60.619
8729a1d16ffffff,Business Support,254.778
8729a1d16ffffff,Construction,218.312
8729a1d16ffffff,Corporate,3.207
8729a1d16ffffff,Education,221.617
8729a1d16ffffff,Energy,59.173
8729a1d16ffffff,Financial,185.035
8729a1d16ffffff,Health,331.421
8729a1d16ffffff,Hospitality,174.662
8729a1d16ffffff,Information,108.374
8729a1d16ffffff,Manufacturing,476.775
8729a1d16ffffff,Professional Service,371.872
8729a1d16ffffff,Public Administration,136.876
8729a1d16ffffff,Real Estate,83.493
8729a1d16ffffff,Retail,430.205
8729a1d16ffffff,Transportation,548.064
8729a1d16ffffff,Wholesale,289.231
8729a1d18ffffff,Art/Culture,162.188
8729a1d18ffffff,Business Support,178.601
8729a1d18ffffff,Construction,266.95
8729a1d18ffffff,Corporate,2.179
8729a1d18ffffff,Education,488.512
8729a1d18ffffff,Energy,50.642
8729a1d18ffffff,Financial,261.54
8729a1d18ffffff,Health,1044.985
8729a1d18ffffff,Hospitality,562.61
8729a1d18ffffff,Information,94.999
8729a1d18ffffff,Manufacturing,480.925
8729a1d18ffffff,Professional Service,319.149
8729a1d18ffffff,Public Administration,201.672
8729a1d18ffffff,Real Estate,73.829
8729a1d18ffffff,Retail,472.916
8729a1d18ffffff,Transportation,421.851
8729a1d18ffffff,Wholesale,219.428
8729a1d19ffffff,Art/Culture,205.264
8729a1d19ffffff,Business Support,281.353
8729a1d19ffffff,Construction,424.049
8729a1d19ffffff,Corporate,4.203
8729a1d19ffffff,Education,1113.433
8729a1d19ffffff,Energy,67.297
8729a1d19ffffff,Financial,278.2
8729a1d19ffffff,Health,2105.698
8729a1d19ffffff,Hospitality,706.953
8729a1d19ffffff,Information,174.703
8729a1d19ffffff,Manufacturing,508.64
8729a1d19ffffff,Professional Service,468.118
8729a1d19ffffff,Public Administration,322.99
8729a1d19ffffff,Real Estate,138.351
8729a1d19ffffff,Retail,615.225
8729a1d19ffffff,Transportation,527.511
8729a1d19ffffff,Wholesale,303.979
8729a1d1affffff,Art/Culture,87.791
8729a1d1affffff,Business Support,60.892
8729a1d1affffff,Construction,141.222
8729a1d1affffff,Corporate,4.343
8729a1d1affffff,Education,374.082
8729a1d1affffff,Energy,47.02
8729a1d1affffff,Financial,157.519
8729a1d1affffff,Health,485.831
8729a1d1affffff,Hospitality,183.95
8729a1d1affffff,Information,38.787
8729a1d1affffff,Manufacturing,229.015
8729a1d1affffff,Professional Service,229.483
8729a1d1affffff,Public Administration,141.151
8729a1d1affffff,Real Estate,31.268
8729a1d1affffff,Retail,259.589
8729a1d1affffff,Transportation,210.216
8729a1d1affffff,Wholesale,147.082
8729a1d1bffffff,Art/Culture,138.445
8729a1d1bffffff,Business Support,155.216
8729a1d1bffffff,Construction,228.912
8729a1d1bffffff,Corporate,3.539
8729a1d1bffffff,Education,363.082
8729a1d1bffffff,Energy,40.537
8729a1d1bffffff,Financial,189.454
8729a1d1bffffff,Health,584.512
8729a1d1bffffff,Hospitality,404.656
8729a1d1bffffff,Information,120.608
8729a1d1bffffff,Manufacturing,156.536
8729a1d1bffffff,Professional Service,375.217
8729a1d1bffffff,Public Administration,217.179
8729a1d1bffffff,Real Estate,115.88
8729a1d1bffffff,Retail,273.145
8729a1d1bffffff,Transportation,272.198
8729a1d1bffffff,Wholesale,163.634
8729a1d1cffffff,Art/Culture,112.485
8729a1d1cffffff,Business Support,444.207
8729a1d1cffffff,Construction,791.797
8729a1d1cffffff,Corporate,7.669
8729a1d1cffffff,Education,422.556
8729a1d1cffffff,Energy,115.158
8729a1d1cffffff,Financial,415.36
8729a1d1cffffff,Health,741.513
8729a1d1cffffff,Hospitality,468.467
8729a1d1cffffff,Information,166.772
8729a1d1cffffff,Manufacturing,1316.994
8729a1d1cffffff,Professional Service,572.932
8729a1d1cffffff,Public Administration,314.261
8729a1d1cffffff,Real Estate,194.081
8729a1d1cffffff,Retail,851.541
8729a1d1cffffff,Transportation,897.314
8729a1d1cffffff,Wholesale,533.401
8729a1d1dffffff,Art/Culture,226.582
8729a1d1dffffff,Business Support,173.091
8729a1d1dffffff,Construction,205.263
8729a1d1dffffff,Corporate,1.917
8729a1d1dffffff,Education,374.997
8729a1d1dffffff,Energy,75.269
8729a1d1dffffff,Financial,182.845
8729a1d1dffffff,Health,988.537
8729a1d1dffffff,Hospitality,667.342
8729a1d1dffffff,Information,80.684
8729a1d1dffffff,Manufacturing,147.607
8729a1d1dffffff,Professional Service,236.599
8729a1d1dffffff,Public Administration,178.948
8729a1d1dffffff,Real Estate,67.777
8729a1d1dffffff,Retail,365.453
8729a1d1dffffff,Transportation,431.184
8729a1d1dffffff,Wholesale,236.348
8729a1d1effffff,Art/Culture,102.28
8729a1d1effffff,Business Support,591.436
8729a1d1effffff,Construction,286.7
8729a1d1effffff,Corporate,8.303
8729a1d1effffff,Education,559.881
8729a1d1effffff,Energy,46.0
8729a1d1effffff,Financial,571.347
8729a1d1effffff,Health,1020.817
8729a1d1effffff,Hospitality,357.222
8729a1d1effffff,Information,275.651
8729a1d1effffff,Manufacturing,1444.115
8729a1d1effffff,Professional Service,753.975
8729a1d1effffff,Public Administration,463.25
8729a1d1effffff,Real Estate,307.287
8729a1d1effffff,Retail,408.872
8729a1d1effffff,Transportation,353.687
8729a1d1effffff,Wholesale,332.138
8729a1d20ffffff,Art/Culture,93.583
8729a1d20ffffff,Business Support,192.743
8729a1d20ffffff,Construction,222.899
8729a1d20ffffff,Corporate,1.451
8729a1d20ffffff,Education,250.361
8729a1d20ffffff,Energy,26.979
8729a1d20ffffff,Financial,98.683
8729a1d20ffffff,Health,402.93
8729a1d20ffffff,Hospitality,194.929
8729a1d20ffffff,Information,66.48
8729a1d20ffffff,Manufacturing,401.362
8729a1d20ffffff,Professional Service,194.127
8729a1d20ffffff,Public Administration,90.948
8729a1d20ffffff,Real Estate,75.906
8729a1d20ffffff,Retail,189.371
8729a1d20ffffff,Transportation,242.579
8729a1d20ffffff,Wholesale,110.086
8729a1d22ffffff,Art/Culture,37.112
8729a1d22ffffff,Business Support,77.18
8729a1d22ffffff,Construction,92.731
8729a1d22ffffff,Corporate,0.321
8729a1d22ffffff,Education,141.041
8729a1d22ffffff,Energy,10.023
8729a1d22ffffff,Financial,65.26
8729a1d22ffffff,Health,282.652
8729a1d22ffffff,Hospitality,138.387
8729a1d22ffffff,Information,23.347
8729a1d22ffffff,Manufacturing,80.733
8729a1d22ffffff,Professional Service,42.326
8729a1d22ffffff,Public Administration,81.127
8729a1d22ffffff,Real Estate,37.434
8729a1d22ffffff,Retail,64.692
8729a1d22ffffff,Transportation,57.678
8729a1d22ffffff,Wholesale,32.075
8729a1d23ffffff,Art/Culture,132.143
8729a1d23ffffff,Business Support,226.355
8729a1d23ffffff,Construction,280.622
8729a1d23ffffff,Corporate,1.785
8729a1d23ffffff,Education,188.832
8729a1d23ffffff,Energy,59.816
8729a1d23ffffff,Financial,131.194
8729a1d23ffffff,Health,245.507
8729a1d23ffffff,Hospitality,455.691
8729a1d23ffffff,Information,72.774
8729a1d23ffffff,Manufacturing,1033.44
8729a1d23ffffff,Professional Service,201.76
8729a1d23ffffff,Public Administration,162.194
8729a1d23ffffff,Real Estate,74.902
8729a1d23ffffff,Retail,430.509
8729a1d23ffffff,Transportation,657.306
8729a1d23ffffff,Wholesale,373.519
8729a1d24ffffff,Art/Culture,293.884
8729a1d24ffffff,Business Support,535.981
8729a1d24ffffff,Construction,497.337
8729a1d24ffffff,Corporate,10.923
8729a1d24ffffff,Education,765.227
8729a1d24ffffff,Energy,85.291
8729a1d24ffffff,Financial,338.711
8729a1d24ffffff,Health,1007.256
8729a1d24ffffff,Hospitality,927.447
8729a1d24ffffff,Information,233.608
8729a1d24ffffff,Manufacturing,314.855
8729a1d24ffffff,Professional Service,502.28
8729a1d24ffffff,Public Administration,401.649
8729a1d24ffffff,Real Estate,169.707
8729a1d24ffffff,Retail,699.289
8729a1d24ffffff,Transportation,728.493
8729a1d24ffffff,Wholesale,323.818
8729a1d25ffffff,Art/Culture,197.044
8729a1d25ffffff,Business Support,281.622
8729a1d25ffffff,Construction,441.973
8729a1d25ffffff,Corporate,0.048
8729a1d25ffffff,Education,389.514
8729a1d25ffffff,Energy,57.72
8729a1d25ffffff,Financial,170.814
8729a1d25ffffff,Health,588.651
8729a1d25ffffff,Hospitality,573.362
8729a1d25ffffff,Information,88.56
8729a1d25ffffff,Manufacturing,558.088
8729a1d25ffffff,Professional Service,228.082
8729a1d25ffffff,Public Administration,209.586
8729a1d25ffffff,Real Estate,103.21
8729a1d25ffffff,Retail,366.928
8729a1d25ffffff,Transportation,463.383
8729a1d25ffffff,Wholesale,217.299
8729a1d26ffffff,Art/Culture,134.449
8729a1d26ffffff,Business Support,134.666
8729a1d26ffffff,Construction,324.965
8729a1d26ffffff,Corporate,1.289
8729a1d26ffffff,Education,367.618
8729a1d26ffffff,Energy,25.602
8729a1d26ffffff,Financial,115.462
8729a1d26ffffff,Health,466.056
8729a1d26ffffff,Hospitality,425.652
8729a1d26ffffff,Information,51.709
8729a1d26ffffff,Manufacturing,183.674
8729a1d26ffffff,Professional Service,185.852
8729a1d26ffffff,Public Administration,203.35
8729a1d26ffffff,Real Estate,55.806
8729a1d26ffffff,Retail,205.672
8729a1d26ffffff,Transportation,175.821
8729a1d26ffffff,Wholesale,80.926
8729a1d28ffffff,Art/Culture,191.838
8729a1d28ffffff,Business Support,445.676
8729a1d28ffffff,Construction,489.093
8729a1d28ffffff,Corporate,5.508
8729a1d28ffffff,Education,575.032
8729a1d28ffffff,Energy,96.398
8729a1d28ffffff,Financial,218.705
8729a1d28ffffff,Health,900.671
8729a1d28ffffff,Hospitality,655.404
8729a1d28ffffff,Information,129.791
8729a1d28ffffff,Manufacturing,1641.591
8729a1d28ffffff,Professional Service,387.066
8729a1d28ffffff,Public Administration,301.387
8729a1d28ffffff,Real Estate,139.776
8729a1d28ffffff,Retail,1024.436
8729a1d28ffffff,Transportation,1182.302
8729a1d28ffffff,Wholesale,666.733
8729a1d29ffffff,Art/Culture,120.369
8729a1d29ffffff,Business Support,204.073
8729a1d29ffffff,Construction,550.971
8729a1d29ffffff,Corporate,2.446
8729a1d29ffffff,Education,824.171
8729a1d29ffffff,Energy,41.899
8729a1d29ffffff,Financial,105.936
8729a1d29ffffff,Health,1289.113
8729a1d29ffffff,Hospitality,577.244
8729a1d29ffffff,Information,92.567
8729a1d29ffffff,Manufacturing,1822.312
8729a1d29ffffff,Professional Service,175.298
8729a1d29ffffff,Public Administration,273.542
8729a1d29ffffff,Real Estate,45.281
8729a1d29ffffff,Retail,673.858
8729a1d29ffffff,Transportation,679.12
8729a1d29ffffff,Wholesale,458.027
8729a1d2affffff,Art/Culture,206.365
8729a1d2affffff,Business Support,371.702
8729a1d2affffff,Construction,346.307
8729a1d2affffff,Corporate,2.021
8729a1d2affffff,Education,885.896
8729a1d2affffff,Energy,41.107
8729a1d2affffff,Financial,176.377
8729a1d2affffff,Health,1452.713
8729a1d2affffff,Hospitality,795.636
8729a1d2affffff,Information,89.004
8729a1d2affffff,Manufacturing,661.691
8729a1d2affffff,Professional Service,322.78
8729a1d2affffff,Public Administration,311.018
8729a1d2affffff,Real Estate,138.879
8729a1d2affffff,Retail,540.66
8729a1d2affffff,Transportation,524.839
8729a1d2affffff,Wholesale,283.727
8729a1d2bffffff,Art/Culture,23.152
8729a1d2bffffff,Business Support,138.379
8729a1d2bffffff,Construction,236.493
8729a1d2bffffff,Corporate,22.533
8729a1d2bffffff,Education,324.064
8729a1d2bffffff,Energy,3.248
8729a1d2bffffff,Financial,70.789
8729a1d2bffffff,Health,590.781
8729a1d2bffffff,Hospitality,194.763
8729a1d2bffffff,Information,33.802
8729a1d2bffffff,Manufacturing,92.904
8729a1d2bffffff,Professional Service,105.684
8729a1d2bffffff,Public Administration,117.53
8729a1d2bffffff,Real Estate,23.568
8729a1d2bffffff,Retail,111.176
8729a1d2bffffff,Transportation,92.434
8729a1d2bffffff,Wholesale,55.726
8729a1d2cffffff,Art/Culture,307.118
8729a1d2cffffff,Business Support,1330.052
8729a1d2cffffff,Construction,1486.448
8729a1d2cffffff,Corporate,12.185
8729a1d2cffffff,Education,897.722
8729a1d2cffffff,Energy,246.862
8729a1d2cffffff,Financial,647.072
8729a1d2cffffff,Health,1395.143
8729a1d2cffffff,Hospitality,1087.4
8729a1d2cffffff,Information,401.748
8729a1d2cffffff,Manufacturing,5550.086
8729a1d2cffffff,Professional Service,899.427
8729a1d2cffffff,Public Administration,663.097
8729a1d2cffffff,Real Estate,434.773
8729a1d2cffffff,Retail,1506.155
8729a1d2cffffff,Transportation,2865.46
8729a1d2cffffff,Wholesale,1373.406
8729a1d2effffff,Art/Culture,589.398
8729a1d2effffff,Business Support,911.775
8729a1d2effffff,Construction,969.125
8729a1d2effffff,Corporate,6.17
8729a1d2effffff,Education,656.333
8729a1d2effffff,Energy,203.675
8729a1d2effffff,Financial,457.295
8729a1d2effffff,Health,881.579
8729a1d2effffff,Hospitality,2033.237
8729a1d2effffff,Information,277.856
8729a1d2effffff,Manufacturing,4060.744
8729a1d2effffff,Professional Service,722.39
8729a1d2effffff,Public Administration,529.254
8729a1d2effffff,Real Estate,293.486
8729a1d2effffff,Retail,1498.787
8729a1d2effffff,Transportation,2575.403
8729a1d2effffff,Wholesale,1439.616
8729a1d30ffffff,Art/Culture,152.757
8729a1d30ffffff,Business Support,137.992
8729a1d30ffffff,Construction,197.871
8729a1d30ffffff,Corporate,3.925
8729a1d30ffffff,Education,664.766
8729a1d30ffffff,Energy,25.021
8729a1d30ffffff,Financial,121.285
8729a1d30ffffff,Health,1015.663
8729a1d30ffffff,Hospitality,339.436
8729a1d30ffffff,Information,71.378
8729a1d30ffffff,Manufacturing,132.984
8729a1d30ffffff,Professional Service,165.387
8729a1d30ffffff,Public Administration,215.907
8729a1d30ffffff,Real Estate,66.648
8729a1d30ffffff,Retail,189.387
8729a1d30ffffff,Transportation,190.589
8729a1d30ffffff,Wholesale,90.207
8729a1d31ffffff,Art/Culture,74.784
8729a1d31ffffff,Business Support,37.012
8729a1d31ffffff,Construction,194.648
8729a1d31ffffff,Corporate,0.415
8729a1d31ffffff,Education,95.436
8729a1d31ffffff,Energy,10.853
8729a1d31ffffff,Financial,100.409
8729a1d31ffffff,Health,96.323
8729a1d31ffffff,Hospitality,202.144
8729a1d31ffffff,Information,9.677
8729a1d31ffffff,Manufacturing,265.282
8729a1d31ffffff,Professional Service,41.645
8729a1d31ffffff,Public Administration,82.942
8729a1d31ffffff,Real Estate,16.287
8729a1d31ffffff,Retail,113.444
8729a1d31ffffff,Transportation,88.292
8729a1d31ffffff,Wholesale,88.867
8729a1d32ffffff,Art/Culture,17.654
8729a1d32ffffff,Business Support,46.125
8729a1d32ffffff,Construction,63.848
8729a1d32ffffff,Corporate,1.561
8729a1d32ffffff,Education,78.309
8729a1d32ffffff,Energy,5.279
8729a1d32ffffff,Financial,45.124
8729a1d32ffffff,Health,80.643
8729a1d32ffffff,Hospitality,33.409
8729a1d32ffffff,Information,17.888
8729a1d32ffffff,Manufacturing,43.484
8729a1d32ffffff,Professional Service,61.092
8729a1d32ffffff,Public Administration,49.181
8729a1d32ffffff,Real Estate,37.474
8729a1d32ffffff,Retail,34.805
8729a1d32ffffff,Transportation,30.7
8729a1d32ffffff,Wholesale,7.738
8729a1d33ffffff,Art/Culture,53.742
8729a1d33ffffff,Business Support,103.279
8729a1d33ffffff,Construction,145.649
8729a1d33ffffff,Corporate,2.502
8729a1d33ffffff,Education,109.17
8729a1d33ffffff,Energy,15.283
8729a1d33ffffff,Financial,80.946
8729a1d33ffffff,Health,155.952
8729a1d33ffffff,Hospitality,126.904
8729a1d33ffffff,Information,40.625
8729a1d33ffffff,Manufacturing,92.936
8729a1d33ffffff,Professional Service,141.386
8729a1d33ffffff,Public Administration,83.996
8729a1d33ffffff,Real Estate,47.564
8729a1d33ffffff,Retail,111.843
8729a1d33ffffff,Transportation,186.005
8729a1d33ffffff,Wholesale,70.932
8729a1d34ffffff,Art/Culture,51.789
8729a1d34ffffff,Business Support,106.333
8729a1d34ffffff,Construction,148.376
8729a1d34ffffff,Corporate,1.0
8729a1d34ffffff,Education,764.554
8729a1d34ffffff,Energy,33.355
8729a1d34ffffff,Financial,65.893
8729a1d34ffffff,Health,1147.413
8729a1d34ffffff,Hospitality,242.859
8729a1d34ffffff,Information,63.823
8729a1d34ffffff,Manufacturing,275.999
8729a1d34ffffff,Professional Service,110.725
8729a1d34ffffff,Public Administration,131.328
8729a1d34ffffff,Real Estate,29.837
8729a1d34ffffff,Retail,264.537
8729a1d34ffffff,Transportation,182.771
8729a1d34ffffff,Wholesale,105.684
8729a1d35ffffff,Art/Culture,45.039
8729a1d35ffffff,Business Support,30.462
8729a1d35ffffff,Construction,36.182
8729a1d35ffffff,Education,152.522
8729a1d35ffffff,Energy,15.194
8729a1d35ffffff,Financial,31.453
8729a1d35ffffff,Health,211.77
8729a1d35ffffff,Hospitality,164.025
8729a1d35ffffff,Information,8.252
8729a1d35ffffff,Manufacturing,310.555
8729a1d35ffffff,Professional Service,47.472
8729a1d35ffffff,Public Administration,116.025
8729a1d35ffffff,Real Estate,8.667
8729a1d35ffffff,Retail,173.35
8729a1d35ffffff,Transportation,133.766
8729a1d35ffffff,Wholesale,88.754
8729a1d36ffffff,Art/Culture,89.458
8729a1d36ffffff,Business Support,140.158
8729a1d36ffffff,Construction,88.286
8729a1d36ffffff,Corporate,4.163
8729a1d36ffffff,Education,414.19
8729a1d36ffffff,Energy,14.861
8729a1d36ffffff,Financial,123.678
8729a1d36ffffff,Health,654.661
8729a1d36ffffff,Hospitality,128.049
8729a1d36ffffff,Information,55.255
8729a1d36ffffff,Manufacturing,81.406
8729a1d36ffffff,Professional Service,149.945
8729a1d36ffffff,Public Administration,187.733
8729a1d36ffffff,Real Estate,51.696
8729a1d36ffffff,Retail,93.921
8729a1d36ffffff,Transportation,108.506
8729a1d36ffffff,Wholesale,90.137
8729a1d40ffffff,Art/Culture,200.984
8729a1d40ffffff,Business Support,197.86
8729a1d40ffffff,Construction,98.058
8729a1d40ffffff,Corporate,2.62
8729a1d40ffffff,Education,199.332
8729a1d40ffffff,Energy,15.903
8729a1d40ffffff,Financial,223.875
8729a1d40ffffff,Health,218.531
8729a1d40ffffff,Hospitality,119.783
8729a1d40ffffff,Information,524.605
8729a1d40ffffff,Manufacturing,84.831
8729a1d40ffffff,Professional Service,766.446
8729a1d40ffffff,Public Administration,94.212
8729a1d40ffffff,Real Estate,164.43
8729a1d40ffffff,Retail,82.354
8729a1d40ffffff,Transportation,78.356
8729a1d40ffffff,Wholesale,54.109
8729a1d41ffffff,Art/Culture,927.673
8729a1d41ffffff,Business Support,289.215
8729a1d41ffffff,Construction,242.826
8729a1d41ffffff,Corporate,9.065
8729a1d41ffffff,Education,1060.048
8729a1d41ffffff,Energy,19.364
8729a1d41ffffff,Financial,262.307
8729a1d41ffffff,Health,1604.848
8729a1d41ffffff,Hospitality,932.325
8729a1d41ffffff,Information,1089.707
8729a1d41ffffff,Manufacturing,237.645
8729a1d41ffffff,Professional Service,1094.064
8729a1d41ffffff,Public Administration,228.938
8729a1d41ffffff,Real Estate,243.085
8729a1d41ffffff,Retail,413.186
8729a1d41ffffff,Transportation,244.275
8729a1d41ffffff,Wholesale,180.502
8729a1d42ffffff,Art/Culture,207.988
8729a1d42ffffff,Business Support,327.772
8729a1d42ffffff,Construction,760.981
8729a1d42ffffff,Corporate,7.401
8729a1d42ffffff,Education,339.803
8729a1d42ffffff,Energy,42.227
8729a1d42ffffff,Financial,239.417
8729a1d42ffffff,Health,629.137
8729a1d42ffffff,Hospitality,434.246
8729a1d42ffffff,Information,459.426
8729a1d42ffffff,Manufacturing,562.613
8729a1d42ffffff,Professional Service,540.414
8729a1d42ffffff,Public Administration,140.084
8729a1d42ffffff,Real Estate,148.058
8729a1d42ffffff,Retail,470.148
8729a1d42ffffff,Transportation,419.393
8729a1d42ffffff,Wholesale,195.087
8729a1d43ffffff,Art/Culture,244.484
8729a1d43ffffff,Business Support,163.109
8729a1d43ffffff,Construction,310.9
8729a1d43ffffff,Corporate,2.578
8729a1d43ffffff,Education,523.898
8729a1d43ffffff,Energy,26.529
8729a1d43ffffff,Financial,134.881
8729a1d43ffffff,Health,903.026
8729a1d43ffffff,Hospitality,255.709
8729a1d43ffffff,Information,325.282
8729a1d43ffffff,Manufacturing,352.246
8729a1d43ffffff,Professional Service,376.919
8729a1d43ffffff,Public Administration,147.254
8729a1d43ffffff,Real Estate,102.209
8729a1d43ffffff,Retail,382.377
8729a1d43ffffff,Transportation,270.671
8729a1d43ffffff,Wholesale,147.063
8729a1d44ffffff,Art/Culture,400.115
8729a1d44ffffff,Business Support,312.069
8729a1d44ffffff,Construction,472.235
8729a1d44ffffff,Corporate,5.673
8729a1d44ffffff,Education,1109.897
8729a1d44ffffff,Energy,26.026
8729a1d44ffffff,Financial,307.918
8729a1d44ffffff,Health,2027.104
8729a1d44ffffff,Hospitality,740.846
8729a1d44ffffff,Information,628.926
8729a1d44ffffff,Manufacturing,289.018
8729a1d44ffffff,Professional Service,1149.93
8729a1d44ffffff,Public Administration,293.107
8729a1d44ffffff,Real Estate,169.128
8729a1d44ffffff,Retail,589.565
8729a1d44ffffff,Transportation,249.01
8729a1d44ffffff,Wholesale,164.046
8729a1d45ffffff,Art/Culture,777.484
8729a1d45ffffff,Business Support,493.175
8729a1d45ffffff,Construction,769.937
8729a1d45ffffff,Corporate,7.455
8729a1d45ffffff,Education,4720.433
8729a1d45ffffff,Energy,24.187
8729a1d45ffffff,Financial,235.664
8729a1d45ffffff,Health,8083.158
8729a1d45ffffff,Hospitality,1657.628
8729a1d45ffffff,Information,826.048
8729a1d45ffffff,Manufacturing,436.377
8729a1d45ffffff,Professional Service,950.57
8729a1d45ffffff,Public Administration,345.669
8729a1d45ffffff,Real Estate,268.044
8729a1d45ffffff,Retail,751.925
8729a1d45ffffff,Transportation,487.005
8729a1d45ffffff,Wholesale,220.078
8729a1d46ffffff,Art/Culture,170.208
8729a1d46ffffff,Business Support,108.177
8729a1d46ffffff,Construction,194.362
8729a1d46ffffff,Corporate,0.561
8729a1d46ffffff,Education,218.704
8729a1d46ffffff,Energy,11.455
8729a1d46ffffff,Financial,87.819
8729a1d46ffffff,Health,338.75
8729a1d46ffffff,Hospitality,289.91
8729a1d46ffffff,Information,199.974
8729a1d46ffffff,Manufacturing,153.812
8729a1d46ffffff,Professional Service,364.481
8729a1d46ffffff,Public Administration,56.365
8729a1d46ffffff,Real Estate,48.935
8729a1d46ffffff,Retail,154.182
8729a1d46ffffff,Transportation,118.134
8729a1d46ffffff,Wholesale,63.139
8729a1d49ffffff,Art/Culture,931.83
8729a1d49ffffff,Business Support,2407.862
8729a1d49ffffff,Construction,319.293
8729a1d49ffffff,Corporate,81.426
8729a1d49ffffff,Education,1011.346
8729a1d49ffffff,Energy,28.581
8729a1d49ffffff,Financial,2177.953
8729a1d49ffffff,Health,1806.734
8729a1d49ffffff,Hospitality,968.074
8729a1d49ffffff,Information,3781.108
8729a1d49ffffff,Manufacturing,256.655
8729a1d49ffffff,Professional Service,5170.441
8729a1d49ffffff,Public Administration,251.281
8729a1d49ffffff,Real Estate,1273.764
8729a1d49ffffff,Retail,285.892
8729a1d49ffffff,Transportation,177.563
8729a1d49ffffff,Wholesale,75.259
8729a1d4affffff,Art/Culture,811.395
8729a1d4affffff,Business Support,1131.271
8729a1d4affffff,Construction,869.906
8729a1d4affffff,Corporate,32.011
8729a1d4affffff,Education,479.353
8729a1d4affffff,Energy,80.003
8729a1d4affffff,Financial,859.731
8729a1d4affffff,Health,944.084
8729a1d4affffff,Hospitality,1119.763
8729a1d4affffff,Information,1383.45
8729a1d4affffff,Manufacturing,2519.022
8729a1d4affffff,Professional Service,2050.841
8729a1d4affffff,Public Administration,222.368
8729a1d4affffff,Real Estate,561.348
8729a1d4affffff,Retail,530.52
8729a1d4affffff,Transportation,444.041
8729a1d4affffff,Wholesale,174.39
8729a1d4bffffff,Art/Culture,274.423
8729a1d4bffffff,Business Support,331.523
8729a1d4bffffff,Construction,200.111
8729a1d4bffffff,Corporate,3.875
8729a1d4bffffff,Education,220.063
8729a1d4bffffff,Energy,15.018
8729a1d4bffffff,Financial,237.857
8729a1d4bffffff,Health,239.308
8729a1d4bffffff,Hospitality,406.916
8729a1d4bffffff,Information,524.131
8729a1d4bffffff,Manufacturing,630.02
8729a1d4bffffff,Professional Service,577.768
8729a1d4bffffff,Public Administration,113.071
8729a1d4bffffff,Real Estate,154.898
8729a1d4bffffff,Retail,209.975
8729a1d4bffffff,Transportation,190.288
8729a1d4bffffff,Wholesale,99.207
8729a1d4dffffff,Art/Culture,330.204
8729a1d4dffffff,Business Support,397.696
8729a1d4dffffff,Construction,252.549
8729a1d4dffffff,Corporate,11.923
8729a1d4dffffff,Education,130.676
8729a1d4dffffff,Energy,14.377
8729a1d4dffffff,Financial,231.188
8729a1d4dffffff,Health,210.187
8729a1d4dffffff,Hospitality,1069.632
8729a1d4dffffff,Information,472.038
8729a1d4dffffff,Manufacturing,69.348
8729a1d4dffffff,Professional Service,667.717
8729a1d4dffffff,Public Administration,120.241
8729a1d4dffffff,Real Estate,142.866
8729a1d4dffffff,Retail,84.185
8729a1d4dffffff,Transportation,29.256
8729a1d4dffffff,Wholesale,41.836
8729a1d50ffffff,Art/Culture,505.561
8729a1d50ffffff,Business Support,214.203
8729a1d50ffffff,Construction,357.829
8729a1d50ffffff,Corporate,2.061
8729a1d50ffffff,Education,674.325
8729a1d50ffffff,Energy,22.783
8729a1d50ffffff,Financial,229.983
8729a1d50ffffff,Health,1000.68
8729a1d50ffffff,Hospitality,808.31
8729a1d50ffffff,Information,470.525
8729a1d50ffffff,Manufacturing,259.075
8729a1d50ffffff,Professional Service,792.866
8729a1d50ffffff,Public Administration,294.195
8729a1d50ffffff,Real Estate,131.959
8729a1d50ffffff,Retail,401.378
8729a1d50ffffff,Transportation,251.362
8729a1d50ffffff,Wholesale,187.975
8729a1d51ffffff,Art/Culture,208.38
8729a1d51ffffff,Business Support,69.935
8729a1d51ffffff,Construction,175.558
8729a1d51ffffff,Corporate,5.258
8729a1d51ffffff,Education,217.702
8729a1d51ffffff,Energy,9.077
8729a1d51ffffff,Financial,58.456
8729a1d51ffffff,Health,363.902
8729a1d51ffffff,Hospitality,286.003
8729a1d51ffffff,Information,237.192
8729a1d51ffffff,Manufacturing,145.008
8729a1d51ffffff,Professional Service,363.15
8729a1d51ffffff,Public Administration,62.193
8729a1d51ffffff,Real Estate,117.212
8729a1d51ffffff,Retail,208.654
8729a1d51ffffff,Transportation,170.093
8729a1d51ffffff,Wholesale,90.472
8729a1d52ffffff,Art/Culture,88.863
8729a1d52ffffff,Business Support,87.881
8729a1d52ffffff,Construction,175.484
8729a1d52ffffff,Corporate,2.507
8729a1d52ffffff,Education,228.223
8729a1d52ffffff,Energy,3.668
8729a1d52ffffff,Financial,98.595
8729a1d52ffffff,Health,271.487
8729a1d52ffffff,Hospitality,148.103
8729a1d52ffffff,Information,155.547
8729a1d52ffffff,Manufacturing,137.145
8729a1d52ffffff,Professional Service,397.982
8729a1d52ffffff,Public Administration,94.39
8729a1d52ffffff,Real Estate,74.221
8729a1d52ffffff,Retail,73.614
8729a1d52ffffff,Transportation,41.444
8729a1d52ffffff,Wholesale,24.859
8729a1d53ffffff,Art/Culture,58.864
8729a1d53ffffff,Business Support,23.839
8729a1d53ffffff,Construction,99.875
8729a1d53ffffff,Corporate,0.812
8729a1d53ffffff,Education,109.591
8729a1d53ffffff,Energy,0.842
8729a1d53ffffff,Financial,55.967
8729a1d53ffffff,Health,113.629
8729a1d53ffffff,Hospitality,17.119
8729a1d53ffffff,Information,104.638
8729a1d53ffffff,Manufacturing,38.762
8729a1d53ffffff,Professional Service,126.149
8729a1d53ffffff,Public Administration,18.339
8729a1d53ffffff,Real Estate,4.257
8729a1d53ffffff,Retail,23.428
8729a1d53ffffff,Transportation,7.502
8729a1d53ffffff,Wholesale,3.489
8729a1d54ffffff,Art/Culture,119.241
8729a1d54ffffff,Business Support,38.959
8729a1d54ffffff,Construction,178.678
8729a1d54ffffff,Corporate,1.09
8729a1d54ffffff,Education,299.627
8729a1d54ffffff,Energy,0.577
8729a1d54ffffff,Financial,18.811
8729a1d54ffffff,Health,528.971
8729a1d54ffffff,Hospitality,105.298
8729a1d54ffffff,Information,93.769
8729a1d54ffffff,Manufacturing,72.046
8729a1d54ffffff,Professional Service,126.74
8729a1d54ffffff,Public Administration,53.776
8729a1d54ffffff,Real Estate,38.832
8729a1d54ffffff,Retail,83.728
8729a1d54ffffff,Transportation,21.708
8729a1d54ffffff,Wholesale,46.135
8729a1d55ffffff,Art/Culture,287.902
8729a1d55ffffff,Business Support,84.899
8729a1d55ffffff,Construction,361.951
8729a1d55ffffff,Corporate,4.206
8729a1d55ffffff,Education,324.656
8729a1d55ffffff,Energy,11.986
8729a1d55ffffff,Financial,68.956
8729a1d55ffffff,Health,442.706
8729a1d55ffffff,Hospitality,255.419
8729a1d55ffffff,Information,449.884
8729a1d55ffffff,Manufacturing,370.387
8729a1d55ffffff,Professional Service,562.834
8729a1d55ffffff,Public Administration,122.205
8729a1d55ffffff,Real Estate,63.803
8729a1d55ffffff,Retail,255.712
8729a1d55ffffff,Transportation,89.338
8729a1d55ffffff,Wholesale,108.459
8729a1d56ffffff,Art/Culture,63.183
8729a1d56ffffff,Business Support,154.274
8729a1d56ffffff,Construction,198.682
8729a1d56ffffff,Corporate,2.879
8729a1d56ffffff,Education,308.767
8729a1d56ffffff,Energy,9.235
8729a1d56ffffff,Financial,195.301
8729a1d56ffffff,Health,480.588
8729a1d56ffffff,Hospitality,119.747
8729a1d56ffffff,Information,193.812
8729a1d56ffffff,Manufacturing,116.701
8729a1d56ffffff,Professional Service,575.724
8729a1d56ffffff,Public Administration,110.853
8729a1d56ffffff,Real Estate,92.417
8729a1d56ffffff,Retail,165.369
8729a1d56ffffff,Transportation,102.664
8729a1d56ffffff,Wholesale,90.25
8729a1d58ffffff,Art/Culture,604.884
8729a1d58ffffff,Business Support,1335.467
8729a1d58ffffff,Construction,1009.57
8729a1d58ffffff,Corporate,57.888
8729a1d58ffffff,Education,1207.35
8729a1d58ffffff,Energy,83.386
8729a1d58ffffff,Financial,1020.247
8729a1d58ffffff,Health,2320.559
8729a1d58ffffff,Hospitality,1137.499
8729a1d58ffffff,Information,1493.988
8729a1d58ffffff,Manufacturing,843.498
8729a1d58ffffff,Professional Service,2180.293
8729a1d58ffffff,Public Administration,676.168
8729a1d58ffffff,Real Estate,670.837
8729a1d58ffffff,Retail,709.434
8729a1d58ffffff,Transportation,504.058
8729a1d58ffffff,Wholesale,288.916
8729a1d59ffffff,Art/Culture,213.823
8729a1d59ffffff,Business Support,130.657
8729a1d59ffffff,Construction,292.526
8729a1d59ffffff,Corporate,1.973
8729a1d59ffffff,Education,517.385
8729a1d59ffffff,Energy,37.174
8729a1d59ffffff,Financial,184.056
8729a1d59ffffff,Health,920.852
8729a1d59ffffff,Hospitality,215.861
8729a1d59ffffff,Information,305.661
8729a1d59ffffff,Manufacturing,279.776
8729a1d59ffffff,Professional Service,415.669
8729a1d59ffffff,Public Administration,146.876
8729a1d59ffffff,Real Estate,64.644
8729a1d59ffffff,Retail,157.907
8729a1d59ffffff,Transportation,98.433
8729a1d59ffffff,Wholesale,68.552
8729a1d5affffff,Art/Culture,85.795
8729a1d5affffff,Business Support,54.98
8729a1d5affffff,Construction,181.307
8729a1d5affffff,Corporate,0.025
8729a1d5affffff,Education,147.844
8729a1d5affffff,Energy,7.969
8729a1d5affffff,Financial,74.804
8729a1d5affffff,Health,289.202
8729a1d5affffff,Hospitality,187.7
8729a1d5affffff,Information,72.552
8729a1d5affffff,Manufacturing,31.481
8729a1d5affffff,Professional Service,129.953
8729a1d5affffff,Public Administration,44.567
8729a1d5affffff,Real Estate,29.05
8729a1d5affffff,Retail,56.858
8729a1d5affffff,Transportation,45.493
8729a1d5affffff,Wholesale,19.803
8729a1d5cffffff,Art/Culture,511.852
8729a1d5cffffff,Business Support,555.101
8729a1d5cffffff,Construction,743.202
8729a1d5cffffff,Corporate,9.101
8729a1d5cffffff,Education,1871.37
8729a1d5cffffff,Energy,132.107
8729a1d5cffffff,Financial,458.716
8729a1d5cffffff,Health,3735.632
8729a1d5cffffff,Hospitality,876.656
8729a1d5cffffff,Information,659.783
8729a1d5cffffff,Manufacturing,682.47
8729a1d5cffffff,Professional Service,985.029
8729a1d5cffffff,Public Administration,749.089
8729a1d5cffffff,Real Estate,281.7
8729a1d5cffffff,Retail,982.495
8729a1d5cffffff,Transportation,755.879
8729a1d5cffffff,Wholesale,408.797
8729a1d5dffffff,Art/Culture,621.985
8729a1d5dffffff,Business Support,1162.473
8729a1d5dffffff,Construction,1079.356
8729a1d5dffffff,Corporate,26.501
8729a1d5dffffff,Education,1103.617
8729a1d5dffffff,Energy,180.022
8729a1d5dffffff,Financial,865.45
8729a1d5dffffff,Health,2416.221
8729a1d5dffffff,Hospitality,1619.962
8729a1d5dffffff,Information,1312.12
8729a1d5dffffff,Manufacturing,1372.395
8729a1d5dffffff,Professional Service,1968.81
8729a1d5dffffff,Public Administration,650.377
8729a1d5dffffff,Real Estate,613.935
8729a1d5dffffff,Retail,1234.488
8729a1d5dffffff,Transportation,1042.549
8729a1d5dffffff,Wholesale,566.892
8729a1d5effffff,Art/Culture,96.431
8729a1d5effffff,Business Support,31.261
8729a1d5effffff,Construction,50.992
8729a1d5effffff,Education,274.05
8729a1d5effffff,Energy,16.498
8729a1d5effffff,Financial,77.543
8729a1d5effffff,Health,496.42
8729a1d5effffff,Hospitality,107.419
8729a1d5effffff,Information,76.121
8729a1d5effffff,Manufacturing,37.521
8729a1d5effffff,Professional Service,183.114
8729a1d5effffff,Public Administration,59.826
8729a1d5effffff,Real Estate,35.052
8729a1d5effffff,Retail,124.941
8729a1d5effffff,Transportation,102.026
8729a1d5effffff,Wholesale,34.664
8729a1d60ffffff,Art/Culture,402.197
8729a1d60ffffff,Business Support,609.732
8729a1d60ffffff,Construction,942.883
8729a1d60ffffff,Corporate,4.439
8729a1d60ffffff,Education,1389.232
8729a1d60ffffff,Energy,41.452
8729a1d60ffffff,Financial,308.446
8729a1d60ffffff,Health,2016.809
8729a1d60ffffff,Hospitality,1460.739
8729a1d60ffffff,Information,299.37
8729a1d60ffffff,Manufacturing,622.887
8729a1d60ffffff,Professional Service,532.291
8729a1d60ffffff,Public Administration,417.255
8729a1d60ffffff,Real Estate,220.314
8729a1d60ffffff,Retail,783.304
8729a1d60ffffff,Transportation,736.725
8729a1d60ffffff,Wholesale,360.624
8729a1d61ffffff,Art/Culture,583.852
8729a1d61ffffff,Business Support,888.47
8729a1d61ffffff,Construction,951.169
8729a1d61ffffff,Corporate,24.672
8729a1d61ffffff,Education,1132.382
8729a1d61ffffff,Energy,36.192
8729a1d61ffffff,Financial,672.938
8729a1d61ffffff,Health,2160.227
8729a1d61ffffff,Hospitality,1748.416
8729a1d61ffffff,Information,769.791
8729a1d61ffffff,Manufacturing,294.881
8729a1d61ffffff,Professional Service,1656.498
8729a1d61ffffff,Public Administration,570.487
8729a1d61ffffff,Real Estate,376.032
8729a1d61ffffff,Retail,620.163
8729a1d61ffffff,Transportation,443.589
8729a1d61ffffff,Wholesale,288.392
8729a1d62ffffff,Art/Culture,2205.466
8729a1d62ffffff,Business Support,9901.432
8729a1d62ffffff,Construction,5127.766
8729a1d62ffffff,Corporate,135.0
8729a1d62ffffff,Education,7318.53
8729a1d62ffffff,Energy,251.232
8729a1d62ffffff,Financial,4284.997
8729a1d62ffffff,Health,14103.919
8729a1d62ffffff,Hospitality,6752.713
8729a1d62ffffff,Information,5933.721
8729a1d62ffffff,Manufacturing,2085.317
8729a1d62ffffff,Professional Service,10821.758
8729a1d62ffffff,Public Administration,2040.999
8729a1d62ffffff,Real Estate,3864.255
8729a1d62ffffff,Retail,3028.104
8729a1d62ffffff,Transportation,2488.206
8729a1d62ffffff,Wholesale,1325.047
8729a1d63ffffff,Art/Culture,1107.39
8729a1d63ffffff,Business Support,3004.745
8729a1d63ffffff,Construction,2736.106
8729a1d63ffffff,Corporate,65.254
8729a1d63ffffff,Education,4617.075
8729a1d63ffffff,Energy,95.906
8729a1d63ffffff,Financial,2035.023
8729a1d63ffffff,Health,7827.291
8729a1d63ffffff,Hospitality,3352.399
8729a1d63ffffff,Information,2280.048
8729a1d63ffffff,Manufacturing,1130.62
8729a1d63ffffff,Professional Service,5148.516
8729a1d63ffffff,Public Administration,1678.343
8729a1d63ffffff,Real Estate,1180.981
8729a1d63ffffff,Retail,1496.558
8729a1d63ffffff,Transportation,1059.513
8729a1d63ffffff,Wholesale,598.944
8729a1d64ffffff,Art/Culture,378.181
8729a1d64ffffff,Business Support,296.633
8729a1d64ffffff,Construction,237.173
8729a1d64ffffff,Corporate,3.224
8729a1d64ffffff,Education,923.918
8729a1d64ffffff,Energy,12.631
8729a1d64ffffff,Financial,94.044
8729a1d64ffffff,Health,831.464
8729a1d64ffffff,Hospitality,1218.593
8729a1d64ffffff,Information,115.007
8729a1d64ffffff,Manufacturing,84.804
8729a1d64ffffff,Professional Service,268.704
8729a1d64ffffff,Public Administration,159.695
8729a1d64ffffff,Real Estate,117.416
8729a1d64ffffff,Retail,217.555
8729a1d64ffffff,Transportation,169.541
8729a1d64ffffff,Wholesale,88.644
8729a1d65ffffff,Art/Culture,74.866
8729a1d65ffffff,Business Support,170.14
8729a1d65ffffff,Construction,270.85
8729a1d65ffffff,Corporate,3.349
8729a1d65ffffff,Education,519.308
8729a1d65ffffff,Energy,15.077
8729a1d65ffffff,Financial,109.023
8729a1d65ffffff,Health,978.883
8729a1d65ffffff,Hospitality,143.3
8729a1d65ffffff,Information,123.419
8729a1d65ffffff,Manufacturing,367.071
8729a1d65ffffff,Professional Service,209.686
8729a1d65ffffff,Public Administration,161.028
8729a1d65ffffff,Real Estate,75.831
8729a1d65ffffff,Retail,201.974
8729a1d65ffffff,Transportation,145.591
8729a1d65ffffff,Wholesale,73.27
8729a1d66ffffff,Art/Culture,903.682
8729a1d66ffffff,Business Support,2522.129
8729a1d66ffffff,Construction,2301.532
8729a1d66ffffff,Corporate,41.172
8729a1d66ffffff,Education,3361.905
8729a1d66ffffff,Energy,192.978
8729a1d66ffffff,Financial,845.627
8729a1d66ffffff,Health,4658.735
8729a1d66ffffff,Hospitality,2922.242
8729a1d66ffffff,Information,1267.835
8729a1d66ffffff,Manufacturing,3485.219
8729a1d66ffffff,Professional Service,2581.46
8729a1d66ffffff,Public Administration,812.691
8729a1d66ffffff,Real Estate,844.984
8729a1d66ffffff,Retail,2277.389
8729a1d66ffffff,Transportation,2290.656
8729a1d66ffffff,Wholesale,1437.707
8729a1d68ffffff,Art/Culture,1604.943
8729a1d68ffffff,Business Support,1088.714
8729a1d68ffffff,Construction,1133.418
8729a1d68ffffff,Corporate,23.909
8729a1d68ffffff,Education,1079.372
8729a1d68ffffff,Energy,85.1
8729a1d68ffffff,Financial,796.463
8729a1d68ffffff,Health,1536.372
8729a1d68ffffff,Hospitality,2223.88
8729a1d68ffffff,Information,1955.655
8729a1d68ffffff,Manufacturing,689.574
8729a1d68ffffff,Professional Service,2555.154
8729a1d68ffffff,Public Administration,494.522
8729a1d68ffffff,Real Estate,714.791
8729a1d68ffffff,Retail,1553.626
8729a1d68ffffff,Transportation,897.429
8729a1d68ffffff,Wholesale,534.58
8729a1d69ffffff,Art/Culture,586.935
8729a1d69ffffff,Business Support,326.765
8729a1d69ffffff,Construction,443.975
8729a1d69ffffff,Corporate,6.316
8729a1d69ffffff,Education,448.236
8729a1d69ffffff,Energy,31.922
8729a1d69ffffff,Financial,206.798
8729a1d69ffffff,Health,592.563
8729a1d69ffffff,Hospitality,1017.603
8729a1d69ffffff,Information,644.694
8729a1d69ffffff,Manufacturing,271.929
8729a1d69ffffff,Professional Service,999.731
8729a1d69ffffff,Public Administration,410.128
8729a1d69ffffff,Real Estate,164.061
8729a1d69ffffff,Retail,613.417
8729a1d69ffffff,Transportation,371.152
8729a1d69ffffff,Wholesale,256.02
8729a1d6affffff,Art/Culture,1584.598
8729a1d6affffff,Business Support,1277.652
8729a1d6affffff,Construction,702.27
8729a1d6affffff,Corporate,69.012
8729a1d6affffff,Education,1557.356
8729a1d6affffff,Energy,83.794
8729a1d6affffff,Financial,924.756
8729a1d6affffff,Health,2410.418
8729a1d6affffff,Hospitality,2451.49
8729a1d6affffff,Information,2565.215
8729a1d6affffff,Manufacturing,418.686
8729a1d6affffff,Professional Service,2977.354
8729a1d6affffff,Public Administration,722.726
8729a1d6affffff,Real Estate,929.582
8729a1d6affffff,Retail,1429.884
8729a1d6affffff,Transportation,809.913
8729a1d6affffff,Wholesale,487.049
8729a1d6bffffff,Art/Culture,1686.09
8729a1d6bffffff,Business Support,613.672
8729a1d6bffffff,Construction,525.566
8729a1d6bffffff,Corporate,12.252
8729a1d6bffffff,Education,783.849
8729a1d6bffffff,Energy,36.858
8729a1d6bffffff,Financial,360.919
8729a1d6bffffff,Health,1104.111
8729a1d6bffffff,Hospitality,2920.014
8729a1d6bffffff,Information,987.92
8729a1d6bffffff,Manufacturing,264.77
8729a1d6bffffff,Professional Service,1378.993
8729a1d6bffffff,Public Administration,378.608
8729a1d6bffffff,Real Estate,290.98
8729a1d6bffffff,Retail,800.255
8729a1d6bffffff,Transportation,413.746
8729a1d6bffffff,Wholesale,339.983
8729a1d6cffffff,Art/Culture,649.799
8729a1d6cffffff,Business Support,563.224
8729a1d6cffffff,Construction,421.01
8729a1d6cffffff,Corporate,29.73
8729a1d6cffffff,Education,675.436
8729a1d6cffffff,Energy,36.972
8729a1d6cffffff,Financial,403.537
8729a1d6cffffff,Health,885.13
8729a1d6cffffff,Hospitality,748.404
8729a1d6cffffff,Information,855.743
8729a1d6cffffff,Manufacturing,322.323
8729a1d6cffffff,Professional Service,1558.659
8729a1d6cffffff,Public Administration,355.237
8729a1d6cffffff,Real Estate,341.584
8729a1d6cffffff,Retail,404.369
8729a1d6cffffff,Transportation,237.106
8729a1d6cffffff,Wholesale,155.001
8729a1d6dffffff,Art/Culture,1143.676
8729a1d6dffffff,Business Support,848.94
8729a1d6dffffff,Construction,650.426
8729a1d6dffffff,Corporate,11.142
8729a1d6dffffff,Education,2874.569
8729a1d6dffffff,Energy,85.511
8729a1d6dffffff,Financial,585.426
8729a1d6dffffff,Health,4640.293
8729a1d6dffffff,Hospitality,2053.75
8729a1d6dffffff,Information,945.363
8729a1d6dffffff,Manufacturing,417.631
8729a1d6dffffff,Professional Service,1806.122
8729a1d6dffffff,Public Administration,406.356
8729a1d6dffffff,Real Estate,391.722
8729a1d6dffffff,Retail,1200.207
8729a1d6dffffff,Transportation,1276.122
8729a1d6dffffff,Wholesale,727.537
8729a1d6effffff,Art/Culture,430.791
8729a1d6effffff,Business Support,920.473
8729a1d6effffff,Construction,453.141
8729a1d6effffff,Corporate,22.982
8729a1d6effffff,Education,581.219
8729a1d6effffff,Energy,72.281
8729a1d6effffff,Financial,854.081
8729a1d6effffff,Health,1094.712
8729a1d6effffff,Hospitality,809.793
8729a1d6effffff,Information,1638.693
8729a1d6effffff,Manufacturing,262.294
8729a1d6effffff,Professional Service,2305.81
8729a1d6effffff,Public Administration,277.595
8729a1d6effffff,Real Estate,531.61
8729a1d6effffff,Retail,389.98
8729a1d6effffff,Transportation,297.703
8729a1d6effffff,Wholesale,158.132
8729a1d70ffffff,Art/Culture,200.715
8729a1d70ffffff,Business Support,232.115
8729a1d70ffffff,Construction,732.674
8729a1d70ffffff,Corporate,3.389
8729a1d70ffffff,Education,446.573
8729a1d70ffffff,Energy,154.062
8729a1d70ffffff,Financial,152.393
8729a1d70ffffff,Health,774.199
8729a1d70ffffff,Hospitality,573.591
8729a1d70ffffff,Information,169.391
8729a1d70ffffff,Manufacturing,698.066
8729a1d70ffffff,Professional Service,454.553
8729a1d70ffffff,Public Administration,1316.686
8729a1d70ffffff,Real Estate,111.697
8729a1d70ffffff,Retail,1734.919
8729a1d70ffffff,Transportation,1499.503
8729a1d70ffffff,Wholesale,703.744
8729a1d71ffffff,Art/Culture,447.267
8729a1d71ffffff,Business Support,367.736
8729a1d71ffffff,Construction,618.704
8729a1d71ffffff,Corporate,5.675
8729a1d71ffffff,Education,1064.086
8729a1d71ffffff,Energy,82.572
8729a1d71ffffff,Financial,301.384
8729a1d71ffffff,Health,1919.786
8729a1d71ffffff,Hospitality,1155.278
8729a1d71ffffff,Information,359.178
8729a1d71ffffff,Manufacturing,542.269
8729a1d71ffffff,Professional Service,801.652
8729a1d71ffffff,Public Administration,449.73
8729a1d71ffffff,Real Estate,152.675
8729a1d71ffffff,Retail,894.58
8729a1d71ffffff,Transportation,646.691
8729a1d71ffffff,Wholesale,373.936
8729a1d72ffffff,Art/Culture,52.481
8729a1d72ffffff,Business Support,204.334
8729a1d72ffffff,Construction,307.866
8729a1d72ffffff,Corporate,3.255
8729a1d72ffffff,Education,638.243
8729a1d72ffffff,Energy,39.949
8729a1d72ffffff,Financial,103.334
8729a1d72ffffff,Health,1054.936
8729a1d72ffffff,Hospitality,222.953
8729a1d72ffffff,Information,190.206
8729a1d72ffffff,Manufacturing,450.269
8729a1d72ffffff,Professional Service,241.447
8729a1d72ffffff,Public Administration,156.65
8729a1d72ffffff,Real Estate,100.877
8729a1d72ffffff,Retail,759.066
8729a1d72ffffff,Transportation,409.109
8729a1d72ffffff,Wholesale,184.698
8729a1d73ffffff,Art/Culture,167.571
8729a1d73ffffff,Business Support,231.452
8729a1d73ffffff,Construction,407.6
8729a1d73ffffff,Corporate,1.193
8729a1d73ffffff,Education,565.98
8729a1d73ffffff,Energy,51.176
8729a1d73ffffff,Financial,104.014
8729a1d73ffffff,Health,1012.35
8729a1d73ffffff,Hospitality,561.346
8729a1d73ffffff,Information,197.123
8729a1d73ffffff,Manufacturing,571.372
8729a1d73ffffff,Professional Service,421.49
8729a1d73ffffff,Public Administration,192.793
8729a1d73ffffff,Real Estate,74.953
8729a1d73ffffff,Retail,683.898
8729a1d73ffffff,Transportation,661.768
8729a1d73ffffff,Wholesale,343.682
8729a1d74ffffff,Art/Culture,300.965
8729a1d74ffffff,Business Support,387.768
8729a1d74ffffff,Construction,675.063
8729a1d74ffffff,Corporate,3.304
8729a1d74ffffff,Education,351.298
8729a1d74ffffff,Energy,112.417
8729a1d74ffffff,Financial,183.308
8729a1d74ffffff,Health,581.056
8729a1d74ffffff,Hospitality,749.144
8729a1d74ffffff,Information,241.527
8729a1d74ffffff,Manufacturing,2177.749
8729a1d74ffffff,Professional Service,416.477
8729a1d74ffffff,Public Administration,275.733
8729a1d74ffffff,Real Estate,128.233
8729a1d74ffffff,Retail,974.057
8729a1d74ffffff,Transportation,1175.57
8729a1d74ffffff,Wholesale,780.163
8729a1d75ffffff,Art/Culture,3011.144
8729a1d75ffffff,Business Support,4273.657
8729a1d75ffffff,Construction,4158.255
8729a1d75ffffff,Corporate,58.249
8729a1d75ffffff,Education,3232.933
8729a1d75ffffff,Energy,564.476
8729a1d75ffffff,Financial,4525.857
8729a1d75ffffff,Health,3986.971
8729a1d75ffffff,Hospitality,8619.401
8729a1d75ffffff,Information,4122.422
8729a1d75ffffff,Manufacturing,6490.155
8729a1d75ffffff,Professional Service,11947.841
8729a1d75ffffff,Public Administration,3510.39
8729a1d75ffffff,Real Estate,1794.467
8729a1d75ffffff,Retail,5373.082
8729a1d75ffffff,Transportation,5662.148
8729a1d75ffffff,Wholesale,3798.123
8729a1d76ffffff,Art/Culture,89.614
8729a1d76ffffff,Business Support,105.835
8729a1d76ffffff,Construction,317.122
8729a1d76ffffff,Corporate,3.097
8729a1d76ffffff,Education,569.95
8729a1d76ffffff,Energy,13.963
8729a1d76ffffff,Financial,57.412
8729a1d76ffffff,Health,813.692
8729a1d76ffffff,Hospitality,455.764
8729a1d76ffffff,Information,52.535
8729a1d76ffffff,Manufacturing,99.184
8729a1d76ffffff,Professional Service,183.876
8729a1d76ffffff,Public Administration,170.995
8729a1d76ffffff,Real Estate,35.807
8729a1d76ffffff,Retail,337.235
8729a1d76ffffff,Transportation,205.369
8729a1d76ffffff,Wholesale,131.384
8729a1d81ffffff,Art/Culture,36.596
8729a1d81ffffff,Business Support,219.797
8729a1d81ffffff,Construction,567.768
8729a1d81ffffff,Corporate,2.673
8729a1d81ffffff,Education,182.656
8729a1d81ffffff,Energy,49.781
8729a1d81ffffff,Financial,130.544
8729a1d81ffffff,Health,284.265
8729a1d81ffffff,Hospitality,147.396
8729a1d81ffffff,Information,98.308
8729a1d81ffffff,Manufacturing,1251.772
8729a1d81ffffff,Professional Service,226.655
8729a1d81ffffff,Public Administration,127.02
8729a1d81ffffff,Real Estate,90.151
8729a1d81ffffff,Retail,225.099
8729a1d81ffffff,Transportation,205.493
8729a1d81ffffff,Wholesale,146.562
8729a1d82ffffff,Art/Culture,116.344
8729a1d82ffffff,Business Support,183.71
8729a1d82ffffff,Construction,452.681
8729a1d82ffffff,Corporate,0.323
8729a1d82ffffff,Education,234.397
8729a1d82ffffff,Energy,47.878
8729a1d82ffffff,Financial,85.788
8729a1d82ffffff,Health,407.738
8729a1d82ffffff,Hospitality,369.764
8729a1d82ffffff,Information,58.519
8729a1d82ffffff,Manufacturing,642.123
8729a1d82ffffff,Professional Service,121.659
8729a1d82ffffff,Public Administration,106.186
8729a1d82ffffff,Real Estate,88.404
8729a1d82ffffff,Retail,302.24
8729a1d82ffffff,Transportation,252.318
8729a1d82ffffff,Wholesale,149.776
8729a1d84ffffff,Art/Culture,18.425
8729a1d84ffffff,Business Support,40.066
8729a1d84ffffff,Construction,195.848
8729a1d84ffffff,Education,86.789
8729a1d84ffffff,Energy,17.649
8729a1d84ffffff,Financial,55.164
8729a1d84ffffff,Health,177.473
8729a1d84ffffff,Hospitality,53.813
8729a1d84ffffff,Information,30.711
8729a1d84ffffff,Manufacturing,317.91
8729a1d84ffffff,Professional Service,79.496
8729a1d84ffffff,Public Administration,123.051
8729a1d84ffffff,Real Estate,43.42
8729a1d84ffffff,Retail,80.595
8729a1d84ffffff,Transportation,83.027
8729a1d84ffffff,Wholesale,49.681
8729a1d85ffffff,Art/Culture,25.282
8729a1d85ffffff,Business Support,86.805
8729a1d85ffffff,Construction,517.461
8729a1d85ffffff,Corporate,2.0
8729a1d85ffffff,Education,250.18
8729a1d85ffffff,Energy,32.718
8729a1d85ffffff,Financial,61.442
8729a1d85ffffff,Health,466.158
8729a1d85ffffff,Hospitality,83.286
8729a1d85ffffff,Information,32.928
8729a1d85ffffff,Manufacturing,370.721
8729a1d85ffffff,Professional Service,80.93
8729a1d85ffffff,Public Administration,135.238
8729a1d85ffffff,Real Estate,35.275
8729a1d85ffffff,Retail,137.581
8729a1d85ffffff,Transportation,152.781
8729a1d85ffffff,Wholesale,98.51
8729a1d86ffffff,Art/Culture,23.617
8729a1d86ffffff,Business Support,77.719
8729a1d86ffffff,Construction,84.872
8729a1d86ffffff,Education,175.014
8729a1d86ffffff,Energy,19.545
8729a1d86ffffff,Financial,70.275
8729a1d86ffffff,Health,323.642
8729a1d86ffffff,Hospitality,109.115
8729a1d86ffffff,Information,26.04
8729a1d86ffffff,Manufacturing,121.527
8729a1d86ffffff,Professional Service,100.534
8729a1d86ffffff,Public Administration,108.289
8729a1d86ffffff,Real Estate,36.441
8729a1d86ffffff,Retail,173.64
8729a1d86ffffff,Transportation,152.923
8729a1d86ffffff,Wholesale,80.846
8729a1d8affffff,Art/Culture,58.731
8729a1d8affffff,Business Support,62.108
8729a1d8affffff,Construction,89.282
8729a1d8affffff,Corporate,9.224
8729a1d8affffff,Education,146.193
8729a1d8affffff,Energy,4.294
8729a1d8affffff,Financial,72.699
8729a1d8affffff,Health,171.017
8729a1d8affffff,Hospitality,81.462
8729a1d8affffff,Information,48.876
8729a1d8affffff,Manufacturing,152.825
8729a1d8affffff,Professional Service,227.128
8729a1d8affffff,Public Administration,76.497
8729a1d8affffff,Real Estate,36.267
8729a1d8affffff,Retail,63.35
8729a1d8affffff,Transportation,32.112
8729a1d8affffff,Wholesale,75.408
8729a1d8cffffff,Art/Culture,136.143
8729a1d8cffffff,Business Support,140.646
8729a1d8cffffff,Construction,205.142
8729a1d8cffffff,Corporate,3.309
8729a1d8cffffff,Education,1549.143
8729a1d8cffffff,Energy,75.861
8729a1d8cffffff,Financial,117.812
8729a1d8cffffff,Health,2703.674
8729a1d8cffffff,Hospitality,418.595
8729a1d8cffffff,Information,67.602
8729a1d8cffffff,Manufacturing,501.854
8729a1d8cffffff,Professional Service,277.605
8729a1d8cffffff,Public Administration,317.765
8729a1d8cffffff,Real Estate,108.328
8729a1d8cffffff,Retail,461.294
8729a1d8cffffff,Transportation,405.242
8729a1d8cffffff,Wholesale,238.845
8729a1d8dffffff,Art/Culture,346.174
8729a1d8dffffff,Business Support,252.327
8729a1d8dffffff,Construction,296.701
8729a1d8dffffff,Corporate,34.862
8729a1d8dffffff,Education,547.939
8729a1d8dffffff,Energy,25.132
8729a1d8dffffff,Financial,241.747
8729a1d8dffffff,Health,696.467
8729a1d8dffffff,Hospitality,968.034
8729a1d8dffffff,Information,142.57
8729a1d8dffffff,Manufacturing,209.833
8729a1d8dffffff,Professional Service,368.205
8729a1d8dffffff,Public Administration,261.463
8729a1d8dffffff,Real Estate,64.325
8729a1d8dffffff,Retail,323.757
8729a1d8dffffff,Transportation,267.011
8729a1d8dffffff,Wholesale,179.96
8729a1d8effffff,Art/Culture,19.39
8729a1d8effffff,Business Support,40.541
8729a1d8effffff,Construction,310.698
8729a1d8effffff,Corporate,19.465
8729a1d8effffff,Education,129.048
8729a1d8effffff,Energy,25.154
8729a1d8effffff,Financial,44.075
8729a1d8effffff,Health,170.012
8729a1d8effffff,Hospitality,53.051
8729a1d8effffff,Information,26.652
8729a1d8effffff,Manufacturing,319.345
8729a1d8effffff,Professional Service,248.864
8729a1d8effffff,Public Administration,34.454
8729a1d8effffff,Real Estate,22.874
8729a1d8effffff,Retail,140.359
8729a1d8effffff,Transportation,110.325
8729a1d8effffff,Wholesale,71.708
8729a1d90ffffff,Art/Culture,71.682
8729a1d90ffffff,Business Support,93.955
8729a1d90ffffff,Construction,260.016
8729a1d90ffffff,Corporate,0.338
8729a1d90ffffff,Education,505.841
8729a1d90ffffff,Energy,16.478
8729a1d90ffffff,Financial,72.431
8729a1d90ffffff,Health,772.768
8729a1d90ffffff,Hospitality,317.154
8729a1d90ffffff,Information,48.974
8729a1d90ffffff,Manufacturing,162.812
8729a1d90ffffff,Professional Service,138.387
8729a1d90ffffff,Public Administration,138.22
8729a1d90ffffff,Real Estate,47.704
8729a1d90ffffff,Retail,171.548
8729a1d90ffffff,Transportation,109.528
8729a1d90ffffff,Wholesale,192.321
8729a1d91ffffff,Art/Culture,90.056
8729a1d91ffffff,Business Support,86.647
8729a1d91ffffff,Construction,196.314
8729a1d91ffffff,Education,1972.674
8729a1d91ffffff,Energy,26.477
8729a1d91ffffff,Financial,78.469
8729a1d91ffffff,Health,881.35
8729a1d91ffffff,Hospitality,366.121
8729a1d91ffffff,Information,47.634
8729a1d91ffffff,Manufacturing,226.878
8729a1d91ffffff,Professional Service,240.584
8729a1d91ffffff,Public Administration,257.956
8729a1d91ffffff,Real Estate,62.925
8729a1d91ffffff,Retail,154.907
8729a1d91ffffff,Transportation,102.635
8729a1d91ffffff,Wholesale,183.566
8729a1d92ffffff,Art/Culture,12.96
8729a1d92ffffff,Business Support,44.743
8729a1d92ffffff,Construction,78.985
8729a1d92ffffff,Corporate,0.275
8729a1d92ffffff,Education,70.225
8729a1d92ffffff,Energy,2.947
8729a1d92ffffff,Financial,39.014
8729a1d92ffffff,Health,104.76
8729a1d92ffffff,Hospitality,59.808
8729a1d92ffffff,Information,18.967
8729a1d92ffffff,Manufacturing,26.417
8729a1d92ffffff,Professional Service,43.776
8729a1d92ffffff,Public Administration,17.698
8729a1d92ffffff,Real Estate,19.335
8729a1d92ffffff,Retail,19.655
8729a1d92ffffff,Transportation,9.723
8729a1d92ffffff,Wholesale,9.647
8729a1d94ffffff,Art/Culture,71.286
8729a1d94ffffff,Business Support,98.971
8729a1d94ffffff,Construction,216.147
8729a1d94ffffff,Corporate,2.231
8729a1d94ffffff,Education,475.568
8729a1d94ffffff,Energy,20.217
8729a1d94ffffff,Financial,160.586
8729a1d94ffffff,Health,732.162
8729a1d94ffffff,Hospitality,186.465
8729a1d94ffffff,Information,57.538
8729a1d94ffffff,Manufacturing,212.855
8729a1d94ffffff,Professional Service,200.011
8729a1d94ffffff,Public Administration,66.613
8729a1d94ffffff,Real Estate,75.139
8729a1d94ffffff,Retail,136.895
8729a1d94ffffff,Transportation,85.197
8729a1d94ffffff,Wholesale,79.086
8729a1d95ffffff,Art/Culture,69.712
8729a1d95ffffff,Business Support,45.312
8729a1d95ffffff,Construction,240.562
8729a1d95ffffff,Corporate,0.201
8729a1d95ffffff,Education,389.809
8729a1d95ffffff,Energy,9.046
8729a1d95ffffff,Financial,86.417
8729a1d95ffffff,Health,479.821
8729a1d95ffffff,Hospitality,197.743
8729a1d95ffffff,Information,22.267
8729a1d95ffffff,Manufacturing,191.676
8729a1d95ffffff,Professional Service,94.835
8729a1d95ffffff,Public Administration,76.936
8729a1d95ffffff,Real Estate,15.231
8729a1d95ffffff,Retail,115.269
8729a1d95ffffff,Transportation,57.844
8729a1d95ffffff,Wholesale,81.635
8729a1d96ffffff,Art/Culture,119.616
8729a1d96ffffff,Business Support,164.931
8729a1d96ffffff,Construction,420.618
8729a1d96ffffff,Corporate,1.269
8729a1d96ffffff,Education,248.72
8729a1d96ffffff,Energy,73.493
8729a1d96ffffff,Financial,157.848
8729a1d96ffffff,Health,476.971
8729a1d96ffffff,Hospitality,447.862
8729a1d96ffffff,Information,138.502
8729a1d96ffffff,Manufacturing,231.846
8729a1d96ffffff,Professional Service,162.93
8729a1d96ffffff,Public Administration,190.704
8729a1d96ffffff,Real Estate,63.045
8729a1d96ffffff,Retail,496.178
8729a1d96ffffff,Transportation,390.104
8729a1d96ffffff,Wholesale,242.093
8729a1d9cffffff,Art/Culture,61.321
8729a1d9cffffff,Business Support,134.325
8729a1d9cffffff,Construction,173.857
8729a1d9cffffff,Education,179.818
8729a1d9cffffff,Energy,28.764
8729a1d9cffffff,Financial,60.962
8729a1d9cffffff,Health,719.097
8729a1d9cffffff,Hospitality,106.697
8729a1d9cffffff,Information,47.208
8729a1d9cffffff,Manufacturing,518.663
8729a1d9cffffff,Professional Service,158.267
8729a1d9cffffff,Public Administration,79.359
8729a1d9cffffff,Real Estate,46.105
8729a1d9cffffff,Retail,138.038
8729a1d9cffffff,Transportation,146.927
8729a1d9cffffff,Wholesale,101.84
8729a1d9dffffff,Art/Culture,10.129
8729a1d9dffffff,Business Support,54.234
8729a1d9dffffff,Construction,107.028
8729a1d9dffffff,Education,50.08
8729a1d9dffffff,Energy,17.612
8729a1d9dffffff,Financial,45.061
8729a1d9dffffff,Health,71.538
8729a1d9dffffff,Hospitality,33.11
8729a1d9dffffff,Information,19.303
8729a1d9dffffff,Manufacturing,285.448
8729a1d9dffffff,Professional Service,66.644
8729a1d9dffffff,Public Administration,10.987
8729a1d9dffffff,Real Estate,20.563
8729a1d9dffffff,Retail,43.349
8729a1d9dffffff,Transportation,52.556
8729a1d9dffffff,Wholesale,27.893
8729a1da0ffffff,Art/Culture,55.017
8729a1da0ffffff,Business Support,112.452
8729a1da0ffffff,Construction,149.835
8729a1da0ffffff,Corporate,0.682
8729a1da0ffffff,Education,538.995
8729a1da0ffffff,Energy,36.912
8729a1da0ffffff,Financial,77.198
8729a1da0ffffff,Health,981.949
8729a1da0ffffff,Hospitality,221.393
8729a1da0ffffff,Information,44.333
8729a1da0ffffff,Manufacturing,91.914
8729a1da0ffffff,Professional Service,142.252
8729a1da0ffffff,Public Administration,179.867
8729a1da0ffffff,Real Estate,44.743
8729a1da0ffffff,Retail,242.375
8729a1da0ffffff,Transportation,359.29
8729a1da0ffffff,Wholesale,228.276
8729a1da1ffffff,Art/Culture,121.257
8729a1da1ffffff,Business Support,72.503
8729a1da1ffffff,Construction,230.144
8729a1da1ffffff,Education,992.142
8729a1da1ffffff,Energy,93.877
8729a1da1ffffff,Financial,97.396
8729a1da1ffffff,Health,1777.86
8729a1da1ffffff,Hospitality,412.423
8729a1da1ffffff,Information,46.307
8729a1da1ffffff,Manufacturing,828.981
8729a1da1ffffff,Professional Service,149.028
8729a1da1ffffff,Public Administration,148.408
8729a1da1ffffff,Real Estate,32.224
8729a1da1ffffff,Retail,458.771
8729a1da1ffffff,Transportation,567.714
8729a1da1ffffff,Wholesale,473.244
8729a1da2ffffff,Art/Culture,180.128
8729a1da2ffffff,Business Support,215.217
8729a1da2ffffff,Construction,145.96
8729a1da2ffffff,Corporate,4.734
8729a1da2ffffff,Education,614.538
8729a1da2ffffff,Energy,66.217
8729a1da2ffffff,Financial,170.384
8729a1da2ffffff,Health,1064.18
8729a1da2ffffff,Hospitality,622.776
8729a1da2ffffff,Information,96.695
8729a1da2ffffff,Manufacturing,120.355
8729a1da2ffffff,Professional Service,241.355
8729a1da2ffffff,Public Administration,344.241
8729a1da2ffffff,Real Estate,83.117
8729a1da2ffffff,Retail,482.233
8729a1da2ffffff,Transportation,442.976
8729a1da2ffffff,Wholesale,281.918
8729a1da3ffffff,Art/Culture,117.269
8729a1da3ffffff,Business Support,139.669
8729a1da3ffffff,Construction,462.912
8729a1da3ffffff,Corporate,1.586
8729a1da3ffffff,Education,727.082
8729a1da3ffffff,Energy,42.425
8729a1da3ffffff,Financial,129.762
8729a1da3ffffff,Health,1482.117
8729a1da3ffffff,Hospitality,354.607
8729a1da3ffffff,Information,55.638
8729a1da3ffffff,Manufacturing,170.75
8729a1da3ffffff,Professional Service,181.004
8729a1da3ffffff,Public Administration,278.132
8729a1da3ffffff,Real Estate,74.839
8729a1da3ffffff,Retail,354.384
8729a1da3ffffff,Transportation,300.748
8729a1da3ffffff,Wholesale,208.935
8729a1da4ffffff,Art/Culture,107.445
8729a1da4ffffff,Business Support,264.989
8729a1da4ffffff,Construction,251.433
8729a1da4ffffff,Corporate,1.71
8729a1da4ffffff,Education,286.667
8729a1da4ffffff,Energy,82.093
8729a1da4ffffff,Financial,150.169
8729a1da4ffffff,Health,529.358
8729a1da4ffffff,Hospitality,357.863
8729a1da4ffffff,Information,76.289
8729a1da4ffffff,Manufacturing,847.899
8729a1da4ffffff,Professional Service,246.679
8729a1da4ffffff,Public Administration,162.593
8729a1da4ffffff,Real Estate,80.207
8729a1da4ffffff,Retail,315.457
8729a1da4ffffff,Transportation,469.55
8729a1da4ffffff,Wholesale,307.822
8729a1da5ffffff,Art/Culture,159.4
8729a1da5ffffff,Business Support,234.606
8729a1da5ffffff,Construction,295.477
8729a1da5ffffff,Corporate,1.766
8729a1da5ffffff,Education,349.559
8729a1da5ffffff,Energy,90.009
8729a1da5ffffff,Financial,151.949
8729a1da5ffffff,Health,644.358
8729a1da5ffffff,Hospitality,504.486
8729a1da5ffffff,Information,80.425
8729a1da5ffffff,Manufacturing,1703.077
8729a1da5ffffff,Professional Service,276.302
8729a1da5ffffff,Public Administration,174.485
8729a1da5ffffff,Real Estate,87.628
8729a1da5ffffff,Retail,377.17
8729a1da5ffffff,Transportation,749.224
8729a1da5ffffff,Wholesale,390.237
8729a1da6ffffff,Art/Culture,80.308
8729a1da6ffffff,Business Support,39.16
8729a1da6ffffff,Construction,90.952
8729a1da6ffffff,Corporate,2.138
8729a1da6ffffff,Education,187.731
8729a1da6ffffff,Energy,26.278
8729a1da6ffffff,Financial,46.448
8729a1da6ffffff,Health,331.979
8729a1da6ffffff,Hospitality,230.27
8729a1da6ffffff,Information,21.746
8729a1da6ffffff,Manufacturing,56.44
8729a1da6ffffff,Professional Service,69.74
8729a1da6ffffff,Public Administration,116.071
8729a1da6ffffff,Real Estate,8.638
8729a1da6ffffff,Retail,78.628
8729a1da6ffffff,Transportation,129.768
8729a1da6ffffff,Wholesale,75.998
8729a1da8ffffff,Art/Culture,31.721
8729a1da8ffffff,Business Support,54.325
8729a1da8ffffff,Construction,118.724
8729a1da8ffffff,Corporate,1.449
8729a1da8ffffff,Education,196.979
8729a1da8ffffff,Energy,34.788
8729a1da8ffffff,Financial,54.285
8729a1da8ffffff,Health,326.174
8729a1da8ffffff,Hospitality,162.877
8729a1da8ffffff,Information,12.177
8729a1da8ffffff,Manufacturing,316.716
8729a1da8ffffff,Professional Service,97.779
8729a1da8ffffff,Public Administration,134.773
8729a1da8ffffff,Real Estate,23.079
8729a1da8ffffff,Retail,138.076
8729a1da8ffffff,Transportation,339.813
8729a1da8ffffff,Wholesale,203.506
8729a1da9ffffff,Art/Culture,70.157
8729a1da9ffffff,Business Support,81.217
8729a1da9ffffff,Construction,111.178
8729a1da9ffffff,Corporate,1.437
8729a1da9ffffff,Education,267.723
8729a1da9ffffff,Energy,46.239
8729a1da9ffffff,Financial,93.255
8729a1da9ffffff,Health,357.433
8729a1da9ffffff,Hospitality,157.135
8729a1da9ffffff,Information,41.11
8729a1da9ffffff,Manufacturing,222.323
8729a1da9ffffff,Professional Service,295.569
8729a1da9ffffff,Public Administration,87.824
8729a1da9ffffff,Real Estate,53.162
8729a1da9ffffff,Retail,180.552
8729a1da9ffffff,Transportation,163.293
8729a1da9ffffff,Wholesale,123.676
8729a1dabffffff,Art/Culture,17.307
8729a1dabffffff,Business Support,24.433
8729a1dabffffff,Construction,15.748
8729a1dabffffff,Education,98.897
8729a1dabffffff,Energy,5.79
8729a1dabffffff,Financial,26.746
8729a1dabffffff,Health,154.107
8729a1dabffffff,Hospitality,32.978
8729a1dabffffff,Information,12.898
8729a1dabffffff,Manufacturing,16.507
8729a1dabffffff,Professional Service,59.191
8729a1dabffffff,Public Administration,21.18
8729a1dabffffff,Real Estate,15.506
8729a1dabffffff,Retail,21.434
8729a1dabffffff,Transportation,10.229
8729a1dabffffff,Wholesale,14.917
8729a1dacffffff,Art/Culture,46.66
8729a1dacffffff,Business Support,87.752
8729a1dacffffff,Construction,139.075
8729a1dacffffff,Education,463.215
8729a1dacffffff,Energy,29.912
8729a1dacffffff,Financial,65.654
8729a1dacffffff,Health,902.518
8729a1dacffffff,Hospitality,196.407
8729a1dacffffff,Information,16.581
8729a1dacffffff,Manufacturing,137.981
8729a1dacffffff,Professional Service,94.773
8729a1dacffffff,Public Administration,64.862
8729a1dacffffff,Real Estate,19.766
8729a1dacffffff,Retail,195.734
8729a1dacffffff,Transportation,177.662
8729a1dacffffff,Wholesale,214.101
8729a1dadffffff,Art/Culture,34.265
8729a1dadffffff,Business Support,159.873
8729a1dadffffff,Construction,240.852
8729a1dadffffff,Corporate,0.114
8729a1dadffffff,Education,327.802
8729a1dadffffff,Energy,18.623
8729a1dadffffff,Financial,100.549
8729a1dadffffff,Health,577.3
8729a1dadffffff,Hospitality,255.33
8729a1dadffffff,Information,46.297
8729a1dadffffff,Manufacturing,149.278
8729a1dadffffff,Professional Service,150.684
8729a1dadffffff,Public Administration,97.35
8729a1dadffffff,Real Estate,46.759
8729a1dadffffff,Retail,98.983
8729a1dadffffff,Transportation,109.191
8729a1dadffffff,Wholesale,76.036
8729a1daeffffff,Art/Culture,51.546
8729a1daeffffff,Business Support,89.781
8729a1daeffffff,Construction,193.75
8729a1daeffffff,Education,347.021
8729a1daeffffff,Energy,35.475
8729a1daeffffff,Financial,36.712
8729a1daeffffff,Health,672.938
8729a1daeffffff,Hospitality,189.575
8729a1daeffffff,Information,21.201
8729a1daeffffff,Manufacturing,589.868
8729a1daeffffff,Professional Service,50.612
8729a1daeffffff,Public Administration,124.446
8729a1daeffffff,Real Estate,24.083
8729a1daeffffff,Retail,184.8
8729a1daeffffff,Transportation,162.985
8729a1daeffffff,Wholesale,169.995
8729a1db0ffffff,Art/Culture,46.019
8729a1db0ffffff,Business Support,112.994
8729a1db0ffffff,Construction,32.945
8729a1db0ffffff,Corporate,2.008
8729a1db0ffffff,Education,105.065
8729a1db0ffffff,Energy,15.21
8729a1db0ffffff,Financial,66.961
8729a1db0ffffff,Health,191.042
8729a1db0ffffff,Hospitality,173.625
8729a1db0ffffff,Information,54.192
8729a1db0ffffff,Manufacturing,11.373
8729a1db0ffffff,Professional Service,113.224
8729a1db0ffffff,Public Administration,69.875
8729a1db0ffffff,Real Estate,44.102
8729a1db0ffffff,Retail,90.515
8729a1db0ffffff,Transportation,104.499
8729a1db0ffffff,Wholesale,59.122
8729a1db1ffffff,Art/Culture,90.595
8729a1db1ffffff,Business Support,229.274
8729a1db1ffffff,Construction,89.385
8729a1db1ffffff,Corporate,1.078
8729a1db1ffffff,Education,305.827
8729a1db1ffffff,Energy,45.407
8729a1db1ffffff,Financial,112.148
8729a1db1ffffff,Health,589.3
8729a1db1ffffff,Hospitality,329.926
8729a1db1ffffff,Information,79.896
8729a1db1ffffff,Manufacturing,47.671
8729a1db1ffffff,Professional Service,183.046
8729a1db1ffffff,Public Administration,185.292
8729a1db1ffffff,Real Estate,87.226
8729a1db1ffffff,Retail,241.516
8729a1db1ffffff,Transportation,233.065
8729a1db1ffffff,Wholesale,205.413
8729a1db2ffffff,Art/Culture,79.537
8729a1db2ffffff,Business Support,219.574
8729a1db2ffffff,Construction,97.212
8729a1db2ffffff,Corporate,4.793
8729a1db2ffffff,Education,289.434
8729a1db2ffffff,Energy,18.98
8729a1db2ffffff,Financial,207.51
8729a1db2ffffff,Health,476.245
8729a1db2ffffff,Hospitality,344.79
8729a1db2ffffff,Information,95.381
8729a1db2ffffff,Manufacturing,34.014
8729a1db2ffffff,Professional Service,285.837
8729a1db2ffffff,Public Administration,121.712
8729a1db2ffffff,Real Estate,114.488
8729a1db2ffffff,Retail,133.357
8729a1db2ffffff,Transportation,94.308
8729a1db2ffffff,Wholesale,37.42
8729a1db3ffffff,Art/Culture,182.824
8729a1db3ffffff,Business Support,368.734
8729a1db3ffffff,Construction,402.812
8729a1db3ffffff,Corporate,10.073
8729a1db3ffffff,Education,766.022
8729a1db3ffffff,Energy,50.507
8729a1db3ffffff,Financial,206.889
8729a1db3ffffff,Health,1487.815
8729a1db3ffffff,Hospitality,533.972
8729a1db3ffffff,Information,105.572
8729a1db3ffffff,Manufacturing,301.139
8729a1db3ffffff,Professional Service,441.199
8729a1db3ffffff,Public Administration,339.218
8729a1db3ffffff,Real Estate,173.215
8729a1db3ffffff,Retail,261.175
8729a1db3ffffff,Transportation,199.454
8729a1db3ffffff,Wholesale,172.13
8729a1db4ffffff,Art/Culture,23.062
8729a1db4ffffff,Business Support,32.023
8729a1db4ffffff,Construction,14.15
8729a1db4ffffff,Corporate,2.06
8729a1db4ffffff,Education,65.671
8729a1db4ffffff,Energy,11.557
8729a1db4ffffff,Financial,22.208
8729a1db4ffffff,Health,97.391
8729a1db4ffffff,Hospitality,70.077
8729a1db4ffffff,Information,15.021
8729a1db4ffffff,Manufacturing,30.631
8729a1db4ffffff,Professional Service,101.567
8729a1db4ffffff,Public Administration,22.097
8729a1db4ffffff,Real Estate,21.298
8729a1db4ffffff,Retail,60.552
8729a1db4ffffff,Transportation,46.168
8729a1db4ffffff,Wholesale,41.531
8729a1db5ffffff,Art/Culture,75.473
8729a1db5ffffff,Business Support,86.555
8729a1db5ffffff,Construction,68.08
8729a1db5ffffff,Corporate,2.164
8729a1db5ffffff,Education,178.487
8729a1db5ffffff,Energy,19.399
8729a1db5ffffff,Financial,20.127
8729a1db5ffffff,Health,183.837
8729a1db5ffffff,Hospitality,230.327
8729a1db5ffffff,Information,108.065
8729a1db5ffffff,Manufacturing,20.797
8729a1db5ffffff,Professional Service,123.732
8729a1db5ffffff,Public Administration,98.256
8729a1db5ffffff,Real Estate,27.137
8729a1db5ffffff,Retail,147.143
8729a1db5ffffff,Transportation,260.038
8729a1db5ffffff,Wholesale,83.261
8729a1db6ffffff,Art/Culture,8.212
8729a1db6ffffff,Business Support,7.958
8729a1db6ffffff,Construction,43.915
8729a1db6ffffff,Corporate,0.163
8729a1db6ffffff,Education,218.577
8729a1db6ffffff,Energy,3.283
8729a1db6ffffff,Financial,3.591
8729a1db6ffffff,Health,466.977
8729a1db6ffffff,Hospitality,21.116
8729a1db6ffffff,Information,3.218
8729a1db6ffffff,Manufacturing,14.201
8729a1db6ffffff,Professional Service,32.377
8729a1db6ffffff,Public Administration,9.607
8729a1db6ffffff,Real Estate,9.283
8729a1db6ffffff,Retail,20.455
8729a1db6ffffff,Transportation,20.098
8729a1db6ffffff,Wholesale,16.613
8729a5600ffffff,Art/Culture,69.355
8729a5600ffffff,Business Support,336.147
8729a5600ffffff,Construction,705.961
8729a5600ffffff,Corporate,7.846
8729a5600ffffff,Education,328.756
8729a5600ffffff,Energy,81.638
8729a5600ffffff,Financial,95.744
8729a5600ffffff,Health,501.716
8729a5600ffffff,Hospitality,291.724
8729a5600ffffff,Information,131.243
8729a5600ffffff,Manufacturing,613.54
8729a5600ffffff,Professional Service,271.958
8729a5600ffffff,Public Administration,243.266
8729a5600ffffff,Real Estate,97.264
8729a5600ffffff,Retail,992.729
8729a5600ffffff,Transportation,1048.376
8729a5600ffffff,Wholesale,392.098
8729a5601ffffff,Art/Culture,136.761
8729a5601ffffff,Business Support,111.195
8729a5601ffffff,Construction,638.398
8729a5601ffffff,Corporate,3.622
8729a5601ffffff,Education,1211.115
8729a5601ffffff,Energy,17.554
8729a5601ffffff,Financial,60.211
8729a5601ffffff,Health,2018.434
8729a5601ffffff,Hospitality,277.031
8729a5601ffffff,Information,41.48
8729a5601ffffff,Manufacturing,505.592
8729a5601ffffff,Professional Service,124.133
8729a5601ffffff,Public Administration,177.916
8729a5601ffffff,Real Estate,48.142
8729a5601ffffff,Retail,201.851
8729a5601ffffff,Transportation,216.78
8729a5601ffffff,Wholesale,104.889
8729a5602ffffff,Art/Culture,34.127
8729a5602ffffff,Business Support,112.95
8729a5602ffffff,Construction,312.146
8729a5602ffffff,Corporate,5.701
8729a5602ffffff,Education,124.521
8729a5602ffffff,Energy,46.031
8729a5602ffffff,Financial,35.03
8729a5602ffffff,Health,221.783
8729a5602ffffff,Hospitality,102.452
8729a5602ffffff,Information,43.249
8729a5602ffffff,Manufacturing,718.484
8729a5602ffffff,Professional Service,96.453
8729a5602ffffff,Public Administration,151.501
8729a5602ffffff,Real Estate,34.555
8729a5602ffffff,Retail,625.443
8729a5602ffffff,Transportation,669.779
8729a5602ffffff,Wholesale,259.572
8729a5603ffffff,Art/Culture,96.702
8729a5603ffffff,Business Support,166.756
8729a5603ffffff,Construction,375.223
8729a5603ffffff,Corporate,0.441
8729a5603ffffff,Education,219.46
8729a5603ffffff,Energy,36.801
8729a5603ffffff,Financial,72.595
8729a5603ffffff,Health,462.469
8729a5603ffffff,Hospitality,297.349
8729a5603ffffff,Information,37.638
8729a5603ffffff,Manufacturing,500.87
8729a5603ffffff,Professional Service,128.676
8729a5603ffffff,Public Administration,113.803
8729a5603ffffff,Real Estate,48.793
8729a5603ffffff,Retail,469.605
8729a5603ffffff,Transportation,685.022
8729a5603ffffff,Wholesale,263.246
8729a5605ffffff,Art/Culture,56.473
8729a5605ffffff,Business Support,61.084
8729a5605ffffff,Construction,127.953
8729a5605ffffff,Corporate,0.079
8729a5605ffffff,Education,142.336
8729a5605ffffff,Energy,46.975
8729a5605ffffff,Financial,39.343
8729a5605ffffff,Health,152.115
8729a5605ffffff,Hospitality,144.769
8729a5605ffffff,Information,24.952
8729a5605ffffff,Manufacturing,216.883
8729a5605ffffff,Professional Service,120.103
8729a5605ffffff,Public Administration,67.462
8729a5605ffffff,Real Estate,42.484
8729a5605ffffff,Retail,282.4
8729a5605ffffff,Transportation,458.449
8729a5605ffffff,Wholesale,184.177
8729a5608ffffff,Art/Culture,143.279
8729a5608ffffff,Business Support,449.273
8729a5608ffffff,Construction,600.264
8729a5608ffffff,Corporate,4.698
8729a5608ffffff,Education,741.236
8729a5608ffffff,Energy,32.778
8729a5608ffffff,Financial,272.575
8729a5608ffffff,Health,1039.173
8729a5608ffffff,Hospitality,449.535
8729a5608ffffff,Information,251.971
8729a5608ffffff,Manufacturing,1369.547
8729a5608ffffff,Professional Service,655.955
8729a5608ffffff,Public Administration,275.06
8729a5608ffffff,Real Estate,204.798
8729a5608ffffff,Retail,330.947
8729a5608ffffff,Transportation,453.83
8729a5608ffffff,Wholesale,262.185
8729a5609ffffff,Art/Culture,373.569
8729a5609ffffff,Business Support,929.139
8729a5609ffffff,Construction,845.709
8729a5609ffffff,Corporate,24.91
8729a5609ffffff,Education,1062.372
8729a5609ffffff,Energy,94.462
8729a5609ffffff,Financial,767.892
8729a5609ffffff,Health,1789.83
8729a5609ffffff,Hospitality,1162.77
8729a5609ffffff,Information,447.092
8729a5609ffffff,Manufacturing,2322.461
8729a5609ffffff,Professional Service,1391.087
8729a5609ffffff,Public Administration,484.951
8729a5609ffffff,Real Estate,374.223
8729a5609ffffff,Retail,821.946
8729a5609ffffff,Transportation,1398.126
8729a5609ffffff,Wholesale,657.136
8729a560affffff,Art/Culture,114.141
8729a560affffff,Business Support,299.929
8729a560affffff,Construction,574.702
8729a560affffff,Corporate,3.394
8729a560affffff,Education,1339.21
8729a560affffff,Energy,39.715
8729a560affffff,Financial,181.181
8729a560affffff,Health,2519.977
8729a560affffff,Hospitality,520.09
8729a560affffff,Information,127.659
8729a560affffff,Manufacturing,436.359
8729a560affffff,Professional Service,460.808
8729a560affffff,Public Administration,380.787
8729a560affffff,Real Estate,145.947
8729a560affffff,Retail,338.597
8729a560affffff,Transportation,426.189
8729a560affffff,Wholesale,231.433
8729a560bffffff,Art/Culture,202.554
8729a560bffffff,Business Support,1546.835
8729a560bffffff,Construction,778.25
8729a560bffffff,Corporate,22.966
8729a560bffffff,Education,639.472
8729a560bffffff,Energy,117.823
8729a560bffffff,Financial,887.356
8729a560bffffff,Health,1252.187
8729a560bffffff,Hospitality,657.107
8729a560bffffff,Information,733.468
8729a560bffffff,Manufacturing,3821.605
8729a560bffffff,Professional Service,1930.549
8729a560bffffff,Public Administration,393.889
8729a560bffffff,Real Estate,601.784
8729a560bffffff,Retail,1191.158
8729a560bffffff,Transportation,1678.43
8729a560bffffff,Wholesale,957.662
8729a560cffffff,Art/Culture,116.596
8729a560cffffff,Business Support,270.663
8729a560cffffff,Construction,422.944
8729a560cffffff,Corporate,8.748
8729a560cffffff,Education,799.162
8729a560cffffff,Energy,29.936
8729a560cffffff,Financial,179.379
8729a560cffffff,Health,1123.776
8729a560cffffff,Hospitality,483.562
8729a560cffffff,Information,156.647
8729a560cffffff,Manufacturing,496.956
8729a560cffffff,Professional Service,478.263
8729a560cffffff,Public Administration,206.241
8729a560cffffff,Real Estate,139.769
8729a560cffffff,Retail,273.238
8729a560cffffff,Transportation,293.467
8729a560cffffff,Wholesale,157.531
8729a560dffffff,Art/Culture,385.183
8729a560dffffff,Business Support,505.827
8729a560dffffff,Construction,732.619
8729a560dffffff,Corporate,13.093
8729a560dffffff,Education,1982.636
8729a560dffffff,Energy,97.032
8729a560dffffff,Financial,430.468
8729a560dffffff,Health,3323.168
8729a560dffffff,Hospitality,1201.636
8729a560dffffff,Information,316.508
8729a560dffffff,Manufacturing,4491.777
8729a560dffffff,Professional Service,952.447
8729a560dffffff,Public Administration,383.968
8729a560dffffff,Real Estate,290.884
8729a560dffffff,Retail,1155.953
8729a560dffffff,Transportation,1307.284
8729a560dffffff,Wholesale,524.605
8729a560effffff,Art/Culture,82.379
8729a560effffff,Business Support,254.562
8729a560effffff,Construction,327.562
8729a560effffff,Corporate,3.195
8729a560effffff,Education,480.348
8729a560effffff,Energy,42.795
8729a560effffff,Financial,108.056
8729a560effffff,Health,560.413
8729a560effffff,Hospitality,201.283
8729a560effffff,Information,79.706
8729a560effffff,Manufacturing,496.104
8729a560effffff,Professional Service,235.211
8729a560effffff,Public Administration,123.769
8729a560effffff,Real Estate,45.782
8729a560effffff,Retail,199.659
8729a560effffff,Transportation,470.102
8729a560effffff,Wholesale,160.897
8729a5610ffffff,Art/Culture,109.31
8729a5610ffffff,Business Support,394.343
8729a5610ffffff,Construction,227.273
8729a5610ffffff,Corporate,17.442
8729a5610ffffff,Education,989.579
8729a5610ffffff,Energy,48.671
8729a5610ffffff,Financial,201.167
8729a5610ffffff,Health,2108.804
8729a5610ffffff,Hospitality,504.883
8729a5610ffffff,Information,210.333
8729a5610ffffff,Manufacturing,504.007
8729a5610ffffff,Professional Service,377.87
8729a5610ffffff,Public Administration,384.861
8729a5610ffffff,Real Estate,140.135
8729a5610ffffff,Retail,574.128
8729a5610ffffff,Transportation,599.163
8729a5610ffffff,Wholesale,168.411
8729a5611ffffff,Art/Culture,15.083
8729a5611ffffff,Business Support,31.124
8729a5611ffffff,Construction,77.455
8729a5611ffffff,Corporate,0.689
8729a5611ffffff,Education,181.276
8729a5611ffffff,Energy,7.711
8729a5611ffffff,Financial,12.123
8729a5611ffffff,Health,325.758
8729a5611ffffff,Hospitality,40.076
8729a5611ffffff,Information,9.405
8729a5611ffffff,Manufacturing,233.8
8729a5611ffffff,Professional Service,40.25
8729a5611ffffff,Public Administration,22.451
8729a5611ffffff,Real Estate,17.386
8729a5611ffffff,Retail,67.609
8729a5611ffffff,Transportation,77.02
8729a5611ffffff,Wholesale,36.023
8729a5612ffffff,Art/Culture,302.939
8729a5612ffffff,Business Support,910.569
8729a5612ffffff,Construction,2012.66
8729a5612ffffff,Corporate,14.666
8729a5612ffffff,Education,419.346
8729a5612ffffff,Energy,145.84
8729a5612ffffff,Financial,529.927
8729a5612ffffff,Health,717.565
8729a5612ffffff,Hospitality,775.78
8729a5612ffffff,Information,440.239
8729a5612ffffff,Manufacturing,1216.974
8729a5612ffffff,Professional Service,1074.442
8729a5612ffffff,Public Administration,331.275
8729a5612ffffff,Real Estate,365.37
8729a5612ffffff,Retail,962.623
8729a5612ffffff,Transportation,1221.614
8729a5612ffffff,Wholesale,586.878
8729a5613ffffff,Art/Culture,170.458
8729a5613ffffff,Business Support,264.841
8729a5613ffffff,Construction,467.053
8729a5613ffffff,Corporate,2.814
8729a5613ffffff,Education,2860.798
8729a5613ffffff,Energy,75.092
8729a5613ffffff,Financial,154.183
8729a5613ffffff,Health,5004.057
8729a5613ffffff,Hospitality,647.474
8729a5613ffffff,Information,130.082
8729a5613ffffff,Manufacturing,292.095
8729a5613ffffff,Professional Service,288.501
8729a5613ffffff,Public Administration,239.713
8729a5613ffffff,Real Estate,114.68
8729a5613ffffff,Retail,501.811
8729a5613ffffff,Transportation,444.409
8729a5613ffffff,Wholesale,134.997
8729a5614ffffff,Art/Culture,954.686
8729a5614ffffff,Business Support,1749.06
8729a5614ffffff,Construction,1106.468
8729a5614ffffff,Corporate,51.751
8729a5614ffffff,Education,1002.529
8729a5614ffffff,Energy,182.429
8729a5614ffffff,Financial,1295.143
8729a5614ffffff,Health,1945.829
8729a5614ffffff,Hospitality,3060.896
8729a5614ffffff,Information,813.671
8729a5614ffffff,Manufacturing,519.48
8729a5614ffffff,Professional Service,2996.631
8729a5614ffffff,Public Administration,2250.254
8729a5614ffffff,Real Estate,727.987
8729a5614ffffff,Retail,1267.136
8729a5614ffffff,Transportation,1319.357
8729a5614ffffff,Wholesale,522.311
8729a5615ffffff,Art/Culture,259.999
8729a5615ffffff,Business Support,409.401
8729a5615ffffff,Construction,996.963
8729a5615ffffff,Corporate,8.431
8729a5615ffffff,Education,208.88
8729a5615ffffff,Energy,243.741
8729a5615ffffff,Financial,268.242
8729a5615ffffff,Health,338.439
8729a5615ffffff,Hospitality,759.143
8729a5615ffffff,Information,189.929
8729a5615ffffff,Manufacturing,1869.226
8729a5615ffffff,Professional Service,551.208
8729a5615ffffff,Public Administration,550.41
8729a5615ffffff,Real Estate,178.833
8729a5615ffffff,Retail,2310.72
8729a5615ffffff,Transportation,2212.383
8729a5615ffffff,Wholesale,1053.703
8729a5616ffffff,Art/Culture,227.516
8729a5616ffffff,Business Support,514.062
8729a5616ffffff,Construction,551.283
8729a5616ffffff,Corporate,5.355
8729a5616ffffff,Education,1031.269
8729a5616ffffff,Energy,72.663
8729a5616ffffff,Financial,322.976
8729a5616ffffff,Health,1653.476
8729a5616ffffff,Hospitality,822.895
8729a5616ffffff,Information,260.133
8729a5616ffffff,Manufacturing,413.556
8729a5616ffffff,Professional Service,739.431
8729a5616ffffff,Public Administration,539.648
8729a5616ffffff,Real Estate,126.801
8729a5616ffffff,Retail,828.38
8729a5616ffffff,Transportation,789.34
8729a5616ffffff,Wholesale,337.363
8729a5618ffffff,Art/Culture,79.065
8729a5618ffffff,Business Support,564.334
8729a5618ffffff,Construction,993.913
8729a5618ffffff,Corporate,4.699
8729a5618ffffff,Education,176.065
8729a5618ffffff,Energy,76.628
8729a5618ffffff,Financial,188.143
8729a5618ffffff,Health,337.354
8729a5618ffffff,Hospitality,305.219
8729a5618ffffff,Information,121.427
8729a5618ffffff,Manufacturing,1470.327
8729a5618ffffff,Professional Service,426.534
8729a5618ffffff,Public Administration,182.123
8729a5618ffffff,Real Estate,121.883
8729a5618ffffff,Retail,454.868
8729a5618ffffff,Transportation,1014.404
8729a5618ffffff,Wholesale,535.182
8729a5619ffffff,Art/Culture,56.889
8729a5619ffffff,Business Support,189.222
8729a5619ffffff,Construction,202.767
8729a5619ffffff,Corporate,0.795
8729a5619ffffff,Education,230.127
8729a5619ffffff,Energy,37.391
8729a5619ffffff,Financial,72.405
8729a5619ffffff,Health,328.56
8729a5619ffffff,Hospitality,222.007
8729a5619ffffff,Information,48.67
8729a5619ffffff,Manufacturing,467.723
8729a5619ffffff,Professional Service,123.243
8729a5619ffffff,Public Administration,92.517
8729a5619ffffff,Real Estate,35.586
8729a5619ffffff,Retail,178.565
8729a5619ffffff,Transportation,380.997
8729a5619ffffff,Wholesale,163.026
8729a561cffffff,Art/Culture,13.568
8729a561cffffff,Business Support,165.463
8729a561cffffff,Construction,413.668
8729a561cffffff,Corporate,0.07
8729a561cffffff,Education,23.464
8729a561cffffff,Energy,29.608
8729a561cffffff,Financial,53.692
8729a561cffffff,Health,33.511
8729a561cffffff,Hospitality,29.354
8729a561cffffff,Information,18.606
8729a561cffffff,Manufacturing,1355.314
8729a561cffffff,Professional Service,80.057
8729a561cffffff,Public Administration,18.005
8729a561cffffff,Real Estate,28.99
8729a561cffffff,Retail,283.328
8729a561cffffff,Transportation,376.933
8729a561cffffff,Wholesale,183.626
8729a561dffffff,Art/Culture,145.853
8729a561dffffff,Business Support,516.244
8729a561dffffff,Construction,347.905
8729a561dffffff,Corporate,4.981
8729a561dffffff,Education,507.442
8729a561dffffff,Energy,65.583
8729a561dffffff,Financial,151.875
8729a561dffffff,Health,856.19
8729a561dffffff,Hospitality,594.061
8729a561dffffff,Information,110.271
8729a561dffffff,Manufacturing,877.581
8729a561dffffff,Professional Service,355.349
8729a561dffffff,Public Administration,215.717
8729a561dffffff,Real Estate,119.228
8729a561dffffff,Retail,775.694
8729a561dffffff,Transportation,927.567
8729a561dffffff,Wholesale,433.99
8729a561effffff,Art/Culture,24.935
8729a561effffff,Business Support,397.694
8729a561effffff,Construction,314.999
8729a561effffff,Corporate,8.441
8729a561effffff,Education,728.491
8729a561effffff,Energy,47.074
8729a561effffff,Financial,215.418
8729a561effffff,Health,1019.947
8729a561effffff,Hospitality,134.679
8729a561effffff,Information,147.983
8729a561effffff,Manufacturing,665.602
8729a561effffff,Professional Service,378.39
8729a561effffff,Public Administration,90.743
8729a561effffff,Real Estate,130.804
8729a561effffff,Retail,375.528
8729a561effffff,Transportation,376.65
8729a561effffff,Wholesale,156.25
8729a5620ffffff,Art/Culture,57.202
8729a5620ffffff,Business Support,80.559
8729a5620ffffff,Construction,203.938
8729a5620ffffff,Corporate,0.196
8729a5620ffffff,Education,176.61
8729a5620ffffff,Energy,23.136
8729a5620ffffff,Financial,123.774
8729a5620ffffff,Health,262.582
8729a5620ffffff,Hospitality,217.53
8729a5620ffffff,Information,73.455
8729a5620ffffff,Manufacturing,74.884
8729a5620ffffff,Professional Service,150.164
8729a5620ffffff,Public Administration,83.24
8729a5620ffffff,Real Estate,50.169
8729a5620ffffff,Retail,161.894
8729a5620ffffff,Transportation,221.677
8729a5620ffffff,Wholesale,92.287
8729a5621ffffff,Art/Culture,97.233
8729a5621ffffff,Business Support,31.188
8729a5621ffffff,Construction,96.014
8729a5621ffffff,Corporate,0.378
8729a5621ffffff,Education,208.465
8729a5621ffffff,Energy,14.139
8729a5621ffffff,Financial,62.997
8729a5621ffffff,Health,332.141
8729a5621ffffff,Hospitality,108.259
8729a5621ffffff,Information,64.492
8729a5621ffffff,Manufacturing,58.779
8729a5621ffffff,Professional Service,166.097
8729a5621ffffff,Public Administration,100.151
8729a5621ffffff,Real Estate,23.376
8729a5621ffffff,Retail,98.844
8729a5621ffffff,Transportation,144.042
8729a5621ffffff,Wholesale,56.59
8729a5623ffffff,Art/Culture,155.685
8729a5623ffffff,Business Support,150.759
8729a5623ffffff,Construction,492.249
8729a5623ffffff,Corporate,15.559
8729a5623ffffff,Education,377.055
8729a5623ffffff,Energy,62.864
8729a5623ffffff,Financial,89.048
8729a5623ffffff,Health,633.43
8729a5623ffffff,Hospitality,454.736
8729a5623ffffff,Information,88.048
8729a5623ffffff,Manufacturing,142.892
8729a5623ffffff,Professional Service,300.081
8729a5623ffffff,Public Administration,466.293
8729a5623ffffff,Real Estate,115.12
8729a5623ffffff,Retail,346.85
8729a5623ffffff,Transportation,476.601
8729a5623ffffff,Wholesale,163.937
8729a5625ffffff,Art/Culture,0.017
8729a5625ffffff,Business Support,0.731
8729a5625ffffff,Construction,0.783
8729a5625ffffff,Education,9.624
8729a5625ffffff,Energy,3.795
8729a5625ffffff,Financial,1.462
8729a5625ffffff,Health,15.576
8729a5625ffffff,Hospitality,2.959
8729a5625ffffff,Information,9.432
8729a5625ffffff,Manufacturing,3.116
8729a5625ffffff,Professional Service,30.887
8729a5625ffffff,Public Administration,1.427
8729a5625ffffff,Real Estate,12.25
8729a5625ffffff,Retail,2.994
8729a5625ffffff,Transportation,5.344
8729a5625ffffff,Wholesale,0.731
8729a5626ffffff,Art/Culture,106.489
8729a5626ffffff,Business Support,60.932
8729a5626ffffff,Construction,275.432
8729a5626ffffff,Corporate,1.057
8729a5626ffffff,Education,26.482
8729a5626ffffff,Energy,96.548
8729a5626ffffff,Financial,41.365
8729a5626ffffff,Health,42.207
8729a5626ffffff,Hospitality,323.395
8729a5626ffffff,Information,35.986
8729a5626ffffff,Manufacturing,228.667
8729a5626ffffff,Professional Service,81.901
8729a5626ffffff,Public Administration,170.081
8729a5626ffffff,Real Estate,33.031
8729a5626ffffff,Retail,932.624
8729a5626ffffff,Transportation,1134.546
8729a5626ffffff,Wholesale,542.267
8729a5628ffffff,Art/Culture,5.181
8729a5628ffffff,Business Support,19.418
8729a5628ffffff,Construction,20.449
8729a5628ffffff,Education,52.102
8729a5628ffffff,Energy,0.377
8729a5628ffffff,Financial,27.101
8729a5628ffffff,Health,91.937
8729a5628ffffff,Hospitality,21.514
8729a5628ffffff,Information,17.053
8729a5628ffffff,Manufacturing,20.008
8729a5628ffffff,Professional Service,63.191
8729a5628ffffff,Public Administration,33.906
8729a5628ffffff,Real Estate,18.789
8729a5628ffffff,Retail,13.262
8729a5628ffffff,Transportation,8.479
8729a5628ffffff,Wholesale,20.55
8729a5629ffffff,Art/Culture,107.864
8729a5629ffffff,Business Support,115.565
8729a5629ffffff,Construction,45.392
8729a5629ffffff,Corporate,3.711
8729a5629ffffff,Education,225.87
8729a5629ffffff,Energy,10.367
8729a5629ffffff,Financial,127.178
8729a5629ffffff,Health,386.457
8729a5629ffffff,Hospitality,340.273
8729a5629ffffff,Information,127.762
8729a5629ffffff,Manufacturing,75.514
8729a5629ffffff,Professional Service,365.368
8729a5629ffffff,Public Administration,109.705
8729a5629ffffff,Real Estate,105.568
8729a5629ffffff,Retail,132.05
8729a5629ffffff,Transportation,134.41
8729a5629ffffff,Wholesale,81.646
8729a562affffff,Art/Culture,82.526
8729a562affffff,Business Support,229.918
8729a562affffff,Construction,432.923
8729a562affffff,Corporate,6.57
8729a562affffff,Education,608.783
8729a562affffff,Energy,38.143
8729a562affffff,Financial,232.916
8729a562affffff,Health,756.363
8729a562affffff,Hospitality,294.55
8729a562affffff,Information,187.696
8729a562affffff,Manufacturing,295.385
8729a562affffff,Professional Service,485.761
8729a562affffff,Public Administration,234.985
8729a562affffff,Real Estate,111.894
8729a562affffff,Retail,226.176
8729a562affffff,Transportation,323.536
8729a562affffff,Wholesale,176.385
8729a562bffffff,Art/Culture,101.766
8729a562bffffff,Business Support,144.978
8729a562bffffff,Construction,252.903
8729a562bffffff,Corporate,3.712
8729a562bffffff,Education,460.787
8729a562bffffff,Energy,19.989
8729a562bffffff,Financial,138.489
8729a562bffffff,Health,689.013
8729a562bffffff,Hospitality,312.146
8729a562bffffff,Information,106.828
8729a562bffffff,Manufacturing,601.287
8729a562bffffff,Professional Service,367.555
8729a562bffffff,Public Administration,120.03
8729a562bffffff,Real Estate,144.303
8729a562bffffff,Retail,202.594
8729a562bffffff,Transportation,245.576
8729a562bffffff,Wholesale,115.194
8729a5650ffffff,Art/Culture,198.477
8729a5650ffffff,Business Support,261.316
8729a5650ffffff,Construction,722.571
8729a5650ffffff,Corporate,10.618
8729a5650ffffff,Education,499.079
8729a5650ffffff,Energy,53.259
8729a5650ffffff,Financial,176.717
8729a5650ffffff,Health,638.327
8729a5650ffffff,Hospitality,535.13
8729a5650ffffff,Information,189.035
8729a5650ffffff,Manufacturing,407.711
8729a5650ffffff,Professional Service,751.183
8729a5650ffffff,Public Administration,195.698
8729a5650ffffff,Real Estate,157.233
8729a5650ffffff,Retail,488.727
8729a5650ffffff,Transportation,721.293
8729a5650ffffff,Wholesale,314.875
8729a5651ffffff,Art/Culture,331.805
8729a5651ffffff,Business Support,277.624
8729a5651ffffff,Construction,387.597
8729a5651ffffff,Corporate,3.2
8729a5651ffffff,Education,1032.065
8729a5651ffffff,Energy,33.943
8729a5651ffffff,Financial,353.714
8729a5651ffffff,Health,1203.706
8729a5651ffffff,Hospitality,704.74
8729a5651ffffff,Information,500.486
8729a5651ffffff,Manufacturing,953.344
8729a5651ffffff,Professional Service,1481.69
8729a5651ffffff,Public Administration,395.075
8729a5651ffffff,Real Estate,283.038
8729a5651ffffff,Retail,537.573
8729a5651ffffff,Transportation,413.273
8729a5651ffffff,Wholesale,196.073
8729a5652ffffff,Art/Culture,112.78
8729a5652ffffff,Business Support,118.238
8729a5652ffffff,Construction,281.493
8729a5652ffffff,Corporate,0.24
8729a5652ffffff,Education,546.895
8729a5652ffffff,Energy,15.689
8729a5652ffffff,Financial,105.448
8729a5652ffffff,Health,1006.426
8729a5652ffffff,Hospitality,265.369
8729a5652ffffff,Information,134.931
8729a5652ffffff,Manufacturing,189.178
8729a5652ffffff,Professional Service,208.667
8729a5652ffffff,Public Administration,140.759
8729a5652ffffff,Real Estate,51.385
8729a5652ffffff,Retail,160.135
8729a5652ffffff,Transportation,170.073
8729a5652ffffff,Wholesale,101.602
8729a5653ffffff,Art/Culture,231.301
8729a5653ffffff,Business Support,483.763
8729a5653ffffff,Construction,885.361
8729a5653ffffff,Corporate,9.628
8729a5653ffffff,Education,644.572
8729a5653ffffff,Energy,47.766
8729a5653ffffff,Financial,260.901
8729a5653ffffff,Health,930.072
8729a5653ffffff,Hospitality,692.773
8729a5653ffffff,Information,314.926
8729a5653ffffff,Manufacturing,5517.588
8729a5653ffffff,Professional Service,1114.883
8729a5653ffffff,Public Administration,278.071
8729a5653ffffff,Real Estate,302.557
8729a5653ffffff,Retail,589.332
8729a5653ffffff,Transportation,594.565
8729a5653ffffff,Wholesale,357.93
8729a5654ffffff,Art/Culture,499.174
8729a5654ffffff,Business Support,467.733
8729a5654ffffff,Construction,381.402
8729a5654ffffff,Corporate,5.735
8729a5654ffffff,Education,1786.748
8729a5654ffffff,Energy,69.686
8729a5654ffffff,Financial,406.104
8729a5654ffffff,Health,3440.862
8729a5654ffffff,Hospitality,1279.979
8729a5654ffffff,Information,358.834
8729a5654ffffff,Manufacturing,786.321
8729a5654ffffff,Professional Service,1158.767
8729a5654ffffff,Public Administration,244.417
8729a5654ffffff,Real Estate,192.695
8729a5654ffffff,Retail,623.76
8729a5654ffffff,Transportation,1076.005
8729a5654ffffff,Wholesale,415.61
8729a5655ffffff,Art/Culture,408.995
8729a5655ffffff,Business Support,223.959
8729a5655ffffff,Construction,305.313
8729a5655ffffff,Corporate,18.889
8729a5655ffffff,Education,635.082
8729a5655ffffff,Energy,67.031
8729a5655ffffff,Financial,229.084
8729a5655ffffff,Health,936.385
8729a5655ffffff,Hospitality,706.902
8729a5655ffffff,Information,373.329
8729a5655ffffff,Manufacturing,377.885
8729a5655ffffff,Professional Service,1263.785
8729a5655ffffff,Public Administration,333.416
8729a5655ffffff,Real Estate,298.679
8729a5655ffffff,Retail,372.253
8729a5655ffffff,Transportation,425.782
8729a5655ffffff,Wholesale,219.45
8729a5656ffffff,Art/Culture,48.767
8729a5656ffffff,Business Support,523.037
8729a5656ffffff,Construction,410.312
8729a5656ffffff,Corporate,9.947
8729a5656ffffff,Education,280.479
8729a5656ffffff,Energy,59.104
8729a5656ffffff,Financial,263.416
8729a5656ffffff,Health,422.144
8729a5656ffffff,Hospitality,158.535
8729a5656ffffff,Information,179.138
8729a5656ffffff,Manufacturing,1897.287
8729a5656ffffff,Professional Service,496.524
8729a5656ffffff,Public Administration,211.577
8729a5656ffffff,Real Estate,160.136
8729a5656ffffff,Retail,396.659
8729a5656ffffff,Transportation,730.677
8729a5656ffffff,Wholesale,402.21
8729a5658ffffff,Art/Culture,225.833
8729a5658ffffff,Business Support,243.411
8729a5658ffffff,Construction,646.541
8729a5658ffffff,Corporate,9.68
8729a5658ffffff,Education,170.671
8729a5658ffffff,Energy,25.657
8729a5658ffffff,Financial,292.226
8729a5658ffffff,Health,318.163
8729a5658ffffff,Hospitality,603.503
8729a5658ffffff,Information,337.18
8729a5658ffffff,Manufacturing,1930.254
8729a5658ffffff,Professional Service,830.258
8729a5658ffffff,Public Administration,219.423
8729a5658ffffff,Real Estate,161.683
8729a5658ffffff,Retail,279.334
8729a5658ffffff,Transportation,245.038
8729a5658ffffff,Wholesale,102.572
8729a5659ffffff,Art/Culture,1164.798
8729a5659ffffff,Business Support,1781.761
8729a5659ffffff,Construction,1955.57
8729a5659ffffff,Corporate,19.995
8729a5659ffffff,Education,690.972
8729a5659ffffff,Energy,598.865
8729a5659ffffff,Financial,806.134
8729a5659ffffff,Health,966.213
8729a5659ffffff,Hospitality,4580.867
8729a5659ffffff,Information,948.946
8729a5659ffffff,Manufacturing,1216.984
8729a5659ffffff,Professional Service,2132.255
8729a5659ffffff,Public Administration,1096.22
8729a5659ffffff,Real Estate,632.107
8729a5659ffffff,Retail,10940.252
8729a5659ffffff,Transportation,7702.458
8729a5659ffffff,Wholesale,3548.914
8729a565affffff,Art/Culture,646.799
8729a565affffff,Business Support,2700.497
8729a565affffff,Construction,1338.315
8729a565affffff,Corporate,51.857
8729a565affffff,Education,704.642
8729a565affffff,Energy,173.892
8729a565affffff,Financial,1945.251
8729a565affffff,Health,938.055
8729a565affffff,Hospitality,1771.449
8729a565affffff,Information,2051.519
8729a565affffff,Manufacturing,10057.84
8729a565affffff,Professional Service,4365.073
8729a565affffff,Public Administration,739.59
8729a565affffff,Real Estate,1317.805
8729a565affffff,Retail,2357.968
8729a565affffff,Transportation,1804.855
8729a565affffff,Wholesale,940.185
8729a565cffffff,Art/Culture,374.948
8729a565cffffff,Business Support,172.283
8729a565cffffff,Construction,318.274
8729a565cffffff,Corporate,6.954
8729a565cffffff,Education,486.732
8729a565cffffff,Energy,39.381
8729a565cffffff,Financial,462.572
8729a565cffffff,Health,562.281
8729a565cffffff,Hospitality,733.648
8729a565cffffff,Information,362.271
8729a565cffffff,Manufacturing,209.709
8729a565cffffff,Professional Service,1161.255
8729a565cffffff,Public Administration,316.435
8729a565cffffff,Real Estate,222.98
8729a565cffffff,Retail,274.336
8729a565cffffff,Transportation,238.471
8729a565cffffff,Wholesale,189.673
8729a565effffff,Art/Culture,324.357
8729a565effffff,Business Support,1197.997
8729a565effffff,Construction,649.237
8729a565effffff,Corporate,23.492
8729a565effffff,Education,372.106
8729a565effffff,Energy,73.574
8729a565effffff,Financial,893.449
8729a565effffff,Health,531.479
8729a565effffff,Hospitality,782.174
8729a565effffff,Information,979.777
8729a565effffff,Manufacturing,4849.107
8729a565effffff,Professional Service,2076.039
8729a565effffff,Public Administration,453.168
8729a565effffff,Real Estate,616.403
8729a565effffff,Retail,900.912
8729a565effffff,Transportation,746.339
8729a565effffff,Wholesale,393.741
8729a5670ffffff,Art/Culture,143.769
8729a5670ffffff,Business Support,142.213
8729a5670ffffff,Construction,252.19
8729a5670ffffff,Corporate,51.626
8729a5670ffffff,Education,193.62
8729a5670ffffff,Energy,5.38
8729a5670ffffff,Financial,148.649
8729a5670ffffff,Health,314.409
8729a5670ffffff,Hospitality,358.513
8729a5670ffffff,Information,101.311
8729a5670ffffff,Manufacturing,133.101
8729a5670ffffff,Professional Service,334.264
8729a5670ffffff,Public Administration,123.742
8729a5670ffffff,Real Estate,85.401
8729a5670ffffff,Retail,116.131
8729a5670ffffff,Transportation,119.543
8729a5670ffffff,Wholesale,106.624
8729a5672ffffff,Art/Culture,294.833
8729a5672ffffff,Business Support,312.876
8729a5672ffffff,Construction,374.213
8729a5672ffffff,Corporate,4.269
8729a5672ffffff,Education,909.34
8729a5672ffffff,Energy,62.837
8729a5672ffffff,Financial,272.538
8729a5672ffffff,Health,1296.873
8729a5672ffffff,Hospitality,938.418
8729a5672ffffff,Information,269.463
8729a5672ffffff,Manufacturing,571.408
8729a5672ffffff,Professional Service,828.872
8729a5672ffffff,Public Administration,169.187
8729a5672ffffff,Real Estate,181.926
8729a5672ffffff,Retail,411.866
8729a5672ffffff,Transportation,672.024
8729a5672ffffff,Wholesale,312.171
8729a5673ffffff,Art/Culture,193.261
8729a5673ffffff,Business Support,216.504
8729a5673ffffff,Construction,267.852
8729a5673ffffff,Corporate,7.272
8729a5673ffffff,Education,329.737
8729a5673ffffff,Energy,26.015
8729a5673ffffff,Financial,225.176
8729a5673ffffff,Health,490.983
8729a5673ffffff,Hospitality,535.15
8729a5673ffffff,Information,223.105
8729a5673ffffff,Manufacturing,268.256
8729a5673ffffff,Professional Service,666.243
8729a5673ffffff,Public Administration,218.284
8729a5673ffffff,Real Estate,124.896
8729a5673ffffff,Retail,239.445
8729a5673ffffff,Transportation,251.043
8729a5673ffffff,Wholesale,141.799
8729a5674ffffff,Art/Culture,32.216
8729a5674ffffff,Business Support,75.398
8729a5674ffffff,Construction,73.066
8729a5674ffffff,Corporate,10.384
8729a5674ffffff,Education,216.806
8729a5674ffffff,Energy,4.059
8729a5674ffffff,Financial,82.346
8729a5674ffffff,Health,290.479
8729a5674ffffff,Hospitality,87.578
8729a5674ffffff,Information,81.74
8729a5674ffffff,Manufacturing,76.599
8729a5674ffffff,Professional Service,387.66
8729a5674ffffff,Public Administration,66.165
8729a5674ffffff,Real Estate,111.646
8729a5674ffffff,Retail,79.953
8729a5674ffffff,Transportation,67.9
8729a5674ffffff,Wholesale,78.327
8729a5675ffffff,Art/Culture,78.267
8729a5675ffffff,Business Support,129.881
8729a5675ffffff,Construction,319.354
8729a5675ffffff,Corporate,5.399
8729a5675ffffff,Education,335.903
8729a5675ffffff,Energy,6.798
8729a5675ffffff,Financial,170.548
8729a5675ffffff,Health,485.895
8729a5675ffffff,Hospitality,169.55
8729a5675ffffff,Information,122.471
8729a5675ffffff,Manufacturing,168.509
8729a5675ffffff,Professional Service,460.856
8729a5675ffffff,Public Administration,90.472
8729a5675ffffff,Real Estate,151.414
8729a5675ffffff,Retail,94.162
8729a5675ffffff,Transportation,104.158
8729a5675ffffff,Wholesale,102.507
8729a5681ffffff,Art/Culture,201.886
8729a5681ffffff,Business Support,428.254
8729a5681ffffff,Construction,352.031
8729a5681ffffff,Corporate,8.225
8729a5681ffffff,Education,563.702
8729a5681ffffff,Energy,35.49
8729a5681ffffff,Financial,316.347
8729a5681ffffff,Health,1032.634
8729a5681ffffff,Hospitality,473.524
8729a5681ffffff,Information,165.488
8729a5681ffffff,Manufacturing,244.139
8729a5681ffffff,Professional Service,457.179
8729a5681ffffff,Public Administration,371.614
8729a5681ffffff,Real Estate,158.455
8729a5681ffffff,Retail,259.324
8729a5681ffffff,Transportation,286.754
8729a5681ffffff,Wholesale,120.439
8729a5682ffffff,Art/Culture,203.804
8729a5682ffffff,Business Support,359.806
8729a5682ffffff,Construction,190.851
8729a5682ffffff,Corporate,6.0
8729a5682ffffff,Education,805.855
8729a5682ffffff,Energy,62.104
8729a5682ffffff,Financial,291.695
8729a5682ffffff,Health,1269.974
8729a5682ffffff,Hospitality,478.371
8729a5682ffffff,Information,168.26
8729a5682ffffff,Manufacturing,567.752
8729a5682ffffff,Professional Service,527.673
8729a5682ffffff,Public Administration,331.747
8729a5682ffffff,Real Estate,180.656
8729a5682ffffff,Retail,447.094
8729a5682ffffff,Transportation,520.404
8729a5682ffffff,Wholesale,315.154
8729a5683ffffff,Art/Culture,566.19
8729a5683ffffff,Business Support,454.008
8729a5683ffffff,Construction,323.273
8729a5683ffffff,Corporate,6.335
8729a5683ffffff,Education,881.743
8729a5683ffffff,Energy,110.008
8729a5683ffffff,Financial,309.981
8729a5683ffffff,Health,1565.829
8729a5683ffffff,Hospitality,1585.202
8729a5683ffffff,Information,189.089
8729a5683ffffff,Manufacturing,437.483
8729a5683ffffff,Professional Service,632.283
8729a5683ffffff,Public Administration,268.468
8729a5683ffffff,Real Estate,146.733
8729a5683ffffff,Retail,1221.751
8729a5683ffffff,Transportation,1453.064
8729a5683ffffff,Wholesale,783.043
8729a5684ffffff,Art/Culture,169.259
8729a5684ffffff,Business Support,63.632
8729a5684ffffff,Construction,78.355
8729a5684ffffff,Corporate,0.121
8729a5684ffffff,Education,194.459
8729a5684ffffff,Energy,13.293
8729a5684ffffff,Financial,43.295
8729a5684ffffff,Health,233.254
8729a5684ffffff,Hospitality,354.113
8729a5684ffffff,Information,39.137
8729a5684ffffff,Manufacturing,84.724
8729a5684ffffff,Professional Service,102.858
8729a5684ffffff,Public Administration,100.594
8729a5684ffffff,Real Estate,33.214
8729a5684ffffff,Retail,82.428
8729a5684ffffff,Transportation,175.04
8729a5684ffffff,Wholesale,88.171
8729a5685ffffff,Art/Culture,72.212
8729a5685ffffff,Business Support,126.897
8729a5685ffffff,Construction,226.749
8729a5685ffffff,Corporate,2.431
8729a5685ffffff,Education,276.315
8729a5685ffffff,Energy,44.361
8729a5685ffffff,Financial,126.663
8729a5685ffffff,Health,335.616
8729a5685ffffff,Hospitality,193.844
8729a5685ffffff,Information,50.019
8729a5685ffffff,Manufacturing,81.467
8729a5685ffffff,Professional Service,240.1
8729a5685ffffff,Public Administration,141.87
8729a5685ffffff,Real Estate,91.523
8729a5685ffffff,Retail,100.872
8729a5685ffffff,Transportation,193.61
8729a5685ffffff,Wholesale,105.968
8729a5686ffffff,Art/Culture,171.881
8729a5686ffffff,Business Support,117.64
8729a5686ffffff,Construction,129.03
8729a5686ffffff,Corporate,22.503
8729a5686ffffff,Education,416.09
8729a5686ffffff,Energy,15.323
8729a5686ffffff,Financial,100.918
8729a5686ffffff,Health,712.423
8729a5686ffffff,Hospitality,445.561
8729a5686ffffff,Information,81.854
8729a5686ffffff,Manufacturing,86.369
8729a5686ffffff,Professional Service,249.426
8729a5686ffffff,Public Administration,267.127
8729a5686ffffff,Real Estate,53.95
8729a5686ffffff,Retail,72.996
8729a5686ffffff,Transportation,139.769
8729a5686ffffff,Wholesale,60.482
8729a5688ffffff,Art/Culture,66.558
8729a5688ffffff,Business Support,153.331
8729a5688ffffff,Construction,187.428
8729a5688ffffff,Corporate,4.105
8729a5688ffffff,Education,889.301
8729a5688ffffff,Energy,33.016
8729a5688ffffff,Financial,108.167
8729a5688ffffff,Health,1639.082
8729a5688ffffff,Hospitality,202.884
8729a5688ffffff,Information,44.087
8729a5688ffffff,Manufacturing,281.672
8729a5688ffffff,Professional Service,134.654
8729a5688ffffff,Public Administration,315.96
8729a5688ffffff,Real Estate,84.991
8729a5688ffffff,Retail,154.444
8729a5688ffffff,Transportation,258.168
8729a5688ffffff,Wholesale,124.602
8729a5689ffffff,Art/Culture,95.959
8729a5689ffffff,Business Support,353.814
8729a5689ffffff,Construction,526.484
8729a5689ffffff,Corporate,3.195
8729a5689ffffff,Education,481.135
8729a5689ffffff,Energy,28.688
8729a5689ffffff,Financial,165.718
8729a5689ffffff,Health,887.455
8729a5689ffffff,Hospitality,217.715
8729a5689ffffff,Information,117.422
8729a5689ffffff,Manufacturing,1292.594
8729a5689ffffff,Professional Service,323.638
8729a5689ffffff,Public Administration,233.719
8729a5689ffffff,Real Estate,89.474
8729a5689ffffff,Retail,438.062
8729a5689ffffff,Transportation,480.576
8729a5689ffffff,Wholesale,228.107
8729a568affffff,Art/Culture,279.273
8729a568affffff,Business Support,366.508
8729a568affffff,Construction,759.951
8729a568affffff,Corporate,15.222
8729a568affffff,Education,2036.435
8729a568affffff,Energy,98.622
8729a568affffff,Financial,334.001
8729a568affffff,Health,3250.906
8729a568affffff,Hospitality,815.606
8729a568affffff,Information,132.158
8729a568affffff,Manufacturing,1238.557
8729a568affffff,Professional Service,442.129
8729a568affffff,Public Administration,557.497
8729a568affffff,Real Estate,123.131
8729a568affffff,Retail,862.377
8729a568affffff,Transportation,1023.197
8729a568affffff,Wholesale,498.029
8729a568bffffff,Art/Culture,152.836
8729a568bffffff,Business Support,219.853
8729a568bffffff,Construction,309.621
8729a568bffffff,Corporate,0.266
8729a568bffffff,Education,524.632
8729a568bffffff,Energy,24.157
8729a568bffffff,Financial,170.128
8729a568bffffff,Health,726.33
8729a568bffffff,Hospitality,350.321
8729a568bffffff,Information,40.843
8729a568bffffff,Manufacturing,231.854
8729a568bffffff,Professional Service,188.68
8729a568bffffff,Public Administration,216.519
8729a568bffffff,Real Estate,62.291
8729a568bffffff,Retail,258.556
8729a568bffffff,Transportation,272.338
8729a568bffffff,Wholesale,123.083
8729a568cffffff,Art/Culture,235.332
8729a568cffffff,Business Support,319.644
8729a568cffffff,Construction,611.807
8729a568cffffff,Corporate,2.969
8729a568cffffff,Education,912.355
8729a568cffffff,Energy,75.133
8729a568cffffff,Financial,201.282
8729a568cffffff,Health,1586.56
8729a568cffffff,Hospitality,658.564
8729a568cffffff,Information,73.25
8729a568cffffff,Manufacturing,481.98
8729a568cffffff,Professional Service,309.678
8729a568cffffff,Public Administration,381.249
8729a568cffffff,Real Estate,93.052
8729a568cffffff,Retail,462.028
8729a568cffffff,Transportation,521.017
8729a568cffffff,Wholesale,238.588
8729a568dffffff,Art/Culture,95.338
8729a568dffffff,Business Support,449.169
8729a568dffffff,Construction,1188.179
8729a568dffffff,Corporate,10.893
8729a568dffffff,Education,484.18
8729a568dffffff,Energy,77.504
8729a568dffffff,Financial,218.265
8729a568dffffff,Health,1048.339
8729a568dffffff,Hospitality,343.062
8729a568dffffff,Information,109.781
8729a568dffffff,Manufacturing,2952.182
8729a568dffffff,Professional Service,346.637
8729a568dffffff,Public Administration,367.099
8729a568dffffff,Real Estate,141.817
8729a568dffffff,Retail,574.278
8729a568dffffff,Transportation,809.925
8729a568dffffff,Wholesale,355.988
8729a568effffff,Art/Culture,141.992
8729a568effffff,Business Support,138.382
8729a568effffff,Construction,156.07
8729a568effffff,Corporate,4.643
8729a568effffff,Education,773.415
8729a568effffff,Energy,13.698
8729a568effffff,Financial,149.85
8729a568effffff,Health,1399.674
8729a568effffff,Hospitality,335.03
8729a568effffff,Information,48.402
8729a568effffff,Manufacturing,118.326
8729a568effffff,Professional Service,152.37
8729a568effffff,Public Administration,319.968
8729a568effffff,Real Estate,56.02
8729a568effffff,Retail,146.624
8729a568effffff,Transportation,225.217
8729a568effffff,Wholesale,94.203
8729a5690ffffff,Art/Culture,172.004
8729a5690ffffff,Business Support,472.74
8729a5690ffffff,Construction,702.255
8729a5690ffffff,Corporate,17.609
8729a5690ffffff,Education,1026.264
8729a5690ffffff,Energy,201.799
8729a5690ffffff,Financial,341.527
8729a5690ffffff,Health,1033.819
8729a5690ffffff,Hospitality,479.492
8729a5690ffffff,Information,179.781
8729a5690ffffff,Manufacturing,2960.574
8729a5690ffffff,Professional Service,655.855
8729a5690ffffff,Public Administration,287.833
8729a5690ffffff,Real Estate,152.555
8729a5690ffffff,Retail,847.309
8729a5690ffffff,Transportation,1855.509
8729a5690ffffff,Wholesale,1102.507
8729a5691ffffff,Art/Culture,190.64
8729a5691ffffff,Business Support,833.169
8729a5691ffffff,Construction,1104.141
8729a5691ffffff,Corporate,16.027
8729a5691ffffff,Education,458.006
8729a5691ffffff,Energy,256.308
8729a5691ffffff,Financial,556.966
8729a5691ffffff,Health,810.923
8729a5691ffffff,Hospitality,510.585
8729a5691ffffff,Information,330.39
8729a5691ffffff,Manufacturing,4424.102
8729a5691ffffff,Professional Service,939.465
8729a5691ffffff,Public Administration,526.096
8729a5691ffffff,Real Estate,280.453
8729a5691ffffff,Retail,1238.383
8729a5691ffffff,Transportation,2463.642
8729a5691ffffff,Wholesale,1392.276
8729a5692ffffff,Art/Culture,83.622
8729a5692ffffff,Business Support,92.604
8729a5692ffffff,Construction,164.62
8729a5692ffffff,Corporate,0.915
8729a5692ffffff,Education,176.892
8729a5692ffffff,Energy,25.857
8729a5692ffffff,Financial,81.715
8729a5692ffffff,Health,198.65
8729a5692ffffff,Hospitality,219.188
8729a5692ffffff,Information,46.79
8729a5692ffffff,Manufacturing,219.751
8729a5692ffffff,Professional Service,180.405
8729a5692ffffff,Public Administration,53.073
8729a5692ffffff,Real Estate,45.477
8729a5692ffffff,Retail,123.848
8729a5692ffffff,Transportation,193.09
8729a5692ffffff,Wholesale,111.094
8729a5695ffffff,Art/Culture,106.429
8729a5695ffffff,Business Support,457.575
8729a5695ffffff,Construction,163.914
8729a5695ffffff,Corporate,21.085
8729a5695ffffff,Education,280.519
8729a5695ffffff,Energy,70.081
8729a5695ffffff,Financial,344.127
8729a5695ffffff,Health,440.314
8729a5695ffffff,Hospitality,323.727
8729a5695ffffff,Information,305.046
8729a5695ffffff,Manufacturing,751.777
8729a5695ffffff,Professional Service,643.268
8729a5695ffffff,Public Administration,170.744
8729a5695ffffff,Real Estate,217.834
8729a5695ffffff,Retail,410.685
8729a5695ffffff,Transportation,549.83
8729a5695ffffff,Wholesale,358.459
8729a5698ffffff,Art/Culture,52.919
8729a5698ffffff,Business Support,98.429
8729a5698ffffff,Construction,159.874
8729a5698ffffff,Corporate,5.713
8729a5698ffffff,Education,139.629
8729a5698ffffff,Energy,6.521
8729a5698ffffff,Financial,39.604
8729a5698ffffff,Health,272.073
8729a5698ffffff,Hospitality,135.012
8729a5698ffffff,Information,26.543
8729a5698ffffff,Manufacturing,64.726
8729a5698ffffff,Professional Service,79.087
8729a5698ffffff,Public Administration,368.079
8729a5698ffffff,Real Estate,22.961
8729a5698ffffff,Retail,71.562
8729a5698ffffff,Transportation,216.465
8729a5698ffffff,Wholesale,39.92
8729a5699ffffff,Art/Culture,177.616
8729a5699ffffff,Business Support,88.491
8729a5699ffffff,Construction,259.329
8729a5699ffffff,Corporate,8.058
8729a5699ffffff,Education,346.655
8729a5699ffffff,Energy,68.311
8729a5699ffffff,Financial,129.739
8729a5699ffffff,Health,511.128
8729a5699ffffff,Hospitality,411.509
8729a5699ffffff,Information,36.5
8729a5699ffffff,Manufacturing,87.04
8729a5699ffffff,Professional Service,167.579
8729a5699ffffff,Public Administration,147.128
8729a5699ffffff,Real Estate,38.408
8729a5699ffffff,Retail,704.794
8729a5699ffffff,Transportation,837.444
8729a5699ffffff,Wholesale,414.272
8729a569affffff,Art/Culture,14.376
8729a569affffff,Business Support,29.475
8729a569affffff,Construction,29.72
8729a569affffff,Education,74.478
8729a569affffff,Energy,5.347
8729a569affffff,Financial,22.705
8729a569affffff,Health,181.244
8729a569affffff,Hospitality,48.52
8729a569affffff,Information,6.6
8729a569affffff,Manufacturing,59.277
8729a569affffff,Professional Service,68.622
8729a569affffff,Public Administration,69.664
8729a569affffff,Real Estate,3.896
8729a569affffff,Retail,29.133
8729a569affffff,Transportation,37.105
8729a569affffff,Wholesale,11.085
8729a569bffffff,Art/Culture,5.184
8729a569bffffff,Business Support,6.536
8729a569bffffff,Construction,31.552
8729a569bffffff,Corporate,0.225
8729a569bffffff,Education,61.752
8729a569bffffff,Energy,0.676
8729a569bffffff,Financial,13.973
8729a569bffffff,Health,71.218
8729a569bffffff,Hospitality,19.157
8729a569bffffff,Information,2.704
8729a569bffffff,Manufacturing,4.057
8729a569bffffff,Professional Service,19.607
8729a569bffffff,Public Administration,37.186
8729a569bffffff,Real Estate,2.479
8729a569bffffff,Retail,13.297
8729a569bffffff,Transportation,11.269
8729a569bffffff,Wholesale,10.367
8729a569cffffff,Art/Culture,51.927
8729a569cffffff,Business Support,86.767
8729a569cffffff,Construction,170.174
8729a569cffffff,Corporate,0.605
8729a569cffffff,Education,124.782
8729a569cffffff,Energy,34.285
8729a569cffffff,Financial,50.901
8729a569cffffff,Health,240.632
8729a569cffffff,Hospitality,148.955
8729a569cffffff,Information,35.078
8729a569cffffff,Manufacturing,542.921
8729a569cffffff,Professional Service,132.111
8729a569cffffff,Public Administration,126.952
8729a569cffffff,Real Estate,27.758
8729a569cffffff,Retail,108.069
8729a569cffffff,Transportation,448.978
8729a569cffffff,Wholesale,187.938
8729a569dffffff,Art/Culture,52.785
8729a569dffffff,Business Support,74.692
8729a569dffffff,Construction,264.225
8729a569dffffff,Corporate,10.038
8729a569dffffff,Education,305.144
8729a569dffffff,Energy,12.247
8729a569dffffff,Financial,57.161
8729a569dffffff,Health,542.922
8729a569dffffff,Hospitality,197.902
8729a569dffffff,Information,27.374
8729a569dffffff,Manufacturing,34.729
8729a569dffffff,Professional Service,105.114
8729a569dffffff,Public Administration,134.939
8729a569dffffff,Real Estate,19.478
8729a569dffffff,Retail,211.996
8729a569dffffff,Transportation,269.486
8729a569dffffff,Wholesale,97.885
8729a56a0ffffff,Art/Culture,52.48
8729a56a0ffffff,Business Support,20.415
8729a56a0ffffff,Construction,74.942
8729a56a0ffffff,Corporate,4.683
8729a56a0ffffff,Education,212.404
8729a56a0ffffff,Energy,8.344
8729a56a0ffffff,Financial,37.304
8729a56a0ffffff,Health,393.842
8729a56a0ffffff,Hospitality,141.762
8729a56a0ffffff,Information,10.749
8729a56a0ffffff,Manufacturing,45.254
8729a56a0ffffff,Professional Service,109.558
8729a56a0ffffff,Public Administration,37.04
8729a56a0ffffff,Real Estate,7.932
8729a56a0ffffff,Retail,85.511
8729a56a0ffffff,Transportation,67.399
8729a56a0ffffff,Wholesale,25.832
8729a56a1ffffff,Art/Culture,149.533
8729a56a1ffffff,Business Support,799.03
8729a56a1ffffff,Construction,661.259
8729a56a1ffffff,Corporate,16.588
8729a56a1ffffff,Education,399.967
8729a56a1ffffff,Energy,65.077
8729a56a1ffffff,Financial,544.19
8729a56a1ffffff,Health,688.624
8729a56a1ffffff,Hospitality,363.498
8729a56a1ffffff,Information,330.029
8729a56a1ffffff,Manufacturing,1868.617
8729a56a1ffffff,Professional Service,1114.068
8729a56a1ffffff,Public Administration,283.166
8729a56a1ffffff,Real Estate,301.037
8729a56a1ffffff,Retail,649.235
8729a56a1ffffff,Transportation,578.257
8729a56a1ffffff,Wholesale,238.578
8729a56a2ffffff,Art/Culture,91.871
8729a56a2ffffff,Business Support,21.154
8729a56a2ffffff,Construction,9.535
8729a56a2ffffff,Education,16.001
8729a56a2ffffff,Energy,17.577
8729a56a2ffffff,Financial,18.516
8729a56a2ffffff,Health,29.906
8729a56a2ffffff,Hospitality,215.543
8729a56a2ffffff,Information,15.742
8729a56a2ffffff,Manufacturing,14.603
8729a56a2ffffff,Professional Service,22.857
8729a56a2ffffff,Public Administration,47.351
8729a56a2ffffff,Real Estate,6.027
8729a56a2ffffff,Retail,133.757
8729a56a2ffffff,Transportation,255.877
8729a56a2ffffff,Wholesale,94.055
8729a56a3ffffff,Art/Culture,43.258
8729a56a3ffffff,Business Support,170.322
8729a56a3ffffff,Construction,36.385
8729a56a3ffffff,Corporate,2.072
8729a56a3ffffff,Education,403.873
8729a56a3ffffff,Energy,18.216
8729a56a3ffffff,Financial,141.568
8729a56a3ffffff,Health,514.796
8729a56a3ffffff,Hospitality,122.72
8729a56a3ffffff,Information,76.332
8729a56a3ffffff,Manufacturing,574.045
8729a56a3ffffff,Professional Service,232.139
8729a56a3ffffff,Public Administration,153.146
8729a56a3ffffff,Real Estate,77.769
8729a56a3ffffff,Retail,268.894
8729a56a3ffffff,Transportation,268.703
8729a56a3ffffff,Wholesale,86.945
8729a56a4ffffff,Art/Culture,63.548
8729a56a4ffffff,Business Support,27.793
8729a56a4ffffff,Construction,166.342
8729a56a4ffffff,Corporate,1.071
8729a56a4ffffff,Education,206.073
8729a56a4ffffff,Energy,16.199
8729a56a4ffffff,Financial,47.661
8729a56a4ffffff,Health,268.275
8729a56a4ffffff,Hospitality,127.878
8729a56a4ffffff,Information,57.41
8729a56a4ffffff,Manufacturing,45.583
8729a56a4ffffff,Professional Service,121.448
8729a56a4ffffff,Public Administration,55.322
8729a56a4ffffff,Real Estate,15.409
8729a56a4ffffff,Retail,93.975
8729a56a4ffffff,Transportation,75.616
8729a56a4ffffff,Wholesale,45.596
8729a56a5ffffff,Art/Culture,204.214
8729a56a5ffffff,Business Support,491.883
8729a56a5ffffff,Construction,317.417
8729a56a5ffffff,Corporate,15.193
8729a56a5ffffff,Education,1174.517
8729a56a5ffffff,Energy,87.588
8729a56a5ffffff,Financial,416.168
8729a56a5ffffff,Health,1967.941
8729a56a5ffffff,Hospitality,714.817
8729a56a5ffffff,Information,312.405
8729a56a5ffffff,Manufacturing,427.313
8729a56a5ffffff,Professional Service,999.622
8729a56a5ffffff,Public Administration,313.958
8729a56a5ffffff,Real Estate,185.018
8729a56a5ffffff,Retail,686.85
8729a56a5ffffff,Transportation,651.052
8729a56a5ffffff,Wholesale,244.03
8729a56a6ffffff,Art/Culture,30.189
8729a56a6ffffff,Business Support,5.998
8729a56a6ffffff,Construction,2.999
8729a56a6ffffff,Education,1.799
8729a56a6ffffff,Energy,5.798
8729a56a6ffffff,Financial,5.198
8729a56a6ffffff,Health,8.397
8729a56a6ffffff,Hospitality,72.375
8729a56a6ffffff,Information,4.798
8729a56a6ffffff,Manufacturing,3.399
8729a56a6ffffff,Professional Service,5.598
8729a56a6ffffff,Public Administration,14.995
8729a56a6ffffff,Real Estate,1.2
8729a56a6ffffff,Retail,44.984
8729a56a6ffffff,Transportation,86.57
8729a56a6ffffff,Wholesale,31.789
8729a56a8ffffff,Art/Culture,31.999
8729a56a8ffffff,Business Support,178.354
8729a56a8ffffff,Construction,447.106
8729a56a8ffffff,Corporate,2.328
8729a56a8ffffff,Education,378.605
8729a56a8ffffff,Energy,34.671
8729a56a8ffffff,Financial,117.618
8729a56a8ffffff,Health,675.273
8729a56a8ffffff,Hospitality,143.817
8729a56a8ffffff,Information,61.607
8729a56a8ffffff,Manufacturing,252.88
8729a56a8ffffff,Professional Service,253.562
8729a56a8ffffff,Public Administration,182.582
8729a56a8ffffff,Real Estate,77.549
8729a56a8ffffff,Retail,266.595
8729a56a8ffffff,Transportation,198.486
8729a56a8ffffff,Wholesale,107.297
8729a56a9ffffff,Art/Culture,107.888
8729a56a9ffffff,Business Support,160.87
8729a56a9ffffff,Construction,131.37
8729a56a9ffffff,Corporate,0.661
8729a56a9ffffff,Education,367.075
8729a56a9ffffff,Energy,28.525
8729a56a9ffffff,Financial,112.387
8729a56a9ffffff,Health,791.862
8729a56a9ffffff,Hospitality,232.18
8729a56a9ffffff,Information,77.359
8729a56a9ffffff,Manufacturing,327.495
8729a56a9ffffff,Professional Service,257.856
8729a56a9ffffff,Public Administration,137.963
8729a56a9ffffff,Real Estate,78.893
8729a56a9ffffff,Retail,270.803
8729a56a9ffffff,Transportation,245.813
8729a56a9ffffff,Wholesale,128.074
8729a56aaffffff,Art/Culture,111.801
8729a56aaffffff,Business Support,102.466
8729a56aaffffff,Construction,408.944
8729a56aaffffff,Corporate,3.935
8729a56aaffffff,Education,498.746
8729a56aaffffff,Energy,29.693
8729a56aaffffff,Financial,121.426
8729a56aaffffff,Health,856.496
8729a56aaffffff,Hospitality,282.904
8729a56aaffffff,Information,79.728
8729a56aaffffff,Manufacturing,148.218
8729a56aaffffff,Professional Service,178.593
8729a56aaffffff,Public Administration,141.218
8729a56aaffffff,Real Estate,61.828
8729a56aaffffff,Retail,267.551
8729a56aaffffff,Transportation,265.22
8729a56aaffffff,Wholesale,124.921
8729a56abffffff,Art/Culture,66.795
8729a56abffffff,Business Support,246.748
8729a56abffffff,Construction,831.29
8729a56abffffff,Corporate,0.202
8729a56abffffff,Education,397.473
8729a56abffffff,Energy,48.825
8729a56abffffff,Financial,181.699
8729a56abffffff,Health,775.773
8729a56abffffff,Hospitality,226.548
8729a56abffffff,Information,104.281
8729a56abffffff,Manufacturing,956.243
8729a56abffffff,Professional Service,224.663
8729a56abffffff,Public Administration,234.097
8729a56abffffff,Real Estate,98.499
8729a56abffffff,Retail,487.069
8729a56abffffff,Transportation,502.126
8729a56abffffff,Wholesale,239.327
8729a56acffffff,Art/Culture,130.803
8729a56acffffff,Business Support,458.724
8729a56acffffff,Construction,855.282
8729a56acffffff,Corporate,6.321
8729a56acffffff,Education,341.605
8729a56acffffff,Energy,56.857
8729a56acffffff,Financial,279.639
8729a56acffffff,Health,468.744
8729a56acffffff,Hospitality,379.346
8729a56acffffff,Information,248.144
8729a56acffffff,Manufacturing,792.288
8729a56acffffff,Professional Service,829.435
8729a56acffffff,Public Administration,245.575
8729a56acffffff,Real Estate,157.636
8729a56acffffff,Retail,474.515
8729a56acffffff,Transportation,473.161
8729a56acffffff,Wholesale,209.305
8729a56adffffff,Art/Culture,60.866
8729a56adffffff,Business Support,97.447
8729a56adffffff,Construction,217.813
8729a56adffffff,Corporate,0.756
8729a56adffffff,Education,205.687
8729a56adffffff,Energy,11.5
8729a56adffffff,Financial,48.516
8729a56adffffff,Health,389.813
8729a56adffffff,Hospitality,145.594
8729a56adffffff,Information,47.093
8729a56adffffff,Manufacturing,78.686
8729a56adffffff,Professional Service,101.084
8729a56adffffff,Public Administration,145.553
8729a56adffffff,Real Estate,48.81
8729a56adffffff,Retail,123.705
8729a56adffffff,Transportation,111.985
8729a56adffffff,Wholesale,72.166
8729a56aeffffff,Art/Culture,69.153
8729a56aeffffff,Business Support,113.751
8729a56aeffffff,Construction,65.584
8729a56aeffffff,Corporate,1.602
8729a56aeffffff,Education,647.176
8729a56aeffffff,Energy,18.314
8729a56aeffffff,Financial,120.624
8729a56aeffffff,Health,826.023
8729a56aeffffff,Hospitality,224.174
8729a56aeffffff,Information,51.156
8729a56aeffffff,Manufacturing,327.592
8729a56aeffffff,Professional Service,184.872
8729a56aeffffff,Public Administration,132.569
8729a56aeffffff,Real Estate,53.576
8729a56aeffffff,Retail,143.197
8729a56aeffffff,Transportation,96.756
8729a56aeffffff,Wholesale,46.796
8729a56b1ffffff,Art/Culture,578.93
8729a56b1ffffff,Business Support,198.825
8729a56b1ffffff,Construction,459.427
8729a56b1ffffff,Corporate,2.0
8729a56b1ffffff,Education,476.474
8729a56b1ffffff,Energy,26.486
8729a56b1ffffff,Financial,120.653
8729a56b1ffffff,Health,649.673
8729a56b1ffffff,Hospitality,1465.606
8729a56b1ffffff,Information,78.725
8729a56b1ffffff,Manufacturing,239.873
8729a56b1ffffff,Professional Service,189.021
8729a56b1ffffff,Public Administration,224.993
8729a56b1ffffff,Real Estate,113.925
8729a56b1ffffff,Retail,231.849
8729a56b1ffffff,Transportation,205.814
8729a56b1ffffff,Wholesale,115.073
8729a56c0ffffff,Art/Culture,28.631
8729a56c0ffffff,Business Support,55.198
8729a56c0ffffff,Construction,144.154
8729a56c0ffffff,Corporate,0.934
8729a56c0ffffff,Education,322.987
8729a56c0ffffff,Energy,10.794
8729a56c0ffffff,Financial,10.681
8729a56c0ffffff,Health,450.49
8729a56c0ffffff,Hospitality,125.924
8729a56c0ffffff,Information,7.774
8729a56c0ffffff,Manufacturing,58.28
8729a56c0ffffff,Professional Service,17.355
8729a56c0ffffff,Public Administration,113.15
8729a56c0ffffff,Real Estate,5.084
8729a56c0ffffff,Retail,88.118
8729a56c0ffffff,Transportation,65.695
8729a56c0ffffff,Wholesale,69.538
8729a56c1ffffff,Art/Culture,53.873
8729a56c1ffffff,Business Support,63.341
8729a56c1ffffff,Construction,239.92
8729a56c1ffffff,Education,475.302
8729a56c1ffffff,Energy,26.922
8729a56c1ffffff,Financial,41.574
8729a56c1ffffff,Health,935.941
8729a56c1ffffff,Hospitality,283.254
8729a56c1ffffff,Information,22.495
8729a56c1ffffff,Manufacturing,129.38
8729a56c1ffffff,Professional Service,47.316
8729a56c1ffffff,Public Administration,130.142
8729a56c1ffffff,Real Estate,24.108
8729a56c1ffffff,Retail,177.726
8729a56c1ffffff,Transportation,138.81
8729a56c1ffffff,Wholesale,51.442
8729a56c2ffffff,Art/Culture,4.024
8729a56c2ffffff,Business Support,65.434
8729a56c2ffffff,Construction,144.96
8729a56c2ffffff,Corporate,1.0
8729a56c2ffffff,Education,232.255
8729a56c2ffffff,Energy,5.029
8729a56c2ffffff,Financial,5.237
8729a56c2ffffff,Health,367.404
8729a56c2ffffff,Hospitality,31.151
8729a56c2ffffff,Information,7.763
8729a56c2ffffff,Manufacturing,37.825
8729a56c2ffffff,Professional Service,26.946
8729a56c2ffffff,Public Administration,90.184
8729a56c2ffffff,Real Estate,3.31
8729a56c2ffffff,Retail,68.764
8729a56c2ffffff,Transportation,102.657
8729a56c2ffffff,Wholesale,56.971
8729a56c3ffffff,Art/Culture,97.867
8729a56c3ffffff,Business Support,183.473
8729a56c3ffffff,Construction,474.829
8729a56c3ffffff,Corporate,0.931
8729a56c3ffffff,Education,553.53
8729a56c3ffffff,Energy,6.703
8729a56c3ffffff,Financial,46.449
8729a56c3ffffff,Health,1004.254
8729a56c3ffffff,Hospitality,445.271
8729a56c3ffffff,Information,73.534
8729a56c3ffffff,Manufacturing,235.588
8729a56c3ffffff,Professional Service,99.315
8729a56c3ffffff,Public Administration,187.133
8729a56c3ffffff,Real Estate,18.079
8729a56c3ffffff,Retail,323.889
8729a56c3ffffff,Transportation,287.939
8729a56c3ffffff,Wholesale,107.949
8729a56c4ffffff,Art/Culture,4.425
8729a56c4ffffff,Business Support,62.503
8729a56c4ffffff,Construction,143.014
8729a56c4ffffff,Corporate,1.383
8729a56c4ffffff,Education,221.497
8729a56c4ffffff,Energy,16.938
8729a56c4ffffff,Financial,24.634
8729a56c4ffffff,Health,402.832
8729a56c4ffffff,Hospitality,30.153
8729a56c4ffffff,Information,15.076
8729a56c4ffffff,Manufacturing,1000.996
8729a56c4ffffff,Professional Service,83.016
8729a56c4ffffff,Public Administration,58.156
8729a56c4ffffff,Real Estate,14.241
8729a56c4ffffff,Retail,118.795
8729a56c4ffffff,Transportation,168.388
8729a56c4ffffff,Wholesale,129.094
8729a56c5ffffff,Art/Culture,63.667
8729a56c5ffffff,Business Support,106.348
8729a56c5ffffff,Construction,366.058
8729a56c5ffffff,Corporate,1.277
8729a56c5ffffff,Education,464.34
8729a56c5ffffff,Energy,10.078
8729a56c5ffffff,Financial,46.414
8729a56c5ffffff,Health,842.685
8729a56c5ffffff,Hospitality,313.309
8729a56c5ffffff,Information,33.523
8729a56c5ffffff,Manufacturing,257.775
8729a56c5ffffff,Professional Service,65.569
8729a56c5ffffff,Public Administration,269.209
8729a56c5ffffff,Real Estate,91.207
8729a56c5ffffff,Retail,173.834
8729a56c5ffffff,Transportation,199.871
8729a56c5ffffff,Wholesale,109.009
8729a56c6ffffff,Art/Culture,2.319
8729a56c6ffffff,Business Support,16.924
8729a56c6ffffff,Construction,13.767
8729a56c6ffffff,Corporate,0.066
8729a56c6ffffff,Education,65.007
8729a56c6ffffff,Energy,0.48
8729a56c6ffffff,Financial,5.259
8729a56c6ffffff,Health,126.089
8729a56c6ffffff,Hospitality,8.066
8729a56c6ffffff,Information,3.607
8729a56c6ffffff,Manufacturing,39.793
8729a56c6ffffff,Professional Service,13.438
8729a56c6ffffff,Public Administration,27.023
8729a56c6ffffff,Real Estate,1.4
8729a56c6ffffff,Retail,50.751
8729a56c6ffffff,Transportation,24.495
8729a56c6ffffff,Wholesale,9.312
8729a56c8ffffff,Art/Culture,13.169
8729a56c8ffffff,Business Support,65.907
8729a56c8ffffff,Construction,429.392
8729a56c8ffffff,Education,227.884
8729a56c8ffffff,Energy,29.447
8729a56c8ffffff,Financial,22.144
8729a56c8ffffff,Health,396.4
8729a56c8ffffff,Hospitality,260.818
8729a56c8ffffff,Information,28.771
8729a56c8ffffff,Manufacturing,351.046
8729a56c8ffffff,Professional Service,43.492
8729a56c8ffffff,Public Administration,74.764
8729a56c8ffffff,Real Estate,15.796
8729a56c8ffffff,Retail,344.14
8729a56c8ffffff,Transportation,488.067
8729a56c8ffffff,Wholesale,217.796
8729a56c9ffffff,Art/Culture,7.552
8729a56c9ffffff,Business Support,14.221
8729a56c9ffffff,Construction,55.522
8729a56c9ffffff,Education,106.067
8729a56c9ffffff,Energy,0.737
8729a56c9ffffff,Financial,11.11
8729a56c9ffffff,Health,200.087
8729a56c9ffffff,Hospitality,31.927
8729a56c9ffffff,Information,7.151
8729a56c9ffffff,Manufacturing,45.358
8729a56c9ffffff,Professional Service,19.561
8729a56c9ffffff,Public Administration,21.429
8729a56c9ffffff,Real Estate,3.523
8729a56c9ffffff,Retail,11.868
8729a56c9ffffff,Transportation,21.553
8729a56c9ffffff,Wholesale,6.967
8729a56caffffff,Art/Culture,77.52
8729a56caffffff,Business Support,182.722
8729a56caffffff,Construction,561.53
8729a56caffffff,Education,585.894
8729a56caffffff,Energy,16.434
8729a56caffffff,Financial,81.828
8729a56caffffff,Health,1261.594
8729a56caffffff,Hospitality,426.097
8729a56caffffff,Information,75.484
8729a56caffffff,Manufacturing,347.021
8729a56caffffff,Professional Service,115.934
8729a56caffffff,Public Administration,184.496
8729a56caffffff,Real Estate,92.698
8729a56caffffff,Retail,366.194
8729a56caffffff,Transportation,293.382
8729a56caffffff,Wholesale,191.426
8729a56cbffffff,Art/Culture,69.731
8729a56cbffffff,Business Support,115.312
8729a56cbffffff,Construction,380.745
8729a56cbffffff,Education,462.226
8729a56cbffffff,Energy,10.421
8729a56cbffffff,Financial,101.906
8729a56cbffffff,Health,812.033
8729a56cbffffff,Hospitality,335.187
8729a56cbffffff,Information,98.263
8729a56cbffffff,Manufacturing,135.523
8729a56cbffffff,Professional Service,141.128
8729a56cbffffff,Public Administration,155.984
8729a56cbffffff,Real Estate,45.162
8729a56cbffffff,Retail,112.791
8729a56cbffffff,Transportation,176.215
8729a56cbffffff,Wholesale,50.808
8729a56ccffffff,Art/Culture,59.194
8729a56ccffffff,Business Support,64.724
8729a56ccffffff,Construction,100.867
8729a56ccffffff,Corporate,0.262
8729a56ccffffff,Education,134.998
8729a56ccffffff,Energy,9.094
8729a56ccffffff,Financial,70.849
8729a56ccffffff,Health,193.25
8729a56ccffffff,Hospitality,212.35
8729a56ccffffff,Information,31.567
8729a56ccffffff,Manufacturing,35.873
8729a56ccffffff,Professional Service,37.216
8729a56ccffffff,Public Administration,44.68
8729a56ccffffff,Real Estate,28.496
8729a56ccffffff,Retail,115.726
8729a56ccffffff,Transportation,115.741
8729a56ccffffff,Wholesale,26.14
8729a56cdffffff,Art/Culture,43.917
8729a56cdffffff,Business Support,311.654
8729a56cdffffff,Construction,403.925
8729a56cdffffff,Corporate,2.877
8729a56cdffffff,Education,544.466
8729a56cdffffff,Energy,23.306
8729a56cdffffff,Financial,100.508
8729a56cdffffff,Health,1000.694
8729a56cdffffff,Hospitality,216.948
8729a56cdffffff,Information,56.661
8729a56cdffffff,Manufacturing,185.961
8729a56cdffffff,Professional Service,175.112
8729a56cdffffff,Public Administration,220.382
8729a56cdffffff,Real Estate,70.359
8729a56cdffffff,Retail,345.507
8729a56cdffffff,Transportation,350.892
8729a56cdffffff,Wholesale,125.005
8729a56ceffffff,Art/Culture,98.863
8729a56ceffffff,Business Support,112.422
8729a56ceffffff,Construction,324.945
8729a56ceffffff,Corporate,0.437
8729a56ceffffff,Education,413.048
8729a56ceffffff,Energy,7.568
8729a56ceffffff,Financial,45.577
8729a56ceffffff,Health,644.795
8729a56ceffffff,Hospitality,227.834
8729a56ceffffff,Information,18.351
8729a56ceffffff,Manufacturing,127.047
8729a56ceffffff,Professional Service,41.293
8729a56ceffffff,Public Administration,171.784
8729a56ceffffff,Real Estate,41.843
8729a56ceffffff,Retail,234.188
8729a56ceffffff,Transportation,213.005
8729a56ceffffff,Wholesale,89.779
8729a56d0ffffff,Art/Culture,82.877
8729a56d0ffffff,Business Support,136.637
8729a56d0ffffff,Construction,348.361
8729a56d0ffffff,Education,465.218
8729a56d0ffffff,Energy,49.209
8729a56d0ffffff,Financial,71.648
8729a56d0ffffff,Health,799.417
8729a56d0ffffff,Hospitality,414.001
8729a56d0ffffff,Information,103.787
8729a56d0ffffff,Manufacturing,475.212
8729a56d0ffffff,Professional Service,138.048
8729a56d0ffffff,Public Administration,217.032
8729a56d0ffffff,Real Estate,45.104
8729a56d0ffffff,Retail,321.856
8729a56d0ffffff,Transportation,449.749
8729a56d0ffffff,Wholesale,231.374
8729a56d1ffffff,Art/Culture,109.711
8729a56d1ffffff,Business Support,210.757
8729a56d1ffffff,Construction,358.382
8729a56d1ffffff,Corporate,3.676
8729a56d1ffffff,Education,646.613
8729a56d1ffffff,Energy,16.132
8729a56d1ffffff,Financial,50.518
8729a56d1ffffff,Health,1126.795
8729a56d1ffffff,Hospitality,704.304
8729a56d1ffffff,Information,56.216
8729a56d1ffffff,Manufacturing,184.585
8729a56d1ffffff,Professional Service,128.326
8729a56d1ffffff,Public Administration,235.152
8729a56d1ffffff,Real Estate,36.225
8729a56d1ffffff,Retail,352.311
8729a56d1ffffff,Transportation,387.638
8729a56d1ffffff,Wholesale,258.235
8729a56d2ffffff,Art/Culture,384.709
8729a56d2ffffff,Business Support,204.507
8729a56d2ffffff,Construction,432.376
8729a56d2ffffff,Education,534.125
8729a56d2ffffff,Energy,62.103
8729a56d2ffffff,Financial,98.268
8729a56d2ffffff,Health,993.418
8729a56d2ffffff,Hospitality,1644.791
8729a56d2ffffff,Information,49.265
8729a56d2ffffff,Manufacturing,642.423
8729a56d2ffffff,Professional Service,155.929
8729a56d2ffffff,Public Administration,124.452
8729a56d2ffffff,Real Estate,39.875
8729a56d2ffffff,Retail,395.158
8729a56d2ffffff,Transportation,580.652
8729a56d2ffffff,Wholesale,275.835
8729a56d3ffffff,Art/Culture,154.764
8729a56d3ffffff,Business Support,353.361
8729a56d3ffffff,Construction,395.497
8729a56d3ffffff,Corporate,5.669
8729a56d3ffffff,Education,842.483
8729a56d3ffffff,Energy,21.529
8729a56d3ffffff,Financial,134.781
8729a56d3ffffff,Health,1610.476
8729a56d3ffffff,Hospitality,807.879
8729a56d3ffffff,Information,73.873
8729a56d3ffffff,Manufacturing,480.939
8729a56d3ffffff,Professional Service,282.459
8729a56d3ffffff,Public Administration,223.604
8729a56d3ffffff,Real Estate,94.396
8729a56d3ffffff,Retail,469.829
8729a56d3ffffff,Transportation,411.653
8729a56d3ffffff,Wholesale,343.39
8729a56d4ffffff,Art/Culture,81.975
8729a56d4ffffff,Business Support,155.417
8729a56d4ffffff,Construction,280.716
8729a56d4ffffff,Corporate,2.807
8729a56d4ffffff,Education,1270.483
8729a56d4ffffff,Energy,8.947
8729a56d4ffffff,Financial,75.619
8729a56d4ffffff,Health,2230.469
8729a56d4ffffff,Hospitality,474.5
8729a56d4ffffff,Information,52.615
8729a56d4ffffff,Manufacturing,171.924
8729a56d4ffffff,Professional Service,137.785
8729a56d4ffffff,Public Administration,126.762
8729a56d4ffffff,Real Estate,43.72
8729a56d4ffffff,Retail,246.932
8729a56d4ffffff,Transportation,288.905
8729a56d4ffffff,Wholesale,124.853
8729a56d5ffffff,Art/Culture,88.72
8729a56d5ffffff,Business Support,155.75
8729a56d5ffffff,Construction,180.93
8729a56d5ffffff,Corporate,0.038
8729a56d5ffffff,Education,566.682
8729a56d5ffffff,Energy,17.755
8729a56d5ffffff,Financial,60.145
8729a56d5ffffff,Health,1200.994
8729a56d5ffffff,Hospitality,422.121
8729a56d5ffffff,Information,37.193
8729a56d5ffffff,Manufacturing,792.952
8729a56d5ffffff,Professional Service,170.181
8729a56d5ffffff,Public Administration,177.511
8729a56d5ffffff,Real Estate,35.852
8729a56d5ffffff,Retail,281.59
8729a56d5ffffff,Transportation,342.95
8729a56d5ffffff,Wholesale,179.553
8729a56d6ffffff,Art/Culture,115.082
8729a56d6ffffff,Business Support,238.677
8729a56d6ffffff,Construction,324.348
8729a56d6ffffff,Corporate,0.011
8729a56d6ffffff,Education,148.655
8729a56d6ffffff,Energy,80.619
8729a56d6ffffff,Financial,119.135
8729a56d6ffffff,Health,218.221
8729a56d6ffffff,Hospitality,371.617
8729a56d6ffffff,Information,68.566
8729a56d6ffffff,Manufacturing,1613.085
8729a56d6ffffff,Professional Service,165.923
8729a56d6ffffff,Public Administration,95.7
8729a56d6ffffff,Real Estate,73.212
8729a56d6ffffff,Retail,577.589
8729a56d6ffffff,Transportation,994.403
8729a56d6ffffff,Wholesale,515.385
8729a56d8ffffff,Art/Culture,44.696
8729a56d8ffffff,Business Support,204.42
8729a56d8ffffff,Construction,339.497
8729a56d8ffffff,Corporate,0.841
8729a56d8ffffff,Education,273.049
8729a56d8ffffff,Energy,57.139
8729a56d8ffffff,Financial,55.747
8729a56d8ffffff,Health,375.604
8729a56d8ffffff,Hospitality,193.798
8729a56d8ffffff,Information,39.506
8729a56d8ffffff,Manufacturing,2137.008
8729a56d8ffffff,Professional Service,95.653
8729a56d8ffffff,Public Administration,80.716
8729a56d8ffffff,Real Estate,46.218
8729a56d8ffffff,Retail,441.778
8729a56d8ffffff,Transportation,767.482
8729a56d8ffffff,Wholesale,561.179
8729a56d9ffffff,Art/Culture,57.271
8729a56d9ffffff,Business Support,185.518
8729a56d9ffffff,Construction,508.414
8729a56d9ffffff,Corporate,2.0
8729a56d9ffffff,Education,638.494
8729a56d9ffffff,Energy,16.478
8729a56d9ffffff,Financial,64.223
8729a56d9ffffff,Health,1073.375
8729a56d9ffffff,Hospitality,296.668
8729a56d9ffffff,Information,79.944
8729a56d9ffffff,Manufacturing,889.229
8729a56d9ffffff,Professional Service,86.111
8729a56d9ffffff,Public Administration,151.568
8729a56d9ffffff,Real Estate,104.113
8729a56d9ffffff,Retail,303.283
8729a56d9ffffff,Transportation,290.092
8729a56d9ffffff,Wholesale,217.251
8729a56daffffff,Art/Culture,258.348
8729a56daffffff,Business Support,1054.818
8729a56daffffff,Construction,1913.879
8729a56daffffff,Corporate,5.803
8729a56daffffff,Education,445.353
8729a56daffffff,Energy,313.025
8729a56daffffff,Financial,344.744
8729a56daffffff,Health,731.899
8729a56daffffff,Hospitality,804.19
8729a56daffffff,Information,293.169
8729a56daffffff,Manufacturing,11488.246
8729a56daffffff,Professional Service,580.708
8729a56daffffff,Public Administration,430.208
8729a56daffffff,Real Estate,268.087
8729a56daffffff,Retail,2061.238
8729a56daffffff,Transportation,3936.223
8729a56daffffff,Wholesale,2798.075
8729a56dbffffff,Art/Culture,391.946
8729a56dbffffff,Business Support,679.138
8729a56dbffffff,Construction,1229.432
8729a56dbffffff,Corporate,11.175
8729a56dbffffff,Education,523.122
8729a56dbffffff,Energy,227.494
8729a56dbffffff,Financial,307.973
8729a56dbffffff,Health,944.601
8729a56dbffffff,Hospitality,976.323
8729a56dbffffff,Information,374.826
8729a56dbffffff,Manufacturing,4844.336
8729a56dbffffff,Professional Service,653.013
8729a56dbffffff,Public Administration,355.882
8729a56dbffffff,Real Estate,188.104
8729a56dbffffff,Retail,2072.117
8729a56dbffffff,Transportation,2990.903
8729a56dbffffff,Wholesale,1799.604
8729a56dcffffff,Art/Culture,142.858
8729a56dcffffff,Business Support,260.329
8729a56dcffffff,Construction,371.418
8729a56dcffffff,Corporate,0.35
8729a56dcffffff,Education,497.098
8729a56dcffffff,Energy,39.072
8729a56dcffffff,Financial,50.647
8729a56dcffffff,Health,707.456
8729a56dcffffff,Hospitality,428.816
8729a56dcffffff,Information,40.673
8729a56dcffffff,Manufacturing,716.042
8729a56dcffffff,Professional Service,78.33
8729a56dcffffff,Public Administration,135.09
8729a56dcffffff,Real Estate,65.099
8729a56dcffffff,Retail,454.916
8729a56dcffffff,Transportation,655.198
8729a56dcffffff,Wholesale,296.746
8729a56ddffffff,Art/Culture,109.475
8729a56ddffffff,Business Support,329.648
8729a56ddffffff,Construction,491.437
8729a56ddffffff,Corporate,3.474
8729a56ddffffff,Education,551.722
8729a56ddffffff,Energy,73.96
8729a56ddffffff,Financial,84.491
8729a56ddffffff,Health,1003.296
8729a56ddffffff,Hospitality,628.574
8729a56ddffffff,Information,40.851
8729a56ddffffff,Manufacturing,2460.446
8729a56ddffffff,Professional Service,105.368
8729a56ddffffff,Public Administration,236.903
8729a56ddffffff,Real Estate,45.537
8729a56ddffffff,Retail,929.006
8729a56ddffffff,Transportation,1234.076
8729a56ddffffff,Wholesale,607.033
8729a56deffffff,Art/Culture,259.059
8729a56deffffff,Business Support,827.514
8729a56deffffff,Construction,586.187
8729a56deffffff,Corporate,4.489
8729a56deffffff,Education,750.997
8729a56deffffff,Energy,99.665
8729a56deffffff,Financial,229.152
8729a56deffffff,Health,1184.297
8729a56deffffff,Hospitality,994.616
8729a56deffffff,Information,132.118
8729a56deffffff,Manufacturing,3159.255
8729a56deffffff,Professional Service,384.93
8729a56deffffff,Public Administration,345.134
8729a56deffffff,Real Estate,167.701
8729a56deffffff,Retail,1030.649
8729a56deffffff,Transportation,1486.05
8729a56deffffff,Wholesale,983.265
8729a56e0ffffff,Art/Culture,355.22
8729a56e0ffffff,Business Support,307.097
8729a56e0ffffff,Construction,496.085
8729a56e0ffffff,Corporate,4.206
8729a56e0ffffff,Education,393.387
8729a56e0ffffff,Energy,63.9
8729a56e0ffffff,Financial,175.715
8729a56e0ffffff,Health,562.374
8729a56e0ffffff,Hospitality,1010.319
8729a56e0ffffff,Information,98.724
8729a56e0ffffff,Manufacturing,1330.971
8729a56e0ffffff,Professional Service,352.115
8729a56e0ffffff,Public Administration,208.787
8729a56e0ffffff,Real Estate,113.357
8729a56e0ffffff,Retail,511.84
8729a56e0ffffff,Transportation,866.068
8729a56e0ffffff,Wholesale,437.33
8729a56e1ffffff,Art/Culture,227.919
8729a56e1ffffff,Business Support,180.536
8729a56e1ffffff,Construction,203.177
8729a56e1ffffff,Corporate,4.794
8729a56e1ffffff,Education,474.128
8729a56e1ffffff,Energy,65.745
8729a56e1ffffff,Financial,146.886
8729a56e1ffffff,Health,717.448
8729a56e1ffffff,Hospitality,596.434
8729a56e1ffffff,Information,72.128
8729a56e1ffffff,Manufacturing,257.612
8729a56e1ffffff,Professional Service,205.134
8729a56e1ffffff,Public Administration,213.77
8729a56e1ffffff,Real Estate,85.566
8729a56e1ffffff,Retail,376.64
8729a56e1ffffff,Transportation,456.844
8729a56e1ffffff,Wholesale,237.55
8729a56e2ffffff,Art/Culture,59.329
8729a56e2ffffff,Business Support,309.988
8729a56e2ffffff,Construction,844.942
8729a56e2ffffff,Corporate,4.356
8729a56e2ffffff,Education,126.862
8729a56e2ffffff,Energy,67.668
8729a56e2ffffff,Financial,135.708
8729a56e2ffffff,Health,188.046
8729a56e2ffffff,Hospitality,197.499
8729a56e2ffffff,Information,119.277
8729a56e2ffffff,Manufacturing,2493.889
8729a56e2ffffff,Professional Service,307.389
8729a56e2ffffff,Public Administration,118.846
8729a56e2ffffff,Real Estate,117.589
8729a56e2ffffff,Retail,311.029
8729a56e2ffffff,Transportation,777.394
8729a56e2ffffff,Wholesale,394.059
8729a56e3ffffff,Art/Culture,184.745
8729a56e3ffffff,Business Support,305.856
8729a56e3ffffff,Construction,525.755
8729a56e3ffffff,Corporate,4.504
8729a56e3ffffff,Education,555.237
8729a56e3ffffff,Energy,60.627
8729a56e3ffffff,Financial,176.056
8729a56e3ffffff,Health,1051.573
8729a56e3ffffff,Hospitality,575.879
8729a56e3ffffff,Information,173.55
8729a56e3ffffff,Manufacturing,2434.835
8729a56e3ffffff,Professional Service,329.059
8729a56e3ffffff,Public Administration,125.732
8729a56e3ffffff,Real Estate,118.565
8729a56e3ffffff,Retail,366.46
8729a56e3ffffff,Transportation,546.017
8729a56e3ffffff,Wholesale,274.873
8729a56e4ffffff,Art/Culture,96.695
8729a56e4ffffff,Business Support,898.755
8729a56e4ffffff,Construction,461.011
8729a56e4ffffff,Corporate,11.698
8729a56e4ffffff,Education,389.714
8729a56e4ffffff,Energy,82.018
8729a56e4ffffff,Financial,472.502
8729a56e4ffffff,Health,717.146
8729a56e4ffffff,Hospitality,388.026
8729a56e4ffffff,Information,343.413
8729a56e4ffffff,Manufacturing,1315.988
8729a56e4ffffff,Professional Service,977.913
8729a56e4ffffff,Public Administration,213.918
8729a56e4ffffff,Real Estate,285.948
8729a56e4ffffff,Retail,679.522
8729a56e4ffffff,Transportation,896.411
8729a56e4ffffff,Wholesale,521.15
8729a56e5ffffff,Art/Culture,82.767
8729a56e5ffffff,Business Support,279.96
8729a56e5ffffff,Construction,296.285
8729a56e5ffffff,Corporate,6.782
8729a56e5ffffff,Education,247.565
8729a56e5ffffff,Energy,45.236
8729a56e5ffffff,Financial,171.69
8729a56e5ffffff,Health,418.857
8729a56e5ffffff,Hospitality,357.938
8729a56e5ffffff,Information,136.828
8729a56e5ffffff,Manufacturing,447.69
8729a56e5ffffff,Professional Service,393.298
8729a56e5ffffff,Public Administration,108.766
8729a56e5ffffff,Real Estate,138.186
8729a56e5ffffff,Retail,495.556
8729a56e5ffffff,Transportation,606.456
8729a56e5ffffff,Wholesale,347.653
8729a56e6ffffff,Art/Culture,243.057
8729a56e6ffffff,Business Support,878.141
8729a56e6ffffff,Construction,1065.469
8729a56e6ffffff,Corporate,15.27
8729a56e6ffffff,Education,999.821
8729a56e6ffffff,Energy,99.327
8729a56e6ffffff,Financial,674.284
8729a56e6ffffff,Health,748.345
8729a56e6ffffff,Hospitality,529.619
8729a56e6ffffff,Information,355.739
8729a56e6ffffff,Manufacturing,3075.771
8729a56e6ffffff,Professional Service,1360.925
8729a56e6ffffff,Public Administration,466.15
8729a56e6ffffff,Real Estate,198.375
8729a56e6ffffff,Retail,974.426
8729a56e6ffffff,Transportation,1630.186
8729a56e6ffffff,Wholesale,544.313
8729a56e8ffffff,Art/Culture,72.538
8729a56e8ffffff,Business Support,192.732
8729a56e8ffffff,Construction,724.759
8729a56e8ffffff,Education,413.011
8729a56e8ffffff,Energy,53.635
8729a56e8ffffff,Financial,73.034
8729a56e8ffffff,Health,755.947
8729a56e8ffffff,Hospitality,356.888
8729a56e8ffffff,Information,99.129
8729a56e8ffffff,Manufacturing,2993.411
8729a56e8ffffff,Professional Service,228.785
8729a56e8ffffff,Public Administration,221.416
8729a56e8ffffff,Real Estate,78.259
8729a56e8ffffff,Retail,734.836
8729a56e8ffffff,Transportation,774.666
8729a56e8ffffff,Wholesale,285.274
8729a56e9ffffff,Art/Culture,127.051
8729a56e9ffffff,Business Support,261.463
8729a56e9ffffff,Construction,308.696
8729a56e9ffffff,Corporate,4.253
8729a56e9ffffff,Education,654.897
8729a56e9ffffff,Energy,53.937
8729a56e9ffffff,Financial,131.106
8729a56e9ffffff,Health,1126.993
8729a56e9ffffff,Hospitality,713.324
8729a56e9ffffff,Information,91.853
8729a56e9ffffff,Manufacturing,335.543
8729a56e9ffffff,Professional Service,279.483
8729a56e9ffffff,Public Administration,245.807
8729a56e9ffffff,Real Estate,109.998
8729a56e9ffffff,Retail,1035.939
8729a56e9ffffff,Transportation,857.454
8729a56e9ffffff,Wholesale,368.281
8729a56eaffffff,Art/Culture,42.644
8729a56eaffffff,Business Support,58.384
8729a56eaffffff,Construction,76.223
8729a56eaffffff,Corporate,0.527
8729a56eaffffff,Education,203.679
8729a56eaffffff,Energy,15.64
8729a56eaffffff,Financial,14.307
8729a56eaffffff,Health,403.943
8729a56eaffffff,Hospitality,157.271
8729a56eaffffff,Information,14.886
8729a56eaffffff,Manufacturing,36.716
8729a56eaffffff,Professional Service,38.225
8729a56eaffffff,Public Administration,42.649
8729a56eaffffff,Real Estate,12.524
8729a56eaffffff,Retail,70.857
8729a56eaffffff,Transportation,118.751
8729a56eaffffff,Wholesale,54.495
8729a56ebffffff,Art/Culture,314.844
8729a56ebffffff,Business Support,132.436
8729a56ebffffff,Construction,346.872
8729a56ebffffff,Corporate,3.212
8729a56ebffffff,Education,324.84
8729a56ebffffff,Energy,43.791
8729a56ebffffff,Financial,74.111
8729a56ebffffff,Health,487.647
8729a56ebffffff,Hospitality,1096.87
8729a56ebffffff,Information,48.469
8729a56ebffffff,Manufacturing,160.399
8729a56ebffffff,Professional Service,119.708
8729a56ebffffff,Public Administration,184.701
8729a56ebffffff,Real Estate,36.154
8729a56ebffffff,Retail,416.555
8729a56ebffffff,Transportation,559.029
8729a56ebffffff,Wholesale,212.532
8729a56ecffffff,Art/Culture,118.925
8729a56ecffffff,Business Support,288.567
8729a56ecffffff,Construction,503.191
8729a56ecffffff,Corporate,8.68
8729a56ecffffff,Education,1001.68
8729a56ecffffff,Energy,23.691
8729a56ecffffff,Financial,171.526
8729a56ecffffff,Health,1637.97
8729a56ecffffff,Hospitality,587.86
8729a56ecffffff,Information,137.248
8729a56ecffffff,Manufacturing,498.17
8729a56ecffffff,Professional Service,347.004
8729a56ecffffff,Public Administration,270.562
8729a56ecffffff,Real Estate,169.573
8729a56ecffffff,Retail,391.157
8729a56ecffffff,Transportation,519.963
8729a56ecffffff,Wholesale,110.663
8729a56edffffff,Art/Culture,151.68
8729a56edffffff,Business Support,329.34
8729a56edffffff,Construction,600.322
8729a56edffffff,Corporate,2.116
8729a56edffffff,Education,885.317
8729a56edffffff,Energy,53.192
8729a56edffffff,Financial,230.234
8729a56edffffff,Health,1322.374
8729a56edffffff,Hospitality,491.245
8729a56edffffff,Information,218.306
8729a56edffffff,Manufacturing,506.866
8729a56edffffff,Professional Service,603.54
8729a56edffffff,Public Administration,508.651
8729a56edffffff,Real Estate,133.008
8729a56edffffff,Retail,625.389
8729a56edffffff,Transportation,1026.721
8729a56edffffff,Wholesale,459.703
8729a56eeffffff,Art/Culture,38.793
8729a56eeffffff,Business Support,87.696
8729a56eeffffff,Construction,233.389
8729a56eeffffff,Corporate,0.727
8729a56eeffffff,Education,222.104
8729a56eeffffff,Energy,10.515
8729a56eeffffff,Financial,40.433
8729a56eeffffff,Health,368.325
8729a56eeffffff,Hospitality,231.865
8729a56eeffffff,Information,42.292
8729a56eeffffff,Manufacturing,479.616
8729a56eeffffff,Professional Service,119.84
8729a56eeffffff,Public Administration,44.425
8729a56eeffffff,Real Estate,56.685
8729a56eeffffff,Retail,221.416
8729a56eeffffff,Transportation,174.524
8729a56eeffffff,Wholesale,62.279
8729a56f0ffffff,Art/Culture,98.582
8729a56f0ffffff,Business Support,281.741
8729a56f0ffffff,Construction,421.838
8729a56f0ffffff,Corporate,5.238
8729a56f0ffffff,Education,901.899
8729a56f0ffffff,Energy,54.307
8729a56f0ffffff,Financial,110.789
8729a56f0ffffff,Health,2019.07
8729a56f0ffffff,Hospitality,575.077
8729a56f0ffffff,Information,79.096
8729a56f0ffffff,Manufacturing,651.981
8729a56f0ffffff,Professional Service,176.145
8729a56f0ffffff,Public Administration,442.293
8729a56f0ffffff,Real Estate,103.933
8729a56f0ffffff,Retail,683.215
8729a56f0ffffff,Transportation,842.941
8729a56f0ffffff,Wholesale,349.741
8729a56f1ffffff,Art/Culture,11.19
8729a56f1ffffff,Business Support,27.63
8729a56f1ffffff,Construction,77.105
8729a56f1ffffff,Corporate,0.056
8729a56f1ffffff,Education,87.261
8729a56f1ffffff,Energy,4.423
8729a56f1ffffff,Financial,12.544
8729a56f1ffffff,Health,82.848
8729a56f1ffffff,Hospitality,44.644
8729a56f1ffffff,Information,7.656
8729a56f1ffffff,Manufacturing,61.97
8729a56f1ffffff,Professional Service,8.164
8729a56f1ffffff,Public Administration,35.289
8729a56f1ffffff,Real Estate,4.527
8729a56f1ffffff,Retail,75.488
8729a56f1ffffff,Transportation,84.417
8729a56f1ffffff,Wholesale,12.574
8729a56f2ffffff,Art/Culture,19.234
8729a56f2ffffff,Business Support,83.053
8729a56f2ffffff,Construction,392.64
8729a56f2ffffff,Corporate,1.117
8729a56f2ffffff,Education,192.635
8729a56f2ffffff,Energy,13.687
8729a56f2ffffff,Financial,22.707
8729a56f2ffffff,Health,458.041
8729a56f2ffffff,Hospitality,127.088
8729a56f2ffffff,Information,9.645
8729a56f2ffffff,Manufacturing,227.537
8729a56f2ffffff,Professional Service,40.933
8729a56f2ffffff,Public Administration,120.014
8729a56f2ffffff,Real Estate,8.296
8729a56f2ffffff,Retail,112.088
8729a56f2ffffff,Transportation,235.208
8729a56f2ffffff,Wholesale,88.293
8729a56f3ffffff,Art/Culture,61.638
8729a56f3ffffff,Business Support,197.322
8729a56f3ffffff,Construction,294.041
8729a56f3ffffff,Corporate,0.118
8729a56f3ffffff,Education,395.72
8729a56f3ffffff,Energy,6.351
8729a56f3ffffff,Financial,79.647
8729a56f3ffffff,Health,716.949
8729a56f3ffffff,Hospitality,158.322
8729a56f3ffffff,Information,63.285
8729a56f3ffffff,Manufacturing,1348.25
8729a56f3ffffff,Professional Service,125.226
8729a56f3ffffff,Public Administration,197.182
8729a56f3ffffff,Real Estate,54.524
8729a56f3ffffff,Retail,315.422
8729a56f3ffffff,Transportation,387.772
8729a56f3ffffff,Wholesale,128.863
8729a56f4ffffff,Art/Culture,164.155
8729a56f4ffffff,Business Support,962.7
8729a56f4ffffff,Construction,1682.343
8729a56f4ffffff,Corporate,9.346
8729a56f4ffffff,Education,524.673
8729a56f4ffffff,Energy,248.876
8729a56f4ffffff,Financial,415.935
8729a56f4ffffff,Health,1178.684
8729a56f4ffffff,Hospitality,566.531
8729a56f4ffffff,Information,286.202
8729a56f4ffffff,Manufacturing,5360.429
8729a56f4ffffff,Professional Service,657.287
8729a56f4ffffff,Public Administration,333.114
8729a56f4ffffff,Real Estate,330.861
8729a56f4ffffff,Retail,1695.168
8729a56f4ffffff,Transportation,3101.76
8729a56f4ffffff,Wholesale,1567.793
8729a56f5ffffff,Art/Culture,137.623
8729a56f5ffffff,Business Support,388.344
8729a56f5ffffff,Construction,343.876
8729a56f5ffffff,Corporate,11.722
8729a56f5ffffff,Education,220.875
8729a56f5ffffff,Energy,87.086
8729a56f5ffffff,Financial,105.735
8729a56f5ffffff,Health,878.816
8729a56f5ffffff,Hospitality,527.166
8729a56f5ffffff,Information,118.495
8729a56f5ffffff,Manufacturing,1252.395
8729a56f5ffffff,Professional Service,122.502
8729a56f5ffffff,Public Administration,53.809
8729a56f5ffffff,Real Estate,200.916
8729a56f5ffffff,Retail,711.78
8729a56f5ffffff,Transportation,904.062
8729a56f5ffffff,Wholesale,581.204
8729a56f6ffffff,Art/Culture,21.643
8729a56f6ffffff,Business Support,77.407
8729a56f6ffffff,Construction,366.325
8729a56f6ffffff,Corporate,0.777
8729a56f6ffffff,Education,283.376
8729a56f6ffffff,Energy,25.081
8729a56f6ffffff,Financial,81.763
8729a56f6ffffff,Health,471.902
8729a56f6ffffff,Hospitality,124.044
8729a56f6ffffff,Information,52.337
8729a56f6ffffff,Manufacturing,399.367
8729a56f6ffffff,Professional Service,140.307
8729a56f6ffffff,Public Administration,127.564
8729a56f6ffffff,Real Estate,20.222
8729a56f6ffffff,Retail,232.178
8729a56f6ffffff,Transportation,249.972
8729a56f6ffffff,Wholesale,118.247
8729a5752ffffff,Art/Culture,200.569
8729a5752ffffff,Business Support,123.772
8729a5752ffffff,Construction,111.266
8729a5752ffffff,Corporate,1.912
8729a5752ffffff,Education,233.415
8729a5752ffffff,Energy,14.805
8729a5752ffffff,Financial,98.28
8729a5752ffffff,Health,384.652
8729a5752ffffff,Hospitality,551.158
8729a5752ffffff,Information,104.925
8729a5752ffffff,Manufacturing,139.506
8729a5752ffffff,Professional Service,385.141
8729a5752ffffff,Public Administration,133.325
8729a5752ffffff,Real Estate,126.456
8729a5752ffffff,Retail,67.918
8729a5752ffffff,Transportation,134.545
8729a5752ffffff,Wholesale,81.681
8729a575affffff,Art/Culture,29.647
8729a575affffff,Business Support,23.41
8729a575affffff,Construction,32.846
8729a575affffff,Corporate,0.551
8729a575affffff,Education,167.207
8729a575affffff,Energy,6.312
8729a575affffff,Financial,47.231
8729a575affffff,Health,251.737
8729a575affffff,Hospitality,81.182
8729a575affffff,Information,26.997
8729a575affffff,Manufacturing,55.754
8729a575affffff,Professional Service,194.33
8729a575affffff,Public Administration,59.819
8729a575affffff,Real Estate,109.354
8729a575affffff,Retail,33.948
8729a575affffff,Transportation,56.527
8729a575affffff,Wholesale,31.92
8729a575bffffff,Art/Culture,10.323
8729a575bffffff,Business Support,33.324
8729a575bffffff,Construction,43.195
8729a575bffffff,Corporate,0.628
8729a575bffffff,Education,137.855
8729a575bffffff,Energy,14.275
8729a575bffffff,Financial,114.863
8729a575bffffff,Health,248.705
8729a575bffffff,Hospitality,16.528
8729a575bffffff,Information,39.527
8729a575bffffff,Manufacturing,70.341
8729a575bffffff,Professional Service,219.316
8729a575bffffff,Public Administration,19.518
8729a575bffffff,Real Estate,74.946
8729a575bffffff,Retail,34.747
8729a575bffffff,Transportation,21.622
8729a575bffffff,Wholesale,34.329
8729a5788ffffff,Art/Culture,3.948
8729a5788ffffff,Business Support,18.952
8729a5788ffffff,Construction,7.502
8729a5788ffffff,Education,11.845
8729a5788ffffff,Energy,1.185
8729a5788ffffff,Financial,13.03
8729a5788ffffff,Health,13.819
8729a5788ffffff,Hospitality,6.317
8729a5788ffffff,Information,7.897
8729a5788ffffff,Manufacturing,8.292
8729a5788ffffff,Professional Service,8.687
8729a5788ffffff,Public Administration,3.554
8729a5788ffffff,Real Estate,5.133
8729a5788ffffff,Retail,7.897
8729a5788ffffff,Transportation,9.081
8729a5788ffffff,Wholesale,7.107
8729a5789ffffff,Art/Culture,33.306
8729a5789ffffff,Business Support,11.418
8729a5789ffffff,Construction,49.416
8729a5789ffffff,Corporate,0.038
8729a5789ffffff,Education,36.906
8729a5789ffffff,Energy,1.196
8729a5789ffffff,Financial,87.968
8729a5789ffffff,Health,74.463
8729a5789ffffff,Hospitality,51.253
8729a5789ffffff,Information,58.436
8729a5789ffffff,Manufacturing,25.402
8729a5789ffffff,Professional Service,77.722
8729a5789ffffff,Public Administration,28.293
8729a5789ffffff,Real Estate,12.729
8729a5789ffffff,Retail,16.176
8729a5789ffffff,Transportation,10.795
8729a5789ffffff,Wholesale,4.607
8729a578affffff,Art/Culture,185.954
8729a578affffff,Business Support,142.591
8729a578affffff,Construction,129.516
8729a578affffff,Corporate,3.354
8729a578affffff,Education,175.691
8729a578affffff,Energy,30.153
8729a578affffff,Financial,188.637
8729a578affffff,Health,264.37
8729a578affffff,Hospitality,411.682
8729a578affffff,Information,82.474
8729a578affffff,Manufacturing,125.472
8729a578affffff,Professional Service,304.446
8729a578affffff,Public Administration,138.699
8729a578affffff,Real Estate,87.286
8729a578affffff,Retail,116.785
8729a578affffff,Transportation,165.546
8729a578affffff,Wholesale,148.316
8729a578bffffff,Art/Culture,75.621
8729a578bffffff,Business Support,46.175
8729a578bffffff,Construction,81.39
8729a578bffffff,Corporate,0.124
8729a578bffffff,Education,92.016
8729a578bffffff,Energy,2.313
8729a578bffffff,Financial,22.009
8729a578bffffff,Health,175.256
8729a578bffffff,Hospitality,74.227
8729a578bffffff,Information,60.089
8729a578bffffff,Manufacturing,65.341
8729a578bffffff,Professional Service,146.561
8729a578bffffff,Public Administration,30.016
8729a578bffffff,Real Estate,21.941
8729a578bffffff,Retail,58.427
8729a578bffffff,Transportation,45.052
8729a578bffffff,Wholesale,42.025
