geomid,naics,workers
88498648a1fffff,Art/Culture,63
88498648a1fffff,Business Support,1
88498648a1fffff,Construction,12
88498648a1fffff,Corporate,32
88498648a1fffff,Education,20
88498648a1fffff,Financial,2
88498648a1fffff,Health,34
88498648a1fffff,Hospitality,155
88498648a1fffff,Manufacturing,11
88498648a1fffff,Public Administration,110
88498648a1fffff,Real Estate,18
88498648a1fffff,Retail,154
88498648a1fffff,Wholesale,1
88498649b1fffff,Art/Culture,1
88498649b1fffff,Education,6
88498649b1fffff,Hospitality,85
88498649b1fffff,Manufacturing,1
88498649b1fffff,Public Administration,12
88498649b1fffff,Retail,6
88498649b7fffff,Business Support,2
88498649b7fffff,Education,24
88498649b7fffff,Energy,2
88498649b7fffff,Health,4
88498649b7fffff,Hospitality,7
88498649b7fffff,Manufacturing,2
88498649b7fffff,Retail,30
88498649c1fffff,Art/Culture,36
88498649c1fffff,Business Support,1
88498649c1fffff,Education,30
88498649c1fffff,Energy,14
88498649c1fffff,Health,52
88498649c1fffff,Hospitality,79
88498649c1fffff,Manufacturing,25
88498649c1fffff,Professional Service,1
88498649c1fffff,Public Administration,10
88498649c1fffff,Retail,155
88498649c1fffff,Transportation,1
88498649c1fffff,Wholesale,3
88499516d9fffff,Art/Culture,4
88499516d9fffff,Business Support,5
88499516d9fffff,Education,189
88499516d9fffff,Energy,6
88499516d9fffff,Health,37
88499516d9fffff,Hospitality,56
88499516d9fffff,Information,1
88499516d9fffff,Manufacturing,105
88499516d9fffff,Professional Service,5
88499516d9fffff,Public Administration,62
88499516d9fffff,Real Estate,17
88499516d9fffff,Retail,218
88499516d9fffff,Wholesale,19
8849958001fffff,Art/Culture,34
8849958001fffff,Business Support,25
8849958001fffff,Education,67
8849958001fffff,Energy,6
8849958001fffff,Financial,133
8849958001fffff,Health,109
8849958001fffff,Hospitality,173
8849958001fffff,Information,14
8849958001fffff,Manufacturing,71
8849958001fffff,Professional Service,54
8849958001fffff,Public Administration,725
8849958001fffff,Real Estate,13
8849958001fffff,Retail,587
8849958001fffff,Wholesale,54
8849958003fffff,Art/Culture,44
8849958003fffff,Business Support,1
8849958003fffff,Education,115
8849958003fffff,Health,8
8849958003fffff,Hospitality,5
8849958003fffff,Manufacturing,4
8849958003fffff,Professional Service,32
8849958003fffff,Public Administration,6
8849958003fffff,Retail,14
8849958003fffff,Transportation,12
8849958005fffff,Art/Culture,21
8849958005fffff,Business Support,8
8849958005fffff,Education,170
8849958005fffff,Energy,2
8849958005fffff,Financial,9
8849958005fffff,Health,407
8849958005fffff,Hospitality,63
8849958005fffff,Information,19
8849958005fffff,Manufacturing,46
8849958005fffff,Professional Service,5
8849958005fffff,Public Administration,548
8849958005fffff,Real Estate,5
8849958005fffff,Retail,258
8849958005fffff,Wholesale,31
8849958009fffff,Education,12
8849958009fffff,Energy,7
8849958009fffff,Health,16
8849958009fffff,Hospitality,6
8849958009fffff,Manufacturing,18
8849958009fffff,Real Estate,3
8849958009fffff,Retail,45
8849958009fffff,Wholesale,1
884995800dfffff,Art/Culture,5
884995800dfffff,Business Support,2
884995800dfffff,Education,212
884995800dfffff,Financial,2
884995800dfffff,Health,58
884995800dfffff,Hospitality,64
884995800dfffff,Manufacturing,39
884995800dfffff,Professional Service,9
884995800dfffff,Public Administration,25
884995800dfffff,Real Estate,2
884995800dfffff,Retail,182
884995800dfffff,Transportation,1
884995800dfffff,Wholesale,23
8849958013fffff,Art/Culture,12
8849958013fffff,Hospitality,31
8849958013fffff,Manufacturing,2
8849958013fffff,Real Estate,1
8849958013fffff,Retail,9
8849958019fffff,Art/Culture,18
8849958019fffff,Business Support,9
8849958019fffff,Construction,2
8849958019fffff,Education,104
8849958019fffff,Health,59
8849958019fffff,Hospitality,107
8849958019fffff,Information,6
8849958019fffff,Manufacturing,233
8849958019fffff,Professional Service,3
8849958019fffff,Public Administration,26
8849958019fffff,Real Estate,2
8849958019fffff,Retail,349
8849958019fffff,Wholesale,22
8849958021fffff,Business Support,1
8849958021fffff,Education,32
8849958021fffff,Energy,1
8849958021fffff,Hospitality,15
8849958021fffff,Manufacturing,13
8849958021fffff,Public Administration,315
8849958021fffff,Retail,67
8849958021fffff,Transportation,1
8849958021fffff,Wholesale,3
8849958027fffff,Art/Culture,8
8849958027fffff,Business Support,3
8849958027fffff,Education,14
8849958027fffff,Energy,2
8849958027fffff,Financial,12
8849958027fffff,Health,16
8849958027fffff,Hospitality,32
8849958027fffff,Manufacturing,144
8849958027fffff,Professional Service,3
8849958027fffff,Real Estate,4
8849958027fffff,Retail,129
8849958027fffff,Wholesale,15
8849958043fffff,Art/Culture,13
8849958043fffff,Business Support,3
8849958043fffff,Education,61
8849958043fffff,Health,19
8849958043fffff,Hospitality,18
8849958043fffff,Information,7
8849958043fffff,Manufacturing,13
8849958043fffff,Professional Service,2
8849958043fffff,Public Administration,19
8849958043fffff,Retail,86
8849958043fffff,Wholesale,16
8849958061fffff,Art/Culture,3
8849958061fffff,Business Support,2
8849958061fffff,Education,13
8849958061fffff,Energy,1
8849958061fffff,Health,5
8849958061fffff,Hospitality,8
8849958061fffff,Manufacturing,5
8849958061fffff,Professional Service,3
8849958061fffff,Real Estate,2
8849958061fffff,Retail,54
8849958061fffff,Wholesale,4
8849958067fffff,Education,87
8849958067fffff,Health,1
8849958067fffff,Hospitality,4
8849958067fffff,Manufacturing,17
8849958067fffff,Professional Service,2
8849958067fffff,Real Estate,1
8849958067fffff,Retail,28
8849958067fffff,Wholesale,1
884995806dfffff,Business Support,8
884995806dfffff,Education,79
884995806dfffff,Health,8
884995806dfffff,Hospitality,30
884995806dfffff,Information,13
884995806dfffff,Manufacturing,63
884995806dfffff,Professional Service,1
884995806dfffff,Public Administration,18
884995806dfffff,Real Estate,3
884995806dfffff,Retail,160
884995806dfffff,Wholesale,4
8849958085fffff,Art/Culture,2
8849958085fffff,Business Support,2
8849958085fffff,Education,22
8849958085fffff,Energy,1
8849958085fffff,Health,23
8849958085fffff,Hospitality,25
8849958085fffff,Manufacturing,33
8849958085fffff,Professional Service,9
8849958085fffff,Real Estate,2
8849958085fffff,Retail,108
8849958085fffff,Transportation,2
8849958085fffff,Wholesale,23
8849958087fffff,Art/Culture,19
8849958087fffff,Business Support,14
8849958087fffff,Education,142
8849958087fffff,Energy,2
8849958087fffff,Financial,20
8849958087fffff,Health,85
8849958087fffff,Hospitality,104
8849958087fffff,Information,1
8849958087fffff,Manufacturing,118
8849958087fffff,Professional Service,15
8849958087fffff,Public Administration,3
8849958087fffff,Real Estate,3
8849958087fffff,Retail,443
8849958087fffff,Wholesale,21
8849958089fffff,Art/Culture,7
8849958089fffff,Business Support,11
8849958089fffff,Education,175
8849958089fffff,Energy,3
8849958089fffff,Financial,7
8849958089fffff,Health,62
8849958089fffff,Hospitality,8
8849958089fffff,Manufacturing,38
8849958089fffff,Professional Service,3
8849958089fffff,Public Administration,14
8849958089fffff,Real Estate,21
8849958089fffff,Retail,138
8849958089fffff,Wholesale,23
884995808bfffff,Art/Culture,4
884995808bfffff,Business Support,8
884995808bfffff,Education,264
884995808bfffff,Energy,6
884995808bfffff,Health,65
884995808bfffff,Hospitality,62
884995808bfffff,Information,6
884995808bfffff,Manufacturing,87
884995808bfffff,Professional Service,7
884995808bfffff,Public Administration,2
884995808bfffff,Real Estate,4
884995808bfffff,Retail,388
884995808bfffff,Transportation,1
884995808bfffff,Wholesale,25
8849958091fffff,Art/Culture,4
8849958091fffff,Business Support,11
8849958091fffff,Education,74
8849958091fffff,Health,13
8849958091fffff,Hospitality,22
8849958091fffff,Manufacturing,16
8849958091fffff,Real Estate,5
8849958091fffff,Retail,88
8849958091fffff,Transportation,1
8849958091fffff,Wholesale,16
884995809bfffff,Art/Culture,2
884995809bfffff,Business Support,11
884995809bfffff,Construction,1
884995809bfffff,Education,13
884995809bfffff,Energy,6
884995809bfffff,Health,22
884995809bfffff,Hospitality,22
884995809bfffff,Manufacturing,44
884995809bfffff,Professional Service,2
884995809bfffff,Real Estate,1
884995809bfffff,Retail,228
884995809bfffff,Transportation,1
884995809bfffff,Wholesale,25
884995809dfffff,Art/Culture,3
884995809dfffff,Business Support,5
884995809dfffff,Education,1
884995809dfffff,Energy,6
884995809dfffff,Health,8
884995809dfffff,Hospitality,3
884995809dfffff,Manufacturing,18
884995809dfffff,Professional Service,1
884995809dfffff,Retail,103
884995809dfffff,Wholesale,3
88499580a5fffff,Art/Culture,27
88499580a5fffff,Business Support,13
88499580a5fffff,Education,302
88499580a5fffff,Energy,39
88499580a5fffff,Financial,4
88499580a5fffff,Health,60
88499580a5fffff,Hospitality,80
88499580a5fffff,Manufacturing,94
88499580a5fffff,Professional Service,15
88499580a5fffff,Public Administration,649
88499580a5fffff,Real Estate,13
88499580a5fffff,Retail,448
88499580a5fffff,Wholesale,32
88499580a7fffff,Business Support,3
88499580a7fffff,Education,25
88499580a7fffff,Energy,7
88499580a7fffff,Health,7
88499580a7fffff,Hospitality,11
88499580a7fffff,Information,1
88499580a7fffff,Manufacturing,20
88499580a7fffff,Professional Service,1
88499580a7fffff,Real Estate,4
88499580a7fffff,Retail,38
88499580a7fffff,Wholesale,5
88499580adfffff,Business Support,3
88499580adfffff,Education,18
88499580adfffff,Energy,2
88499580adfffff,Health,1
88499580adfffff,Hospitality,1
88499580adfffff,Manufacturing,15
88499580adfffff,Retail,62
88499580adfffff,Wholesale,5
88499580b9fffff,Business Support,2
88499580b9fffff,Education,136
88499580b9fffff,Energy,6
88499580b9fffff,Health,1
88499580b9fffff,Hospitality,4
88499580b9fffff,Manufacturing,10
88499580b9fffff,Real Estate,1
88499580b9fffff,Retail,32
88499580d3fffff,Art/Culture,2
88499580d3fffff,Business Support,6
88499580d3fffff,Education,37
88499580d3fffff,Health,10
88499580d3fffff,Hospitality,46
88499580d3fffff,Manufacturing,29
88499580d3fffff,Professional Service,2
88499580d3fffff,Public Administration,2
88499580d3fffff,Real Estate,3
88499580d3fffff,Retail,216
88499580d3fffff,Wholesale,7
88499580d7fffff,Art/Culture,13
88499580d7fffff,Business Support,3
88499580d7fffff,Education,6
88499580d7fffff,Financial,13
88499580d7fffff,Health,9
88499580d7fffff,Hospitality,11
88499580d7fffff,Manufacturing,20
88499580d7fffff,Professional Service,1
88499580d7fffff,Real Estate,3
88499580d7fffff,Retail,85
88499580d7fffff,Wholesale,55
88499580d9fffff,Art/Culture,2
88499580d9fffff,Business Support,3
88499580d9fffff,Education,1
88499580d9fffff,Hospitality,5
88499580d9fffff,Manufacturing,11
88499580d9fffff,Retail,94
88499580d9fffff,Wholesale,1
88499580dbfffff,Art/Culture,2
88499580dbfffff,Business Support,6
88499580dbfffff,Energy,2
88499580dbfffff,Financial,1
88499580dbfffff,Health,6
88499580dbfffff,Hospitality,31
88499580dbfffff,Manufacturing,28
88499580dbfffff,Professional Service,9
88499580dbfffff,Real Estate,3
88499580dbfffff,Retail,169
88499580dbfffff,Wholesale,4
88499580edfffff,Business Support,13
88499580edfffff,Education,1
88499580edfffff,Energy,1
88499580edfffff,Health,1
88499580edfffff,Hospitality,5
88499580edfffff,Manufacturing,5
88499580edfffff,Real Estate,2
88499580edfffff,Retail,58
88499580edfffff,Wholesale,2
8849958113fffff,Art/Culture,14
8849958113fffff,Business Support,1
8849958113fffff,Health,1
8849958113fffff,Hospitality,11
8849958113fffff,Manufacturing,15
8849958113fffff,Real Estate,1
8849958113fffff,Retail,34
8849958113fffff,Wholesale,14
8849958117fffff,Art/Culture,6
8849958117fffff,Business Support,2
8849958117fffff,Education,1
8849958117fffff,Energy,6
8849958117fffff,Health,1
8849958117fffff,Hospitality,7
8849958117fffff,Manufacturing,5
8849958117fffff,Professional Service,2
8849958117fffff,Public Administration,7
8849958117fffff,Retail,59
8849958117fffff,Wholesale,5
884995811bfffff,Art/Culture,1
884995811bfffff,Business Support,2
884995811bfffff,Education,149
884995811bfffff,Energy,273
884995811bfffff,Health,28
884995811bfffff,Hospitality,19
884995811bfffff,Manufacturing,22
884995811bfffff,Professional Service,2
884995811bfffff,Public Administration,160
884995811bfffff,Real Estate,2
884995811bfffff,Retail,144
884995811bfffff,Wholesale,4
8849958133fffff,Art/Culture,1
8849958133fffff,Business Support,3
8849958133fffff,Education,2
8849958133fffff,Health,5
8849958133fffff,Hospitality,5
8849958133fffff,Manufacturing,13
8849958133fffff,Professional Service,1
8849958133fffff,Real Estate,1
8849958133fffff,Retail,79
8849958133fffff,Wholesale,4
8849958135fffff,Art/Culture,27
8849958135fffff,Business Support,19
8849958135fffff,Construction,1
8849958135fffff,Education,309
8849958135fffff,Energy,2
8849958135fffff,Financial,1
8849958135fffff,Health,100
8849958135fffff,Hospitality,85
8849958135fffff,Information,6
8849958135fffff,Manufacturing,104
8849958135fffff,Professional Service,10
8849958135fffff,Public Administration,26
8849958135fffff,Real Estate,18
8849958135fffff,Retail,448
8849958135fffff,Transportation,6
8849958135fffff,Wholesale,29
8849958183fffff,Art/Culture,13
8849958183fffff,Business Support,7
8849958183fffff,Education,98
8849958183fffff,Financial,1
8849958183fffff,Health,23
8849958183fffff,Hospitality,48
8849958183fffff,Manufacturing,74
8849958183fffff,Professional Service,2
8849958183fffff,Public Administration,6
8849958183fffff,Real Estate,17
8849958183fffff,Retail,188
8849958183fffff,Wholesale,58
8849958189fffff,Art/Culture,6
8849958189fffff,Business Support,6
8849958189fffff,Education,78
8849958189fffff,Health,61
8849958189fffff,Hospitality,64
8849958189fffff,Information,6
8849958189fffff,Manufacturing,71
8849958189fffff,Professional Service,7
8849958189fffff,Public Administration,12
8849958189fffff,Real Estate,2
8849958189fffff,Retail,284
8849958189fffff,Wholesale,24
8849958191fffff,Business Support,2
8849958191fffff,Education,7
8849958191fffff,Financial,18
8849958191fffff,Health,13
8849958191fffff,Hospitality,4
8849958191fffff,Manufacturing,31
8849958191fffff,Professional Service,2
8849958191fffff,Real Estate,9
8849958191fffff,Retail,54
8849958191fffff,Wholesale,16
8849958193fffff,Art/Culture,1
8849958193fffff,Business Support,2
8849958193fffff,Energy,6
8849958193fffff,Financial,14
8849958193fffff,Health,15
8849958193fffff,Hospitality,4
8849958193fffff,Manufacturing,3
8849958193fffff,Professional Service,1
8849958193fffff,Retail,33
8849958193fffff,Wholesale,3
8849958195fffff,Art/Culture,88
8849958195fffff,Business Support,7
8849958195fffff,Education,95
8849958195fffff,Energy,1
8849958195fffff,Financial,90
8849958195fffff,Health,28
8849958195fffff,Hospitality,151
8849958195fffff,Information,6
8849958195fffff,Manufacturing,58
8849958195fffff,Professional Service,20
8849958195fffff,Public Administration,353
8849958195fffff,Real Estate,25
8849958195fffff,Retail,492
8849958195fffff,Wholesale,6
8849958199fffff,Art/Culture,44
8849958199fffff,Business Support,117
8849958199fffff,Education,60
8849958199fffff,Financial,14
8849958199fffff,Health,39
8849958199fffff,Hospitality,20
8849958199fffff,Manufacturing,136
8849958199fffff,Professional Service,2
8849958199fffff,Public Administration,39
8849958199fffff,Real Estate,4
8849958199fffff,Retail,258
8849958199fffff,Transportation,1
8849958199fffff,Wholesale,55
884995819dfffff,Art/Culture,13
884995819dfffff,Business Support,19
884995819dfffff,Construction,1
884995819dfffff,Education,415
884995819dfffff,Financial,36
884995819dfffff,Health,300
884995819dfffff,Hospitality,233
884995819dfffff,Information,13
884995819dfffff,Manufacturing,205
884995819dfffff,Professional Service,16
884995819dfffff,Public Administration,15
884995819dfffff,Real Estate,9
884995819dfffff,Retail,742
884995819dfffff,Transportation,117
884995819dfffff,Wholesale,30
88499581a3fffff,Art/Culture,7
88499581a3fffff,Business Support,5
88499581a3fffff,Education,205
88499581a3fffff,Energy,13
88499581a3fffff,Financial,2
88499581a3fffff,Health,43
88499581a3fffff,Hospitality,30
88499581a3fffff,Information,1
88499581a3fffff,Manufacturing,41
88499581a3fffff,Professional Service,3
88499581a3fffff,Public Administration,7
88499581a3fffff,Real Estate,16
88499581a3fffff,Retail,240
88499581a3fffff,Wholesale,44
88499581b1fffff,Art/Culture,17
88499581b1fffff,Business Support,36
88499581b1fffff,Education,25
88499581b1fffff,Health,45
88499581b1fffff,Hospitality,27
88499581b1fffff,Manufacturing,42
88499581b1fffff,Professional Service,9
88499581b1fffff,Public Administration,6
88499581b1fffff,Real Estate,5
88499581b1fffff,Retail,153
88499581b1fffff,Wholesale,5
88499581b3fffff,Art/Culture,3
88499581b3fffff,Business Support,6
88499581b3fffff,Education,258
88499581b3fffff,Health,34
88499581b3fffff,Hospitality,59
88499581b3fffff,Information,12
88499581b3fffff,Manufacturing,23
88499581b3fffff,Professional Service,5
88499581b3fffff,Public Administration,176
88499581b3fffff,Real Estate,13
88499581b3fffff,Retail,126
88499581b3fffff,Wholesale,9
88499581b9fffff,Art/Culture,15
88499581b9fffff,Business Support,16
88499581b9fffff,Construction,1
88499581b9fffff,Education,51
88499581b9fffff,Energy,1
88499581b9fffff,Financial,1
88499581b9fffff,Health,284
88499581b9fffff,Hospitality,47
88499581b9fffff,Information,1
88499581b9fffff,Manufacturing,33
88499581b9fffff,Professional Service,7
88499581b9fffff,Public Administration,279
88499581b9fffff,Real Estate,3
88499581b9fffff,Retail,235
88499581b9fffff,Transportation,12
88499581b9fffff,Wholesale,38
88499581bbfffff,Art/Culture,45
88499581bbfffff,Business Support,20
88499581bbfffff,Education,235
88499581bbfffff,Energy,14
88499581bbfffff,Financial,22
88499581bbfffff,Health,143
88499581bbfffff,Hospitality,107
88499581bbfffff,Information,25
88499581bbfffff,Manufacturing,110
88499581bbfffff,Professional Service,43
88499581bbfffff,Public Administration,820
88499581bbfffff,Real Estate,27
88499581bbfffff,Retail,353
88499581bbfffff,Transportation,1
88499581bbfffff,Wholesale,22
88499581c1fffff,Art/Culture,59
88499581c1fffff,Business Support,17
88499581c1fffff,Construction,13
88499581c1fffff,Education,632
88499581c1fffff,Energy,2
88499581c1fffff,Financial,23
88499581c1fffff,Health,185
88499581c1fffff,Hospitality,151
88499581c1fffff,Information,12
88499581c1fffff,Manufacturing,89
88499581c1fffff,Professional Service,72
88499581c1fffff,Public Administration,68
88499581c1fffff,Real Estate,10
88499581c1fffff,Retail,673
88499581c1fffff,Wholesale,32
88499581c7fffff,Art/Culture,12
88499581c7fffff,Business Support,11
88499581c7fffff,Construction,1
88499581c7fffff,Education,132
88499581c7fffff,Energy,1
88499581c7fffff,Health,56
88499581c7fffff,Hospitality,71
88499581c7fffff,Information,14
88499581c7fffff,Manufacturing,70
88499581c7fffff,Professional Service,8
88499581c7fffff,Public Administration,1
88499581c7fffff,Real Estate,43
88499581c7fffff,Retail,323
88499581c7fffff,Wholesale,12
88499581d1fffff,Art/Culture,1
88499581d1fffff,Education,33
88499581d1fffff,Hospitality,4
88499581d1fffff,Manufacturing,18
88499581d1fffff,Retail,38
88499581d1fffff,Wholesale,2
88499581d3fffff,Art/Culture,2
88499581d3fffff,Business Support,5
88499581d3fffff,Education,60
88499581d3fffff,Energy,1
88499581d3fffff,Health,4
88499581d3fffff,Hospitality,12
88499581d3fffff,Information,6
88499581d3fffff,Manufacturing,14
88499581d3fffff,Public Administration,1
88499581d3fffff,Real Estate,2
88499581d3fffff,Retail,156
88499581d3fffff,Wholesale,7
88499581d5fffff,Art/Culture,2
88499581d5fffff,Business Support,5
88499581d5fffff,Construction,1
88499581d5fffff,Education,13
88499581d5fffff,Energy,1
88499581d5fffff,Health,7
88499581d5fffff,Hospitality,6
88499581d5fffff,Manufacturing,46
88499581d5fffff,Retail,120
88499581d5fffff,Wholesale,2
88499581d7fffff,Art/Culture,10
88499581d7fffff,Business Support,7
88499581d7fffff,Construction,1
88499581d7fffff,Education,267
88499581d7fffff,Energy,12
88499581d7fffff,Financial,1
88499581d7fffff,Health,29
88499581d7fffff,Hospitality,32
88499581d7fffff,Manufacturing,135
88499581d7fffff,Professional Service,16
88499581d7fffff,Public Administration,12
88499581d7fffff,Real Estate,6
88499581d7fffff,Retail,208
88499581d7fffff,Transportation,1
88499581d7fffff,Wholesale,5
88499581dbfffff,Business Support,1
88499581dbfffff,Hospitality,1
88499581dbfffff,Manufacturing,10
88499581dbfffff,Retail,22
88499581dbfffff,Wholesale,1
88499581ddfffff,Hospitality,7
88499581ddfffff,Manufacturing,1
88499581ddfffff,Retail,15
8849958259fffff,Business Support,1
8849958259fffff,Health,3
8849958259fffff,Hospitality,13
8849958259fffff,Manufacturing,8
8849958259fffff,Public Administration,18
8849958259fffff,Retail,57
8849958259fffff,Wholesale,2
8849958281fffff,Art/Culture,3
8849958281fffff,Business Support,10
8849958281fffff,Construction,1
8849958281fffff,Education,87
8849958281fffff,Health,54
8849958281fffff,Hospitality,35
8849958281fffff,Information,2
8849958281fffff,Manufacturing,39
8849958281fffff,Professional Service,3
8849958281fffff,Public Administration,6
8849958281fffff,Real Estate,3
8849958281fffff,Retail,250
8849958281fffff,Transportation,1
8849958281fffff,Wholesale,8
8849958283fffff,Art/Culture,14
8849958283fffff,Business Support,5
8849958283fffff,Education,190
8849958283fffff,Health,37
8849958283fffff,Hospitality,22
8849958283fffff,Manufacturing,17
8849958283fffff,Real Estate,2
8849958283fffff,Retail,91
8849958283fffff,Wholesale,2
8849958285fffff,Art/Culture,1
8849958285fffff,Business Support,1
8849958285fffff,Education,13
8849958285fffff,Health,8
8849958285fffff,Hospitality,8
8849958285fffff,Manufacturing,14
8849958285fffff,Professional Service,2
8849958285fffff,Retail,62
8849958285fffff,Wholesale,16
8849958295fffff,Business Support,1
8849958295fffff,Education,18
8849958295fffff,Health,1
8849958295fffff,Hospitality,2
8849958295fffff,Manufacturing,5
8849958295fffff,Professional Service,1
8849958295fffff,Real Estate,1
8849958295fffff,Retail,33
8849958295fffff,Wholesale,3
884995829bfffff,Art/Culture,2
884995829bfffff,Business Support,1
884995829bfffff,Education,24
884995829bfffff,Health,6
884995829bfffff,Hospitality,3
884995829bfffff,Manufacturing,4
884995829bfffff,Retail,42
884995829bfffff,Wholesale,1
88499582a5fffff,Art/Culture,6
88499582a5fffff,Business Support,1
88499582a5fffff,Education,32
88499582a5fffff,Health,13
88499582a5fffff,Hospitality,2
88499582a5fffff,Manufacturing,15
88499582a5fffff,Retail,19
88499582a7fffff,Art/Culture,7
88499582a7fffff,Business Support,6
88499582a7fffff,Construction,2
88499582a7fffff,Education,26
88499582a7fffff,Health,23
88499582a7fffff,Hospitality,29
88499582a7fffff,Information,1
88499582a7fffff,Manufacturing,16
88499582a7fffff,Professional Service,3
88499582a7fffff,Public Administration,13
88499582a7fffff,Real Estate,2
88499582a7fffff,Retail,128
88499582a7fffff,Wholesale,2
88499582a9fffff,Art/Culture,9
88499582a9fffff,Business Support,2
88499582a9fffff,Education,57
88499582a9fffff,Health,69
88499582a9fffff,Hospitality,13
88499582a9fffff,Information,1
88499582a9fffff,Manufacturing,18
88499582a9fffff,Professional Service,3
88499582a9fffff,Real Estate,8
88499582a9fffff,Retail,182
88499582a9fffff,Wholesale,4
88499582abfffff,Art/Culture,12
88499582abfffff,Education,68
88499582abfffff,Health,9
88499582abfffff,Hospitality,8
88499582abfffff,Manufacturing,11
88499582abfffff,Professional Service,1
88499582abfffff,Public Administration,1
88499582abfffff,Retail,36
88499582b3fffff,Art/Culture,6
88499582b3fffff,Business Support,2
88499582b3fffff,Education,35
88499582b3fffff,Health,10
88499582b3fffff,Hospitality,9
88499582b3fffff,Manufacturing,12
88499582b3fffff,Professional Service,1
88499582b3fffff,Real Estate,1
88499582b3fffff,Retail,50
88499582b3fffff,Wholesale,2
88499582bbfffff,Art/Culture,1
88499582bbfffff,Business Support,3
88499582bbfffff,Energy,1
88499582bbfffff,Health,4
88499582bbfffff,Hospitality,5
88499582bbfffff,Manufacturing,12
88499582bbfffff,Professional Service,3
88499582bbfffff,Real Estate,4
88499582bbfffff,Retail,33
88499582bbfffff,Transportation,6
88499582bbfffff,Wholesale,1
88499582e1fffff,Art/Culture,15
88499582e1fffff,Business Support,8
88499582e1fffff,Education,263
88499582e1fffff,Financial,12
88499582e1fffff,Health,36
88499582e1fffff,Hospitality,45
88499582e1fffff,Information,6
88499582e1fffff,Manufacturing,25
88499582e1fffff,Professional Service,9
88499582e1fffff,Public Administration,10
88499582e1fffff,Real Estate,1
88499582e1fffff,Retail,222
88499582e1fffff,Wholesale,8
88499582e3fffff,Art/Culture,1
88499582e3fffff,Business Support,3
88499582e3fffff,Education,60
88499582e3fffff,Energy,1
88499582e3fffff,Health,5
88499582e3fffff,Hospitality,7
88499582e3fffff,Manufacturing,31
88499582e3fffff,Professional Service,2
88499582e3fffff,Real Estate,2
88499582e3fffff,Retail,83
88499582e3fffff,Wholesale,1
8849958305fffff,Art/Culture,18
8849958305fffff,Business Support,8
8849958305fffff,Education,115
8849958305fffff,Energy,34
8849958305fffff,Health,60
8849958305fffff,Hospitality,55
8849958305fffff,Information,6
8849958305fffff,Manufacturing,47
8849958305fffff,Professional Service,15
8849958305fffff,Public Administration,36
8849958305fffff,Real Estate,6
8849958305fffff,Retail,373
8849958305fffff,Wholesale,49
8849958333fffff,Business Support,2
8849958333fffff,Education,112
8849958333fffff,Health,14
8849958333fffff,Hospitality,5
8849958333fffff,Manufacturing,31
8849958333fffff,Public Administration,1
8849958333fffff,Real Estate,1
8849958333fffff,Retail,46
8849958333fffff,Wholesale,1
8849958401fffff,Art/Culture,16
8849958401fffff,Business Support,2
8849958401fffff,Construction,313
8849958401fffff,Education,583
8849958401fffff,Energy,13
8849958401fffff,Financial,69
8849958401fffff,Health,1588
8849958401fffff,Hospitality,433
8849958401fffff,Information,19
8849958401fffff,Manufacturing,7
8849958401fffff,Professional Service,513
8849958401fffff,Public Administration,924
8849958401fffff,Real Estate,13
8849958401fffff,Retail,303
8849958401fffff,Transportation,115
8849958401fffff,Wholesale,307
8849958403fffff,Art/Culture,4
8849958403fffff,Business Support,20
8849958403fffff,Construction,1
8849958403fffff,Education,39
8849958403fffff,Energy,1
8849958403fffff,Financial,61
8849958403fffff,Health,78
8849958403fffff,Hospitality,142
8849958403fffff,Information,1
8849958403fffff,Manufacturing,127
8849958403fffff,Professional Service,94
8849958403fffff,Public Administration,177
8849958403fffff,Real Estate,4
8849958403fffff,Retail,344
8849958403fffff,Transportation,65
8849958403fffff,Wholesale,22
8849958405fffff,Art/Culture,2
8849958405fffff,Business Support,301
8849958405fffff,Construction,61
8849958405fffff,Education,1142
8849958405fffff,Energy,18
8849958405fffff,Financial,79
8849958405fffff,Health,459
8849958405fffff,Hospitality,587
8849958405fffff,Information,169
8849958405fffff,Manufacturing,269
8849958405fffff,Professional Service,176
8849958405fffff,Public Administration,115
8849958405fffff,Real Estate,13
8849958405fffff,Retail,545
8849958405fffff,Transportation,12
8849958405fffff,Wholesale,46
8849958407fffff,Art/Culture,14
8849958407fffff,Business Support,319
8849958407fffff,Construction,99
8849958407fffff,Corporate,114
8849958407fffff,Education,209
8849958407fffff,Energy,1
8849958407fffff,Financial,47
8849958407fffff,Health,1144
8849958407fffff,Hospitality,331
8849958407fffff,Manufacturing,50
8849958407fffff,Professional Service,325
8849958407fffff,Public Administration,162
8849958407fffff,Real Estate,25
8849958407fffff,Retail,157
8849958407fffff,Transportation,56
8849958407fffff,Wholesale,20
8849958409fffff,Art/Culture,21
8849958409fffff,Business Support,80
8849958409fffff,Construction,46
8849958409fffff,Education,951
8849958409fffff,Energy,274
8849958409fffff,Financial,190
8849958409fffff,Health,493
8849958409fffff,Hospitality,422
8849958409fffff,Information,20
8849958409fffff,Manufacturing,187
8849958409fffff,Professional Service,301
8849958409fffff,Public Administration,899
8849958409fffff,Real Estate,4
8849958409fffff,Retail,511
8849958409fffff,Transportation,1
8849958409fffff,Wholesale,210
884995840bfffff,Art/Culture,68
884995840bfffff,Business Support,4
884995840bfffff,Construction,13
884995840bfffff,Education,670
884995840bfffff,Financial,77
884995840bfffff,Health,532
884995840bfffff,Hospitality,361
884995840bfffff,Information,15
884995840bfffff,Manufacturing,27
884995840bfffff,Professional Service,124
884995840bfffff,Public Administration,772
884995840bfffff,Real Estate,32
884995840bfffff,Retail,724
884995840bfffff,Transportation,1
884995840bfffff,Wholesale,15
884995840dfffff,Art/Culture,1
884995840dfffff,Business Support,1
884995840dfffff,Construction,1
884995840dfffff,Education,232
884995840dfffff,Financial,8
884995840dfffff,Health,554
884995840dfffff,Hospitality,36
884995840dfffff,Manufacturing,28
884995840dfffff,Professional Service,32
884995840dfffff,Public Administration,661
884995840dfffff,Real Estate,3
884995840dfffff,Retail,80
884995840dfffff,Wholesale,32
8849958411fffff,Art/Culture,8
8849958411fffff,Business Support,115
8849958411fffff,Construction,12
8849958411fffff,Education,898
8849958411fffff,Financial,29
8849958411fffff,Health,322
8849958411fffff,Hospitality,139
8849958411fffff,Information,14
8849958411fffff,Professional Service,336
8849958411fffff,Public Administration,546
8849958411fffff,Retail,469
8849958411fffff,Wholesale,1
8849958415fffff,Art/Culture,87
8849958415fffff,Business Support,2
8849958415fffff,Construction,12
8849958415fffff,Education,194
8849958415fffff,Financial,22
8849958415fffff,Health,453
8849958415fffff,Hospitality,52
8849958415fffff,Manufacturing,9
8849958415fffff,Professional Service,6
8849958415fffff,Public Administration,274
8849958415fffff,Real Estate,7
8849958415fffff,Retail,162
8849958415fffff,Transportation,13
8849958415fffff,Wholesale,92
8849958419fffff,Art/Culture,166
8849958419fffff,Business Support,982
8849958419fffff,Construction,119
8849958419fffff,Corporate,18
8849958419fffff,Education,79
8849958419fffff,Financial,1459
8849958419fffff,Health,21
8849958419fffff,Hospitality,202
8849958419fffff,Information,112
8849958419fffff,Manufacturing,72
8849958419fffff,Professional Service,504
8849958419fffff,Public Administration,586
8849958419fffff,Real Estate,75
8849958419fffff,Retail,383
8849958419fffff,Transportation,284
8849958419fffff,Wholesale,136
884995841bfffff,Art/Culture,33
884995841bfffff,Business Support,52
884995841bfffff,Corporate,115
884995841bfffff,Energy,3
884995841bfffff,Financial,666
884995841bfffff,Health,18
884995841bfffff,Hospitality,1184
884995841bfffff,Information,325
884995841bfffff,Manufacturing,44
884995841bfffff,Professional Service,412
884995841bfffff,Real Estate,2
884995841bfffff,Retail,2070
884995841bfffff,Wholesale,54
884995841dfffff,Art/Culture,179
884995841dfffff,Business Support,233
884995841dfffff,Construction,14
884995841dfffff,Education,799
884995841dfffff,Financial,37
884995841dfffff,Health,157
884995841dfffff,Hospitality,460
884995841dfffff,Information,70
884995841dfffff,Manufacturing,96
884995841dfffff,Professional Service,322
884995841dfffff,Public Administration,559
884995841dfffff,Real Estate,21
884995841dfffff,Retail,361
884995841dfffff,Transportation,15
884995841dfffff,Wholesale,46
8849958421fffff,Art/Culture,7
8849958421fffff,Business Support,11
8849958421fffff,Construction,17
8849958421fffff,Education,615
8849958421fffff,Financial,8
8849958421fffff,Health,92
8849958421fffff,Hospitality,99
8849958421fffff,Manufacturing,92
8849958421fffff,Professional Service,6
8849958421fffff,Public Administration,524
8849958421fffff,Real Estate,14
8849958421fffff,Retail,245
8849958421fffff,Transportation,1
8849958421fffff,Wholesale,41
8849958423fffff,Art/Culture,111
8849958423fffff,Business Support,18
8849958423fffff,Construction,9
8849958423fffff,Education,250
8849958423fffff,Financial,79
8849958423fffff,Health,416
8849958423fffff,Hospitality,436
8849958423fffff,Information,32
8849958423fffff,Manufacturing,1580
8849958423fffff,Professional Service,66
8849958423fffff,Public Administration,194
8849958423fffff,Real Estate,347
8849958423fffff,Retail,1108
8849958423fffff,Transportation,100
8849958423fffff,Wholesale,258
8849958425fffff,Art/Culture,117
8849958425fffff,Business Support,14
8849958425fffff,Construction,1
8849958425fffff,Education,299
8849958425fffff,Financial,21
8849958425fffff,Health,342
8849958425fffff,Hospitality,79
8849958425fffff,Manufacturing,89
8849958425fffff,Professional Service,23
8849958425fffff,Public Administration,19
8849958425fffff,Real Estate,14
8849958425fffff,Retail,107
8849958425fffff,Transportation,12
8849958425fffff,Wholesale,26
8849958427fffff,Art/Culture,304
8849958427fffff,Business Support,20
8849958427fffff,Construction,1
8849958427fffff,Education,336
8849958427fffff,Financial,37
8849958427fffff,Health,339
8849958427fffff,Hospitality,163
8849958427fffff,Information,261
8849958427fffff,Manufacturing,999
8849958427fffff,Professional Service,67
8849958427fffff,Public Administration,6
8849958427fffff,Real Estate,12
8849958427fffff,Retail,299
8849958427fffff,Transportation,2
8849958427fffff,Wholesale,233
8849958429fffff,Art/Culture,3
8849958429fffff,Business Support,4
8849958429fffff,Construction,2
8849958429fffff,Education,385
8849958429fffff,Financial,15
8849958429fffff,Health,318
8849958429fffff,Hospitality,50
8849958429fffff,Information,13
8849958429fffff,Manufacturing,53
8849958429fffff,Professional Service,216
8849958429fffff,Public Administration,114
8849958429fffff,Real Estate,123
8849958429fffff,Retail,103
8849958429fffff,Wholesale,299
884995842dfffff,Art/Culture,74
884995842dfffff,Business Support,263
884995842dfffff,Construction,16
884995842dfffff,Education,80
884995842dfffff,Energy,1
884995842dfffff,Financial,77
884995842dfffff,Health,423
884995842dfffff,Hospitality,1033
884995842dfffff,Information,82
884995842dfffff,Manufacturing,85
884995842dfffff,Professional Service,46
884995842dfffff,Public Administration,127
884995842dfffff,Real Estate,50
884995842dfffff,Retail,1495
884995842dfffff,Transportation,88
884995842dfffff,Wholesale,99
8849958431fffff,Art/Culture,50
8849958431fffff,Business Support,32
8849958431fffff,Construction,4
8849958431fffff,Education,294
8849958431fffff,Financial,34
8849958431fffff,Health,100
8849958431fffff,Hospitality,233
8849958431fffff,Information,14
8849958431fffff,Manufacturing,232
8849958431fffff,Professional Service,35
8849958431fffff,Public Administration,177
8849958431fffff,Real Estate,14
8849958431fffff,Retail,433
8849958431fffff,Transportation,292
8849958431fffff,Wholesale,57
8849958433fffff,Art/Culture,42
8849958433fffff,Business Support,19
8849958433fffff,Construction,1
8849958433fffff,Education,207
8849958433fffff,Financial,1
8849958433fffff,Health,75
8849958433fffff,Hospitality,131
8849958433fffff,Information,6
8849958433fffff,Manufacturing,178
8849958433fffff,Professional Service,9
8849958433fffff,Real Estate,29
8849958433fffff,Retail,521
8849958433fffff,Transportation,56
8849958433fffff,Wholesale,94
8849958435fffff,Art/Culture,24
8849958435fffff,Business Support,19
8849958435fffff,Construction,2
8849958435fffff,Education,151
8849958435fffff,Financial,19
8849958435fffff,Health,79
8849958435fffff,Hospitality,121
8849958435fffff,Manufacturing,162
8849958435fffff,Professional Service,17
8849958435fffff,Public Administration,1
8849958435fffff,Real Estate,12
8849958435fffff,Retail,485
8849958435fffff,Transportation,1
8849958435fffff,Wholesale,106
8849958437fffff,Art/Culture,100
8849958437fffff,Business Support,57
8849958437fffff,Construction,1
8849958437fffff,Education,628
8849958437fffff,Financial,20
8849958437fffff,Health,252
8849958437fffff,Hospitality,159
8849958437fffff,Information,7
8849958437fffff,Manufacturing,169
8849958437fffff,Professional Service,18
8849958437fffff,Public Administration,22
8849958437fffff,Real Estate,72
8849958437fffff,Retail,634
8849958437fffff,Transportation,171
8849958437fffff,Wholesale,68
8849958439fffff,Art/Culture,83
8849958439fffff,Business Support,279
8849958439fffff,Education,155
8849958439fffff,Energy,1
8849958439fffff,Financial,70
8849958439fffff,Health,63
8849958439fffff,Hospitality,558
8849958439fffff,Information,46
8849958439fffff,Manufacturing,594
8849958439fffff,Professional Service,18
8849958439fffff,Public Administration,417
8849958439fffff,Real Estate,105
8849958439fffff,Retail,944
8849958439fffff,Wholesale,141
884995843dfffff,Art/Culture,21
884995843dfffff,Business Support,19
884995843dfffff,Construction,6
884995843dfffff,Education,191
884995843dfffff,Financial,1
884995843dfffff,Health,125
884995843dfffff,Hospitality,173
884995843dfffff,Manufacturing,70
884995843dfffff,Professional Service,15
884995843dfffff,Public Administration,9
884995843dfffff,Real Estate,62
884995843dfffff,Retail,298
884995843dfffff,Transportation,1
884995843dfffff,Wholesale,98
8849958441fffff,Art/Culture,44
8849958441fffff,Business Support,5
8849958441fffff,Construction,26
8849958441fffff,Education,244
8849958441fffff,Energy,1
8849958441fffff,Financial,30
8849958441fffff,Health,61
8849958441fffff,Hospitality,286
8849958441fffff,Information,3
8849958441fffff,Manufacturing,242
8849958441fffff,Professional Service,3
8849958441fffff,Public Administration,75
8849958441fffff,Real Estate,8
8849958441fffff,Retail,420
8849958441fffff,Transportation,4
8849958441fffff,Wholesale,67
8849958443fffff,Art/Culture,14
8849958443fffff,Business Support,20
8849958443fffff,Construction,13
8849958443fffff,Education,242
8849958443fffff,Financial,3
8849958443fffff,Health,66
8849958443fffff,Hospitality,85
8849958443fffff,Information,6
8849958443fffff,Manufacturing,78
8849958443fffff,Professional Service,20
8849958443fffff,Public Administration,8
8849958443fffff,Real Estate,17
8849958443fffff,Retail,305
8849958443fffff,Transportation,1
8849958443fffff,Wholesale,27
8849958445fffff,Art/Culture,14
8849958445fffff,Business Support,9
8849958445fffff,Construction,3
8849958445fffff,Education,284
8849958445fffff,Energy,1
8849958445fffff,Financial,6
8849958445fffff,Health,70
8849958445fffff,Hospitality,88
8849958445fffff,Manufacturing,66
8849958445fffff,Professional Service,44
8849958445fffff,Public Administration,1
8849958445fffff,Real Estate,11
8849958445fffff,Retail,266
8849958445fffff,Transportation,14
8849958445fffff,Wholesale,30
8849958447fffff,Art/Culture,295
8849958447fffff,Business Support,1
8849958447fffff,Education,142
8849958447fffff,Financial,37
8849958447fffff,Health,19
8849958447fffff,Hospitality,108
8849958447fffff,Manufacturing,45
8849958447fffff,Professional Service,116
8849958447fffff,Public Administration,15
8849958447fffff,Real Estate,15
8849958447fffff,Retail,129
8849958447fffff,Transportation,13
8849958447fffff,Wholesale,9
8849958449fffff,Art/Culture,4
8849958449fffff,Business Support,2
8849958449fffff,Education,365
8849958449fffff,Financial,14
8849958449fffff,Health,3
8849958449fffff,Hospitality,76
8849958449fffff,Information,1
8849958449fffff,Manufacturing,50
8849958449fffff,Professional Service,56
8849958449fffff,Real Estate,4
8849958449fffff,Retail,118
8849958449fffff,Wholesale,5
884995844bfffff,Art/Culture,2
884995844bfffff,Business Support,6
884995844bfffff,Education,170
884995844bfffff,Health,172
884995844bfffff,Hospitality,63
884995844bfffff,Information,1
884995844bfffff,Manufacturing,119
884995844bfffff,Professional Service,6
884995844bfffff,Public Administration,2
884995844bfffff,Real Estate,4
884995844bfffff,Retail,188
884995844bfffff,Transportation,58
884995844bfffff,Wholesale,7
8849958451fffff,Art/Culture,22
8849958451fffff,Business Support,18
8849958451fffff,Construction,15
8849958451fffff,Education,280
8849958451fffff,Health,113
8849958451fffff,Hospitality,59
8849958451fffff,Manufacturing,211
8849958451fffff,Professional Service,6
8849958451fffff,Public Administration,2
8849958451fffff,Real Estate,15
8849958451fffff,Retail,193
8849958451fffff,Wholesale,71
8849958455fffff,Art/Culture,34
8849958455fffff,Business Support,288
8849958455fffff,Construction,34
8849958455fffff,Education,180
8849958455fffff,Financial,61
8849958455fffff,Health,64
8849958455fffff,Hospitality,461
8849958455fffff,Information,57
8849958455fffff,Manufacturing,147
8849958455fffff,Professional Service,23
8849958455fffff,Public Administration,39
8849958455fffff,Real Estate,38
8849958455fffff,Retail,457
8849958455fffff,Transportation,44
8849958455fffff,Wholesale,43
8849958457fffff,Art/Culture,285
8849958457fffff,Business Support,394
8849958457fffff,Construction,38
8849958457fffff,Corporate,3
8849958457fffff,Education,310
8849958457fffff,Energy,1
8849958457fffff,Financial,38
8849958457fffff,Health,39
8849958457fffff,Hospitality,117
8849958457fffff,Information,12
8849958457fffff,Manufacturing,194
8849958457fffff,Professional Service,207
8849958457fffff,Public Administration,61
8849958457fffff,Real Estate,13
8849958457fffff,Retail,523
8849958457fffff,Transportation,15
8849958457fffff,Wholesale,78
8849958459fffff,Art/Culture,4
8849958459fffff,Business Support,5
8849958459fffff,Construction,1
8849958459fffff,Education,80
8849958459fffff,Energy,2
8849958459fffff,Health,60
8849958459fffff,Hospitality,82
8849958459fffff,Manufacturing,32
8849958459fffff,Professional Service,9
8849958459fffff,Public Administration,12
8849958459fffff,Real Estate,4
8849958459fffff,Retail,190
8849958459fffff,Transportation,1
8849958459fffff,Wholesale,3
884995845bfffff,Art/Culture,2
884995845bfffff,Business Support,3
884995845bfffff,Construction,2
884995845bfffff,Education,172
884995845bfffff,Energy,1
884995845bfffff,Health,52
884995845bfffff,Hospitality,75
884995845bfffff,Information,1
884995845bfffff,Manufacturing,86
884995845bfffff,Professional Service,45
884995845bfffff,Public Administration,207
884995845bfffff,Real Estate,16
884995845bfffff,Retail,131
884995845bfffff,Transportation,1
884995845bfffff,Wholesale,21
884995845dfffff,Art/Culture,27
884995845dfffff,Business Support,69
884995845dfffff,Construction,33
884995845dfffff,Education,44
884995845dfffff,Health,36
884995845dfffff,Hospitality,61
884995845dfffff,Manufacturing,145
884995845dfffff,Professional Service,10
884995845dfffff,Public Administration,1
884995845dfffff,Real Estate,3
884995845dfffff,Retail,268
884995845dfffff,Wholesale,5
8849958463fffff,Art/Culture,6
8849958463fffff,Business Support,58
8849958463fffff,Education,340
8849958463fffff,Financial,7
8849958463fffff,Health,182
8849958463fffff,Hospitality,160
8849958463fffff,Manufacturing,73
8849958463fffff,Professional Service,279
8849958463fffff,Public Administration,360
8849958463fffff,Real Estate,1
8849958463fffff,Retail,63
8849958463fffff,Transportation,1
8849958463fffff,Wholesale,69
8849958465fffff,Art/Culture,304
8849958465fffff,Business Support,7
8849958465fffff,Construction,56
8849958465fffff,Education,67
8849958465fffff,Financial,33
8849958465fffff,Health,171
8849958465fffff,Hospitality,93
8849958465fffff,Information,39
8849958465fffff,Manufacturing,142
8849958465fffff,Professional Service,128
8849958465fffff,Real Estate,1
8849958465fffff,Retail,364
8849958465fffff,Transportation,7
8849958465fffff,Wholesale,306
8849958467fffff,Art/Culture,1
8849958467fffff,Business Support,390
8849958467fffff,Education,1229
8849958467fffff,Financial,35
8849958467fffff,Health,16
8849958467fffff,Hospitality,244
8849958467fffff,Manufacturing,289
8849958467fffff,Professional Service,7
8849958467fffff,Public Administration,546
8849958467fffff,Real Estate,13
8849958467fffff,Retail,803
8849958467fffff,Transportation,2
8849958467fffff,Wholesale,1163
8849958469fffff,Art/Culture,46
8849958469fffff,Business Support,1
8849958469fffff,Construction,1
8849958469fffff,Education,8
8849958469fffff,Health,3
8849958469fffff,Hospitality,11
8849958469fffff,Manufacturing,14
8849958469fffff,Professional Service,1
8849958469fffff,Real Estate,1
8849958469fffff,Retail,54
8849958469fffff,Wholesale,7
884995846bfffff,Art/Culture,33
884995846bfffff,Business Support,1
884995846bfffff,Construction,3
884995846bfffff,Education,66
884995846bfffff,Financial,13
884995846bfffff,Health,120
884995846bfffff,Hospitality,73
884995846bfffff,Manufacturing,67
884995846bfffff,Professional Service,37
884995846bfffff,Public Administration,181
884995846bfffff,Real Estate,22
884995846bfffff,Retail,171
884995846bfffff,Wholesale,1
884995846dfffff,Art/Culture,43
884995846dfffff,Business Support,5
884995846dfffff,Construction,19
884995846dfffff,Education,540
884995846dfffff,Energy,7
884995846dfffff,Financial,8
884995846dfffff,Health,167
884995846dfffff,Hospitality,89
884995846dfffff,Information,7
884995846dfffff,Manufacturing,428
884995846dfffff,Professional Service,58
884995846dfffff,Public Administration,58
884995846dfffff,Real Estate,33
884995846dfffff,Retail,215
884995846dfffff,Transportation,1
884995846dfffff,Wholesale,102
8849958481fffff,Art/Culture,89
8849958481fffff,Business Support,78
8849958481fffff,Construction,266
8849958481fffff,Education,668
8849958481fffff,Energy,1
8849958481fffff,Financial,472
8849958481fffff,Health,391
8849958481fffff,Hospitality,342
8849958481fffff,Information,288
8849958481fffff,Manufacturing,121
8849958481fffff,Professional Service,54
8849958481fffff,Public Administration,715
8849958481fffff,Real Estate,4
8849958481fffff,Retail,337
8849958481fffff,Transportation,152
8849958481fffff,Wholesale,72
8849958485fffff,Art/Culture,333
8849958485fffff,Business Support,1331
8849958485fffff,Construction,345
8849958485fffff,Corporate,114
8849958485fffff,Education,265
8849958485fffff,Energy,12
8849958485fffff,Financial,687
8849958485fffff,Health,375
8849958485fffff,Hospitality,1615
8849958485fffff,Information,312
8849958485fffff,Manufacturing,169
8849958485fffff,Professional Service,1238
8849958485fffff,Public Administration,837
8849958485fffff,Real Estate,58
8849958485fffff,Retail,1705
8849958485fffff,Transportation,156
8849958485fffff,Wholesale,781
8849958487fffff,Art/Culture,45
8849958487fffff,Business Support,930
8849958487fffff,Corporate,7
8849958487fffff,Education,210
8849958487fffff,Energy,12
8849958487fffff,Financial,459
8849958487fffff,Hospitality,445
8849958487fffff,Information,317
8849958487fffff,Manufacturing,44
8849958487fffff,Professional Service,142
8849958487fffff,Public Administration,274
8849958487fffff,Real Estate,102
8849958487fffff,Retail,140
8849958487fffff,Transportation,6
8849958487fffff,Wholesale,486
8849958489fffff,Art/Culture,133
8849958489fffff,Business Support,404
8849958489fffff,Construction,95
8849958489fffff,Education,220
8849958489fffff,Financial,480
8849958489fffff,Health,572
8849958489fffff,Hospitality,221
8849958489fffff,Information,279
8849958489fffff,Manufacturing,73
8849958489fffff,Professional Service,271
8849958489fffff,Public Administration,336
8849958489fffff,Real Estate,96
8849958489fffff,Retail,301
8849958489fffff,Transportation,3
8849958489fffff,Wholesale,496
884995848bfffff,Art/Culture,68
884995848bfffff,Business Support,17
884995848bfffff,Education,281
884995848bfffff,Energy,4
884995848bfffff,Financial,37
884995848bfffff,Health,339
884995848bfffff,Hospitality,82
884995848bfffff,Manufacturing,460
884995848bfffff,Professional Service,608
884995848bfffff,Public Administration,2
884995848bfffff,Real Estate,46
884995848bfffff,Retail,704
884995848bfffff,Transportation,1
884995848bfffff,Wholesale,149
884995848dfffff,Art/Culture,96
884995848dfffff,Business Support,569
884995848dfffff,Construction,90
884995848dfffff,Education,323
884995848dfffff,Energy,275
884995848dfffff,Financial,364
884995848dfffff,Health,107
884995848dfffff,Hospitality,655
884995848dfffff,Information,511
884995848dfffff,Manufacturing,25
884995848dfffff,Professional Service,262
884995848dfffff,Public Administration,486
884995848dfffff,Real Estate,312
884995848dfffff,Retail,803
884995848dfffff,Transportation,13
884995848dfffff,Wholesale,94
8849958491fffff,Art/Culture,13
8849958491fffff,Business Support,1
8849958491fffff,Education,117
8849958491fffff,Health,22
8849958491fffff,Hospitality,8
8849958491fffff,Manufacturing,18
8849958491fffff,Professional Service,1
8849958491fffff,Real Estate,6
8849958491fffff,Retail,90
8849958491fffff,Wholesale,14
8849958493fffff,Art/Culture,13
8849958493fffff,Business Support,2
8849958493fffff,Education,140
8849958493fffff,Financial,5
8849958493fffff,Health,286
8849958493fffff,Hospitality,105
8849958493fffff,Information,1
8849958493fffff,Manufacturing,23
8849958493fffff,Professional Service,9
8849958493fffff,Public Administration,8
8849958493fffff,Real Estate,33
8849958493fffff,Retail,203
8849958495fffff,Art/Culture,13
8849958495fffff,Business Support,1
8849958495fffff,Construction,45
8849958495fffff,Education,82
8849958495fffff,Energy,1
8849958495fffff,Financial,16
8849958495fffff,Health,5
8849958495fffff,Hospitality,17
8849958495fffff,Manufacturing,47
8849958495fffff,Professional Service,10
8849958495fffff,Public Administration,26
8849958495fffff,Real Estate,14
8849958495fffff,Retail,66
8849958495fffff,Transportation,12
8849958495fffff,Wholesale,1
8849958497fffff,Art/Culture,9
8849958497fffff,Education,148
8849958497fffff,Financial,1
8849958497fffff,Hospitality,135
8849958497fffff,Manufacturing,8
8849958497fffff,Professional Service,14
8849958497fffff,Real Estate,7
8849958497fffff,Retail,32
8849958497fffff,Wholesale,273
8849958499fffff,Art/Culture,3
8849958499fffff,Business Support,320
8849958499fffff,Education,85
8849958499fffff,Energy,1
8849958499fffff,Financial,23
8849958499fffff,Health,37
8849958499fffff,Hospitality,115
8849958499fffff,Information,7
8849958499fffff,Manufacturing,76
8849958499fffff,Professional Service,118
8849958499fffff,Public Administration,6
8849958499fffff,Real Estate,15
8849958499fffff,Retail,613
8849958499fffff,Transportation,12
8849958499fffff,Wholesale,22
884995849bfffff,Art/Culture,1
884995849bfffff,Business Support,4
884995849bfffff,Construction,1
884995849bfffff,Education,162
884995849bfffff,Financial,1
884995849bfffff,Health,29
884995849bfffff,Hospitality,39
884995849bfffff,Information,1
884995849bfffff,Manufacturing,77
884995849bfffff,Professional Service,4
884995849bfffff,Public Administration,3
884995849bfffff,Real Estate,3
884995849bfffff,Retail,150
884995849bfffff,Wholesale,13
884995849dfffff,Art/Culture,15
884995849dfffff,Business Support,3
884995849dfffff,Construction,147
884995849dfffff,Education,391
884995849dfffff,Energy,3
884995849dfffff,Financial,63
884995849dfffff,Health,123
884995849dfffff,Hospitality,131
884995849dfffff,Manufacturing,120
884995849dfffff,Professional Service,296
884995849dfffff,Public Administration,25
884995849dfffff,Real Estate,2
884995849dfffff,Retail,446
884995849dfffff,Transportation,3
884995849dfffff,Wholesale,12
88499584a1fffff,Art/Culture,13
88499584a1fffff,Business Support,317
88499584a1fffff,Construction,311
88499584a1fffff,Corporate,1
88499584a1fffff,Education,59
88499584a1fffff,Financial,34
88499584a1fffff,Health,24
88499584a1fffff,Hospitality,94
88499584a1fffff,Information,73
88499584a1fffff,Manufacturing,10
88499584a1fffff,Professional Service,703
88499584a1fffff,Public Administration,912
88499584a1fffff,Real Estate,30
88499584a1fffff,Retail,114
88499584a1fffff,Transportation,138
88499584a1fffff,Wholesale,281
88499584a3fffff,Art/Culture,609
88499584a3fffff,Business Support,3350
88499584a3fffff,Construction,1183
88499584a3fffff,Corporate,61
88499584a3fffff,Education,856
88499584a3fffff,Energy,1
88499584a3fffff,Financial,1814
88499584a3fffff,Health,415
88499584a3fffff,Hospitality,944
88499584a3fffff,Information,758
88499584a3fffff,Manufacturing,264
88499584a3fffff,Professional Service,3400
88499584a3fffff,Public Administration,1574
88499584a3fffff,Real Estate,466
88499584a3fffff,Retail,1017
88499584a3fffff,Transportation,493
88499584a3fffff,Wholesale,1677
88499584a5fffff,Art/Culture,64
88499584a5fffff,Business Support,200
88499584a5fffff,Construction,56
88499584a5fffff,Education,195
88499584a5fffff,Financial,179
88499584a5fffff,Health,100
88499584a5fffff,Hospitality,288
88499584a5fffff,Information,76
88499584a5fffff,Manufacturing,39
88499584a5fffff,Professional Service,277
88499584a5fffff,Public Administration,165
88499584a5fffff,Real Estate,5
88499584a5fffff,Retail,151
88499584a5fffff,Wholesale,162
88499584a7fffff,Art/Culture,8
88499584a7fffff,Business Support,1064
88499584a7fffff,Construction,125
88499584a7fffff,Corporate,12
88499584a7fffff,Education,777
88499584a7fffff,Financial,74
88499584a7fffff,Health,822
88499584a7fffff,Hospitality,411
88499584a7fffff,Information,304
88499584a7fffff,Manufacturing,280
88499584a7fffff,Professional Service,723
88499584a7fffff,Public Administration,420
88499584a7fffff,Real Estate,83
88499584a7fffff,Retail,879
88499584a7fffff,Transportation,3
88499584a7fffff,Wholesale,577
88499584a9fffff,Art/Culture,225
88499584a9fffff,Business Support,901
88499584a9fffff,Construction,24
88499584a9fffff,Corporate,1
88499584a9fffff,Education,310
88499584a9fffff,Energy,114
88499584a9fffff,Financial,91
88499584a9fffff,Health,37
88499584a9fffff,Hospitality,1094
88499584a9fffff,Information,57
88499584a9fffff,Manufacturing,909
88499584a9fffff,Professional Service,160
88499584a9fffff,Public Administration,126
88499584a9fffff,Real Estate,40
88499584a9fffff,Retail,1825
88499584a9fffff,Transportation,8
88499584a9fffff,Wholesale,109
88499584abfffff,Art/Culture,350
88499584abfffff,Business Support,1455
88499584abfffff,Construction,506
88499584abfffff,Corporate,32
88499584abfffff,Education,1471
88499584abfffff,Energy,8
88499584abfffff,Financial,2020
88499584abfffff,Health,586
88499584abfffff,Hospitality,1741
88499584abfffff,Information,83
88499584abfffff,Manufacturing,464
88499584abfffff,Professional Service,2394
88499584abfffff,Public Administration,3436
88499584abfffff,Real Estate,249
88499584abfffff,Retail,765
88499584abfffff,Transportation,950
88499584abfffff,Wholesale,482
88499584adfffff,Art/Culture,80
88499584adfffff,Business Support,570
88499584adfffff,Construction,304
88499584adfffff,Education,498
88499584adfffff,Energy,1
88499584adfffff,Financial,88
88499584adfffff,Health,397
88499584adfffff,Hospitality,271
88499584adfffff,Information,412
88499584adfffff,Manufacturing,414
88499584adfffff,Professional Service,130
88499584adfffff,Public Administration,143
88499584adfffff,Real Estate,10
88499584adfffff,Retail,868
88499584adfffff,Transportation,1
88499584adfffff,Wholesale,486
88499584b1fffff,Art/Culture,59
88499584b1fffff,Business Support,60
88499584b1fffff,Construction,178
88499584b1fffff,Education,263
88499584b1fffff,Financial,67
88499584b1fffff,Health,159
88499584b1fffff,Hospitality,196
88499584b1fffff,Manufacturing,134
88499584b1fffff,Professional Service,116
88499584b1fffff,Public Administration,336
88499584b1fffff,Real Estate,1
88499584b1fffff,Retail,273
88499584b1fffff,Transportation,20
88499584b1fffff,Wholesale,29
88499584b3fffff,Art/Culture,8
88499584b3fffff,Business Support,44
88499584b3fffff,Construction,2
88499584b3fffff,Education,385
88499584b3fffff,Energy,2
88499584b3fffff,Financial,44
88499584b3fffff,Health,363
88499584b3fffff,Hospitality,222
88499584b3fffff,Information,7
88499584b3fffff,Manufacturing,549
88499584b3fffff,Professional Service,115
88499584b3fffff,Public Administration,89
88499584b3fffff,Real Estate,26
88499584b3fffff,Retail,492
88499584b3fffff,Transportation,1
88499584b3fffff,Wholesale,145
88499584b5fffff,Art/Culture,71
88499584b5fffff,Business Support,888
88499584b5fffff,Construction,341
88499584b5fffff,Education,482
88499584b5fffff,Financial,291
88499584b5fffff,Health,726
88499584b5fffff,Hospitality,632
88499584b5fffff,Information,301
88499584b5fffff,Manufacturing,159
88499584b5fffff,Professional Service,1211
88499584b5fffff,Public Administration,45
88499584b5fffff,Real Estate,91
88499584b5fffff,Retail,698
88499584b5fffff,Transportation,155
88499584b5fffff,Wholesale,654
88499584b7fffff,Art/Culture,61
88499584b7fffff,Business Support,54
88499584b7fffff,Construction,76
88499584b7fffff,Education,168
88499584b7fffff,Financial,302
88499584b7fffff,Health,146
88499584b7fffff,Hospitality,175
88499584b7fffff,Information,42
88499584b7fffff,Manufacturing,412
88499584b7fffff,Professional Service,384
88499584b7fffff,Public Administration,72
88499584b7fffff,Real Estate,135
88499584b7fffff,Retail,366
88499584b7fffff,Transportation,95
88499584b7fffff,Wholesale,322
88499584b9fffff,Art/Culture,1
88499584b9fffff,Business Support,283
88499584b9fffff,Construction,46
88499584b9fffff,Corporate,1
88499584b9fffff,Education,523
88499584b9fffff,Energy,1
88499584b9fffff,Financial,439
88499584b9fffff,Health,34
88499584b9fffff,Hospitality,183
88499584b9fffff,Information,2
88499584b9fffff,Manufacturing,49
88499584b9fffff,Professional Service,919
88499584b9fffff,Public Administration,1099
88499584b9fffff,Real Estate,44
88499584b9fffff,Retail,193
88499584b9fffff,Transportation,24
88499584b9fffff,Wholesale,174
88499584bbfffff,Art/Culture,5
88499584bbfffff,Business Support,13
88499584bbfffff,Construction,444
88499584bbfffff,Education,187
88499584bbfffff,Energy,7
88499584bbfffff,Financial,39
88499584bbfffff,Health,32
88499584bbfffff,Hospitality,56
88499584bbfffff,Information,13
88499584bbfffff,Manufacturing,22
88499584bbfffff,Professional Service,10
88499584bbfffff,Public Administration,13
88499584bbfffff,Real Estate,20
88499584bbfffff,Retail,241
88499584bbfffff,Transportation,12
88499584bbfffff,Wholesale,291
88499584bdfffff,Art/Culture,90
88499584bdfffff,Business Support,1829
88499584bdfffff,Construction,618
88499584bdfffff,Corporate,56
88499584bdfffff,Education,251
88499584bdfffff,Financial,1508
88499584bdfffff,Health,64
88499584bdfffff,Hospitality,1312
88499584bdfffff,Information,28
88499584bdfffff,Manufacturing,40
88499584bdfffff,Professional Service,1105
88499584bdfffff,Public Administration,1928
88499584bdfffff,Real Estate,85
88499584bdfffff,Retail,1306
88499584bdfffff,Transportation,40
88499584bdfffff,Wholesale,463
88499584c1fffff,Art/Culture,13
88499584c1fffff,Business Support,12
88499584c1fffff,Construction,55
88499584c1fffff,Education,261
88499584c1fffff,Financial,23
88499584c1fffff,Health,6
88499584c1fffff,Hospitality,12
88499584c1fffff,Professional Service,38
88499584c1fffff,Public Administration,1
88499584c1fffff,Real Estate,81
88499584c1fffff,Retail,274
88499584c1fffff,Wholesale,279
88499584c3fffff,Art/Culture,58
88499584c3fffff,Business Support,1
88499584c3fffff,Construction,8
88499584c3fffff,Education,212
88499584c3fffff,Financial,47
88499584c3fffff,Health,42
88499584c3fffff,Hospitality,906
88499584c3fffff,Information,10
88499584c3fffff,Manufacturing,2
88499584c3fffff,Professional Service,320
88499584c3fffff,Public Administration,2
88499584c3fffff,Real Estate,8
88499584c3fffff,Retail,1130
88499584c3fffff,Transportation,5
88499584c3fffff,Wholesale,8
88499584cbfffff,Art/Culture,65
88499584cbfffff,Business Support,62
88499584cbfffff,Construction,32
88499584cbfffff,Education,184
88499584cbfffff,Financial,38
88499584cbfffff,Health,56
88499584cbfffff,Hospitality,291
88499584cbfffff,Information,12
88499584cbfffff,Manufacturing,3
88499584cbfffff,Professional Service,37
88499584cbfffff,Real Estate,9
88499584cbfffff,Retail,117
88499584cbfffff,Transportation,13
88499584cbfffff,Wholesale,36
88499584d3fffff,Art/Culture,117
88499584d3fffff,Business Support,67
88499584d3fffff,Construction,21
88499584d3fffff,Education,181
88499584d3fffff,Energy,7
88499584d3fffff,Financial,30
88499584d3fffff,Health,71
88499584d3fffff,Hospitality,111
88499584d3fffff,Manufacturing,112
88499584d3fffff,Professional Service,29
88499584d3fffff,Public Administration,33
88499584d3fffff,Real Estate,26
88499584d3fffff,Retail,551
88499584d3fffff,Transportation,8
88499584d3fffff,Wholesale,6
88499584d5fffff,Art/Culture,70
88499584d5fffff,Business Support,62
88499584d5fffff,Construction,62
88499584d5fffff,Education,229
88499584d5fffff,Energy,444
88499584d5fffff,Financial,29
88499584d5fffff,Health,70
88499584d5fffff,Hospitality,168
88499584d5fffff,Information,3
88499584d5fffff,Manufacturing,160
88499584d5fffff,Professional Service,124
88499584d5fffff,Public Administration,2
88499584d5fffff,Real Estate,13
88499584d5fffff,Retail,225
88499584d5fffff,Transportation,8
88499584d5fffff,Wholesale,38
88499584d9fffff,Construction,3
88499584d9fffff,Education,113
88499584d9fffff,Financial,4
88499584d9fffff,Health,15
88499584d9fffff,Hospitality,28
88499584d9fffff,Manufacturing,11
88499584d9fffff,Professional Service,1
88499584d9fffff,Public Administration,56
88499584d9fffff,Real Estate,1
88499584d9fffff,Retail,54
88499584d9fffff,Wholesale,2
88499584ddfffff,Art/Culture,44
88499584ddfffff,Business Support,61
88499584ddfffff,Construction,286
88499584ddfffff,Corporate,6
88499584ddfffff,Education,217
88499584ddfffff,Energy,115
88499584ddfffff,Financial,517
88499584ddfffff,Health,482
88499584ddfffff,Hospitality,263
88499584ddfffff,Information,14
88499584ddfffff,Manufacturing,325
88499584ddfffff,Professional Service,514
88499584ddfffff,Public Administration,171
88499584ddfffff,Real Estate,51
88499584ddfffff,Retail,369
88499584ddfffff,Transportation,44
88499584ddfffff,Wholesale,137
88499584e3fffff,Art/Culture,154
88499584e3fffff,Business Support,50
88499584e3fffff,Construction,181
88499584e3fffff,Education,1809
88499584e3fffff,Financial,52
88499584e3fffff,Health,17
88499584e3fffff,Hospitality,334
88499584e3fffff,Information,348
88499584e3fffff,Manufacturing,5
88499584e3fffff,Professional Service,370
88499584e3fffff,Public Administration,329
88499584e3fffff,Real Estate,23
88499584e3fffff,Retail,517
88499584e3fffff,Transportation,44
88499584e3fffff,Wholesale,323
88499584e5fffff,Art/Culture,6
88499584e5fffff,Business Support,8
88499584e5fffff,Construction,1
88499584e5fffff,Education,522
88499584e5fffff,Financial,27
88499584e5fffff,Health,92
88499584e5fffff,Hospitality,121
88499584e5fffff,Information,1
88499584e5fffff,Manufacturing,138
88499584e5fffff,Professional Service,30
88499584e5fffff,Public Administration,3
88499584e5fffff,Real Estate,62
88499584e5fffff,Retail,477
88499584e5fffff,Transportation,7
88499584e5fffff,Wholesale,29
88499584e7fffff,Art/Culture,1
88499584e7fffff,Business Support,69
88499584e7fffff,Construction,55
88499584e7fffff,Education,234
88499584e7fffff,Financial,26
88499584e7fffff,Health,46
88499584e7fffff,Hospitality,261
88499584e7fffff,Information,51
88499584e7fffff,Manufacturing,53
88499584e7fffff,Professional Service,38
88499584e7fffff,Public Administration,55
88499584e7fffff,Real Estate,14
88499584e7fffff,Retail,190
88499584e7fffff,Transportation,38
88499584e7fffff,Wholesale,103
88499584ebfffff,Art/Culture,380
88499584ebfffff,Business Support,206
88499584ebfffff,Construction,120
88499584ebfffff,Education,8101
88499584ebfffff,Financial,47
88499584ebfffff,Health,156
88499584ebfffff,Hospitality,555
88499584ebfffff,Information,128
88499584ebfffff,Manufacturing,46
88499584ebfffff,Professional Service,2380
88499584ebfffff,Public Administration,2769
88499584ebfffff,Real Estate,33
88499584ebfffff,Retail,720
88499584ebfffff,Transportation,28
88499584ebfffff,Wholesale,56
8849958503fffff,Business Support,23
8849958503fffff,Construction,2
8849958503fffff,Education,937
8849958503fffff,Energy,12
8849958503fffff,Financial,2
8849958503fffff,Health,179
8849958503fffff,Hospitality,58
8849958503fffff,Manufacturing,2
8849958503fffff,Professional Service,7
8849958503fffff,Public Administration,673
8849958503fffff,Real Estate,1
8849958503fffff,Retail,80
8849958503fffff,Wholesale,1
8849958509fffff,Art/Culture,62
8849958509fffff,Education,1
8849958509fffff,Energy,6
8849958509fffff,Hospitality,59
8849958509fffff,Public Administration,111
8849958509fffff,Real Estate,2
8849958509fffff,Retail,16
884995850bfffff,Art/Culture,8
884995850bfffff,Business Support,289
884995850bfffff,Construction,2
884995850bfffff,Education,172
884995850bfffff,Energy,1
884995850bfffff,Financial,47
884995850bfffff,Health,19
884995850bfffff,Hospitality,304
884995850bfffff,Information,51
884995850bfffff,Manufacturing,294
884995850bfffff,Professional Service,20
884995850bfffff,Public Administration,69
884995850bfffff,Real Estate,4
884995850bfffff,Retail,846
884995850bfffff,Transportation,8
884995850bfffff,Wholesale,16
8849958511fffff,Art/Culture,57
8849958511fffff,Business Support,1
8849958511fffff,Construction,3
8849958511fffff,Education,154
8849958511fffff,Financial,5
8849958511fffff,Health,91
8849958511fffff,Hospitality,154
8849958511fffff,Information,12
8849958511fffff,Manufacturing,12
8849958511fffff,Professional Service,3
8849958511fffff,Public Administration,1316
8849958511fffff,Real Estate,2
8849958511fffff,Retail,110
8849958511fffff,Wholesale,3
8849958515fffff,Art/Culture,7
8849958515fffff,Business Support,149
8849958515fffff,Construction,9
8849958515fffff,Education,370
8849958515fffff,Financial,34
8849958515fffff,Health,87
8849958515fffff,Hospitality,225
8849958515fffff,Information,2
8849958515fffff,Manufacturing,91
8849958515fffff,Professional Service,53
8849958515fffff,Public Administration,116
8849958515fffff,Real Estate,11
8849958515fffff,Retail,333
8849958515fffff,Transportation,13
8849958515fffff,Wholesale,22
8849958517fffff,Art/Culture,64
8849958517fffff,Business Support,406
8849958517fffff,Construction,294
8849958517fffff,Education,669
8849958517fffff,Financial,80
8849958517fffff,Health,232
8849958517fffff,Hospitality,313
8849958517fffff,Manufacturing,39
8849958517fffff,Professional Service,39
8849958517fffff,Public Administration,994
8849958517fffff,Real Estate,29
8849958517fffff,Retail,788
8849958517fffff,Transportation,7
8849958517fffff,Wholesale,22
8849958519fffff,Art/Culture,129
8849958519fffff,Business Support,245
8849958519fffff,Education,293
8849958519fffff,Energy,1
8849958519fffff,Financial,116
8849958519fffff,Health,113
8849958519fffff,Hospitality,622
8849958519fffff,Information,128
8849958519fffff,Manufacturing,318
8849958519fffff,Professional Service,10
8849958519fffff,Public Administration,4368
8849958519fffff,Real Estate,143
8849958519fffff,Retail,1968
8849958519fffff,Transportation,58
8849958519fffff,Wholesale,42
884995851bfffff,Art/Culture,49
884995851bfffff,Business Support,10
884995851bfffff,Education,123
884995851bfffff,Financial,24
884995851bfffff,Health,390
884995851bfffff,Hospitality,370
884995851bfffff,Information,73
884995851bfffff,Manufacturing,6
884995851bfffff,Professional Service,16
884995851bfffff,Public Administration,12
884995851bfffff,Real Estate,17
884995851bfffff,Retail,660
884995851bfffff,Wholesale,162
884995851dfffff,Art/Culture,46
884995851dfffff,Business Support,2
884995851dfffff,Construction,14
884995851dfffff,Education,194
884995851dfffff,Financial,52
884995851dfffff,Health,55
884995851dfffff,Hospitality,218
884995851dfffff,Information,6
884995851dfffff,Manufacturing,614
884995851dfffff,Professional Service,123
884995851dfffff,Public Administration,32
884995851dfffff,Real Estate,53
884995851dfffff,Retail,609
884995851dfffff,Transportation,15
884995851dfffff,Wholesale,209
8849958521fffff,Art/Culture,24
8849958521fffff,Business Support,8
8849958521fffff,Construction,13
8849958521fffff,Education,264
8849958521fffff,Energy,1
8849958521fffff,Financial,1
8849958521fffff,Health,108
8849958521fffff,Hospitality,78
8849958521fffff,Manufacturing,160
8849958521fffff,Professional Service,16
8849958521fffff,Public Administration,285
8849958521fffff,Real Estate,11
8849958521fffff,Retail,343
8849958521fffff,Wholesale,47
8849958523fffff,Art/Culture,300
8849958523fffff,Business Support,12
8849958523fffff,Construction,1
8849958523fffff,Education,98
8849958523fffff,Financial,8
8849958523fffff,Health,85
8849958523fffff,Hospitality,420
8849958523fffff,Information,81
8849958523fffff,Manufacturing,910
8849958523fffff,Professional Service,13
8849958523fffff,Public Administration,117
8849958523fffff,Real Estate,7
8849958523fffff,Retail,1449
8849958523fffff,Wholesale,51
8849958525fffff,Art/Culture,61
8849958525fffff,Business Support,352
8849958525fffff,Construction,14
8849958525fffff,Education,680
8849958525fffff,Energy,6
8849958525fffff,Financial,44
8849958525fffff,Health,530
8849958525fffff,Hospitality,423
8849958525fffff,Information,77
8849958525fffff,Manufacturing,273
8849958525fffff,Professional Service,41
8849958525fffff,Public Administration,839
8849958525fffff,Real Estate,24
8849958525fffff,Retail,1006
8849958525fffff,Transportation,17
8849958525fffff,Wholesale,41
8849958527fffff,Art/Culture,17
8849958527fffff,Business Support,38
8849958527fffff,Construction,1
8849958527fffff,Education,352
8849958527fffff,Financial,89
8849958527fffff,Health,197
8849958527fffff,Hospitality,260
8849958527fffff,Information,3
8849958527fffff,Manufacturing,216
8849958527fffff,Professional Service,14
8849958527fffff,Public Administration,62
8849958527fffff,Real Estate,21
8849958527fffff,Retail,1077
8849958527fffff,Transportation,13
8849958527fffff,Wholesale,25
8849958529fffff,Art/Culture,19
8849958529fffff,Business Support,4
8849958529fffff,Education,25
8849958529fffff,Financial,1
8849958529fffff,Health,59
8849958529fffff,Hospitality,106
8849958529fffff,Information,1
8849958529fffff,Manufacturing,155
8849958529fffff,Professional Service,15
8849958529fffff,Public Administration,1
8849958529fffff,Real Estate,15
8849958529fffff,Retail,333
8849958529fffff,Wholesale,42
884995852bfffff,Art/Culture,14
884995852bfffff,Business Support,13
884995852bfffff,Construction,1
884995852bfffff,Education,207
884995852bfffff,Energy,1
884995852bfffff,Financial,2
884995852bfffff,Health,52
884995852bfffff,Hospitality,125
884995852bfffff,Information,1
884995852bfffff,Manufacturing,82
884995852bfffff,Professional Service,6
884995852bfffff,Real Estate,23
884995852bfffff,Retail,416
884995852bfffff,Transportation,274
884995852bfffff,Wholesale,28
884995852dfffff,Art/Culture,18
884995852dfffff,Business Support,20
884995852dfffff,Construction,13
884995852dfffff,Education,230
884995852dfffff,Health,94
884995852dfffff,Hospitality,121
884995852dfffff,Manufacturing,277
884995852dfffff,Professional Service,39
884995852dfffff,Public Administration,275
884995852dfffff,Real Estate,15
884995852dfffff,Retail,381
884995852dfffff,Transportation,1
884995852dfffff,Wholesale,72
8849958531fffff,Art/Culture,73
8849958531fffff,Business Support,56
8849958531fffff,Construction,12
8849958531fffff,Education,95
8849958531fffff,Energy,2
8849958531fffff,Financial,37
8849958531fffff,Health,168
8849958531fffff,Hospitality,302
8849958531fffff,Information,54
8849958531fffff,Manufacturing,344
8849958531fffff,Professional Service,24
8849958531fffff,Public Administration,1
8849958531fffff,Real Estate,3
8849958531fffff,Retail,769
8849958531fffff,Transportation,7
8849958531fffff,Wholesale,21
8849958533fffff,Art/Culture,16
8849958533fffff,Business Support,12
8849958533fffff,Construction,1
8849958533fffff,Education,225
8849958533fffff,Health,109
8849958533fffff,Hospitality,147
8849958533fffff,Manufacturing,215
8849958533fffff,Professional Service,25
8849958533fffff,Public Administration,1
8849958533fffff,Real Estate,9
8849958533fffff,Retail,452
8849958533fffff,Transportation,12
8849958533fffff,Wholesale,41
8849958535fffff,Art/Culture,13
8849958535fffff,Business Support,11
8849958535fffff,Construction,1
8849958535fffff,Education,176
8849958535fffff,Financial,104
8849958535fffff,Health,311
8849958535fffff,Hospitality,216
8849958535fffff,Manufacturing,1322
8849958535fffff,Professional Service,5
8849958535fffff,Public Administration,114
8849958535fffff,Real Estate,14
8849958535fffff,Retail,459
8849958535fffff,Transportation,273
8849958535fffff,Wholesale,86
8849958537fffff,Art/Culture,1
8849958537fffff,Business Support,2
8849958537fffff,Education,70
8849958537fffff,Health,83
8849958537fffff,Hospitality,14
8849958537fffff,Information,2
8849958537fffff,Manufacturing,435
8849958537fffff,Professional Service,2
8849958537fffff,Real Estate,2
8849958537fffff,Retail,165
8849958537fffff,Wholesale,104
8849958539fffff,Art/Culture,32
8849958539fffff,Business Support,3
8849958539fffff,Education,66
8849958539fffff,Energy,12
8849958539fffff,Financial,1
8849958539fffff,Health,36
8849958539fffff,Hospitality,126
8849958539fffff,Manufacturing,18
8849958539fffff,Professional Service,3
8849958539fffff,Public Administration,228
8849958539fffff,Real Estate,11
8849958539fffff,Retail,931
8849958539fffff,Wholesale,2
884995853bfffff,Art/Culture,22
884995853bfffff,Business Support,8
884995853bfffff,Construction,1
884995853bfffff,Education,202
884995853bfffff,Energy,1
884995853bfffff,Financial,69
884995853bfffff,Health,67
884995853bfffff,Hospitality,147
884995853bfffff,Information,1
884995853bfffff,Manufacturing,78
884995853bfffff,Professional Service,20
884995853bfffff,Public Administration,605
884995853bfffff,Real Estate,4
884995853bfffff,Retail,475
884995853bfffff,Wholesale,4
884995853dfffff,Art/Culture,1
884995853dfffff,Business Support,3
884995853dfffff,Education,102
884995853dfffff,Financial,8
884995853dfffff,Health,22
884995853dfffff,Hospitality,34
884995853dfffff,Manufacturing,102
884995853dfffff,Professional Service,4
884995853dfffff,Public Administration,56
884995853dfffff,Real Estate,1
884995853dfffff,Retail,99
884995853dfffff,Transportation,56
884995853dfffff,Wholesale,15
8849958541fffff,Art/Culture,4
8849958541fffff,Business Support,1
8849958541fffff,Education,12
8849958541fffff,Health,3
8849958541fffff,Hospitality,7
8849958541fffff,Manufacturing,9
8849958541fffff,Public Administration,12
8849958541fffff,Real Estate,1
8849958541fffff,Retail,49
8849958545fffff,Art/Culture,7
8849958545fffff,Business Support,6
8849958545fffff,Education,365
8849958545fffff,Energy,18
8849958545fffff,Financial,3
8849958545fffff,Health,32
8849958545fffff,Hospitality,58
8849958545fffff,Information,1
8849958545fffff,Manufacturing,58
8849958545fffff,Professional Service,13
8849958545fffff,Public Administration,525
8849958545fffff,Real Estate,23
8849958545fffff,Retail,130
8849958545fffff,Transportation,1
8849958545fffff,Wholesale,14
8849958549fffff,Art/Culture,45
8849958549fffff,Business Support,42
8849958549fffff,Construction,1
8849958549fffff,Education,374
8849958549fffff,Financial,75
8849958549fffff,Health,307
8849958549fffff,Hospitality,359
8849958549fffff,Information,40
8849958549fffff,Manufacturing,123
8849958549fffff,Professional Service,24
8849958549fffff,Public Administration,632
8849958549fffff,Real Estate,12
8849958549fffff,Retail,1515
8849958549fffff,Transportation,111
8849958549fffff,Wholesale,36
884995854bfffff,Art/Culture,3
884995854bfffff,Business Support,3
884995854bfffff,Construction,12
884995854bfffff,Education,27
884995854bfffff,Health,15
884995854bfffff,Hospitality,17
884995854bfffff,Manufacturing,33
884995854bfffff,Professional Service,16
884995854bfffff,Public Administration,32
884995854bfffff,Real Estate,2
884995854bfffff,Retail,150
884995854bfffff,Wholesale,4
884995854dfffff,Art/Culture,3
884995854dfffff,Business Support,8
884995854dfffff,Education,21
884995854dfffff,Energy,2
884995854dfffff,Health,14
884995854dfffff,Hospitality,36
884995854dfffff,Manufacturing,18
884995854dfffff,Professional Service,3
884995854dfffff,Real Estate,10
884995854dfffff,Retail,156
884995854dfffff,Wholesale,1
8849958551fffff,Art/Culture,14
8849958551fffff,Business Support,12
8849958551fffff,Construction,3
8849958551fffff,Education,126
8849958551fffff,Financial,3
8849958551fffff,Health,59
8849958551fffff,Hospitality,79
8849958551fffff,Information,20
8849958551fffff,Manufacturing,74
8849958551fffff,Professional Service,41
8849958551fffff,Public Administration,12
8849958551fffff,Real Estate,6
8849958551fffff,Retail,118
8849958551fffff,Wholesale,8
8849958553fffff,Art/Culture,5
8849958553fffff,Business Support,27
8849958553fffff,Construction,2
8849958553fffff,Education,257
8849958553fffff,Financial,159
8849958553fffff,Health,187
8849958553fffff,Hospitality,547
8849958553fffff,Information,19
8849958553fffff,Manufacturing,11
8849958553fffff,Professional Service,91
8849958553fffff,Public Administration,14
8849958553fffff,Real Estate,10
8849958553fffff,Retail,850
8849958553fffff,Transportation,33
8849958553fffff,Wholesale,76
8849958555fffff,Construction,122
8849958555fffff,Education,19
8849958555fffff,Energy,1
8849958555fffff,Financial,1
8849958555fffff,Health,4
8849958555fffff,Hospitality,18
8849958555fffff,Manufacturing,59
8849958555fffff,Professional Service,2
8849958555fffff,Public Administration,1
8849958555fffff,Real Estate,64
8849958555fffff,Retail,57
8849958555fffff,Transportation,12
8849958555fffff,Wholesale,120
8849958557fffff,Art/Culture,15
8849958557fffff,Business Support,16
8849958557fffff,Construction,14
8849958557fffff,Education,777
8849958557fffff,Financial,1
8849958557fffff,Health,66
8849958557fffff,Hospitality,50
8849958557fffff,Information,100
8849958557fffff,Manufacturing,24
8849958557fffff,Professional Service,26
8849958557fffff,Public Administration,12
8849958557fffff,Real Estate,38
8849958557fffff,Retail,137
8849958557fffff,Wholesale,31
8849958559fffff,Art/Culture,14
8849958559fffff,Business Support,8
8849958559fffff,Construction,6
8849958559fffff,Education,130
8849958559fffff,Energy,6
8849958559fffff,Financial,37
8849958559fffff,Health,59
8849958559fffff,Hospitality,545
8849958559fffff,Manufacturing,58
8849958559fffff,Professional Service,71
8849958559fffff,Public Administration,276
8849958559fffff,Real Estate,3
8849958559fffff,Retail,249
8849958559fffff,Transportation,6
8849958559fffff,Wholesale,71
884995855bfffff,Art/Culture,40
884995855bfffff,Business Support,2
884995855bfffff,Construction,3
884995855bfffff,Education,52
884995855bfffff,Energy,12
884995855bfffff,Financial,34
884995855bfffff,Health,196
884995855bfffff,Hospitality,136
884995855bfffff,Information,32
884995855bfffff,Manufacturing,263
884995855bfffff,Professional Service,27
884995855bfffff,Public Administration,24
884995855bfffff,Real Estate,16
884995855bfffff,Retail,240
884995855bfffff,Transportation,1
884995855bfffff,Wholesale,41
884995855dfffff,Art/Culture,4
884995855dfffff,Business Support,3
884995855dfffff,Construction,16
884995855dfffff,Education,116
884995855dfffff,Energy,6
884995855dfffff,Health,38
884995855dfffff,Hospitality,49
884995855dfffff,Manufacturing,92
884995855dfffff,Professional Service,21
884995855dfffff,Public Administration,2
884995855dfffff,Real Estate,13
884995855dfffff,Retail,180
884995855dfffff,Wholesale,7
8849958567fffff,Art/Culture,20
8849958567fffff,Business Support,6
8849958567fffff,Construction,2
8849958567fffff,Education,97
8849958567fffff,Health,48
8849958567fffff,Hospitality,51
8849958567fffff,Information,2
8849958567fffff,Manufacturing,102
8849958567fffff,Professional Service,11
8849958567fffff,Public Administration,1
8849958567fffff,Real Estate,4
8849958567fffff,Retail,167
8849958567fffff,Transportation,1
8849958567fffff,Wholesale,6
8849958581fffff,Art/Culture,3
8849958581fffff,Business Support,5
8849958581fffff,Construction,56
8849958581fffff,Education,400
8849958581fffff,Financial,40
8849958581fffff,Health,88
8849958581fffff,Hospitality,117
8849958581fffff,Manufacturing,12
8849958581fffff,Professional Service,39
8849958581fffff,Public Administration,39
8849958581fffff,Real Estate,13
8849958581fffff,Retail,167
8849958581fffff,Wholesale,63
8849958583fffff,Art/Culture,605
8849958583fffff,Business Support,1261
8849958583fffff,Construction,117
8849958583fffff,Education,736
8849958583fffff,Financial,61
8849958583fffff,Health,401
8849958583fffff,Hospitality,324
8849958583fffff,Information,473
8849958583fffff,Manufacturing,447
8849958583fffff,Professional Service,121
8849958583fffff,Public Administration,194
8849958583fffff,Real Estate,10
8849958583fffff,Retail,536
8849958583fffff,Transportation,69
8849958583fffff,Wholesale,689
8849958585fffff,Art/Culture,2
8849958585fffff,Business Support,2
8849958585fffff,Construction,276
8849958585fffff,Education,88
8849958585fffff,Financial,551
8849958585fffff,Health,38
8849958585fffff,Hospitality,86
8849958585fffff,Manufacturing,70
8849958585fffff,Professional Service,304
8849958585fffff,Public Administration,2
8849958585fffff,Real Estate,2
8849958585fffff,Retail,87
8849958585fffff,Transportation,32
8849958585fffff,Wholesale,8
8849958587fffff,Art/Culture,8
8849958587fffff,Business Support,309
8849958587fffff,Construction,91
8849958587fffff,Education,148
8849958587fffff,Energy,32
8849958587fffff,Financial,51
8849958587fffff,Health,155
8849958587fffff,Hospitality,180
8849958587fffff,Information,41
8849958587fffff,Manufacturing,55
8849958587fffff,Professional Service,196
8849958587fffff,Public Administration,12
8849958587fffff,Real Estate,18
8849958587fffff,Retail,139
8849958587fffff,Wholesale,296
8849958589fffff,Art/Culture,52
8849958589fffff,Business Support,296
8849958589fffff,Construction,100
8849958589fffff,Education,232
8849958589fffff,Financial,75
8849958589fffff,Health,157
8849958589fffff,Hospitality,360
8849958589fffff,Information,6
8849958589fffff,Manufacturing,26
8849958589fffff,Professional Service,192
8849958589fffff,Public Administration,54
8849958589fffff,Real Estate,23
8849958589fffff,Retail,704
8849958589fffff,Transportation,922
8849958589fffff,Wholesale,113
884995858dfffff,Art/Culture,17
884995858dfffff,Business Support,36
884995858dfffff,Construction,78
884995858dfffff,Education,847
884995858dfffff,Financial,31
884995858dfffff,Health,80
884995858dfffff,Hospitality,131
884995858dfffff,Information,1
884995858dfffff,Manufacturing,327
884995858dfffff,Professional Service,23
884995858dfffff,Public Administration,13
884995858dfffff,Real Estate,71
884995858dfffff,Retail,282
884995858dfffff,Transportation,32
884995858dfffff,Wholesale,82
8849958591fffff,Art/Culture,200
8849958591fffff,Business Support,506
8849958591fffff,Education,246
8849958591fffff,Energy,1
8849958591fffff,Financial,26
8849958591fffff,Health,140
8849958591fffff,Hospitality,113
8849958591fffff,Information,313
8849958591fffff,Manufacturing,914
8849958591fffff,Professional Service,908
8849958591fffff,Public Administration,550
8849958591fffff,Real Estate,103
8849958591fffff,Retail,797
8849958591fffff,Transportation,13
8849958591fffff,Wholesale,72
8849958593fffff,Art/Culture,111
8849958593fffff,Business Support,456
8849958593fffff,Construction,622
8849958593fffff,Education,216
8849958593fffff,Energy,2
8849958593fffff,Financial,197
8849958593fffff,Health,493
8849958593fffff,Hospitality,603
8849958593fffff,Information,591
8849958593fffff,Manufacturing,84
8849958593fffff,Professional Service,191
8849958593fffff,Public Administration,2229
8849958593fffff,Real Estate,61
8849958593fffff,Retail,882
8849958593fffff,Transportation,38
8849958593fffff,Wholesale,144
8849958595fffff,Art/Culture,9
8849958595fffff,Business Support,117
8849958595fffff,Construction,104
8849958595fffff,Education,338
8849958595fffff,Financial,57
8849958595fffff,Health,85
8849958595fffff,Hospitality,521
8849958595fffff,Information,38
8849958595fffff,Manufacturing,850
8849958595fffff,Professional Service,163
8849958595fffff,Public Administration,99
8849958595fffff,Real Estate,39
8849958595fffff,Retail,370
8849958595fffff,Transportation,139
8849958595fffff,Wholesale,171
8849958597fffff,Art/Culture,43
8849958597fffff,Business Support,133
8849958597fffff,Construction,249
8849958597fffff,Education,182
8849958597fffff,Financial,20
8849958597fffff,Health,145
8849958597fffff,Hospitality,219
8849958597fffff,Information,95
8849958597fffff,Manufacturing,455
8849958597fffff,Professional Service,71
8849958597fffff,Public Administration,519
8849958597fffff,Real Estate,5
8849958597fffff,Retail,626
8849958597fffff,Transportation,120
8849958597fffff,Wholesale,427
8849958599fffff,Art/Culture,122
8849958599fffff,Business Support,192
8849958599fffff,Construction,74
8849958599fffff,Education,877
8849958599fffff,Financial,52
8849958599fffff,Health,291
8849958599fffff,Hospitality,465
8849958599fffff,Information,49
8849958599fffff,Manufacturing,31
8849958599fffff,Professional Service,294
8849958599fffff,Public Administration,550
8849958599fffff,Real Estate,13
8849958599fffff,Retail,445
8849958599fffff,Transportation,12
8849958599fffff,Wholesale,230
884995859bfffff,Art/Culture,299
884995859bfffff,Business Support,129
884995859bfffff,Construction,248
884995859bfffff,Education,449
884995859bfffff,Financial,172
884995859bfffff,Health,1008
884995859bfffff,Hospitality,303
884995859bfffff,Information,667
884995859bfffff,Manufacturing,791
884995859bfffff,Professional Service,564
884995859bfffff,Public Administration,332
884995859bfffff,Real Estate,434
884995859bfffff,Retail,644
884995859bfffff,Transportation,12
884995859bfffff,Wholesale,375
884995859dfffff,Art/Culture,215
884995859dfffff,Business Support,214
884995859dfffff,Construction,40
884995859dfffff,Education,665
884995859dfffff,Energy,1
884995859dfffff,Financial,21
884995859dfffff,Health,165
884995859dfffff,Hospitality,291
884995859dfffff,Information,47
884995859dfffff,Manufacturing,384
884995859dfffff,Professional Service,193
884995859dfffff,Public Administration,289
884995859dfffff,Real Estate,5
884995859dfffff,Retail,523
884995859dfffff,Transportation,2
884995859dfffff,Wholesale,799
88499585a1fffff,Art/Culture,12
88499585a1fffff,Business Support,17
88499585a1fffff,Construction,13
88499585a1fffff,Education,252
88499585a1fffff,Energy,1
88499585a1fffff,Financial,147
88499585a1fffff,Health,391
88499585a1fffff,Hospitality,224
88499585a1fffff,Manufacturing,2019
88499585a1fffff,Professional Service,53
88499585a1fffff,Public Administration,114
88499585a1fffff,Real Estate,34
88499585a1fffff,Retail,843
88499585a1fffff,Transportation,58
88499585a1fffff,Wholesale,1307
88499585a3fffff,Art/Culture,12
88499585a3fffff,Business Support,168
88499585a3fffff,Construction,66
88499585a3fffff,Education,241
88499585a3fffff,Financial,9
88499585a3fffff,Health,79
88499585a3fffff,Hospitality,184
88499585a3fffff,Information,13
88499585a3fffff,Manufacturing,299
88499585a3fffff,Professional Service,67
88499585a3fffff,Public Administration,329
88499585a3fffff,Real Estate,9
88499585a3fffff,Retail,344
88499585a3fffff,Wholesale,32
88499585a5fffff,Art/Culture,41
88499585a5fffff,Business Support,8
88499585a5fffff,Education,41
88499585a5fffff,Energy,6
88499585a5fffff,Financial,200
88499585a5fffff,Health,198
88499585a5fffff,Hospitality,215
88499585a5fffff,Information,2
88499585a5fffff,Manufacturing,814
88499585a5fffff,Professional Service,13
88499585a5fffff,Public Administration,196
88499585a5fffff,Real Estate,11
88499585a5fffff,Retail,737
88499585a5fffff,Transportation,159
88499585a5fffff,Wholesale,196
88499585a7fffff,Art/Culture,22
88499585a7fffff,Business Support,587
88499585a7fffff,Construction,176
88499585a7fffff,Education,123
88499585a7fffff,Energy,13
88499585a7fffff,Financial,15
88499585a7fffff,Health,57
88499585a7fffff,Hospitality,112
88499585a7fffff,Information,12
88499585a7fffff,Manufacturing,1794
88499585a7fffff,Professional Service,171
88499585a7fffff,Public Administration,45
88499585a7fffff,Real Estate,8
88499585a7fffff,Retail,378
88499585a7fffff,Transportation,140
88499585a7fffff,Wholesale,1169
88499585a9fffff,Art/Culture,15
88499585a9fffff,Business Support,383
88499585a9fffff,Construction,14
88499585a9fffff,Education,206
88499585a9fffff,Financial,3
88499585a9fffff,Health,23
88499585a9fffff,Hospitality,74
88499585a9fffff,Information,13
88499585a9fffff,Manufacturing,2399
88499585a9fffff,Professional Service,7
88499585a9fffff,Public Administration,18
88499585a9fffff,Real Estate,56
88499585a9fffff,Retail,193
88499585a9fffff,Transportation,80
88499585a9fffff,Wholesale,636
88499585abfffff,Art/Culture,23
88499585abfffff,Business Support,287
88499585abfffff,Construction,67
88499585abfffff,Education,618
88499585abfffff,Financial,109
88499585abfffff,Health,400
88499585abfffff,Hospitality,193
88499585abfffff,Information,164
88499585abfffff,Manufacturing,1333
88499585abfffff,Professional Service,41
88499585abfffff,Real Estate,31
88499585abfffff,Retail,738
88499585abfffff,Transportation,59
88499585abfffff,Wholesale,121
88499585adfffff,Art/Culture,116
88499585adfffff,Business Support,388
88499585adfffff,Construction,353
88499585adfffff,Education,24
88499585adfffff,Energy,2
88499585adfffff,Financial,45
88499585adfffff,Health,30
88499585adfffff,Hospitality,123
88499585adfffff,Information,14
88499585adfffff,Manufacturing,2309
88499585adfffff,Professional Service,10
88499585adfffff,Public Administration,8
88499585adfffff,Real Estate,14
88499585adfffff,Retail,498
88499585adfffff,Transportation,25
88499585adfffff,Wholesale,975
88499585b1fffff,Art/Culture,130
88499585b1fffff,Business Support,7
88499585b1fffff,Construction,14
88499585b1fffff,Education,141
88499585b1fffff,Financial,14
88499585b1fffff,Health,50
88499585b1fffff,Hospitality,115
88499585b1fffff,Information,13
88499585b1fffff,Manufacturing,220
88499585b1fffff,Professional Service,19
88499585b1fffff,Public Administration,46
88499585b1fffff,Real Estate,5
88499585b1fffff,Retail,414
88499585b1fffff,Transportation,1
88499585b1fffff,Wholesale,88
88499585b3fffff,Art/Culture,6
88499585b3fffff,Business Support,294
88499585b3fffff,Construction,91
88499585b3fffff,Education,152
88499585b3fffff,Financial,89
88499585b3fffff,Health,197
88499585b3fffff,Hospitality,300
88499585b3fffff,Information,3
88499585b3fffff,Manufacturing,443
88499585b3fffff,Professional Service,116
88499585b3fffff,Public Administration,558
88499585b3fffff,Real Estate,18
88499585b3fffff,Retail,726
88499585b3fffff,Transportation,69
88499585b3fffff,Wholesale,217
88499585b5fffff,Art/Culture,28
88499585b5fffff,Business Support,27
88499585b5fffff,Construction,159
88499585b5fffff,Education,95
88499585b5fffff,Financial,49
88499585b5fffff,Health,34
88499585b5fffff,Hospitality,655
88499585b5fffff,Information,92
88499585b5fffff,Manufacturing,475
88499585b5fffff,Professional Service,337
88499585b5fffff,Public Administration,273
88499585b5fffff,Real Estate,13
88499585b5fffff,Retail,719
88499585b5fffff,Transportation,1
88499585b5fffff,Wholesale,115
88499585b7fffff,Art/Culture,13
88499585b7fffff,Business Support,388
88499585b7fffff,Construction,193
88499585b7fffff,Education,259
88499585b7fffff,Energy,6
88499585b7fffff,Financial,2
88499585b7fffff,Health,41
88499585b7fffff,Hospitality,79
88499585b7fffff,Manufacturing,23
88499585b7fffff,Professional Service,113
88499585b7fffff,Public Administration,57
88499585b7fffff,Real Estate,19
88499585b7fffff,Retail,128
88499585b7fffff,Transportation,12
88499585b7fffff,Wholesale,54
88499585b9fffff,Art/Culture,42
88499585b9fffff,Business Support,666
88499585b9fffff,Construction,14
88499585b9fffff,Education,88
88499585b9fffff,Financial,32
88499585b9fffff,Health,76
88499585b9fffff,Hospitality,207
88499585b9fffff,Information,1
88499585b9fffff,Manufacturing,168
88499585b9fffff,Professional Service,123
88499585b9fffff,Public Administration,12
88499585b9fffff,Real Estate,12
88499585b9fffff,Retail,151
88499585b9fffff,Transportation,276
88499585b9fffff,Wholesale,105
88499585bbfffff,Art/Culture,70
88499585bbfffff,Business Support,563
88499585bbfffff,Construction,153
88499585bbfffff,Education,234
88499585bbfffff,Financial,103
88499585bbfffff,Health,173
88499585bbfffff,Hospitality,635
88499585bbfffff,Information,34
88499585bbfffff,Manufacturing,942
88499585bbfffff,Professional Service,76
88499585bbfffff,Public Administration,305
88499585bbfffff,Real Estate,8
88499585bbfffff,Retail,1399
88499585bbfffff,Transportation,30
88499585bbfffff,Wholesale,192
88499585bdfffff,Art/Culture,3
88499585bdfffff,Business Support,17
88499585bdfffff,Construction,69
88499585bdfffff,Education,180
88499585bdfffff,Energy,6
88499585bdfffff,Financial,8
88499585bdfffff,Health,32
88499585bdfffff,Hospitality,29
88499585bdfffff,Information,1
88499585bdfffff,Manufacturing,113
88499585bdfffff,Professional Service,64
88499585bdfffff,Public Administration,12
88499585bdfffff,Real Estate,5
88499585bdfffff,Retail,99
88499585bdfffff,Transportation,102
88499585bdfffff,Wholesale,47
88499585c1fffff,Art/Culture,13
88499585c1fffff,Business Support,101
88499585c1fffff,Construction,59
88499585c1fffff,Education,451
88499585c1fffff,Financial,32
88499585c1fffff,Health,207
88499585c1fffff,Hospitality,318
88499585c1fffff,Information,1
88499585c1fffff,Manufacturing,151
88499585c1fffff,Professional Service,72
88499585c1fffff,Public Administration,330
88499585c1fffff,Real Estate,74
88499585c1fffff,Retail,524
88499585c1fffff,Transportation,44
88499585c1fffff,Wholesale,93
88499585c3fffff,Art/Culture,1
88499585c3fffff,Business Support,433
88499585c3fffff,Education,141
88499585c3fffff,Energy,273
88499585c3fffff,Financial,21
88499585c3fffff,Health,45
88499585c3fffff,Hospitality,153
88499585c3fffff,Information,21
88499585c3fffff,Manufacturing,864
88499585c3fffff,Professional Service,293
88499585c3fffff,Public Administration,76
88499585c3fffff,Real Estate,126
88499585c3fffff,Retail,194
88499585c3fffff,Transportation,7
88499585c3fffff,Wholesale,65
88499585c5fffff,Art/Culture,34
88499585c5fffff,Business Support,8
88499585c5fffff,Construction,12
88499585c5fffff,Education,127
88499585c5fffff,Energy,1
88499585c5fffff,Financial,32
88499585c5fffff,Health,326
88499585c5fffff,Hospitality,145
88499585c5fffff,Information,79
88499585c5fffff,Manufacturing,10
88499585c5fffff,Professional Service,306
88499585c5fffff,Public Administration,887
88499585c5fffff,Real Estate,24
88499585c5fffff,Retail,95
88499585c5fffff,Transportation,6
88499585c5fffff,Wholesale,65
88499585c7fffff,Art/Culture,38
88499585c7fffff,Business Support,36
88499585c7fffff,Construction,82
88499585c7fffff,Education,399
88499585c7fffff,Financial,1
88499585c7fffff,Health,75
88499585c7fffff,Hospitality,108
88499585c7fffff,Information,32
88499585c7fffff,Manufacturing,48
88499585c7fffff,Professional Service,111
88499585c7fffff,Public Administration,32
88499585c7fffff,Real Estate,64
88499585c7fffff,Retail,162
88499585c7fffff,Transportation,18
88499585c7fffff,Wholesale,26
88499585c9fffff,Art/Culture,280
88499585c9fffff,Business Support,203
88499585c9fffff,Construction,121
88499585c9fffff,Education,348
88499585c9fffff,Financial,34
88499585c9fffff,Health,188
88499585c9fffff,Hospitality,214
88499585c9fffff,Information,822
88499585c9fffff,Manufacturing,359
88499585c9fffff,Professional Service,17
88499585c9fffff,Public Administration,755
88499585c9fffff,Real Estate,19
88499585c9fffff,Retail,220
88499585c9fffff,Transportation,2
88499585c9fffff,Wholesale,300
88499585cbfffff,Art/Culture,122
88499585cbfffff,Business Support,5
88499585cbfffff,Construction,1
88499585cbfffff,Education,160
88499585cbfffff,Financial,2
88499585cbfffff,Health,175
88499585cbfffff,Hospitality,52
88499585cbfffff,Information,12
88499585cbfffff,Manufacturing,50
88499585cbfffff,Professional Service,9
88499585cbfffff,Public Administration,213
88499585cbfffff,Real Estate,1
88499585cbfffff,Retail,174
88499585cbfffff,Wholesale,6
88499585cdfffff,Art/Culture,51
88499585cdfffff,Business Support,5
88499585cdfffff,Construction,3
88499585cdfffff,Education,182
88499585cdfffff,Energy,13
88499585cdfffff,Financial,391
88499585cdfffff,Health,76
88499585cdfffff,Hospitality,276
88499585cdfffff,Information,274
88499585cdfffff,Manufacturing,61
88499585cdfffff,Professional Service,73
88499585cdfffff,Public Administration,7
88499585cdfffff,Real Estate,29
88499585cdfffff,Retail,396
88499585cdfffff,Transportation,61
88499585cdfffff,Wholesale,26
88499585d1fffff,Art/Culture,8
88499585d1fffff,Business Support,534
88499585d1fffff,Construction,25
88499585d1fffff,Education,87
88499585d1fffff,Financial,18
88499585d1fffff,Health,84
88499585d1fffff,Hospitality,182
88499585d1fffff,Manufacturing,252
88499585d1fffff,Professional Service,31
88499585d1fffff,Public Administration,68
88499585d1fffff,Real Estate,4
88499585d1fffff,Retail,541
88499585d1fffff,Wholesale,31
88499585d3fffff,Art/Culture,187
88499585d3fffff,Business Support,633
88499585d3fffff,Construction,50
88499585d3fffff,Education,116
88499585d3fffff,Energy,114
88499585d3fffff,Financial,264
88499585d3fffff,Health,606
88499585d3fffff,Hospitality,1248
88499585d3fffff,Information,21
88499585d3fffff,Manufacturing,287
88499585d3fffff,Professional Service,376
88499585d3fffff,Public Administration,647
88499585d3fffff,Real Estate,50
88499585d3fffff,Retail,1016
88499585d3fffff,Transportation,14
88499585d3fffff,Wholesale,173
88499585d5fffff,Art/Culture,3
88499585d5fffff,Business Support,33
88499585d5fffff,Construction,46
88499585d5fffff,Education,505
88499585d5fffff,Energy,280
88499585d5fffff,Financial,25
88499585d5fffff,Health,227
88499585d5fffff,Hospitality,272
88499585d5fffff,Information,7
88499585d5fffff,Manufacturing,275
88499585d5fffff,Professional Service,79
88499585d5fffff,Public Administration,34
88499585d5fffff,Real Estate,37
88499585d5fffff,Retail,523
88499585d5fffff,Transportation,69
88499585d5fffff,Wholesale,234
88499585d7fffff,Art/Culture,38
88499585d7fffff,Business Support,298
88499585d7fffff,Construction,71
88499585d7fffff,Education,1023
88499585d7fffff,Financial,113
88499585d7fffff,Health,489
88499585d7fffff,Hospitality,324
88499585d7fffff,Information,74
88499585d7fffff,Manufacturing,492
88499585d7fffff,Professional Service,677
88499585d7fffff,Public Administration,585
88499585d7fffff,Real Estate,61
88499585d7fffff,Retail,419
88499585d7fffff,Transportation,14
88499585d7fffff,Wholesale,330
88499585d9fffff,Art/Culture,3
88499585d9fffff,Business Support,9
88499585d9fffff,Construction,53
88499585d9fffff,Education,242
88499585d9fffff,Financial,24
88499585d9fffff,Health,85
88499585d9fffff,Hospitality,130
88499585d9fffff,Information,1
88499585d9fffff,Manufacturing,191
88499585d9fffff,Professional Service,7
88499585d9fffff,Real Estate,24
88499585d9fffff,Retail,402
88499585d9fffff,Transportation,2
88499585d9fffff,Wholesale,24
88499585dbfffff,Art/Culture,2
88499585dbfffff,Business Support,5
88499585dbfffff,Construction,8
88499585dbfffff,Education,65
88499585dbfffff,Financial,1
88499585dbfffff,Health,17
88499585dbfffff,Hospitality,28
88499585dbfffff,Manufacturing,53
88499585dbfffff,Professional Service,9
88499585dbfffff,Public Administration,1
88499585dbfffff,Real Estate,20
88499585dbfffff,Retail,137
88499585dbfffff,Wholesale,41
88499585ddfffff,Art/Culture,15
88499585ddfffff,Business Support,91
88499585ddfffff,Construction,19
88499585ddfffff,Education,418
88499585ddfffff,Energy,2
88499585ddfffff,Financial,80
88499585ddfffff,Health,151
88499585ddfffff,Hospitality,92
88499585ddfffff,Manufacturing,120
88499585ddfffff,Professional Service,36
88499585ddfffff,Public Administration,181
88499585ddfffff,Real Estate,16
88499585ddfffff,Retail,440
88499585ddfffff,Transportation,39
88499585ddfffff,Wholesale,112
88499585e1fffff,Art/Culture,5
88499585e1fffff,Business Support,10
88499585e1fffff,Education,126
88499585e1fffff,Energy,1
88499585e1fffff,Financial,2
88499585e1fffff,Health,138
88499585e1fffff,Hospitality,69
88499585e1fffff,Manufacturing,66
88499585e1fffff,Professional Service,6
88499585e1fffff,Public Administration,439
88499585e1fffff,Real Estate,4
88499585e1fffff,Retail,337
88499585e1fffff,Wholesale,12
88499585e3fffff,Art/Culture,4
88499585e3fffff,Business Support,50
88499585e3fffff,Construction,1
88499585e3fffff,Education,60
88499585e3fffff,Energy,32
88499585e3fffff,Financial,5
88499585e3fffff,Health,40
88499585e3fffff,Hospitality,40
88499585e3fffff,Manufacturing,262
88499585e3fffff,Professional Service,51
88499585e3fffff,Real Estate,9
88499585e3fffff,Retail,231
88499585e3fffff,Transportation,285
88499585e3fffff,Wholesale,77
88499585e5fffff,Art/Culture,13
88499585e5fffff,Business Support,124
88499585e5fffff,Construction,1
88499585e5fffff,Education,138
88499585e5fffff,Energy,1
88499585e5fffff,Financial,32
88499585e5fffff,Health,78
88499585e5fffff,Hospitality,130
88499585e5fffff,Information,13
88499585e5fffff,Manufacturing,167
88499585e5fffff,Professional Service,23
88499585e5fffff,Public Administration,1
88499585e5fffff,Real Estate,15
88499585e5fffff,Retail,424
88499585e5fffff,Transportation,19
88499585e5fffff,Wholesale,46
88499585e7fffff,Art/Culture,15
88499585e7fffff,Business Support,13
88499585e7fffff,Construction,45
88499585e7fffff,Education,98
88499585e7fffff,Energy,12
88499585e7fffff,Financial,83
88499585e7fffff,Health,169
88499585e7fffff,Hospitality,89
88499585e7fffff,Manufacturing,279
88499585e7fffff,Professional Service,20
88499585e7fffff,Public Administration,1
88499585e7fffff,Real Estate,19
88499585e7fffff,Retail,510
88499585e7fffff,Transportation,2
88499585e7fffff,Wholesale,62
88499585e9fffff,Art/Culture,6
88499585e9fffff,Business Support,27
88499585e9fffff,Construction,3
88499585e9fffff,Education,582
88499585e9fffff,Financial,7
88499585e9fffff,Health,42
88499585e9fffff,Hospitality,131
88499585e9fffff,Manufacturing,41
88499585e9fffff,Professional Service,16
88499585e9fffff,Public Administration,12
88499585e9fffff,Real Estate,8
88499585e9fffff,Retail,279
88499585e9fffff,Wholesale,12
88499585ebfffff,Art/Culture,13
88499585ebfffff,Business Support,10
88499585ebfffff,Construction,21
88499585ebfffff,Education,410
88499585ebfffff,Energy,2
88499585ebfffff,Financial,29
88499585ebfffff,Health,200
88499585ebfffff,Hospitality,271
88499585ebfffff,Manufacturing,195
88499585ebfffff,Professional Service,85
88499585ebfffff,Public Administration,13
88499585ebfffff,Real Estate,30
88499585ebfffff,Retail,408
88499585ebfffff,Transportation,828
88499585ebfffff,Wholesale,155
88499585edfffff,Art/Culture,60
88499585edfffff,Business Support,7
88499585edfffff,Construction,3
88499585edfffff,Education,489
88499585edfffff,Financial,16
88499585edfffff,Health,43
88499585edfffff,Hospitality,126
88499585edfffff,Information,2
88499585edfffff,Manufacturing,59
88499585edfffff,Professional Service,9
88499585edfffff,Public Administration,285
88499585edfffff,Real Estate,15
88499585edfffff,Retail,249
88499585edfffff,Transportation,1
88499585edfffff,Wholesale,13
8849958605fffff,Art/Culture,5
8849958605fffff,Business Support,7
8849958605fffff,Education,170
8849958605fffff,Health,9
8849958605fffff,Hospitality,24
8849958605fffff,Manufacturing,26
8849958605fffff,Professional Service,3
8849958605fffff,Public Administration,6
8849958605fffff,Real Estate,1
8849958605fffff,Retail,113
8849958605fffff,Transportation,25
8849958605fffff,Wholesale,5
884995860bfffff,Business Support,1
884995860bfffff,Construction,1
884995860bfffff,Hospitality,2
884995860bfffff,Manufacturing,3
884995860bfffff,Retail,23
884995860bfffff,Wholesale,2
884995860dfffff,Art/Culture,1
884995860dfffff,Business Support,1
884995860dfffff,Education,93
884995860dfffff,Health,25
884995860dfffff,Hospitality,27
884995860dfffff,Information,1
884995860dfffff,Manufacturing,15
884995860dfffff,Professional Service,1
884995860dfffff,Real Estate,2
884995860dfffff,Retail,79
884995860dfffff,Wholesale,57
8849958623fffff,Art/Culture,9
8849958623fffff,Business Support,9
8849958623fffff,Education,230
8849958623fffff,Energy,2
8849958623fffff,Financial,12
8849958623fffff,Health,112
8849958623fffff,Hospitality,75
8849958623fffff,Information,1
8849958623fffff,Manufacturing,149
8849958623fffff,Professional Service,7
8849958623fffff,Public Administration,89
8849958623fffff,Real Estate,28
8849958623fffff,Retail,241
8849958623fffff,Wholesale,17
8849958627fffff,Art/Culture,34
8849958627fffff,Business Support,1
8849958627fffff,Education,10
8849958627fffff,Health,26
8849958627fffff,Hospitality,26
8849958627fffff,Manufacturing,69
8849958627fffff,Professional Service,1
8849958627fffff,Real Estate,21
8849958627fffff,Retail,114
8849958627fffff,Wholesale,5
884995862bfffff,Business Support,7
884995862bfffff,Education,1
884995862bfffff,Health,1
884995862bfffff,Hospitality,4
884995862bfffff,Manufacturing,68
884995862bfffff,Professional Service,33
884995862bfffff,Retail,14
884995862bfffff,Wholesale,2
884995862dfffff,Art/Culture,4
884995862dfffff,Business Support,4
884995862dfffff,Construction,2
884995862dfffff,Education,75
884995862dfffff,Health,9
884995862dfffff,Hospitality,55
884995862dfffff,Manufacturing,52
884995862dfffff,Professional Service,5
884995862dfffff,Public Administration,12
884995862dfffff,Real Estate,1
884995862dfffff,Retail,148
884995862dfffff,Wholesale,25
8849958631fffff,Art/Culture,7
8849958631fffff,Business Support,2
8849958631fffff,Construction,6
8849958631fffff,Education,24
8849958631fffff,Health,1
8849958631fffff,Hospitality,8
8849958631fffff,Information,6
8849958631fffff,Manufacturing,143
8849958631fffff,Professional Service,1
8849958631fffff,Public Administration,1
8849958631fffff,Real Estate,2
8849958631fffff,Retail,133
8849958631fffff,Wholesale,33
8849958639fffff,Retail,1
884995863dfffff,Art/Culture,1
884995863dfffff,Health,6
884995863dfffff,Hospitality,5
884995863dfffff,Manufacturing,11
884995863dfffff,Professional Service,1
884995863dfffff,Retail,36
884995863dfffff,Wholesale,1
8849958641fffff,Business Support,2
8849958641fffff,Hospitality,2
8849958641fffff,Manufacturing,3
8849958641fffff,Real Estate,12
8849958641fffff,Retail,20
8849958643fffff,Art/Culture,58
8849958643fffff,Business Support,22
8849958643fffff,Education,221
8849958643fffff,Health,94
8849958643fffff,Hospitality,98
8849958643fffff,Information,3
8849958643fffff,Manufacturing,115
8849958643fffff,Professional Service,7
8849958643fffff,Public Administration,8
8849958643fffff,Real Estate,15
8849958643fffff,Retail,388
8849958643fffff,Wholesale,25
8849958645fffff,Business Support,1
8849958645fffff,Education,6
8849958645fffff,Financial,3
8849958645fffff,Hospitality,3
8849958645fffff,Manufacturing,9
8849958645fffff,Professional Service,1
8849958645fffff,Real Estate,1
8849958645fffff,Retail,41
8849958645fffff,Wholesale,1
8849958651fffff,Health,8
8849958651fffff,Manufacturing,2
8849958651fffff,Professional Service,1
8849958651fffff,Real Estate,1
8849958651fffff,Retail,24
8849958651fffff,Transportation,32
8849958655fffff,Art/Culture,4
8849958655fffff,Business Support,3
8849958655fffff,Education,41
8849958655fffff,Health,9
8849958655fffff,Hospitality,15
8849958655fffff,Information,6
8849958655fffff,Manufacturing,21
8849958655fffff,Professional Service,2
8849958655fffff,Real Estate,3
8849958655fffff,Retail,77
8849958655fffff,Wholesale,6
884995865dfffff,Art/Culture,2
884995865dfffff,Business Support,2
884995865dfffff,Education,19
884995865dfffff,Health,11
884995865dfffff,Hospitality,50
884995865dfffff,Manufacturing,99
884995865dfffff,Professional Service,3
884995865dfffff,Real Estate,1
884995865dfffff,Retail,125
884995865dfffff,Wholesale,9
8849958663fffff,Art/Culture,5
8849958663fffff,Business Support,5
8849958663fffff,Education,1
8849958663fffff,Health,13
8849958663fffff,Hospitality,8
8849958663fffff,Manufacturing,18
8849958663fffff,Professional Service,3
8849958663fffff,Retail,106
8849958663fffff,Transportation,12
8849958663fffff,Wholesale,3
8849958669fffff,Art/Culture,2
8849958669fffff,Business Support,1
8849958669fffff,Education,18
8849958669fffff,Hospitality,3
8849958669fffff,Manufacturing,6
8849958669fffff,Real Estate,2
8849958669fffff,Retail,60
8849958669fffff,Wholesale,7
8849958681fffff,Art/Culture,14
8849958681fffff,Business Support,8
8849958681fffff,Education,131
8849958681fffff,Financial,7
8849958681fffff,Health,99
8849958681fffff,Hospitality,139
8849958681fffff,Manufacturing,128
8849958681fffff,Professional Service,37
8849958681fffff,Public Administration,7
8849958681fffff,Real Estate,15
8849958681fffff,Retail,415
8849958681fffff,Transportation,1
8849958681fffff,Wholesale,40
8849958683fffff,Art/Culture,25
8849958683fffff,Business Support,6
8849958683fffff,Construction,66
8849958683fffff,Education,108
8849958683fffff,Financial,1
8849958683fffff,Health,62
8849958683fffff,Hospitality,75
8849958683fffff,Manufacturing,116
8849958683fffff,Professional Service,20
8849958683fffff,Public Administration,3
8849958683fffff,Real Estate,23
8849958683fffff,Retail,321
8849958683fffff,Transportation,18
8849958683fffff,Wholesale,35
8849958685fffff,Art/Culture,20
8849958685fffff,Business Support,16
8849958685fffff,Construction,13
8849958685fffff,Education,215
8849958685fffff,Financial,119
8849958685fffff,Health,102
8849958685fffff,Hospitality,352
8849958685fffff,Information,1
8849958685fffff,Manufacturing,80
8849958685fffff,Professional Service,57
8849958685fffff,Public Administration,69
8849958685fffff,Real Estate,88
8849958685fffff,Retail,432
8849958685fffff,Transportation,34
8849958685fffff,Wholesale,60
8849958687fffff,Art/Culture,5
8849958687fffff,Business Support,15
8849958687fffff,Construction,1
8849958687fffff,Education,255
8849958687fffff,Health,119
8849958687fffff,Hospitality,89
8849958687fffff,Information,1
8849958687fffff,Manufacturing,83
8849958687fffff,Professional Service,54
8849958687fffff,Public Administration,2
8849958687fffff,Real Estate,10
8849958687fffff,Retail,332
8849958687fffff,Transportation,13
8849958687fffff,Wholesale,27
8849958689fffff,Art/Culture,8
8849958689fffff,Business Support,4
8849958689fffff,Construction,14
8849958689fffff,Education,214
8849958689fffff,Health,94
8849958689fffff,Hospitality,80
8849958689fffff,Manufacturing,96
8849958689fffff,Professional Service,7
8849958689fffff,Public Administration,1
8849958689fffff,Real Estate,6
8849958689fffff,Retail,287
8849958689fffff,Wholesale,7
884995868bfffff,Art/Culture,7
884995868bfffff,Business Support,5
884995868bfffff,Construction,2
884995868bfffff,Education,62
884995868bfffff,Energy,1
884995868bfffff,Financial,1
884995868bfffff,Health,28
884995868bfffff,Hospitality,44
884995868bfffff,Manufacturing,54
884995868bfffff,Professional Service,5
884995868bfffff,Real Estate,1
884995868bfffff,Retail,197
884995868bfffff,Transportation,6
884995868bfffff,Wholesale,7
884995868dfffff,Art/Culture,39
884995868dfffff,Business Support,20
884995868dfffff,Construction,2
884995868dfffff,Education,61
884995868dfffff,Energy,6
884995868dfffff,Financial,2
884995868dfffff,Health,54
884995868dfffff,Hospitality,67
884995868dfffff,Information,274
884995868dfffff,Manufacturing,90
884995868dfffff,Professional Service,5
884995868dfffff,Public Administration,31
884995868dfffff,Real Estate,19
884995868dfffff,Retail,311
884995868dfffff,Transportation,14
884995868dfffff,Wholesale,92
8849958691fffff,Art/Culture,37
8849958691fffff,Business Support,7
8849958691fffff,Construction,1
8849958691fffff,Education,21
8849958691fffff,Energy,8
8849958691fffff,Financial,1
8849958691fffff,Health,385
8849958691fffff,Hospitality,45
8849958691fffff,Manufacturing,12
8849958691fffff,Professional Service,4
8849958691fffff,Public Administration,8
8849958691fffff,Real Estate,4
8849958691fffff,Retail,173
8849958691fffff,Wholesale,40
8849958693fffff,Art/Culture,35
8849958693fffff,Business Support,5
8849958693fffff,Education,136
8849958693fffff,Financial,1
8849958693fffff,Health,121
8849958693fffff,Hospitality,45
8849958693fffff,Manufacturing,29
8849958693fffff,Professional Service,8
8849958693fffff,Public Administration,335
8849958693fffff,Real Estate,9
8849958693fffff,Retail,199
8849958693fffff,Wholesale,28
8849958695fffff,Art/Culture,68
8849958695fffff,Business Support,5
8849958695fffff,Education,108
8849958695fffff,Financial,23
8849958695fffff,Health,35
8849958695fffff,Hospitality,38
8849958695fffff,Information,1
8849958695fffff,Manufacturing,14
8849958695fffff,Professional Service,15
8849958695fffff,Public Administration,1566
8849958695fffff,Real Estate,25
8849958695fffff,Retail,135
8849958695fffff,Transportation,18
8849958695fffff,Wholesale,1
8849958697fffff,Art/Culture,12
8849958697fffff,Business Support,11
8849958697fffff,Construction,1
8849958697fffff,Education,356
8849958697fffff,Energy,6
8849958697fffff,Financial,16
8849958697fffff,Health,82
8849958697fffff,Hospitality,104
8849958697fffff,Information,2
8849958697fffff,Manufacturing,61
8849958697fffff,Professional Service,7
8849958697fffff,Public Administration,134
8849958697fffff,Real Estate,9
8849958697fffff,Retail,299
8849958697fffff,Wholesale,17
884995869bfffff,Art/Culture,1
884995869bfffff,Business Support,2
884995869bfffff,Education,20
884995869bfffff,Energy,3
884995869bfffff,Health,32
884995869bfffff,Hospitality,22
884995869bfffff,Information,1
884995869bfffff,Manufacturing,39
884995869bfffff,Professional Service,1
884995869bfffff,Real Estate,3
884995869bfffff,Retail,180
884995869bfffff,Wholesale,5
884995869dfffff,Art/Culture,2
884995869dfffff,Business Support,3
884995869dfffff,Construction,1
884995869dfffff,Education,189
884995869dfffff,Energy,1
884995869dfffff,Health,45
884995869dfffff,Hospitality,36
884995869dfffff,Information,12
884995869dfffff,Manufacturing,30
884995869dfffff,Professional Service,1
884995869dfffff,Real Estate,7
884995869dfffff,Retail,203
884995869dfffff,Wholesale,24
88499586a3fffff,Art/Culture,320
88499586a3fffff,Business Support,295
88499586a3fffff,Construction,1
88499586a3fffff,Education,581
88499586a3fffff,Energy,2
88499586a3fffff,Financial,185
88499586a3fffff,Health,23
88499586a3fffff,Hospitality,680
88499586a3fffff,Information,400
88499586a3fffff,Manufacturing,296
88499586a3fffff,Professional Service,10
88499586a3fffff,Public Administration,615
88499586a3fffff,Real Estate,17
88499586a3fffff,Retail,1304
88499586a3fffff,Transportation,2
88499586a3fffff,Wholesale,289
88499586a5fffff,Art/Culture,79
88499586a5fffff,Business Support,703
88499586a5fffff,Construction,437
88499586a5fffff,Corporate,1
88499586a5fffff,Education,431
88499586a5fffff,Energy,6
88499586a5fffff,Financial,466
88499586a5fffff,Health,103
88499586a5fffff,Hospitality,503
88499586a5fffff,Information,309
88499586a5fffff,Manufacturing,700
88499586a5fffff,Professional Service,756
88499586a5fffff,Public Administration,858
88499586a5fffff,Real Estate,252
88499586a5fffff,Retail,601
88499586a5fffff,Transportation,76
88499586a5fffff,Wholesale,1926
88499586adfffff,Art/Culture,57
88499586adfffff,Business Support,169
88499586adfffff,Construction,24
88499586adfffff,Corporate,6
88499586adfffff,Education,123
88499586adfffff,Energy,7
88499586adfffff,Financial,401
88499586adfffff,Health,275
88499586adfffff,Hospitality,19
88499586adfffff,Manufacturing,14
88499586adfffff,Professional Service,80
88499586adfffff,Public Administration,1007
88499586adfffff,Real Estate,8
88499586adfffff,Retail,205
88499586adfffff,Wholesale,100
88499586b1fffff,Art/Culture,28
88499586b1fffff,Business Support,22
88499586b1fffff,Construction,318
88499586b1fffff,Education,359
88499586b1fffff,Energy,1
88499586b1fffff,Financial,8
88499586b1fffff,Health,323
88499586b1fffff,Hospitality,196
88499586b1fffff,Information,1
88499586b1fffff,Manufacturing,109
88499586b1fffff,Professional Service,36
88499586b1fffff,Public Administration,13
88499586b1fffff,Real Estate,38
88499586b1fffff,Retail,297
88499586b1fffff,Transportation,25
88499586b1fffff,Wholesale,16
88499586b3fffff,Business Support,2
88499586b3fffff,Construction,1
88499586b3fffff,Education,163
88499586b3fffff,Financial,7
88499586b3fffff,Health,22
88499586b3fffff,Hospitality,71
88499586b3fffff,Manufacturing,88
88499586b3fffff,Professional Service,50
88499586b3fffff,Public Administration,273
88499586b3fffff,Real Estate,13
88499586b3fffff,Retail,143
88499586b3fffff,Wholesale,15
88499586b5fffff,Art/Culture,21
88499586b5fffff,Business Support,967
88499586b5fffff,Construction,115
88499586b5fffff,Corporate,229
88499586b5fffff,Education,615
88499586b5fffff,Financial,337
88499586b5fffff,Health,1495
88499586b5fffff,Hospitality,504
88499586b5fffff,Information,144
88499586b5fffff,Manufacturing,1
88499586b5fffff,Professional Service,190
88499586b5fffff,Public Administration,328
88499586b5fffff,Real Estate,38
88499586b5fffff,Retail,348
88499586b5fffff,Transportation,13
88499586b5fffff,Wholesale,72
88499586b7fffff,Art/Culture,88
88499586b7fffff,Business Support,931
88499586b7fffff,Construction,180
88499586b7fffff,Corporate,1
88499586b7fffff,Education,438
88499586b7fffff,Energy,2
88499586b7fffff,Financial,388
88499586b7fffff,Health,250
88499586b7fffff,Hospitality,182
88499586b7fffff,Information,242
88499586b7fffff,Manufacturing,27
88499586b7fffff,Professional Service,306
88499586b7fffff,Public Administration,1832
88499586b7fffff,Real Estate,320
88499586b7fffff,Retail,666
88499586b7fffff,Transportation,324
88499586b7fffff,Wholesale,476
88499586b9fffff,Art/Culture,7
88499586b9fffff,Business Support,15
88499586b9fffff,Education,62
88499586b9fffff,Financial,2
88499586b9fffff,Health,16
88499586b9fffff,Hospitality,24
88499586b9fffff,Information,7
88499586b9fffff,Manufacturing,7
88499586b9fffff,Professional Service,28
88499586b9fffff,Public Administration,309
88499586b9fffff,Retail,84
88499586b9fffff,Transportation,13
88499586bbfffff,Art/Culture,17
88499586bbfffff,Business Support,20
88499586bbfffff,Construction,12
88499586bbfffff,Education,169
88499586bbfffff,Financial,36
88499586bbfffff,Health,52
88499586bbfffff,Hospitality,82
88499586bbfffff,Manufacturing,195
88499586bbfffff,Professional Service,12
88499586bbfffff,Public Administration,51
88499586bbfffff,Real Estate,6
88499586bbfffff,Retail,378
88499586bbfffff,Wholesale,13
88499586bdfffff,Art/Culture,6
88499586bdfffff,Business Support,6
88499586bdfffff,Construction,14
88499586bdfffff,Education,85
88499586bdfffff,Financial,10
88499586bdfffff,Health,13
88499586bdfffff,Hospitality,49
88499586bdfffff,Manufacturing,35
88499586bdfffff,Professional Service,8
88499586bdfffff,Real Estate,1
88499586bdfffff,Retail,253
88499586bdfffff,Transportation,1
88499586bdfffff,Wholesale,6
88499586c3fffff,Art/Culture,22
88499586c3fffff,Business Support,7
88499586c3fffff,Education,93
88499586c3fffff,Energy,1
88499586c3fffff,Health,64
88499586c3fffff,Hospitality,53
88499586c3fffff,Information,1
88499586c3fffff,Manufacturing,77
88499586c3fffff,Professional Service,1
88499586c3fffff,Public Administration,13
88499586c3fffff,Real Estate,5
88499586c3fffff,Retail,294
88499586c3fffff,Transportation,56
88499586c3fffff,Wholesale,9
88499586c7fffff,Art/Culture,7
88499586c7fffff,Business Support,39
88499586c7fffff,Construction,3
88499586c7fffff,Education,58
88499586c7fffff,Energy,1
88499586c7fffff,Financial,18
88499586c7fffff,Health,50
88499586c7fffff,Hospitality,47
88499586c7fffff,Information,46
88499586c7fffff,Manufacturing,61
88499586c7fffff,Professional Service,5
88499586c7fffff,Public Administration,1
88499586c7fffff,Real Estate,9
88499586c7fffff,Retail,302
88499586c7fffff,Wholesale,15
88499586cdfffff,Art/Culture,58
88499586cdfffff,Business Support,6
88499586cdfffff,Education,385
88499586cdfffff,Energy,6
88499586cdfffff,Health,28
88499586cdfffff,Hospitality,170
88499586cdfffff,Information,7
88499586cdfffff,Manufacturing,111
88499586cdfffff,Professional Service,3
88499586cdfffff,Public Administration,15
88499586cdfffff,Real Estate,14
88499586cdfffff,Retail,377
88499586cdfffff,Wholesale,44
88499586d5fffff,Art/Culture,5
88499586d5fffff,Business Support,14
88499586d5fffff,Education,21
88499586d5fffff,Health,16
88499586d5fffff,Hospitality,29
88499586d5fffff,Manufacturing,53
88499586d5fffff,Professional Service,4
88499586d5fffff,Real Estate,3
88499586d5fffff,Retail,202
88499586d5fffff,Wholesale,11
88499586ddfffff,Art/Culture,1
88499586ddfffff,Business Support,2
88499586ddfffff,Health,3
88499586ddfffff,Hospitality,4
88499586ddfffff,Manufacturing,15
88499586ddfffff,Professional Service,1
88499586ddfffff,Real Estate,1
88499586ddfffff,Retail,51
88499586ddfffff,Wholesale,1
88499586e1fffff,Art/Culture,3
88499586e1fffff,Business Support,4
88499586e1fffff,Education,204
88499586e1fffff,Energy,1
88499586e1fffff,Financial,3
88499586e1fffff,Health,311
88499586e1fffff,Hospitality,60
88499586e1fffff,Manufacturing,375
88499586e1fffff,Professional Service,3
88499586e1fffff,Public Administration,605
88499586e1fffff,Real Estate,35
88499586e1fffff,Retail,174
88499586e1fffff,Wholesale,10
88499586e3fffff,Art/Culture,1
88499586e3fffff,Business Support,3
88499586e3fffff,Education,31
88499586e3fffff,Financial,16
88499586e3fffff,Health,9
88499586e3fffff,Hospitality,137
88499586e3fffff,Manufacturing,202
88499586e3fffff,Professional Service,3
88499586e3fffff,Public Administration,34
88499586e3fffff,Real Estate,7
88499586e3fffff,Retail,125
88499586e3fffff,Wholesale,46
88499586e7fffff,Art/Culture,17
88499586e7fffff,Business Support,10
88499586e7fffff,Construction,6
88499586e7fffff,Education,253
88499586e7fffff,Financial,3
88499586e7fffff,Health,29
88499586e7fffff,Hospitality,80
88499586e7fffff,Information,1
88499586e7fffff,Manufacturing,80
88499586e7fffff,Professional Service,11
88499586e7fffff,Public Administration,6
88499586e7fffff,Real Estate,7
88499586e7fffff,Retail,302
88499586e7fffff,Wholesale,11
88499586ebfffff,Art/Culture,16
88499586ebfffff,Business Support,7
88499586ebfffff,Construction,13
88499586ebfffff,Education,194
88499586ebfffff,Energy,1
88499586ebfffff,Health,113
88499586ebfffff,Hospitality,41
88499586ebfffff,Information,2
88499586ebfffff,Manufacturing,60
88499586ebfffff,Professional Service,2
88499586ebfffff,Public Administration,7
88499586ebfffff,Real Estate,9
88499586ebfffff,Retail,187
88499586ebfffff,Wholesale,4
88499586edfffff,Business Support,2
88499586edfffff,Education,24
88499586edfffff,Health,6
88499586edfffff,Hospitality,23
88499586edfffff,Information,6
88499586edfffff,Manufacturing,15
88499586edfffff,Professional Service,14
88499586edfffff,Public Administration,8
88499586edfffff,Real Estate,3
88499586edfffff,Retail,69
88499586edfffff,Wholesale,10
8849958701fffff,Business Support,5
8849958701fffff,Financial,4
8849958701fffff,Health,2
8849958701fffff,Hospitality,27
8849958701fffff,Manufacturing,7
8849958701fffff,Professional Service,3
8849958701fffff,Public Administration,965
8849958701fffff,Retail,45
8849958701fffff,Transportation,274
8849958701fffff,Wholesale,7
8849958703fffff,Art/Culture,1
8849958703fffff,Education,56
8849958703fffff,Hospitality,2
8849958703fffff,Manufacturing,2
8849958703fffff,Real Estate,1
8849958703fffff,Retail,14
8849958703fffff,Wholesale,1
8849958705fffff,Art/Culture,1
8849958705fffff,Business Support,3
8849958705fffff,Construction,6
8849958705fffff,Education,2
8849958705fffff,Health,10
8849958705fffff,Hospitality,19
8849958705fffff,Manufacturing,27
8849958705fffff,Professional Service,3
8849958705fffff,Public Administration,1
8849958705fffff,Real Estate,2
8849958705fffff,Retail,104
8849958705fffff,Transportation,13
8849958705fffff,Wholesale,3
8849958707fffff,Art/Culture,10
8849958707fffff,Business Support,8
8849958707fffff,Education,129
8849958707fffff,Financial,2
8849958707fffff,Health,67
8849958707fffff,Hospitality,66
8849958707fffff,Information,1
8849958707fffff,Manufacturing,62
8849958707fffff,Professional Service,4
8849958707fffff,Public Administration,3
8849958707fffff,Real Estate,19
8849958707fffff,Retail,265
8849958707fffff,Transportation,12
8849958707fffff,Wholesale,10
884995870dfffff,Art/Culture,18
884995870dfffff,Business Support,7
884995870dfffff,Construction,12
884995870dfffff,Education,65
884995870dfffff,Health,57
884995870dfffff,Hospitality,69
884995870dfffff,Information,1
884995870dfffff,Manufacturing,63
884995870dfffff,Professional Service,6
884995870dfffff,Public Administration,127
884995870dfffff,Real Estate,3
884995870dfffff,Retail,251
884995870dfffff,Transportation,1
884995870dfffff,Wholesale,68
8849958715fffff,Education,1
8849958715fffff,Financial,2
8849958715fffff,Hospitality,1
8849958715fffff,Manufacturing,2
8849958715fffff,Professional Service,1
8849958715fffff,Public Administration,273
8849958715fffff,Retail,5
8849958719fffff,Art/Culture,3
8849958719fffff,Business Support,5
8849958719fffff,Education,124
8849958719fffff,Financial,11
8849958719fffff,Health,79
8849958719fffff,Hospitality,56
8849958719fffff,Information,2
8849958719fffff,Manufacturing,38
8849958719fffff,Professional Service,5
8849958719fffff,Public Administration,30
8849958719fffff,Real Estate,2
8849958719fffff,Retail,122
8849958719fffff,Transportation,6
8849958719fffff,Wholesale,10
884995871bfffff,Business Support,2
884995871bfffff,Education,1
884995871bfffff,Financial,1
884995871bfffff,Health,7
884995871bfffff,Hospitality,25
884995871bfffff,Manufacturing,30
884995871bfffff,Professional Service,8
884995871bfffff,Real Estate,7
884995871bfffff,Retail,65
884995871bfffff,Transportation,12
884995871bfffff,Wholesale,3
884995871dfffff,Business Support,1
884995871dfffff,Education,1
884995871dfffff,Health,4
884995871dfffff,Hospitality,4
884995871dfffff,Manufacturing,17
884995871dfffff,Real Estate,1
884995871dfffff,Retail,15
884995871dfffff,Wholesale,1
8849958723fffff,Art/Culture,282
8849958723fffff,Business Support,301
8849958723fffff,Construction,30
8849958723fffff,Education,396
8849958723fffff,Energy,32
8849958723fffff,Financial,69
8849958723fffff,Health,159
8849958723fffff,Hospitality,155
8849958723fffff,Manufacturing,624
8849958723fffff,Professional Service,150
8849958723fffff,Public Administration,832
8849958723fffff,Real Estate,12
8849958723fffff,Retail,1384
8849958723fffff,Transportation,14
8849958723fffff,Wholesale,155
8849958725fffff,Art/Culture,10
8849958725fffff,Business Support,37
8849958725fffff,Construction,32
8849958725fffff,Education,202
8849958725fffff,Energy,188
8849958725fffff,Financial,119
8849958725fffff,Health,344
8849958725fffff,Hospitality,276
8849958725fffff,Manufacturing,531
8849958725fffff,Professional Service,16
8849958725fffff,Public Administration,723
8849958725fffff,Real Estate,40
8849958725fffff,Retail,1252
8849958725fffff,Transportation,37
8849958725fffff,Wholesale,68
8849958727fffff,Art/Culture,9
8849958727fffff,Business Support,75
8849958727fffff,Education,165
8849958727fffff,Energy,1
8849958727fffff,Financial,42
8849958727fffff,Health,140
8849958727fffff,Hospitality,121
8849958727fffff,Information,1
8849958727fffff,Manufacturing,108
8849958727fffff,Professional Service,24
8849958727fffff,Public Administration,347
8849958727fffff,Real Estate,12
8849958727fffff,Retail,448
8849958727fffff,Transportation,36
8849958727fffff,Wholesale,30
8849958729fffff,Art/Culture,4
8849958729fffff,Business Support,3
8849958729fffff,Construction,55
8849958729fffff,Education,73
8849958729fffff,Financial,1
8849958729fffff,Health,8
8849958729fffff,Hospitality,11
8849958729fffff,Information,6
8849958729fffff,Manufacturing,61
8849958729fffff,Professional Service,12
8849958729fffff,Public Administration,2
8849958729fffff,Real Estate,1
8849958729fffff,Retail,119
8849958729fffff,Wholesale,27
884995872bfffff,Business Support,2
884995872bfffff,Education,136
884995872bfffff,Financial,2
884995872bfffff,Health,35
884995872bfffff,Hospitality,30
884995872bfffff,Manufacturing,186
884995872bfffff,Professional Service,7
884995872bfffff,Public Administration,32
884995872bfffff,Real Estate,15
884995872bfffff,Retail,52
884995872bfffff,Wholesale,9
884995872dfffff,Art/Culture,8
884995872dfffff,Business Support,2
884995872dfffff,Construction,1
884995872dfffff,Education,194
884995872dfffff,Energy,1
884995872dfffff,Health,19
884995872dfffff,Hospitality,20
884995872dfffff,Information,1
884995872dfffff,Manufacturing,17
884995872dfffff,Professional Service,2
884995872dfffff,Public Administration,1
884995872dfffff,Real Estate,2
884995872dfffff,Retail,95
884995872dfffff,Wholesale,4
8849958731fffff,Art/Culture,172
8849958731fffff,Business Support,28
8849958731fffff,Construction,1
8849958731fffff,Education,856
8849958731fffff,Energy,2
8849958731fffff,Financial,16
8849958731fffff,Health,30
8849958731fffff,Hospitality,89
8849958731fffff,Information,32
8849958731fffff,Manufacturing,194
8849958731fffff,Professional Service,27
8849958731fffff,Public Administration,25
8849958731fffff,Real Estate,11
8849958731fffff,Retail,107
8849958731fffff,Wholesale,143
8849958735fffff,Art/Culture,11
8849958735fffff,Business Support,95
8849958735fffff,Construction,2
8849958735fffff,Education,443
8849958735fffff,Energy,115
8849958735fffff,Financial,74
8849958735fffff,Health,260
8849958735fffff,Hospitality,160
8849958735fffff,Information,45
8849958735fffff,Manufacturing,126
8849958735fffff,Professional Service,32
8849958735fffff,Public Administration,638
8849958735fffff,Real Estate,17
8849958735fffff,Retail,633
8849958735fffff,Transportation,1
8849958735fffff,Wholesale,24
8849958737fffff,Art/Culture,7
8849958737fffff,Business Support,8
8849958737fffff,Construction,1
8849958737fffff,Education,301
8849958737fffff,Financial,17
8849958737fffff,Health,74
8849958737fffff,Hospitality,167
8849958737fffff,Manufacturing,551
8849958737fffff,Professional Service,27
8849958737fffff,Public Administration,154
8849958737fffff,Real Estate,7
8849958737fffff,Retail,245
8849958737fffff,Transportation,1
8849958737fffff,Wholesale,218
8849958739fffff,Art/Culture,9
8849958739fffff,Business Support,6
8849958739fffff,Education,213
8849958739fffff,Health,44
8849958739fffff,Hospitality,34
8849958739fffff,Information,1
8849958739fffff,Manufacturing,48
8849958739fffff,Professional Service,132
8849958739fffff,Public Administration,7
8849958739fffff,Real Estate,1
8849958739fffff,Retail,153
8849958739fffff,Wholesale,19
884995873bfffff,Art/Culture,5
884995873bfffff,Business Support,22
884995873bfffff,Construction,44
884995873bfffff,Education,128
884995873bfffff,Health,90
884995873bfffff,Hospitality,52
884995873bfffff,Information,33
884995873bfffff,Manufacturing,154
884995873bfffff,Professional Service,4
884995873bfffff,Public Administration,18
884995873bfffff,Real Estate,14
884995873bfffff,Retail,176
884995873bfffff,Transportation,1
884995873bfffff,Wholesale,1
884995873dfffff,Art/Culture,2
884995873dfffff,Business Support,118
884995873dfffff,Construction,13
884995873dfffff,Education,334
884995873dfffff,Energy,32
884995873dfffff,Financial,6
884995873dfffff,Health,24
884995873dfffff,Hospitality,33
884995873dfffff,Manufacturing,138
884995873dfffff,Professional Service,14
884995873dfffff,Public Administration,18
884995873dfffff,Retail,164
884995873dfffff,Transportation,1
884995873dfffff,Wholesale,274
8849958743fffff,Business Support,2
8849958743fffff,Corporate,1
8849958743fffff,Financial,2
8849958743fffff,Health,55
8849958743fffff,Hospitality,1
8849958743fffff,Information,1
8849958743fffff,Manufacturing,8
8849958743fffff,Real Estate,1
8849958743fffff,Retail,78
8849958743fffff,Transportation,12
8849958743fffff,Wholesale,6
8849958745fffff,Art/Culture,10
8849958745fffff,Business Support,1
8849958745fffff,Education,260
8849958745fffff,Hospitality,11
8849958745fffff,Manufacturing,8
8849958745fffff,Real Estate,1
8849958745fffff,Retail,35
8849958745fffff,Wholesale,2
8849958749fffff,Art/Culture,1
8849958749fffff,Health,12
8849958749fffff,Hospitality,1
8849958749fffff,Manufacturing,14
8849958749fffff,Retail,30
8849958749fffff,Wholesale,1
8849958751fffff,Art/Culture,1
8849958751fffff,Health,1
8849958751fffff,Manufacturing,2
8849958751fffff,Retail,15
8849958753fffff,Business Support,1
8849958753fffff,Education,18
8849958753fffff,Financial,1
8849958753fffff,Hospitality,6
8849958753fffff,Manufacturing,2
8849958753fffff,Real Estate,1
8849958753fffff,Retail,16
8849958757fffff,Art/Culture,3
8849958757fffff,Business Support,2
8849958757fffff,Education,42
8849958757fffff,Financial,1
8849958757fffff,Health,12
8849958757fffff,Hospitality,20
8849958757fffff,Manufacturing,34
8849958757fffff,Professional Service,1
8849958757fffff,Public Administration,33
8849958757fffff,Real Estate,1
8849958757fffff,Retail,124
8849958757fffff,Transportation,115
8849958757fffff,Wholesale,8
8849958759fffff,Art/Culture,12
8849958759fffff,Business Support,1
8849958759fffff,Health,8
8849958759fffff,Hospitality,5
8849958759fffff,Manufacturing,13
8849958759fffff,Professional Service,1
8849958759fffff,Real Estate,2
8849958759fffff,Retail,26
8849958759fffff,Wholesale,1
8849958761fffff,Art/Culture,26
8849958761fffff,Business Support,3
8849958761fffff,Education,118
8849958761fffff,Health,17
8849958761fffff,Hospitality,21
8849958761fffff,Information,6
8849958761fffff,Manufacturing,33
8849958761fffff,Professional Service,2
8849958761fffff,Public Administration,14
8849958761fffff,Real Estate,1
8849958761fffff,Retail,145
8849958761fffff,Wholesale,7
8849958763fffff,Art/Culture,2
8849958763fffff,Business Support,2
8849958763fffff,Health,5
8849958763fffff,Hospitality,11
8849958763fffff,Manufacturing,19
8849958763fffff,Professional Service,1
8849958763fffff,Real Estate,3
8849958763fffff,Retail,77
8849958763fffff,Wholesale,3
8849958765fffff,Art/Culture,1
8849958765fffff,Business Support,1
8849958765fffff,Education,1
8849958765fffff,Health,1
8849958765fffff,Hospitality,12
8849958765fffff,Manufacturing,17
8849958765fffff,Professional Service,1
8849958765fffff,Real Estate,4
8849958765fffff,Retail,59
8849958765fffff,Wholesale,1
8849958767fffff,Business Support,1
8849958767fffff,Health,2
8849958767fffff,Hospitality,1
8849958767fffff,Manufacturing,2
8849958767fffff,Professional Service,1
8849958767fffff,Real Estate,1
8849958767fffff,Retail,34
884995876bfffff,Art/Culture,3
884995876bfffff,Business Support,2
884995876bfffff,Education,4
884995876bfffff,Health,85
884995876bfffff,Hospitality,31
884995876bfffff,Manufacturing,19
884995876bfffff,Professional Service,2
884995876bfffff,Real Estate,3
884995876bfffff,Retail,60
884995876bfffff,Wholesale,8
884995876dfffff,Art/Culture,13
884995876dfffff,Business Support,2
884995876dfffff,Education,154
884995876dfffff,Energy,1
884995876dfffff,Health,20
884995876dfffff,Hospitality,23
884995876dfffff,Information,56
884995876dfffff,Manufacturing,23
884995876dfffff,Professional Service,4
884995876dfffff,Public Administration,2
884995876dfffff,Retail,101
884995876dfffff,Wholesale,50
8849958c01fffff,Art/Culture,19
8849958c01fffff,Business Support,20
8849958c01fffff,Construction,115
8849958c01fffff,Education,341
8849958c01fffff,Financial,60
8849958c01fffff,Health,44
8849958c01fffff,Hospitality,204
8849958c01fffff,Information,14
8849958c01fffff,Manufacturing,145
8849958c01fffff,Professional Service,10
8849958c01fffff,Public Administration,13
8849958c01fffff,Real Estate,10
8849958c01fffff,Retail,508
8849958c01fffff,Transportation,180
8849958c01fffff,Wholesale,43
8849958c03fffff,Art/Culture,36
8849958c03fffff,Business Support,12
8849958c03fffff,Construction,2
8849958c03fffff,Education,164
8849958c03fffff,Energy,24
8849958c03fffff,Financial,43
8849958c03fffff,Health,149
8849958c03fffff,Hospitality,230
8849958c03fffff,Information,1
8849958c03fffff,Manufacturing,156
8849958c03fffff,Professional Service,8
8849958c03fffff,Public Administration,300
8849958c03fffff,Real Estate,3
8849958c03fffff,Retail,599
8849958c03fffff,Transportation,394
8849958c03fffff,Wholesale,29
8849958c07fffff,Art/Culture,1
8849958c07fffff,Business Support,6
8849958c07fffff,Education,331
8849958c07fffff,Health,344
8849958c07fffff,Hospitality,47
8849958c07fffff,Manufacturing,97
8849958c07fffff,Professional Service,7
8849958c07fffff,Public Administration,7
8849958c07fffff,Real Estate,6
8849958c07fffff,Retail,290
8849958c07fffff,Wholesale,1
8849958c09fffff,Art/Culture,27
8849958c09fffff,Business Support,24
8849958c09fffff,Construction,1
8849958c09fffff,Education,193
8849958c09fffff,Energy,55
8849958c09fffff,Financial,49
8849958c09fffff,Health,35
8849958c09fffff,Hospitality,94
8849958c09fffff,Information,2
8849958c09fffff,Manufacturing,119
8849958c09fffff,Professional Service,7
8849958c09fffff,Public Administration,286
8849958c09fffff,Real Estate,8
8849958c09fffff,Retail,467
8849958c09fffff,Transportation,19
8849958c09fffff,Wholesale,34
8849958c0bfffff,Art/Culture,3
8849958c0bfffff,Business Support,9
8849958c0bfffff,Construction,6
8849958c0bfffff,Education,176
8849958c0bfffff,Energy,18
8849958c0bfffff,Financial,16
8849958c0bfffff,Health,88
8849958c0bfffff,Hospitality,54
8849958c0bfffff,Manufacturing,106
8849958c0bfffff,Professional Service,6
8849958c0bfffff,Public Administration,1144
8849958c0bfffff,Real Estate,5
8849958c0bfffff,Retail,304
8849958c0bfffff,Transportation,39
8849958c0bfffff,Wholesale,39
8849958c0dfffff,Art/Culture,15
8849958c0dfffff,Business Support,16
8849958c0dfffff,Construction,1
8849958c0dfffff,Education,194
8849958c0dfffff,Energy,1
8849958c0dfffff,Financial,1
8849958c0dfffff,Health,34
8849958c0dfffff,Hospitality,86
8849958c0dfffff,Manufacturing,131
8849958c0dfffff,Professional Service,6
8849958c0dfffff,Public Administration,1
8849958c0dfffff,Real Estate,14
8849958c0dfffff,Retail,464
8849958c0dfffff,Wholesale,13
8849958c11fffff,Art/Culture,5
8849958c11fffff,Business Support,18
8849958c11fffff,Education,141
8849958c11fffff,Energy,1
8849958c11fffff,Financial,1
8849958c11fffff,Health,19
8849958c11fffff,Hospitality,72
8849958c11fffff,Manufacturing,189
8849958c11fffff,Professional Service,13
8849958c11fffff,Real Estate,23
8849958c11fffff,Retail,363
8849958c11fffff,Transportation,25
8849958c11fffff,Wholesale,13
8849958c13fffff,Art/Culture,27
8849958c13fffff,Business Support,4
8849958c13fffff,Construction,1
8849958c13fffff,Education,84
8849958c13fffff,Health,8
8849958c13fffff,Hospitality,52
8849958c13fffff,Information,38
8849958c13fffff,Manufacturing,54
8849958c13fffff,Professional Service,2
8849958c13fffff,Public Administration,15
8849958c13fffff,Real Estate,13
8849958c13fffff,Retail,185
8849958c13fffff,Wholesale,43
8849958c15fffff,Art/Culture,6
8849958c15fffff,Business Support,15
8849958c15fffff,Construction,15
8849958c15fffff,Education,26
8849958c15fffff,Financial,34
8849958c15fffff,Health,38
8849958c15fffff,Hospitality,92
8849958c15fffff,Information,24
8849958c15fffff,Manufacturing,289
8849958c15fffff,Professional Service,11
8849958c15fffff,Public Administration,18
8849958c15fffff,Real Estate,28
8849958c15fffff,Retail,392
8849958c15fffff,Transportation,122
8849958c15fffff,Wholesale,763
8849958c17fffff,Art/Culture,8
8849958c17fffff,Business Support,4
8849958c17fffff,Construction,12
8849958c17fffff,Education,499
8849958c17fffff,Financial,31
8849958c17fffff,Health,35
8849958c17fffff,Hospitality,62
8849958c17fffff,Manufacturing,155
8849958c17fffff,Professional Service,13
8849958c17fffff,Public Administration,8
8849958c17fffff,Real Estate,9
8849958c17fffff,Retail,273
8849958c17fffff,Transportation,114
8849958c17fffff,Wholesale,44
8849958c19fffff,Art/Culture,13
8849958c19fffff,Business Support,5
8849958c19fffff,Education,245
8849958c19fffff,Financial,1
8849958c19fffff,Health,26
8849958c19fffff,Hospitality,176
8849958c19fffff,Information,61
8849958c19fffff,Manufacturing,396
8849958c19fffff,Professional Service,5
8849958c19fffff,Public Administration,25
8849958c19fffff,Real Estate,13
8849958c19fffff,Retail,251
8849958c19fffff,Transportation,2
8849958c19fffff,Wholesale,32
8849958c1bfffff,Art/Culture,5
8849958c1bfffff,Business Support,10
8849958c1bfffff,Education,157
8849958c1bfffff,Health,41
8849958c1bfffff,Hospitality,84
8849958c1bfffff,Manufacturing,74
8849958c1bfffff,Professional Service,2
8849958c1bfffff,Public Administration,7
8849958c1bfffff,Real Estate,2
8849958c1bfffff,Retail,266
8849958c1bfffff,Wholesale,3
8849958c1dfffff,Art/Culture,1
8849958c1dfffff,Business Support,6
8849958c1dfffff,Education,204
8849958c1dfffff,Health,27
8849958c1dfffff,Hospitality,53
8849958c1dfffff,Manufacturing,208
8849958c1dfffff,Professional Service,7
8849958c1dfffff,Public Administration,14
8849958c1dfffff,Real Estate,3
8849958c1dfffff,Retail,264
8849958c1dfffff,Transportation,12
8849958c1dfffff,Wholesale,153
8849958c39fffff,Art/Culture,4
8849958c39fffff,Business Support,3
8849958c39fffff,Construction,1
8849958c39fffff,Education,344
8849958c39fffff,Energy,12
8849958c39fffff,Financial,1
8849958c39fffff,Health,9
8849958c39fffff,Hospitality,70
8849958c39fffff,Manufacturing,29
8849958c39fffff,Professional Service,1
8849958c39fffff,Public Administration,6
8849958c39fffff,Real Estate,2
8849958c39fffff,Retail,213
8849958c39fffff,Wholesale,3
8849958c41fffff,Art/Culture,10
8849958c41fffff,Business Support,14
8849958c41fffff,Education,211
8849958c41fffff,Health,32
8849958c41fffff,Hospitality,75
8849958c41fffff,Manufacturing,106
8849958c41fffff,Professional Service,4
8849958c41fffff,Public Administration,2
8849958c41fffff,Real Estate,13
8849958c41fffff,Retail,365
8849958c41fffff,Wholesale,14
8849958c43fffff,Art/Culture,32
8849958c43fffff,Business Support,13
8849958c43fffff,Education,154
8849958c43fffff,Energy,7
8849958c43fffff,Health,114
8849958c43fffff,Hospitality,109
8849958c43fffff,Information,2
8849958c43fffff,Manufacturing,169
8849958c43fffff,Professional Service,14
8849958c43fffff,Public Administration,155
8849958c43fffff,Real Estate,35
8849958c43fffff,Retail,621
8849958c43fffff,Wholesale,12
8849958c45fffff,Art/Culture,3
8849958c45fffff,Business Support,12
8849958c45fffff,Education,292
8849958c45fffff,Health,21
8849958c45fffff,Hospitality,66
8849958c45fffff,Information,3
8849958c45fffff,Manufacturing,48
8849958c45fffff,Professional Service,2
8849958c45fffff,Public Administration,6
8849958c45fffff,Real Estate,1
8849958c45fffff,Retail,358
8849958c45fffff,Wholesale,6
8849958c47fffff,Art/Culture,16
8849958c47fffff,Business Support,20
8849958c47fffff,Education,229
8849958c47fffff,Health,161
8849958c47fffff,Hospitality,124
8849958c47fffff,Manufacturing,126
8849958c47fffff,Professional Service,3
8849958c47fffff,Real Estate,17
8849958c47fffff,Retail,562
8849958c47fffff,Wholesale,8
8849958c49fffff,Business Support,1
8849958c49fffff,Hospitality,3
8849958c49fffff,Manufacturing,4
8849958c49fffff,Real Estate,1
8849958c49fffff,Retail,17
8849958c49fffff,Wholesale,1
8849958c4bfffff,Art/Culture,2
8849958c4bfffff,Business Support,11
8849958c4bfffff,Education,50
8849958c4bfffff,Financial,1
8849958c4bfffff,Health,47
8849958c4bfffff,Hospitality,73
8849958c4bfffff,Manufacturing,111
8849958c4bfffff,Professional Service,6
8849958c4bfffff,Public Administration,1
8849958c4bfffff,Real Estate,5
8849958c4bfffff,Retail,520
8849958c4bfffff,Transportation,1
8849958c4bfffff,Wholesale,7
8849958c51fffff,Art/Culture,24
8849958c51fffff,Business Support,46
8849958c51fffff,Construction,1
8849958c51fffff,Education,388
8849958c51fffff,Financial,1
8849958c51fffff,Health,60
8849958c51fffff,Hospitality,105
8849958c51fffff,Manufacturing,522
8849958c51fffff,Professional Service,5
8849958c51fffff,Public Administration,6
8849958c51fffff,Real Estate,15
8849958c51fffff,Retail,380
8849958c51fffff,Transportation,19
8849958c51fffff,Wholesale,88
8849958c53fffff,Art/Culture,5
8849958c53fffff,Business Support,128
8849958c53fffff,Construction,6
8849958c53fffff,Education,411
8849958c53fffff,Health,103
8849958c53fffff,Hospitality,80
8849958c53fffff,Information,8
8849958c53fffff,Manufacturing,1026
8849958c53fffff,Professional Service,6
8849958c53fffff,Public Administration,1
8849958c53fffff,Real Estate,7
8849958c53fffff,Retail,260
8849958c53fffff,Transportation,2
8849958c53fffff,Wholesale,234
8849958c55fffff,Art/Culture,18
8849958c55fffff,Business Support,11
8849958c55fffff,Education,146
8849958c55fffff,Energy,13
8849958c55fffff,Financial,137
8849958c55fffff,Health,72
8849958c55fffff,Hospitality,246
8849958c55fffff,Information,69
8849958c55fffff,Manufacturing,97
8849958c55fffff,Professional Service,7
8849958c55fffff,Public Administration,1
8849958c55fffff,Real Estate,21
8849958c55fffff,Retail,657
8849958c55fffff,Transportation,1
8849958c55fffff,Wholesale,61
8849958c57fffff,Art/Culture,21
8849958c57fffff,Business Support,20
8849958c57fffff,Education,183
8849958c57fffff,Financial,1
8849958c57fffff,Health,44
8849958c57fffff,Hospitality,95
8849958c57fffff,Information,1
8849958c57fffff,Manufacturing,277
8849958c57fffff,Professional Service,9
8849958c57fffff,Real Estate,11
8849958c57fffff,Retail,461
8849958c57fffff,Transportation,1
8849958c57fffff,Wholesale,111
8849958c59fffff,Art/Culture,7
8849958c59fffff,Business Support,16
8849958c59fffff,Construction,6
8849958c59fffff,Education,62
8849958c59fffff,Energy,6
8849958c59fffff,Financial,37
8849958c59fffff,Health,424
8849958c59fffff,Hospitality,200
8849958c59fffff,Manufacturing,126
8849958c59fffff,Professional Service,15
8849958c59fffff,Real Estate,19
8849958c59fffff,Retail,555
8849958c59fffff,Wholesale,465
8849958c5bfffff,Art/Culture,10
8849958c5bfffff,Business Support,172
8849958c5bfffff,Construction,1
8849958c5bfffff,Education,201
8849958c5bfffff,Financial,1
8849958c5bfffff,Health,39
8849958c5bfffff,Hospitality,127
8849958c5bfffff,Manufacturing,454
8849958c5bfffff,Professional Service,23
8849958c5bfffff,Public Administration,14
8849958c5bfffff,Real Estate,12
8849958c5bfffff,Retail,439
8849958c5bfffff,Transportation,3
8849958c5bfffff,Wholesale,162
8849958c5dfffff,Art/Culture,7
8849958c5dfffff,Business Support,286
8849958c5dfffff,Education,268
8849958c5dfffff,Energy,3
8849958c5dfffff,Financial,26
8849958c5dfffff,Health,65
8849958c5dfffff,Hospitality,159
8849958c5dfffff,Information,18
8849958c5dfffff,Manufacturing,111
8849958c5dfffff,Professional Service,17
8849958c5dfffff,Public Administration,19
8849958c5dfffff,Real Estate,8
8849958c5dfffff,Retail,545
8849958c5dfffff,Transportation,12
8849958c5dfffff,Wholesale,199
8849958c61fffff,Art/Culture,8
8849958c61fffff,Business Support,57
8849958c61fffff,Education,91
8849958c61fffff,Energy,6
8849958c61fffff,Financial,6
8849958c61fffff,Health,20
8849958c61fffff,Hospitality,25
8849958c61fffff,Manufacturing,33
8849958c61fffff,Professional Service,2
8849958c61fffff,Public Administration,6
8849958c61fffff,Real Estate,6
8849958c61fffff,Retail,232
8849958c61fffff,Wholesale,3
8849958c63fffff,Art/Culture,12
8849958c63fffff,Business Support,13
8849958c63fffff,Education,97
8849958c63fffff,Financial,1
8849958c63fffff,Health,39
8849958c63fffff,Hospitality,50
8849958c63fffff,Manufacturing,125
8849958c63fffff,Professional Service,18
8849958c63fffff,Public Administration,1
8849958c63fffff,Real Estate,14
8849958c63fffff,Retail,332
8849958c63fffff,Wholesale,4
8849958c69fffff,Art/Culture,2
8849958c69fffff,Business Support,8
8849958c69fffff,Education,222
8849958c69fffff,Health,27
8849958c69fffff,Hospitality,90
8849958c69fffff,Information,2
8849958c69fffff,Manufacturing,66
8849958c69fffff,Professional Service,5
8849958c69fffff,Public Administration,2
8849958c69fffff,Real Estate,1
8849958c69fffff,Retail,261
8849958c69fffff,Wholesale,3
8849958c6bfffff,Art/Culture,23
8849958c6bfffff,Business Support,18
8849958c6bfffff,Education,233
8849958c6bfffff,Financial,12
8849958c6bfffff,Health,145
8849958c6bfffff,Hospitality,132
8849958c6bfffff,Information,2
8849958c6bfffff,Manufacturing,115
8849958c6bfffff,Professional Service,13
8849958c6bfffff,Public Administration,63
8849958c6bfffff,Real Estate,17
8849958c6bfffff,Retail,592
8849958c6bfffff,Wholesale,16
8849958c6dfffff,Art/Culture,35
8849958c6dfffff,Business Support,6
8849958c6dfffff,Education,25
8849958c6dfffff,Financial,3
8849958c6dfffff,Health,299
8849958c6dfffff,Hospitality,40
8849958c6dfffff,Manufacturing,54
8849958c6dfffff,Professional Service,1
8849958c6dfffff,Public Administration,55
8849958c6dfffff,Real Estate,6
8849958c6dfffff,Retail,254
8849958c6dfffff,Wholesale,5
8849958c91fffff,Art/Culture,11
8849958c91fffff,Business Support,10
8849958c91fffff,Construction,1
8849958c91fffff,Education,556
8849958c91fffff,Energy,1
8849958c91fffff,Financial,6
8849958c91fffff,Health,109
8849958c91fffff,Hospitality,114
8849958c91fffff,Information,7
8849958c91fffff,Manufacturing,133
8849958c91fffff,Professional Service,8
8849958c91fffff,Public Administration,19
8849958c91fffff,Real Estate,3
8849958c91fffff,Retail,253
8849958c91fffff,Wholesale,58
8849958c99fffff,Art/Culture,18
8849958c99fffff,Business Support,10
8849958c99fffff,Construction,25
8849958c99fffff,Education,302
8849958c99fffff,Energy,2
8849958c99fffff,Financial,1
8849958c99fffff,Health,44
8849958c99fffff,Hospitality,193
8849958c99fffff,Information,6
8849958c99fffff,Manufacturing,470
8849958c99fffff,Professional Service,59
8849958c99fffff,Public Administration,4
8849958c99fffff,Real Estate,19
8849958c99fffff,Retail,422
8849958c99fffff,Transportation,2
8849958c99fffff,Wholesale,462
8849958c9bfffff,Art/Culture,17
8849958c9bfffff,Business Support,163
8849958c9bfffff,Construction,1
8849958c9bfffff,Education,452
8849958c9bfffff,Financial,10
8849958c9bfffff,Health,333
8849958c9bfffff,Hospitality,168
8849958c9bfffff,Information,2
8849958c9bfffff,Manufacturing,220
8849958c9bfffff,Professional Service,19
8849958c9bfffff,Public Administration,112
8849958c9bfffff,Real Estate,10
8849958c9bfffff,Retail,537
8849958c9bfffff,Transportation,2
8849958c9bfffff,Wholesale,23
8849958cc1fffff,Art/Culture,115
8849958cc1fffff,Business Support,10
8849958cc1fffff,Construction,1
8849958cc1fffff,Education,262
8849958cc1fffff,Financial,59
8849958cc1fffff,Health,890
8849958cc1fffff,Hospitality,172
8849958cc1fffff,Information,38
8849958cc1fffff,Manufacturing,24
8849958cc1fffff,Professional Service,3
8849958cc1fffff,Public Administration,75
8849958cc1fffff,Real Estate,2
8849958cc1fffff,Retail,526
8849958cc1fffff,Transportation,57
8849958cc1fffff,Wholesale,3
8849958cc3fffff,Art/Culture,10
8849958cc3fffff,Business Support,74
8849958cc3fffff,Education,250
8849958cc3fffff,Financial,48
8849958cc3fffff,Health,85
8849958cc3fffff,Hospitality,281
8849958cc3fffff,Information,35
8849958cc3fffff,Manufacturing,145
8849958cc3fffff,Professional Service,21
8849958cc3fffff,Public Administration,24
8849958cc3fffff,Real Estate,12
8849958cc3fffff,Retail,895
8849958cc3fffff,Transportation,3
8849958cc3fffff,Wholesale,37
8849958cc5fffff,Art/Culture,9
8849958cc5fffff,Business Support,16
8849958cc5fffff,Construction,115
8849958cc5fffff,Education,125
8849958cc5fffff,Financial,5
8849958cc5fffff,Health,78
8849958cc5fffff,Hospitality,184
8849958cc5fffff,Information,1
8849958cc5fffff,Manufacturing,171
8849958cc5fffff,Professional Service,6
8849958cc5fffff,Public Administration,1
8849958cc5fffff,Real Estate,3
8849958cc5fffff,Retail,477
8849958cc5fffff,Transportation,292
8849958cc5fffff,Wholesale,142
8849958cc9fffff,Art/Culture,1
8849958cc9fffff,Business Support,6
8849958cc9fffff,Construction,1
8849958cc9fffff,Education,12
8849958cc9fffff,Health,1
8849958cc9fffff,Hospitality,17
8849958cc9fffff,Information,12
8849958cc9fffff,Manufacturing,8
8849958cc9fffff,Real Estate,1
8849958cc9fffff,Retail,160
8849958cc9fffff,Wholesale,2
8849958ccbfffff,Business Support,13
8849958ccbfffff,Construction,1
8849958ccbfffff,Education,442
8849958ccbfffff,Financial,2
8849958ccbfffff,Health,45
8849958ccbfffff,Hospitality,76
8849958ccbfffff,Manufacturing,78
8849958ccbfffff,Professional Service,7
8849958ccbfffff,Public Administration,1
8849958ccbfffff,Real Estate,14
8849958ccbfffff,Retail,352
8849958ccbfffff,Transportation,38
8849958ccbfffff,Wholesale,22
8849958ccdfffff,Art/Culture,41
8849958ccdfffff,Business Support,9
8849958ccdfffff,Education,517
8849958ccdfffff,Energy,7
8849958ccdfffff,Financial,3
8849958ccdfffff,Health,23
8849958ccdfffff,Hospitality,64
8849958ccdfffff,Information,1
8849958ccdfffff,Manufacturing,99
8849958ccdfffff,Professional Service,5
8849958ccdfffff,Public Administration,360
8849958ccdfffff,Real Estate,5
8849958ccdfffff,Retail,184
8849958ccdfffff,Transportation,312
8849958ccdfffff,Wholesale,5
8849958cd1fffff,Art/Culture,9
8849958cd1fffff,Business Support,147
8849958cd1fffff,Construction,44
8849958cd1fffff,Education,198
8849958cd1fffff,Energy,2
8849958cd1fffff,Financial,126
8849958cd1fffff,Health,35
8849958cd1fffff,Hospitality,226
8849958cd1fffff,Information,14
8849958cd1fffff,Manufacturing,531
8849958cd1fffff,Professional Service,23
8849958cd1fffff,Retail,666
8849958cd1fffff,Transportation,146
8849958cd1fffff,Wholesale,384
8849958cd3fffff,Art/Culture,16
8849958cd3fffff,Business Support,9
8849958cd3fffff,Construction,140
8849958cd3fffff,Education,161
8849958cd3fffff,Financial,107
8849958cd3fffff,Health,185
8849958cd3fffff,Hospitality,84
8849958cd3fffff,Manufacturing,906
8849958cd3fffff,Professional Service,10
8849958cd3fffff,Public Administration,8
8849958cd3fffff,Real Estate,15
8849958cd3fffff,Retail,582
8849958cd3fffff,Transportation,1
8849958cd3fffff,Wholesale,133
8849958cd7fffff,Art/Culture,6
8849958cd7fffff,Business Support,3
8849958cd7fffff,Construction,13
8849958cd7fffff,Education,130
8849958cd7fffff,Financial,20
8849958cd7fffff,Health,417
8849958cd7fffff,Hospitality,131
8849958cd7fffff,Information,2
8849958cd7fffff,Manufacturing,185
8849958cd7fffff,Professional Service,6
8849958cd7fffff,Public Administration,68
8849958cd7fffff,Real Estate,5
8849958cd7fffff,Retail,349
8849958cd7fffff,Transportation,25
8849958cd7fffff,Wholesale,180
8849958cd9fffff,Art/Culture,2
8849958cd9fffff,Business Support,8
8849958cd9fffff,Construction,61
8849958cd9fffff,Education,484
8849958cd9fffff,Financial,6
8849958cd9fffff,Health,284
8849958cd9fffff,Hospitality,176
8849958cd9fffff,Information,12
8849958cd9fffff,Manufacturing,483
8849958cd9fffff,Professional Service,20
8849958cd9fffff,Public Administration,19
8849958cd9fffff,Real Estate,31
8849958cd9fffff,Retail,437
8849958cd9fffff,Transportation,14
8849958cd9fffff,Wholesale,85
8849958cdbfffff,Art/Culture,21
8849958cdbfffff,Business Support,125
8849958cdbfffff,Construction,1
8849958cdbfffff,Education,157
8849958cdbfffff,Financial,60
8849958cdbfffff,Health,63
8849958cdbfffff,Hospitality,112
8849958cdbfffff,Information,39
8849958cdbfffff,Manufacturing,323
8849958cdbfffff,Professional Service,46
8849958cdbfffff,Public Administration,13
8849958cdbfffff,Real Estate,19
8849958cdbfffff,Retail,364
8849958cdbfffff,Transportation,20
8849958cdbfffff,Wholesale,41
8849958cddfffff,Art/Culture,4
8849958cddfffff,Business Support,10
8849958cddfffff,Education,144
8849958cddfffff,Financial,16
8849958cddfffff,Health,54
8849958cddfffff,Hospitality,106
8849958cddfffff,Information,2
8849958cddfffff,Manufacturing,244
8849958cddfffff,Professional Service,68
8849958cddfffff,Public Administration,20
8849958cddfffff,Real Estate,26
8849958cddfffff,Retail,542
8849958cddfffff,Transportation,39
8849958cddfffff,Wholesale,548
8849958e01fffff,Art/Culture,12
8849958e01fffff,Business Support,1
8849958e01fffff,Education,18
8849958e01fffff,Health,6
8849958e01fffff,Hospitality,22
8849958e01fffff,Information,1
8849958e01fffff,Manufacturing,58
8849958e01fffff,Professional Service,4
8849958e01fffff,Real Estate,15
8849958e01fffff,Retail,104
8849958e01fffff,Transportation,12
8849958e01fffff,Wholesale,6
8849958e03fffff,Art/Culture,11
8849958e03fffff,Business Support,8
8849958e03fffff,Education,131
8849958e03fffff,Financial,3
8849958e03fffff,Health,97
8849958e03fffff,Hospitality,63
8849958e03fffff,Information,2
8849958e03fffff,Manufacturing,84
8849958e03fffff,Professional Service,2
8849958e03fffff,Public Administration,14
8849958e03fffff,Real Estate,10
8849958e03fffff,Retail,330
8849958e03fffff,Transportation,1
8849958e03fffff,Wholesale,9
8849958e05fffff,Art/Culture,8
8849958e05fffff,Business Support,3
8849958e05fffff,Education,1
8849958e05fffff,Energy,6
8849958e05fffff,Health,5
8849958e05fffff,Hospitality,13
8849958e05fffff,Information,1
8849958e05fffff,Manufacturing,35
8849958e05fffff,Public Administration,44
8849958e05fffff,Retail,66
8849958e05fffff,Transportation,67
8849958e05fffff,Wholesale,51
8849958e09fffff,Art/Culture,33
8849958e09fffff,Business Support,10
8849958e09fffff,Education,264
8849958e09fffff,Financial,28
8849958e09fffff,Health,85
8849958e09fffff,Hospitality,143
8849958e09fffff,Information,15
8849958e09fffff,Manufacturing,163
8849958e09fffff,Professional Service,23
8849958e09fffff,Public Administration,25
8849958e09fffff,Real Estate,49
8849958e09fffff,Retail,509
8849958e09fffff,Transportation,7
8849958e09fffff,Wholesale,79
8849958e0bfffff,Art/Culture,8
8849958e0bfffff,Business Support,7
8849958e0bfffff,Education,221
8849958e0bfffff,Energy,1
8849958e0bfffff,Financial,56
8849958e0bfffff,Health,81
8849958e0bfffff,Hospitality,171
8849958e0bfffff,Information,13
8849958e0bfffff,Manufacturing,231
8849958e0bfffff,Professional Service,3
8849958e0bfffff,Public Administration,19
8849958e0bfffff,Real Estate,19
8849958e0bfffff,Retail,254
8849958e0bfffff,Transportation,33
8849958e0bfffff,Wholesale,37
8849958e0dfffff,Art/Culture,7
8849958e0dfffff,Business Support,4
8849958e0dfffff,Construction,6
8849958e0dfffff,Education,87
8849958e0dfffff,Energy,1
8849958e0dfffff,Financial,3
8849958e0dfffff,Health,44
8849958e0dfffff,Hospitality,42
8849958e0dfffff,Manufacturing,603
8849958e0dfffff,Professional Service,1
8849958e0dfffff,Real Estate,1
8849958e0dfffff,Retail,146
8849958e0dfffff,Transportation,279
8849958e0dfffff,Wholesale,214
8849958e11fffff,Art/Culture,2
8849958e11fffff,Business Support,3
8849958e11fffff,Health,1
8849958e11fffff,Hospitality,10
8849958e11fffff,Information,1
8849958e11fffff,Manufacturing,16
8849958e11fffff,Real Estate,1
8849958e11fffff,Retail,73
8849958e11fffff,Wholesale,2
8849958e13fffff,Art/Culture,20
8849958e13fffff,Business Support,8
8849958e13fffff,Construction,62
8849958e13fffff,Education,212
8849958e13fffff,Financial,2
8849958e13fffff,Health,58
8849958e13fffff,Hospitality,79
8849958e13fffff,Manufacturing,139
8849958e13fffff,Professional Service,5
8849958e13fffff,Real Estate,8
8849958e13fffff,Retail,395
8849958e13fffff,Wholesale,15
8849958e15fffff,Art/Culture,13
8849958e15fffff,Business Support,15
8849958e15fffff,Education,65
8849958e15fffff,Energy,1
8849958e15fffff,Financial,14
8849958e15fffff,Health,30
8849958e15fffff,Hospitality,72
8849958e15fffff,Information,1
8849958e15fffff,Manufacturing,143
8849958e15fffff,Professional Service,5
8849958e15fffff,Real Estate,31
8849958e15fffff,Retail,487
8849958e15fffff,Transportation,3
8849958e15fffff,Wholesale,30
8849958e17fffff,Art/Culture,23
8849958e17fffff,Business Support,45
8849958e17fffff,Construction,56
8849958e17fffff,Education,184
8849958e17fffff,Financial,9
8849958e17fffff,Health,115
8849958e17fffff,Hospitality,120
8849958e17fffff,Manufacturing,172
8849958e17fffff,Professional Service,8
8849958e17fffff,Public Administration,2
8849958e17fffff,Real Estate,23
8849958e17fffff,Retail,508
8849958e17fffff,Transportation,277
8849958e17fffff,Wholesale,49
8849958e19fffff,Art/Culture,33
8849958e19fffff,Business Support,14
8849958e19fffff,Construction,1
8849958e19fffff,Education,12
8849958e19fffff,Financial,34
8849958e19fffff,Health,459
8849958e19fffff,Hospitality,115
8849958e19fffff,Information,18
8849958e19fffff,Manufacturing,861
8849958e19fffff,Public Administration,55
8849958e19fffff,Retail,174
8849958e19fffff,Transportation,13
8849958e19fffff,Wholesale,182
8849958e1dfffff,Art/Culture,24
8849958e1dfffff,Business Support,55
8849958e1dfffff,Education,203
8849958e1dfffff,Health,51
8849958e1dfffff,Hospitality,101
8849958e1dfffff,Information,2
8849958e1dfffff,Manufacturing,471
8849958e1dfffff,Professional Service,9
8849958e1dfffff,Real Estate,7
8849958e1dfffff,Retail,389
8849958e1dfffff,Transportation,12
8849958e1dfffff,Wholesale,20
8849958e23fffff,Art/Culture,2
8849958e23fffff,Business Support,2
8849958e23fffff,Health,9
8849958e23fffff,Hospitality,4
8849958e23fffff,Manufacturing,93
8849958e23fffff,Public Administration,114
8849958e23fffff,Real Estate,1
8849958e23fffff,Retail,69
8849958e23fffff,Transportation,13
8849958e23fffff,Wholesale,4
8849958e31fffff,Art/Culture,9
8849958e31fffff,Business Support,15
8849958e31fffff,Construction,1
8849958e31fffff,Education,121
8849958e31fffff,Health,31
8849958e31fffff,Hospitality,58
8849958e31fffff,Manufacturing,115
8849958e31fffff,Professional Service,3
8849958e31fffff,Real Estate,7
8849958e31fffff,Retail,414
8849958e31fffff,Wholesale,12
8849958e33fffff,Art/Culture,36
8849958e33fffff,Business Support,19
8849958e33fffff,Construction,3
8849958e33fffff,Education,116
8849958e33fffff,Health,97
8849958e33fffff,Hospitality,108
8849958e33fffff,Information,2
8849958e33fffff,Manufacturing,112
8849958e33fffff,Professional Service,13
8849958e33fffff,Real Estate,10
8849958e33fffff,Retail,447
8849958e33fffff,Wholesale,36
8849958e35fffff,Art/Culture,7
8849958e35fffff,Business Support,4
8849958e35fffff,Education,88
8849958e35fffff,Energy,1
8849958e35fffff,Health,13
8849958e35fffff,Hospitality,34
8849958e35fffff,Information,6
8849958e35fffff,Manufacturing,50
8849958e35fffff,Professional Service,4
8849958e35fffff,Public Administration,1
8849958e35fffff,Real Estate,2
8849958e35fffff,Retail,232
8849958e35fffff,Wholesale,7
8849958e37fffff,Art/Culture,5
8849958e37fffff,Business Support,15
8849958e37fffff,Construction,2
8849958e37fffff,Education,240
8849958e37fffff,Health,43
8849958e37fffff,Hospitality,87
8849958e37fffff,Manufacturing,92
8849958e37fffff,Professional Service,7
8849958e37fffff,Public Administration,6
8849958e37fffff,Real Estate,7
8849958e37fffff,Retail,456
8849958e37fffff,Wholesale,19
8849958e39fffff,Art/Culture,1
8849958e39fffff,Energy,1
8849958e39fffff,Manufacturing,7
8849958e39fffff,Retail,15
8849958e39fffff,Wholesale,3
8849958e3bfffff,Art/Culture,22
8849958e3bfffff,Business Support,19
8849958e3bfffff,Construction,2
8849958e3bfffff,Education,125
8849958e3bfffff,Health,54
8849958e3bfffff,Hospitality,124
8849958e3bfffff,Information,1
8849958e3bfffff,Manufacturing,139
8849958e3bfffff,Professional Service,4
8849958e3bfffff,Public Administration,2
8849958e3bfffff,Real Estate,21
8849958e3bfffff,Retail,591
8849958e3bfffff,Transportation,3
8849958e3bfffff,Wholesale,13
8849958e41fffff,Art/Culture,2
8849958e41fffff,Business Support,1
8849958e41fffff,Education,1
8849958e41fffff,Health,2
8849958e41fffff,Hospitality,18
8849958e41fffff,Manufacturing,26
8849958e41fffff,Real Estate,9
8849958e41fffff,Retail,77
8849958e41fffff,Wholesale,2
8849958e43fffff,Art/Culture,17
8849958e43fffff,Business Support,23
8849958e43fffff,Construction,115
8849958e43fffff,Education,247
8849958e43fffff,Energy,6
8849958e43fffff,Financial,2
8849958e43fffff,Health,53
8849958e43fffff,Hospitality,92
8849958e43fffff,Manufacturing,210
8849958e43fffff,Professional Service,19
8849958e43fffff,Public Administration,1
8849958e43fffff,Real Estate,25
8849958e43fffff,Retail,308
8849958e43fffff,Wholesale,32
8849958e45fffff,Art/Culture,16
8849958e45fffff,Health,1
8849958e45fffff,Hospitality,7
8849958e45fffff,Manufacturing,41
8849958e45fffff,Real Estate,12
8849958e45fffff,Retail,47
8849958e45fffff,Wholesale,3
8849958e47fffff,Art/Culture,5
8849958e47fffff,Business Support,5
8849958e47fffff,Education,4
8849958e47fffff,Health,16
8849958e47fffff,Hospitality,34
8849958e47fffff,Manufacturing,134
8849958e47fffff,Professional Service,5
8849958e47fffff,Public Administration,1
8849958e47fffff,Real Estate,19
8849958e47fffff,Retail,139
8849958e47fffff,Wholesale,17
8849958e51fffff,Art/Culture,31
8849958e51fffff,Business Support,14
8849958e51fffff,Construction,1
8849958e51fffff,Education,298
8849958e51fffff,Financial,21
8849958e51fffff,Health,122
8849958e51fffff,Hospitality,174
8849958e51fffff,Information,14
8849958e51fffff,Manufacturing,247
8849958e51fffff,Professional Service,15
8849958e51fffff,Public Administration,26
8849958e51fffff,Real Estate,18
8849958e51fffff,Retail,514
8849958e51fffff,Transportation,68
8849958e51fffff,Wholesale,136
8849958e53fffff,Art/Culture,9
8849958e53fffff,Business Support,7
8849958e53fffff,Education,113
8849958e53fffff,Financial,87
8849958e53fffff,Health,132
8849958e53fffff,Hospitality,134
8849958e53fffff,Information,116
8849958e53fffff,Manufacturing,672
8849958e53fffff,Professional Service,17
8849958e53fffff,Public Administration,18
8849958e53fffff,Real Estate,19
8849958e53fffff,Retail,336
8849958e53fffff,Transportation,100
8849958e53fffff,Wholesale,135
8849958e55fffff,Art/Culture,13
8849958e55fffff,Business Support,8
8849958e55fffff,Education,259
8849958e55fffff,Financial,1
8849958e55fffff,Health,133
8849958e55fffff,Hospitality,105
8849958e55fffff,Information,1
8849958e55fffff,Manufacturing,582
8849958e55fffff,Professional Service,8
8849958e55fffff,Public Administration,45
8849958e55fffff,Real Estate,10
8849958e55fffff,Retail,309
8849958e55fffff,Transportation,32
8849958e55fffff,Wholesale,21
8849958e57fffff,Art/Culture,17
8849958e57fffff,Business Support,8
8849958e57fffff,Construction,1
8849958e57fffff,Education,122
8849958e57fffff,Energy,13
8849958e57fffff,Financial,29
8849958e57fffff,Health,59
8849958e57fffff,Hospitality,174
8849958e57fffff,Information,1
8849958e57fffff,Manufacturing,1087
8849958e57fffff,Professional Service,7
8849958e57fffff,Real Estate,21
8849958e57fffff,Retail,488
8849958e57fffff,Transportation,15
8849958e57fffff,Wholesale,278
8849958e59fffff,Art/Culture,11
8849958e59fffff,Business Support,4
8849958e59fffff,Construction,1
8849958e59fffff,Education,304
8849958e59fffff,Health,32
8849958e59fffff,Hospitality,77
8849958e59fffff,Information,1
8849958e59fffff,Manufacturing,148
8849958e59fffff,Professional Service,11
8849958e59fffff,Public Administration,6
8849958e59fffff,Real Estate,18
8849958e59fffff,Retail,249
8849958e59fffff,Transportation,12
8849958e59fffff,Wholesale,9
8849958e5bfffff,Art/Culture,26
8849958e5bfffff,Business Support,11
8849958e5bfffff,Construction,2
8849958e5bfffff,Education,115
8849958e5bfffff,Financial,16
8849958e5bfffff,Health,53
8849958e5bfffff,Hospitality,121
8849958e5bfffff,Information,18
8849958e5bfffff,Manufacturing,108
8849958e5bfffff,Professional Service,8
8849958e5bfffff,Public Administration,1
8849958e5bfffff,Real Estate,21
8849958e5bfffff,Retail,509
8849958e5bfffff,Transportation,57
8849958e5bfffff,Wholesale,45
8849958e5dfffff,Art/Culture,26
8849958e5dfffff,Business Support,5
8849958e5dfffff,Construction,2
8849958e5dfffff,Education,60
8849958e5dfffff,Energy,12
8849958e5dfffff,Financial,4
8849958e5dfffff,Health,415
8849958e5dfffff,Hospitality,109
8849958e5dfffff,Manufacturing,55
8849958e5dfffff,Professional Service,4
8849958e5dfffff,Public Administration,419
8849958e5dfffff,Real Estate,15
8849958e5dfffff,Retail,128
8849958e5dfffff,Wholesale,2
8849958e61fffff,Art/Culture,23
8849958e61fffff,Business Support,10
8849958e61fffff,Construction,19
8849958e61fffff,Education,322
8849958e61fffff,Financial,5
8849958e61fffff,Health,23
8849958e61fffff,Hospitality,89
8849958e61fffff,Information,12
8849958e61fffff,Manufacturing,33
8849958e61fffff,Professional Service,3
8849958e61fffff,Public Administration,306
8849958e61fffff,Real Estate,2
8849958e61fffff,Retail,188
8849958e61fffff,Transportation,38
8849958e61fffff,Wholesale,19
8849958e63fffff,Art/Culture,13
8849958e63fffff,Business Support,9
8849958e63fffff,Construction,6
8849958e63fffff,Education,132
8849958e63fffff,Health,122
8849958e63fffff,Hospitality,93
8849958e63fffff,Information,7
8849958e63fffff,Manufacturing,146
8849958e63fffff,Professional Service,9
8849958e63fffff,Public Administration,68
8849958e63fffff,Real Estate,13
8849958e63fffff,Retail,322
8849958e63fffff,Wholesale,68
8849958e65fffff,Art/Culture,6
8849958e65fffff,Business Support,16
8849958e65fffff,Education,58
8849958e65fffff,Financial,13
8849958e65fffff,Health,27
8849958e65fffff,Hospitality,68
8849958e65fffff,Manufacturing,104
8849958e65fffff,Professional Service,12
8849958e65fffff,Real Estate,6
8849958e65fffff,Retail,282
8849958e65fffff,Transportation,12
8849958e65fffff,Wholesale,6
8849958e67fffff,Art/Culture,20
8849958e67fffff,Business Support,3
8849958e67fffff,Construction,45
8849958e67fffff,Education,6
8849958e67fffff,Energy,1
8849958e67fffff,Financial,1
8849958e67fffff,Health,12
8849958e67fffff,Hospitality,46
8849958e67fffff,Manufacturing,37
8849958e67fffff,Professional Service,4
8849958e67fffff,Public Administration,112
8849958e67fffff,Real Estate,3
8849958e67fffff,Retail,123
8849958e67fffff,Wholesale,12
8849958e6dfffff,Art/Culture,36
8849958e6dfffff,Business Support,8
8849958e6dfffff,Education,402
8849958e6dfffff,Financial,10
8849958e6dfffff,Health,15
8849958e6dfffff,Hospitality,58
8849958e6dfffff,Information,14
8849958e6dfffff,Manufacturing,62
8849958e6dfffff,Professional Service,12
8849958e6dfffff,Public Administration,401
8849958e6dfffff,Real Estate,4
8849958e6dfffff,Retail,228
8849958e6dfffff,Transportation,19
8849958e6dfffff,Wholesale,161
8849958e81fffff,Art/Culture,38
8849958e81fffff,Business Support,14
8849958e81fffff,Construction,39
8849958e81fffff,Education,164
8849958e81fffff,Financial,327
8849958e81fffff,Health,98
8849958e81fffff,Hospitality,213
8849958e81fffff,Information,2
8849958e81fffff,Manufacturing,156
8849958e81fffff,Professional Service,10
8849958e81fffff,Public Administration,306
8849958e81fffff,Real Estate,60
8849958e81fffff,Retail,612
8849958e81fffff,Transportation,1
8849958e81fffff,Wholesale,26
8849958e83fffff,Art/Culture,2
8849958e83fffff,Business Support,25
8849958e83fffff,Construction,12
8849958e83fffff,Corporate,1
8849958e83fffff,Education,644
8849958e83fffff,Energy,273
8849958e83fffff,Financial,9
8849958e83fffff,Health,3
8849958e83fffff,Hospitality,84
8849958e83fffff,Manufacturing,492
8849958e83fffff,Professional Service,58
8849958e83fffff,Public Administration,14
8849958e83fffff,Real Estate,21
8849958e83fffff,Retail,152
8849958e83fffff,Transportation,114
8849958e83fffff,Wholesale,521
8849958e85fffff,Art/Culture,5
8849958e85fffff,Business Support,7
8849958e85fffff,Construction,2
8849958e85fffff,Education,317
8849958e85fffff,Financial,8
8849958e85fffff,Health,87
8849958e85fffff,Hospitality,131
8849958e85fffff,Information,6
8849958e85fffff,Manufacturing,52
8849958e85fffff,Professional Service,18
8849958e85fffff,Public Administration,19
8849958e85fffff,Real Estate,4
8849958e85fffff,Retail,230
8849958e85fffff,Wholesale,10
8849958e87fffff,Art/Culture,126
8849958e87fffff,Business Support,15
8849958e87fffff,Education,170
8849958e87fffff,Energy,8
8849958e87fffff,Financial,4
8849958e87fffff,Health,27
8849958e87fffff,Hospitality,44
8849958e87fffff,Information,13
8849958e87fffff,Manufacturing,164
8849958e87fffff,Professional Service,7
8849958e87fffff,Public Administration,32
8849958e87fffff,Real Estate,18
8849958e87fffff,Retail,208
8849958e87fffff,Wholesale,21
8849958e89fffff,Art/Culture,7
8849958e89fffff,Business Support,11
8849958e89fffff,Education,239
8849958e89fffff,Financial,47
8849958e89fffff,Health,74
8849958e89fffff,Hospitality,172
8849958e89fffff,Information,12
8849958e89fffff,Manufacturing,1016
8849958e89fffff,Professional Service,25
8849958e89fffff,Public Administration,115
8849958e89fffff,Real Estate,53
8849958e89fffff,Retail,526
8849958e89fffff,Transportation,18
8849958e89fffff,Wholesale,194
8849958e8bfffff,Art/Culture,17
8849958e8bfffff,Business Support,241
8849958e8bfffff,Education,176
8849958e8bfffff,Energy,2
8849958e8bfffff,Financial,183
8849958e8bfffff,Health,337
8849958e8bfffff,Hospitality,226
8849958e8bfffff,Information,26
8849958e8bfffff,Manufacturing,1062
8849958e8bfffff,Professional Service,53
8849958e8bfffff,Real Estate,13
8849958e8bfffff,Retail,817
8849958e8bfffff,Transportation,6
8849958e8bfffff,Wholesale,420
8849958e8dfffff,Art/Culture,20
8849958e8dfffff,Business Support,20
8849958e8dfffff,Construction,114
8849958e8dfffff,Education,232
8849958e8dfffff,Energy,2
8849958e8dfffff,Financial,30
8849958e8dfffff,Health,114
8849958e8dfffff,Hospitality,326
8849958e8dfffff,Information,19
8849958e8dfffff,Manufacturing,387
8849958e8dfffff,Professional Service,9
8849958e8dfffff,Public Administration,273
8849958e8dfffff,Real Estate,23
8849958e8dfffff,Retail,418
8849958e8dfffff,Transportation,76
8849958e8dfffff,Wholesale,11
8849958e95fffff,Art/Culture,8
8849958e95fffff,Business Support,391
8849958e95fffff,Construction,1
8849958e95fffff,Education,167
8849958e95fffff,Financial,16
8849958e95fffff,Health,7
8849958e95fffff,Hospitality,57
8849958e95fffff,Information,273
8849958e95fffff,Manufacturing,2339
8849958e95fffff,Professional Service,11
8849958e95fffff,Public Administration,6
8849958e95fffff,Real Estate,119
8849958e95fffff,Retail,361
8849958e95fffff,Transportation,33
8849958e95fffff,Wholesale,744
8849958e97fffff,Art/Culture,148
8849958e97fffff,Business Support,120
8849958e97fffff,Education,99
8849958e97fffff,Energy,35
8849958e97fffff,Financial,297
8849958e97fffff,Health,85
8849958e97fffff,Hospitality,1477
8849958e97fffff,Information,71
8849958e97fffff,Manufacturing,110
8849958e97fffff,Professional Service,19
8849958e97fffff,Public Administration,818
8849958e97fffff,Real Estate,57
8849958e97fffff,Retail,7314
8849958e97fffff,Transportation,201
8849958e97fffff,Wholesale,8421
8849958e99fffff,Art/Culture,74
8849958e99fffff,Business Support,29
8849958e99fffff,Construction,1
8849958e99fffff,Education,572
8849958e99fffff,Energy,32
8849958e99fffff,Financial,117
8849958e99fffff,Health,339
8849958e99fffff,Hospitality,330
8849958e99fffff,Information,14
8849958e99fffff,Manufacturing,183
8849958e99fffff,Professional Service,61
8849958e99fffff,Public Administration,555
8849958e99fffff,Real Estate,73
8849958e99fffff,Retail,1017
8849958e99fffff,Transportation,21
8849958e99fffff,Wholesale,105
8849958e9bfffff,Art/Culture,5
8849958e9bfffff,Business Support,3
8849958e9bfffff,Education,46
8849958e9bfffff,Energy,55
8849958e9bfffff,Financial,13
8849958e9bfffff,Health,40
8849958e9bfffff,Hospitality,67
8849958e9bfffff,Manufacturing,339
8849958e9bfffff,Professional Service,6
8849958e9bfffff,Public Administration,1
8849958e9bfffff,Real Estate,14
8849958e9bfffff,Retail,457
8849958e9bfffff,Transportation,280
8849958e9bfffff,Wholesale,496
8849958e9dfffff,Art/Culture,15
8849958e9dfffff,Business Support,9
8849958e9dfffff,Construction,12
8849958e9dfffff,Education,381
8849958e9dfffff,Energy,1
8849958e9dfffff,Financial,133
8849958e9dfffff,Health,39
8849958e9dfffff,Hospitality,144
8849958e9dfffff,Information,1
8849958e9dfffff,Manufacturing,712
8849958e9dfffff,Professional Service,23
8849958e9dfffff,Public Administration,12
8849958e9dfffff,Real Estate,11
8849958e9dfffff,Retail,811
8849958e9dfffff,Transportation,7
8849958e9dfffff,Wholesale,376
8849958ea1fffff,Art/Culture,14
8849958ea1fffff,Business Support,123
8849958ea1fffff,Construction,13
8849958ea1fffff,Education,19
8849958ea1fffff,Financial,2
8849958ea1fffff,Health,5
8849958ea1fffff,Hospitality,48
8849958ea1fffff,Manufacturing,567
8849958ea1fffff,Professional Service,3
8849958ea1fffff,Real Estate,2
8849958ea1fffff,Retail,278
8849958ea1fffff,Transportation,46
8849958ea1fffff,Wholesale,159
8849958ea3fffff,Art/Culture,1
8849958ea3fffff,Business Support,4
8849958ea3fffff,Education,45
8849958ea3fffff,Financial,2
8849958ea3fffff,Health,20
8849958ea3fffff,Hospitality,68
8849958ea3fffff,Information,116
8849958ea3fffff,Manufacturing,261
8849958ea3fffff,Professional Service,2
8849958ea3fffff,Public Administration,12
8849958ea3fffff,Real Estate,5
8849958ea3fffff,Retail,374
8849958ea3fffff,Transportation,160
8849958ea3fffff,Wholesale,316
8849958ea5fffff,Art/Culture,17
8849958ea5fffff,Business Support,37
8849958ea5fffff,Construction,115
8849958ea5fffff,Education,16
8849958ea5fffff,Energy,32
8849958ea5fffff,Financial,3
8849958ea5fffff,Health,45
8849958ea5fffff,Hospitality,93
8849958ea5fffff,Manufacturing,785
8849958ea5fffff,Professional Service,14
8849958ea5fffff,Public Administration,12
8849958ea5fffff,Real Estate,8
8849958ea5fffff,Retail,359
8849958ea5fffff,Transportation,6
8849958ea5fffff,Wholesale,134
8849958ea7fffff,Art/Culture,13
8849958ea7fffff,Business Support,3
8849958ea7fffff,Education,119
8849958ea7fffff,Health,4
8849958ea7fffff,Hospitality,34
8849958ea7fffff,Manufacturing,24
8849958ea7fffff,Professional Service,2
8849958ea7fffff,Public Administration,275
8849958ea7fffff,Real Estate,1
8849958ea7fffff,Retail,194
8849958ea7fffff,Wholesale,14
8849958ea9fffff,Art/Culture,144
8849958ea9fffff,Business Support,52
8849958ea9fffff,Education,372
8849958ea9fffff,Financial,2
8849958ea9fffff,Health,374
8849958ea9fffff,Hospitality,90
8849958ea9fffff,Manufacturing,88
8849958ea9fffff,Professional Service,16
8849958ea9fffff,Public Administration,359
8849958ea9fffff,Real Estate,4
8849958ea9fffff,Retail,268
8849958ea9fffff,Wholesale,15
8849958eabfffff,Art/Culture,3
8849958eabfffff,Business Support,9
8849958eabfffff,Education,442
8849958eabfffff,Financial,2
8849958eabfffff,Health,28
8849958eabfffff,Hospitality,76
8849958eabfffff,Manufacturing,94
8849958eabfffff,Professional Service,35
8849958eabfffff,Public Administration,24
8849958eabfffff,Real Estate,19
8849958eabfffff,Retail,450
8849958eabfffff,Transportation,32
8849958eabfffff,Wholesale,38
8849958eb1fffff,Art/Culture,4
8849958eb1fffff,Business Support,131
8849958eb1fffff,Construction,24
8849958eb1fffff,Education,671
8849958eb1fffff,Energy,6
8849958eb1fffff,Health,233
8849958eb1fffff,Hospitality,92
8849958eb1fffff,Information,32
8849958eb1fffff,Manufacturing,481
8849958eb1fffff,Professional Service,15
8849958eb1fffff,Real Estate,82
8849958eb1fffff,Retail,329
8849958eb1fffff,Transportation,173
8849958eb1fffff,Wholesale,163
8849958eb3fffff,Art/Culture,23
8849958eb3fffff,Business Support,840
8849958eb3fffff,Education,86
8849958eb3fffff,Financial,328
8849958eb3fffff,Health,99
8849958eb3fffff,Hospitality,204
8849958eb3fffff,Manufacturing,826
8849958eb3fffff,Professional Service,463
8849958eb3fffff,Public Administration,1
8849958eb3fffff,Real Estate,88
8849958eb3fffff,Retail,624
8849958eb3fffff,Transportation,86
8849958eb3fffff,Wholesale,164
8849958eb5fffff,Art/Culture,17
8849958eb5fffff,Business Support,15
8849958eb5fffff,Construction,1
8849958eb5fffff,Education,436
8849958eb5fffff,Energy,228
8849958eb5fffff,Financial,15
8849958eb5fffff,Health,57
8849958eb5fffff,Hospitality,331
8849958eb5fffff,Information,32
8849958eb5fffff,Manufacturing,29
8849958eb5fffff,Professional Service,4
8849958eb5fffff,Public Administration,262
8849958eb5fffff,Real Estate,3
8849958eb5fffff,Retail,594
8849958eb5fffff,Transportation,1
8849958eb5fffff,Wholesale,121
8849958eb7fffff,Art/Culture,13
8849958eb7fffff,Business Support,23
8849958eb7fffff,Education,540
8849958eb7fffff,Financial,24
8849958eb7fffff,Health,103
8849958eb7fffff,Hospitality,112
8849958eb7fffff,Information,18
8849958eb7fffff,Manufacturing,109
8849958eb7fffff,Professional Service,16
8849958eb7fffff,Public Administration,770
8849958eb7fffff,Real Estate,7
8849958eb7fffff,Retail,277
8849958eb7fffff,Transportation,1
8849958eb7fffff,Wholesale,127
8849958eb9fffff,Art/Culture,9
8849958eb9fffff,Business Support,20
8849958eb9fffff,Construction,30
8849958eb9fffff,Education,161
8849958eb9fffff,Financial,3
8849958eb9fffff,Health,42
8849958eb9fffff,Hospitality,95
8849958eb9fffff,Manufacturing,183
8849958eb9fffff,Professional Service,7
8849958eb9fffff,Public Administration,38
8849958eb9fffff,Real Estate,90
8849958eb9fffff,Retail,315
8849958eb9fffff,Transportation,1
8849958eb9fffff,Wholesale,137
8849958ebbfffff,Art/Culture,15
8849958ebbfffff,Business Support,124
8849958ebbfffff,Construction,9
8849958ebbfffff,Education,27
8849958ebbfffff,Financial,61
8849958ebbfffff,Health,28
8849958ebbfffff,Hospitality,152
8849958ebbfffff,Manufacturing,1255
8849958ebbfffff,Professional Service,20
8849958ebbfffff,Public Administration,150
8849958ebbfffff,Real Estate,78
8849958ebbfffff,Retail,800
8849958ebbfffff,Transportation,325
8849958ebbfffff,Wholesale,618
8849958ebdfffff,Business Support,273
8849958ebdfffff,Education,33
8849958ebdfffff,Financial,16
8849958ebdfffff,Health,12
8849958ebdfffff,Hospitality,14
8849958ebdfffff,Information,32
8849958ebdfffff,Manufacturing,275
8849958ebdfffff,Professional Service,12
8849958ebdfffff,Public Administration,340
8849958ebdfffff,Retail,30
8849958ebdfffff,Wholesale,516
8849958ec1fffff,Art/Culture,1
8849958ec1fffff,Business Support,16
8849958ec1fffff,Construction,2
8849958ec1fffff,Education,110
8849958ec1fffff,Financial,15
8849958ec1fffff,Health,177
8849958ec1fffff,Hospitality,69
8849958ec1fffff,Manufacturing,2008
8849958ec1fffff,Professional Service,18
8849958ec1fffff,Public Administration,116
8849958ec1fffff,Real Estate,3
8849958ec1fffff,Retail,253
8849958ec1fffff,Wholesale,468
8849958ec3fffff,Art/Culture,11
8849958ec3fffff,Business Support,39
8849958ec3fffff,Education,237
8849958ec3fffff,Energy,171
8849958ec3fffff,Financial,6
8849958ec3fffff,Health,22
8849958ec3fffff,Hospitality,63
8849958ec3fffff,Information,6
8849958ec3fffff,Manufacturing,405
8849958ec3fffff,Professional Service,6
8849958ec3fffff,Public Administration,231
8849958ec3fffff,Real Estate,14
8849958ec3fffff,Retail,282
8849958ec3fffff,Transportation,32
8849958ec3fffff,Wholesale,16
8849958ec5fffff,Art/Culture,22
8849958ec5fffff,Business Support,13
8849958ec5fffff,Education,159
8849958ec5fffff,Energy,1
8849958ec5fffff,Financial,12
8849958ec5fffff,Health,56
8849958ec5fffff,Hospitality,147
8849958ec5fffff,Information,9
8849958ec5fffff,Manufacturing,154
8849958ec5fffff,Professional Service,16
8849958ec5fffff,Public Administration,7
8849958ec5fffff,Real Estate,12
8849958ec5fffff,Retail,505
8849958ec5fffff,Wholesale,23
8849958ec7fffff,Art/Culture,7
8849958ec7fffff,Business Support,5
8849958ec7fffff,Construction,2
8849958ec7fffff,Corporate,1
8849958ec7fffff,Education,138
8849958ec7fffff,Energy,55
8849958ec7fffff,Financial,38
8849958ec7fffff,Health,94
8849958ec7fffff,Hospitality,161
8849958ec7fffff,Information,6
8849958ec7fffff,Manufacturing,202
8849958ec7fffff,Professional Service,7
8849958ec7fffff,Public Administration,1
8849958ec7fffff,Real Estate,6
8849958ec7fffff,Retail,406
8849958ec7fffff,Transportation,7
8849958ec7fffff,Wholesale,65
8849958ec9fffff,Art/Culture,41
8849958ec9fffff,Business Support,67
8849958ec9fffff,Construction,69
8849958ec9fffff,Education,375
8849958ec9fffff,Financial,19
8849958ec9fffff,Health,107
8849958ec9fffff,Hospitality,220
8849958ec9fffff,Manufacturing,1198
8849958ec9fffff,Professional Service,28
8849958ec9fffff,Public Administration,12
8849958ec9fffff,Real Estate,25
8849958ec9fffff,Retail,806
8849958ec9fffff,Transportation,118
8849958ec9fffff,Wholesale,79
8849958ecbfffff,Art/Culture,3
8849958ecbfffff,Business Support,8
8849958ecbfffff,Education,227
8849958ecbfffff,Energy,1
8849958ecbfffff,Financial,3
8849958ecbfffff,Health,35
8849958ecbfffff,Hospitality,175
8849958ecbfffff,Information,273
8849958ecbfffff,Manufacturing,2001
8849958ecbfffff,Professional Service,13
8849958ecbfffff,Public Administration,1
8849958ecbfffff,Real Estate,8
8849958ecbfffff,Retail,262
8849958ecbfffff,Transportation,1
8849958ecbfffff,Wholesale,1086
8849958ecdfffff,Art/Culture,14
8849958ecdfffff,Business Support,6
8849958ecdfffff,Construction,6
8849958ecdfffff,Education,170
8849958ecdfffff,Energy,7
8849958ecdfffff,Financial,11
8849958ecdfffff,Health,84
8849958ecdfffff,Hospitality,86
8849958ecdfffff,Manufacturing,253
8849958ecdfffff,Professional Service,13
8849958ecdfffff,Public Administration,475
8849958ecdfffff,Real Estate,2
8849958ecdfffff,Retail,215
8849958ecdfffff,Wholesale,289
8849958ed1fffff,Art/Culture,12
8849958ed3fffff,Art/Culture,16
8849958ed3fffff,Business Support,5
8849958ed3fffff,Construction,30
8849958ed3fffff,Education,107
8849958ed3fffff,Financial,16
8849958ed3fffff,Health,36
8849958ed3fffff,Hospitality,70
8849958ed3fffff,Information,2
8849958ed3fffff,Manufacturing,178
8849958ed3fffff,Professional Service,11
8849958ed3fffff,Public Administration,1
8849958ed3fffff,Real Estate,13
8849958ed3fffff,Retail,498
8849958ed3fffff,Transportation,8
8849958ed3fffff,Wholesale,22
8849958ed5fffff,Art/Culture,12
8849958ed5fffff,Business Support,9
8849958ed5fffff,Construction,1
8849958ed5fffff,Education,265
8849958ed5fffff,Health,32
8849958ed5fffff,Hospitality,51
8849958ed5fffff,Information,44
8849958ed5fffff,Manufacturing,230
8849958ed5fffff,Professional Service,7
8849958ed5fffff,Public Administration,1
8849958ed5fffff,Real Estate,8
8849958ed5fffff,Retail,312
8849958ed5fffff,Transportation,26
8849958ed5fffff,Wholesale,45
8849958ed7fffff,Art/Culture,1
8849958ed7fffff,Business Support,4
8849958ed7fffff,Education,94
8849958ed7fffff,Energy,1
8849958ed7fffff,Financial,36
8849958ed7fffff,Health,157
8849958ed7fffff,Hospitality,46
8849958ed7fffff,Information,19
8849958ed7fffff,Manufacturing,97
8849958ed7fffff,Professional Service,5
8849958ed7fffff,Public Administration,68
8849958ed7fffff,Real Estate,33
8849958ed7fffff,Retail,321
8849958ed7fffff,Wholesale,93
8849958ed9fffff,Art/Culture,4
8849958ed9fffff,Business Support,8
8849958ed9fffff,Education,60
8849958ed9fffff,Energy,1
8849958ed9fffff,Health,43
8849958ed9fffff,Hospitality,35
8849958ed9fffff,Information,1
8849958ed9fffff,Manufacturing,35
8849958ed9fffff,Professional Service,1
8849958ed9fffff,Public Administration,8
8849958ed9fffff,Real Estate,2
8849958ed9fffff,Retail,236
8849958ed9fffff,Transportation,12
8849958ed9fffff,Wholesale,5
8849958edbfffff,Art/Culture,9
8849958edbfffff,Business Support,8
8849958edbfffff,Construction,1
8849958edbfffff,Education,516
8849958edbfffff,Energy,1
8849958edbfffff,Health,71
8849958edbfffff,Hospitality,59
8849958edbfffff,Information,6
8849958edbfffff,Manufacturing,115
8849958edbfffff,Professional Service,5
8849958edbfffff,Real Estate,15
8849958edbfffff,Retail,274
8849958edbfffff,Transportation,18
8849958edbfffff,Wholesale,33
8849958ee1fffff,Art/Culture,14
8849958ee1fffff,Business Support,20
8849958ee1fffff,Construction,3
8849958ee1fffff,Education,221
8849958ee1fffff,Financial,82
8849958ee1fffff,Health,109
8849958ee1fffff,Hospitality,178
8849958ee1fffff,Information,2
8849958ee1fffff,Manufacturing,188
8849958ee1fffff,Professional Service,19
8849958ee1fffff,Public Administration,115
8849958ee1fffff,Real Estate,22
8849958ee1fffff,Retail,497
8849958ee1fffff,Transportation,2
8849958ee1fffff,Wholesale,109
8849958ee3fffff,Art/Culture,9
8849958ee3fffff,Business Support,40
8849958ee3fffff,Construction,12
8849958ee3fffff,Education,386
8849958ee3fffff,Health,97
8849958ee3fffff,Hospitality,87
8849958ee3fffff,Manufacturing,125
8849958ee3fffff,Professional Service,9
8849958ee3fffff,Public Administration,1
8849958ee3fffff,Real Estate,24
8849958ee3fffff,Retail,253
8849958ee3fffff,Transportation,2
8849958ee3fffff,Wholesale,14
8849958ee5fffff,Art/Culture,27
8849958ee5fffff,Business Support,14
8849958ee5fffff,Education,231
8849958ee5fffff,Financial,36
8849958ee5fffff,Health,103
8849958ee5fffff,Hospitality,146
8849958ee5fffff,Manufacturing,278
8849958ee5fffff,Professional Service,8
8849958ee5fffff,Public Administration,19
8849958ee5fffff,Real Estate,46
8849958ee5fffff,Retail,417
8849958ee5fffff,Transportation,13
8849958ee5fffff,Wholesale,24
8849958ee7fffff,Art/Culture,39
8849958ee7fffff,Business Support,8
8849958ee7fffff,Construction,1
8849958ee7fffff,Education,337
8849958ee7fffff,Financial,24
8849958ee7fffff,Health,124
8849958ee7fffff,Hospitality,184
8849958ee7fffff,Information,6
8849958ee7fffff,Manufacturing,99
8849958ee7fffff,Professional Service,11
8849958ee7fffff,Public Administration,351
8849958ee7fffff,Real Estate,12
8849958ee7fffff,Retail,332
8849958ee7fffff,Transportation,32
8849958ee7fffff,Wholesale,22
8849958ee9fffff,Art/Culture,9
8849958ee9fffff,Business Support,16
8849958ee9fffff,Education,239
8849958ee9fffff,Financial,2
8849958ee9fffff,Health,88
8849958ee9fffff,Hospitality,129
8849958ee9fffff,Information,34
8849958ee9fffff,Manufacturing,183
8849958ee9fffff,Professional Service,10
8849958ee9fffff,Public Administration,22
8849958ee9fffff,Real Estate,11
8849958ee9fffff,Retail,455
8849958ee9fffff,Transportation,1
8849958ee9fffff,Wholesale,19
8849958eebfffff,Art/Culture,5
8849958eebfffff,Business Support,9
8849958eebfffff,Construction,6
8849958eebfffff,Education,167
8849958eebfffff,Financial,1
8849958eebfffff,Health,87
8849958eebfffff,Hospitality,126
8849958eebfffff,Information,14
8849958eebfffff,Manufacturing,317
8849958eebfffff,Professional Service,12
8849958eebfffff,Public Administration,8
8849958eebfffff,Real Estate,50
8849958eebfffff,Retail,475
8849958eebfffff,Transportation,2
8849958eebfffff,Wholesale,53
8849958eedfffff,Art/Culture,15
8849958eedfffff,Business Support,23
8849958eedfffff,Education,361
8849958eedfffff,Financial,29
8849958eedfffff,Health,70
8849958eedfffff,Hospitality,107
8849958eedfffff,Information,1
8849958eedfffff,Manufacturing,465
8849958eedfffff,Professional Service,45
8849958eedfffff,Public Administration,19
8849958eedfffff,Real Estate,15
8849958eedfffff,Retail,537
8849958eedfffff,Wholesale,174
8849958f01fffff,Art/Culture,9
8849958f01fffff,Business Support,4
8849958f01fffff,Education,241
8849958f01fffff,Health,62
8849958f01fffff,Hospitality,34
8849958f01fffff,Information,1
8849958f01fffff,Manufacturing,381
8849958f01fffff,Professional Service,6
8849958f01fffff,Public Administration,7
8849958f01fffff,Real Estate,4
8849958f01fffff,Retail,159
8849958f01fffff,Transportation,1
8849958f01fffff,Wholesale,39
8849958f03fffff,Art/Culture,1
8849958f03fffff,Business Support,24
8849958f03fffff,Health,2
8849958f03fffff,Hospitality,3
8849958f03fffff,Manufacturing,37
8849958f03fffff,Professional Service,1
8849958f03fffff,Retail,21
8849958f03fffff,Wholesale,1
8849958f13fffff,Retail,5
8849958f3bfffff,Art/Culture,9
8849958f3bfffff,Business Support,14
8849958f3bfffff,Education,192
8849958f3bfffff,Health,35
8849958f3bfffff,Hospitality,61
8849958f3bfffff,Information,1
8849958f3bfffff,Manufacturing,51
8849958f3bfffff,Professional Service,6
8849958f3bfffff,Real Estate,5
8849958f3bfffff,Retail,341
8849958f3bfffff,Wholesale,3
8849958f3dfffff,Business Support,7
8849958f3dfffff,Financial,1
8849958f3dfffff,Hospitality,12
8849958f3dfffff,Manufacturing,17
8849958f3dfffff,Professional Service,1
8849958f3dfffff,Retail,203
8849958f59fffff,Business Support,4
8849958f59fffff,Construction,12
8849958f59fffff,Education,127
8849958f59fffff,Health,20
8849958f59fffff,Hospitality,15
8849958f59fffff,Manufacturing,31
8849958f59fffff,Real Estate,2
8849958f59fffff,Retail,108
8849958f59fffff,Wholesale,1
8849958f5bfffff,Business Support,3
8849958f5bfffff,Construction,56
8849958f5bfffff,Education,308
8849958f5bfffff,Financial,1
8849958f5bfffff,Health,6
8849958f5bfffff,Hospitality,42
8849958f5bfffff,Manufacturing,28
8849958f5bfffff,Professional Service,3
8849958f5bfffff,Real Estate,2
8849958f5bfffff,Retail,79
8849958f5bfffff,Wholesale,6
884995942bfffff,Art/Culture,3
884995942bfffff,Business Support,2
884995942bfffff,Education,51
884995942bfffff,Energy,1
884995942bfffff,Health,6
884995942bfffff,Hospitality,9
884995942bfffff,Information,1
884995942bfffff,Manufacturing,7
884995942bfffff,Professional Service,2
884995942bfffff,Public Administration,1
884995942bfffff,Retail,56
884995942bfffff,Wholesale,2
8849959433fffff,Art/Culture,47
8849959433fffff,Education,1
8849959433fffff,Health,1
8849959433fffff,Hospitality,63
8849959433fffff,Manufacturing,2
8849959433fffff,Professional Service,2
8849959433fffff,Public Administration,91
8849959433fffff,Retail,29
88499594b7fffff,Business Support,2
88499594b7fffff,Hospitality,1
88499594b7fffff,Manufacturing,3
88499594b7fffff,Real Estate,1
88499594b7fffff,Retail,24
88499594b7fffff,Wholesale,1
8849959581fffff,Health,2
8849959581fffff,Hospitality,3
8849959581fffff,Manufacturing,37
8849959581fffff,Retail,53
8849959581fffff,Wholesale,12
8849959583fffff,Hospitality,12
8849959583fffff,Retail,3
88499595a3fffff,Art/Culture,8
88499595a3fffff,Business Support,15
88499595a3fffff,Education,75
88499595a3fffff,Financial,15
88499595a3fffff,Health,296
88499595a3fffff,Hospitality,60
88499595a3fffff,Information,2
88499595a3fffff,Manufacturing,74
88499595a3fffff,Professional Service,3
88499595a3fffff,Public Administration,61
88499595a3fffff,Real Estate,4
88499595a3fffff,Retail,375
88499595a3fffff,Wholesale,24
88499595a5fffff,Business Support,3
88499595a5fffff,Education,26
88499595a5fffff,Health,13
88499595a5fffff,Hospitality,2
88499595a5fffff,Information,1
88499595a5fffff,Manufacturing,4
88499595a5fffff,Public Administration,1
88499595a5fffff,Retail,77
88499595a5fffff,Wholesale,5
88499595a7fffff,Art/Culture,55
88499595a7fffff,Business Support,1
88499595a7fffff,Education,1
88499595a7fffff,Health,1
88499595a7fffff,Hospitality,6
88499595a7fffff,Manufacturing,8
88499595a7fffff,Retail,71
88499595a7fffff,Wholesale,5
88499595abfffff,Art/Culture,4
88499595abfffff,Business Support,3
88499595abfffff,Education,210
88499595abfffff,Health,20
88499595abfffff,Hospitality,13
88499595abfffff,Manufacturing,18
88499595abfffff,Professional Service,1
88499595abfffff,Retail,112
88499595abfffff,Transportation,1
88499595abfffff,Wholesale,2
88499595b1fffff,Art/Culture,1
88499595b1fffff,Business Support,1
88499595b1fffff,Education,34
88499595b1fffff,Health,11
88499595b1fffff,Hospitality,26
88499595b1fffff,Manufacturing,148
88499595b1fffff,Professional Service,1
88499595b1fffff,Public Administration,6
88499595b1fffff,Real Estate,1
88499595b1fffff,Retail,77
88499595b1fffff,Wholesale,10
88499595bbfffff,Construction,1
88499595bbfffff,Education,2
88499595bbfffff,Hospitality,4
88499595bbfffff,Manufacturing,6
88499595bbfffff,Professional Service,1
88499595bbfffff,Retail,32
88499595bbfffff,Wholesale,3
88499595bdfffff,Art/Culture,21
88499595bdfffff,Business Support,8
88499595bdfffff,Education,359
88499595bdfffff,Health,35
88499595bdfffff,Hospitality,34
88499595bdfffff,Manufacturing,59
88499595bdfffff,Professional Service,3
88499595bdfffff,Public Administration,1
88499595bdfffff,Real Estate,2
88499595bdfffff,Retail,157
88499595bdfffff,Wholesale,11
88499595e5fffff,Business Support,2
88499595e5fffff,Education,24
88499595e5fffff,Health,15
88499595e5fffff,Hospitality,4
88499595e5fffff,Manufacturing,18
88499595e5fffff,Retail,33
88499595e5fffff,Wholesale,13
8849959693fffff,Art/Culture,1
8849959693fffff,Hospitality,34
8849959693fffff,Information,12
8849959693fffff,Public Administration,25
8849959693fffff,Retail,12
884995a365fffff,Art/Culture,8
884995a365fffff,Business Support,3
884995a365fffff,Construction,12
884995a365fffff,Education,30
884995a365fffff,Financial,1
884995a365fffff,Health,16
884995a365fffff,Hospitality,72
884995a365fffff,Information,2
884995a365fffff,Manufacturing,59
884995a365fffff,Professional Service,3
884995a365fffff,Public Administration,7
884995a365fffff,Real Estate,2
884995a365fffff,Retail,170
884995a365fffff,Transportation,7
884995a365fffff,Wholesale,33
884995aa05fffff,Art/Culture,7
884995aa05fffff,Business Support,15
884995aa05fffff,Education,244
884995aa05fffff,Energy,2
884995aa05fffff,Financial,2
884995aa05fffff,Health,60
884995aa05fffff,Hospitality,77
884995aa05fffff,Information,1
884995aa05fffff,Manufacturing,70
884995aa05fffff,Professional Service,4
884995aa05fffff,Public Administration,289
884995aa05fffff,Real Estate,22
884995aa05fffff,Retail,343
884995aa05fffff,Wholesale,10
884995aa09fffff,Art/Culture,2
884995aa09fffff,Business Support,3
884995aa09fffff,Education,6
884995aa09fffff,Energy,2
884995aa09fffff,Financial,1
884995aa09fffff,Health,14
884995aa09fffff,Hospitality,14
884995aa09fffff,Manufacturing,16
884995aa09fffff,Real Estate,2
884995aa09fffff,Retail,111
884995aa09fffff,Transportation,1
884995aa09fffff,Wholesale,1
884995aa0dfffff,Art/Culture,4
884995aa0dfffff,Business Support,13
884995aa0dfffff,Education,418
884995aa0dfffff,Energy,116
884995aa0dfffff,Health,43
884995aa0dfffff,Hospitality,34
884995aa0dfffff,Manufacturing,96
884995aa0dfffff,Professional Service,2
884995aa0dfffff,Public Administration,119
884995aa0dfffff,Real Estate,1
884995aa0dfffff,Retail,183
884995aa0dfffff,Wholesale,13
884995aa21fffff,Art/Culture,3
884995aa21fffff,Business Support,1
884995aa21fffff,Construction,1
884995aa21fffff,Education,27
884995aa21fffff,Health,2
884995aa21fffff,Hospitality,32
884995aa21fffff,Manufacturing,64
884995aa21fffff,Public Administration,1
884995aa21fffff,Retail,137
884995aa21fffff,Transportation,32
884995aa21fffff,Wholesale,4
884995aa23fffff,Art/Culture,1
884995aa23fffff,Education,31
884995aa23fffff,Health,1
884995aa23fffff,Manufacturing,7
884995aa23fffff,Retail,22
884995aa29fffff,Art/Culture,28
884995aa29fffff,Business Support,13
884995aa29fffff,Construction,1
884995aa29fffff,Education,50
884995aa29fffff,Health,45
884995aa29fffff,Hospitality,41
884995aa29fffff,Manufacturing,114
884995aa29fffff,Professional Service,5
884995aa29fffff,Public Administration,15
884995aa29fffff,Real Estate,9
884995aa29fffff,Retail,345
884995aa29fffff,Wholesale,11
884995aa2bfffff,Art/Culture,9
884995aa2bfffff,Business Support,5
884995aa2bfffff,Education,2
884995aa2bfffff,Energy,2
884995aa2bfffff,Health,5
884995aa2bfffff,Hospitality,33
884995aa2bfffff,Manufacturing,37
884995aa2bfffff,Professional Service,1
884995aa2bfffff,Real Estate,7
884995aa2bfffff,Retail,166
884995aa2bfffff,Transportation,32
884995aa2bfffff,Wholesale,26
884995aa2dfffff,Art/Culture,1
884995aa2dfffff,Business Support,1
884995aa2dfffff,Hospitality,5
884995aa2dfffff,Information,6
884995aa2dfffff,Manufacturing,2
884995aa2dfffff,Real Estate,1
884995aa2dfffff,Retail,37
884995aa41fffff,Art/Culture,13
884995aa41fffff,Business Support,14
884995aa41fffff,Construction,57
884995aa41fffff,Education,115
884995aa41fffff,Financial,22
884995aa41fffff,Health,22
884995aa41fffff,Hospitality,112
884995aa41fffff,Manufacturing,56
884995aa41fffff,Professional Service,41
884995aa41fffff,Public Administration,1364
884995aa41fffff,Real Estate,17
884995aa41fffff,Retail,235
884995aa41fffff,Transportation,12
884995aa41fffff,Wholesale,11
884995aa43fffff,Business Support,4
884995aa43fffff,Construction,1
884995aa43fffff,Education,1
884995aa43fffff,Health,1
884995aa43fffff,Hospitality,3
884995aa43fffff,Manufacturing,8
884995aa43fffff,Real Estate,6
884995aa43fffff,Retail,64
884995aa43fffff,Wholesale,17
884995aa45fffff,Art/Culture,16
884995aa45fffff,Business Support,12
884995aa45fffff,Education,337
884995aa45fffff,Financial,2
884995aa45fffff,Health,366
884995aa45fffff,Hospitality,183
884995aa45fffff,Information,7
884995aa45fffff,Manufacturing,270
884995aa45fffff,Professional Service,26
884995aa45fffff,Public Administration,216
884995aa45fffff,Real Estate,61
884995aa45fffff,Retail,506
884995aa45fffff,Transportation,55
884995aa45fffff,Wholesale,36
884995aa47fffff,Art/Culture,11
884995aa47fffff,Business Support,10
884995aa47fffff,Education,317
884995aa47fffff,Financial,4
884995aa47fffff,Health,54
884995aa47fffff,Hospitality,38
884995aa47fffff,Information,1
884995aa47fffff,Manufacturing,51
884995aa47fffff,Professional Service,2
884995aa47fffff,Public Administration,778
884995aa47fffff,Real Estate,5
884995aa47fffff,Retail,193
884995aa47fffff,Transportation,12
884995aa47fffff,Wholesale,6
884995aa4dfffff,Art/Culture,2
884995aa4dfffff,Business Support,7
884995aa4dfffff,Education,301
884995aa4dfffff,Financial,3
884995aa4dfffff,Health,126
884995aa4dfffff,Hospitality,49
884995aa4dfffff,Information,12
884995aa4dfffff,Manufacturing,45
884995aa4dfffff,Professional Service,2
884995aa4dfffff,Real Estate,4
884995aa4dfffff,Retail,167
884995aa4dfffff,Wholesale,1
884995aa61fffff,Art/Culture,11
884995aa61fffff,Business Support,16
884995aa61fffff,Construction,1
884995aa61fffff,Education,156
884995aa61fffff,Energy,1
884995aa61fffff,Health,124
884995aa61fffff,Hospitality,71
884995aa61fffff,Information,2
884995aa61fffff,Manufacturing,104
884995aa61fffff,Professional Service,16
884995aa61fffff,Public Administration,1
884995aa61fffff,Real Estate,4
884995aa61fffff,Retail,363
884995aa61fffff,Wholesale,20
884995aa63fffff,Art/Culture,37
884995aa63fffff,Business Support,138
884995aa63fffff,Education,392
884995aa63fffff,Financial,36
884995aa63fffff,Health,77
884995aa63fffff,Hospitality,191
884995aa63fffff,Information,1
884995aa63fffff,Manufacturing,185
884995aa63fffff,Professional Service,25
884995aa63fffff,Public Administration,9
884995aa63fffff,Real Estate,29
884995aa63fffff,Retail,898
884995aa63fffff,Transportation,7
884995aa63fffff,Wholesale,30
884995aa65fffff,Art/Culture,2
884995aa65fffff,Business Support,2
884995aa65fffff,Education,69
884995aa65fffff,Health,1
884995aa65fffff,Hospitality,15
884995aa65fffff,Manufacturing,10
884995aa65fffff,Retail,107
884995aa65fffff,Wholesale,6
884995aa67fffff,Art/Culture,11
884995aa67fffff,Business Support,4
884995aa67fffff,Construction,1
884995aa67fffff,Education,160
884995aa67fffff,Energy,1
884995aa67fffff,Health,18
884995aa67fffff,Hospitality,56
884995aa67fffff,Manufacturing,73
884995aa67fffff,Professional Service,3
884995aa67fffff,Public Administration,12
884995aa67fffff,Real Estate,3
884995aa67fffff,Retail,300
884995aa67fffff,Transportation,1
884995aa67fffff,Wholesale,49
884995aa69fffff,Art/Culture,12
884995aa69fffff,Business Support,19
884995aa69fffff,Education,134
884995aa69fffff,Energy,2
884995aa69fffff,Financial,19
884995aa69fffff,Health,34
884995aa69fffff,Hospitality,82
884995aa69fffff,Information,2
884995aa69fffff,Manufacturing,70
884995aa69fffff,Professional Service,5
884995aa69fffff,Public Administration,6
884995aa69fffff,Real Estate,15
884995aa69fffff,Retail,481
884995aa69fffff,Wholesale,23
884995aa6bfffff,Art/Culture,38
884995aa6bfffff,Business Support,8
884995aa6bfffff,Construction,1
884995aa6bfffff,Education,285
884995aa6bfffff,Financial,3
884995aa6bfffff,Health,46
884995aa6bfffff,Hospitality,107
884995aa6bfffff,Manufacturing,252
884995aa6bfffff,Professional Service,10
884995aa6bfffff,Public Administration,408
884995aa6bfffff,Real Estate,26
884995aa6bfffff,Retail,327
884995aa6bfffff,Transportation,121
884995aa6bfffff,Wholesale,147
884995aa6dfffff,Art/Culture,16
884995aa6dfffff,Business Support,7
884995aa6dfffff,Education,24
884995aa6dfffff,Financial,1
884995aa6dfffff,Health,16
884995aa6dfffff,Hospitality,38
884995aa6dfffff,Information,1
884995aa6dfffff,Manufacturing,32
884995aa6dfffff,Professional Service,1
884995aa6dfffff,Public Administration,13
884995aa6dfffff,Real Estate,7
884995aa6dfffff,Retail,229
884995aa6dfffff,Wholesale,4
884995b045fffff,Art/Culture,23
884995b045fffff,Business Support,21
884995b045fffff,Construction,1
884995b045fffff,Education,426
884995b045fffff,Financial,144
884995b045fffff,Health,932
884995b045fffff,Hospitality,210
884995b045fffff,Information,1
884995b045fffff,Manufacturing,206
884995b045fffff,Professional Service,57
884995b045fffff,Public Administration,528
884995b045fffff,Real Estate,10
884995b045fffff,Retail,686
884995b045fffff,Transportation,6
884995b045fffff,Wholesale,32
884995b047fffff,Manufacturing,3
884995b047fffff,Real Estate,1
884995b047fffff,Retail,13
884995b049fffff,Health,9
884995b049fffff,Hospitality,5
884995b049fffff,Manufacturing,5
884995b049fffff,Retail,32
884995b049fffff,Wholesale,1
884995b061fffff,Art/Culture,38
884995b061fffff,Business Support,8
884995b061fffff,Education,216
884995b061fffff,Financial,19
884995b061fffff,Health,88
884995b061fffff,Hospitality,71
884995b061fffff,Manufacturing,80
884995b061fffff,Professional Service,5
884995b061fffff,Public Administration,14
884995b061fffff,Real Estate,7
884995b061fffff,Retail,250
884995b061fffff,Transportation,6
884995b061fffff,Wholesale,101
884995b069fffff,Art/Culture,133
884995b069fffff,Business Support,286
884995b069fffff,Construction,80
884995b069fffff,Education,470
884995b069fffff,Financial,19
884995b069fffff,Health,110
884995b069fffff,Hospitality,199
884995b069fffff,Manufacturing,138
884995b069fffff,Professional Service,18
884995b069fffff,Public Administration,4
884995b069fffff,Real Estate,6
884995b069fffff,Retail,512
884995b069fffff,Transportation,8
884995b069fffff,Wholesale,117
884995b103fffff,Art/Culture,73
884995b103fffff,Business Support,899
884995b103fffff,Construction,453
884995b103fffff,Corporate,4
884995b103fffff,Education,45
884995b103fffff,Energy,1
884995b103fffff,Financial,945
884995b103fffff,Health,195
884995b103fffff,Hospitality,185
884995b103fffff,Information,260
884995b103fffff,Manufacturing,522
884995b103fffff,Professional Service,2422
884995b103fffff,Real Estate,1191
884995b103fffff,Retail,631
884995b103fffff,Transportation,958
884995b103fffff,Wholesale,537
884995b105fffff,Business Support,511
884995b105fffff,Construction,26
884995b105fffff,Corporate,14
884995b105fffff,Education,202
884995b105fffff,Financial,315
884995b105fffff,Health,107
884995b105fffff,Hospitality,75
884995b105fffff,Information,651
884995b105fffff,Manufacturing,690
884995b105fffff,Professional Service,1578
884995b105fffff,Public Administration,14
884995b105fffff,Real Estate,177
884995b105fffff,Retail,279
884995b105fffff,Transportation,328
884995b105fffff,Wholesale,798
884995b107fffff,Construction,32
884995b107fffff,Corporate,114
884995b107fffff,Education,114
884995b107fffff,Financial,24
884995b107fffff,Health,12
884995b107fffff,Professional Service,62
884995b107fffff,Real Estate,25
884995b107fffff,Retail,14
884995b107fffff,Wholesale,56
884995b109fffff,Art/Culture,1
884995b109fffff,Education,87
884995b109fffff,Energy,1
884995b109fffff,Financial,289
884995b109fffff,Health,16
884995b109fffff,Hospitality,77
884995b109fffff,Manufacturing,276
884995b109fffff,Professional Service,115
884995b109fffff,Real Estate,15
884995b109fffff,Retail,33
884995b11dfffff,Education,55
884995b11dfffff,Professional Service,8
884995b11dfffff,Retail,13
884995b123fffff,Business Support,1
884995b123fffff,Education,32
884995b123fffff,Financial,1
884995b123fffff,Health,3
884995b123fffff,Hospitality,3
884995b123fffff,Information,331
884995b123fffff,Manufacturing,1
884995b123fffff,Professional Service,75
884995b123fffff,Real Estate,2
884995b123fffff,Retail,24
884995b123fffff,Wholesale,12
884995b125fffff,Art/Culture,54
884995b125fffff,Business Support,611
884995b125fffff,Education,342
884995b125fffff,Financial,6
884995b125fffff,Health,184
884995b125fffff,Hospitality,80
884995b125fffff,Manufacturing,81
884995b125fffff,Professional Service,18
884995b125fffff,Public Administration,18
884995b125fffff,Real Estate,1
884995b125fffff,Retail,245
884995b125fffff,Wholesale,95
884995b127fffff,Construction,2
884995b127fffff,Education,7
884995b127fffff,Financial,6
884995b127fffff,Health,1
884995b127fffff,Hospitality,32
884995b127fffff,Manufacturing,1
884995b127fffff,Professional Service,32
884995b127fffff,Public Administration,12
884995b127fffff,Retail,3
884995b127fffff,Wholesale,7
884995b129fffff,Art/Culture,67
884995b129fffff,Education,558
884995b129fffff,Energy,1
884995b129fffff,Financial,11
884995b129fffff,Health,14
884995b129fffff,Hospitality,88
884995b129fffff,Manufacturing,2
884995b129fffff,Professional Service,7
884995b129fffff,Public Administration,445
884995b129fffff,Retail,28
884995b12dfffff,Art/Culture,4
884995b12dfffff,Business Support,31
884995b12dfffff,Construction,34
884995b12dfffff,Education,355
884995b12dfffff,Energy,1
884995b12dfffff,Financial,47
884995b12dfffff,Health,45
884995b12dfffff,Hospitality,217
884995b12dfffff,Manufacturing,57
884995b12dfffff,Professional Service,120
884995b12dfffff,Public Administration,24
884995b12dfffff,Real Estate,5
884995b12dfffff,Retail,430
884995b12dfffff,Transportation,116
884995b12dfffff,Wholesale,122
884995b135fffff,Art/Culture,1
884995b135fffff,Education,55
884995b135fffff,Financial,11
884995b135fffff,Health,7
884995b135fffff,Hospitality,50
884995b135fffff,Manufacturing,12
884995b135fffff,Professional Service,74
884995b135fffff,Real Estate,32
884995b135fffff,Retail,90
884995b135fffff,Wholesale,33
884995b139fffff,Art/Culture,203
884995b139fffff,Business Support,186
884995b139fffff,Construction,7
884995b139fffff,Education,1
884995b139fffff,Energy,24
884995b139fffff,Financial,366
884995b139fffff,Health,132
884995b139fffff,Hospitality,9
884995b139fffff,Manufacturing,33
884995b139fffff,Professional Service,198
884995b139fffff,Public Administration,6
884995b139fffff,Real Estate,77
884995b139fffff,Retail,169
884995b139fffff,Transportation,35
884995b139fffff,Wholesale,126
884995b13dfffff,Financial,1
884995b13dfffff,Health,3
884995b13dfffff,Professional Service,114
884995b13dfffff,Retail,3
884995b13dfffff,Transportation,13
884995b13dfffff,Wholesale,12
884995b141fffff,Art/Culture,73
884995b141fffff,Business Support,3
884995b141fffff,Education,210
884995b141fffff,Health,59
884995b141fffff,Hospitality,39
884995b141fffff,Information,1
884995b141fffff,Manufacturing,35
884995b141fffff,Professional Service,3
884995b141fffff,Public Administration,28
884995b141fffff,Real Estate,1
884995b141fffff,Retail,167
884995b141fffff,Wholesale,2
884995b143fffff,Art/Culture,15
884995b143fffff,Business Support,2
884995b143fffff,Construction,13
884995b143fffff,Education,108
884995b143fffff,Energy,1
884995b143fffff,Financial,9
884995b143fffff,Health,107
884995b143fffff,Hospitality,181
884995b143fffff,Information,3
884995b143fffff,Manufacturing,122
884995b143fffff,Professional Service,3
884995b143fffff,Public Administration,2
884995b143fffff,Real Estate,7
884995b143fffff,Retail,424
884995b143fffff,Transportation,275
884995b143fffff,Wholesale,44
884995b145fffff,Art/Culture,2
884995b145fffff,Business Support,276
884995b145fffff,Education,195
884995b145fffff,Energy,2
884995b145fffff,Health,19
884995b145fffff,Hospitality,175
884995b145fffff,Information,1
884995b145fffff,Manufacturing,198
884995b145fffff,Professional Service,6
884995b145fffff,Public Administration,34
884995b145fffff,Real Estate,15
884995b145fffff,Retail,272
884995b145fffff,Transportation,1
884995b145fffff,Wholesale,28
884995b147fffff,Art/Culture,12
884995b147fffff,Business Support,19
884995b147fffff,Education,257
884995b147fffff,Energy,12
884995b147fffff,Financial,154
884995b147fffff,Health,52
884995b147fffff,Hospitality,169
884995b147fffff,Manufacturing,53
884995b147fffff,Professional Service,8
884995b147fffff,Public Administration,6
884995b147fffff,Real Estate,2
884995b147fffff,Retail,424
884995b147fffff,Transportation,2
884995b147fffff,Wholesale,19
884995b149fffff,Art/Culture,11
884995b149fffff,Business Support,36
884995b149fffff,Construction,1
884995b149fffff,Education,197
884995b149fffff,Financial,14
884995b149fffff,Health,81
884995b149fffff,Hospitality,90
884995b149fffff,Information,1
884995b149fffff,Manufacturing,57
884995b149fffff,Professional Service,24
884995b149fffff,Public Administration,4
884995b149fffff,Real Estate,21
884995b149fffff,Retail,416
884995b149fffff,Wholesale,8
884995b14bfffff,Education,12
884995b14bfffff,Financial,4
884995b14bfffff,Health,1
884995b14bfffff,Hospitality,2
884995b14bfffff,Manufacturing,2
884995b14bfffff,Professional Service,273
884995b14bfffff,Retail,22
884995b14dfffff,Art/Culture,12
884995b14dfffff,Business Support,4
884995b14dfffff,Education,126
884995b14dfffff,Financial,18
884995b14dfffff,Health,46
884995b14dfffff,Hospitality,102
884995b14dfffff,Manufacturing,44
884995b14dfffff,Professional Service,6
884995b14dfffff,Real Estate,2
884995b14dfffff,Retail,274
884995b14dfffff,Transportation,12
884995b14dfffff,Wholesale,21
884995b151fffff,Art/Culture,29
884995b151fffff,Business Support,275
884995b151fffff,Construction,115
884995b151fffff,Corporate,114
884995b151fffff,Education,54
884995b151fffff,Financial,20
884995b151fffff,Health,11
884995b151fffff,Hospitality,236
884995b151fffff,Manufacturing,7
884995b151fffff,Professional Service,14
884995b151fffff,Real Estate,3
884995b151fffff,Retail,122
884995b151fffff,Transportation,12
884995b151fffff,Wholesale,10
884995b155fffff,Art/Culture,113
884995b155fffff,Business Support,4289
884995b155fffff,Construction,1227
884995b155fffff,Corporate,382
884995b155fffff,Education,133
884995b155fffff,Energy,58
884995b155fffff,Financial,1511
884995b155fffff,Health,33
884995b155fffff,Hospitality,1286
884995b155fffff,Information,157
884995b155fffff,Manufacturing,989
884995b155fffff,Professional Service,3066
884995b155fffff,Public Administration,34
884995b155fffff,Real Estate,1118
884995b155fffff,Retail,1523
884995b155fffff,Transportation,508
884995b155fffff,Wholesale,1340
884995b157fffff,Art/Culture,7
884995b157fffff,Construction,279
884995b157fffff,Education,241
884995b157fffff,Financial,4
884995b157fffff,Health,3
884995b157fffff,Hospitality,62
884995b157fffff,Information,1
884995b157fffff,Manufacturing,32
884995b157fffff,Professional Service,19
884995b157fffff,Public Administration,1
884995b157fffff,Real Estate,307
884995b157fffff,Retail,150
884995b157fffff,Wholesale,88
884995b159fffff,Art/Culture,13
884995b159fffff,Business Support,367
884995b159fffff,Construction,82
884995b159fffff,Corporate,1
884995b159fffff,Education,1102
884995b159fffff,Financial,12
884995b159fffff,Health,16
884995b159fffff,Hospitality,361
884995b159fffff,Information,133
884995b159fffff,Manufacturing,52
884995b159fffff,Professional Service,344
884995b159fffff,Public Administration,12
884995b159fffff,Real Estate,170
884995b159fffff,Retail,586
884995b159fffff,Transportation,6
884995b159fffff,Wholesale,256
884995b15bfffff,Art/Culture,85
884995b15bfffff,Business Support,120
884995b15bfffff,Construction,280
884995b15bfffff,Corporate,1
884995b15bfffff,Education,596
884995b15bfffff,Financial,48
884995b15bfffff,Health,37
884995b15bfffff,Hospitality,94
884995b15bfffff,Manufacturing,7
884995b15bfffff,Professional Service,54
884995b15bfffff,Real Estate,41
884995b15bfffff,Retail,469
884995b15bfffff,Transportation,55
884995b15bfffff,Wholesale,152
884995b15dfffff,Art/Culture,136
884995b15dfffff,Business Support,2554
884995b15dfffff,Construction,51
884995b15dfffff,Corporate,398
884995b15dfffff,Education,76
884995b15dfffff,Financial,934
884995b15dfffff,Health,18
884995b15dfffff,Hospitality,810
884995b15dfffff,Information,769
884995b15dfffff,Manufacturing,76
884995b15dfffff,Professional Service,2480
884995b15dfffff,Public Administration,126
884995b15dfffff,Real Estate,28
884995b15dfffff,Retail,962
884995b15dfffff,Wholesale,1086
884995b161fffff,Art/Culture,10
884995b161fffff,Business Support,4
884995b161fffff,Construction,32
884995b161fffff,Education,94
884995b161fffff,Financial,3
884995b161fffff,Health,52
884995b161fffff,Hospitality,44
884995b161fffff,Information,1
884995b161fffff,Manufacturing,64
884995b161fffff,Professional Service,3
884995b161fffff,Public Administration,7
884995b161fffff,Real Estate,2
884995b161fffff,Retail,284
884995b161fffff,Wholesale,4
884995b163fffff,Art/Culture,29
884995b163fffff,Business Support,2
884995b163fffff,Construction,32
884995b163fffff,Education,112
884995b163fffff,Energy,2
884995b163fffff,Financial,34
884995b163fffff,Health,26
884995b163fffff,Hospitality,63
884995b163fffff,Manufacturing,35
884995b163fffff,Professional Service,58
884995b163fffff,Public Administration,274
884995b163fffff,Real Estate,6
884995b163fffff,Retail,184
884995b163fffff,Transportation,1549
884995b163fffff,Wholesale,12
884995b165fffff,Art/Culture,10
884995b165fffff,Business Support,6
884995b165fffff,Construction,33
884995b165fffff,Education,114
884995b165fffff,Financial,1
884995b165fffff,Health,60
884995b165fffff,Hospitality,103
884995b165fffff,Information,1
884995b165fffff,Manufacturing,348
884995b165fffff,Professional Service,15
884995b165fffff,Public Administration,16
884995b165fffff,Real Estate,5
884995b165fffff,Retail,347
884995b165fffff,Transportation,32
884995b165fffff,Wholesale,359
884995b167fffff,Art/Culture,10
884995b167fffff,Business Support,7
884995b167fffff,Construction,12
884995b167fffff,Education,126
884995b167fffff,Financial,37
884995b167fffff,Health,66
884995b167fffff,Hospitality,96
884995b167fffff,Information,1
884995b167fffff,Manufacturing,142
884995b167fffff,Professional Service,6
884995b167fffff,Public Administration,6
884995b167fffff,Real Estate,7
884995b167fffff,Retail,312
884995b167fffff,Transportation,18
884995b167fffff,Wholesale,8
884995b169fffff,Art/Culture,9
884995b169fffff,Business Support,3
884995b169fffff,Construction,6
884995b169fffff,Education,172
884995b169fffff,Health,116
884995b169fffff,Hospitality,66
884995b169fffff,Manufacturing,95
884995b169fffff,Professional Service,10
884995b169fffff,Public Administration,59
884995b169fffff,Real Estate,21
884995b169fffff,Retail,251
884995b169fffff,Wholesale,31
884995b16bfffff,Art/Culture,10
884995b16bfffff,Business Support,21
884995b16bfffff,Education,128
884995b16bfffff,Health,46
884995b16bfffff,Hospitality,51
884995b16bfffff,Manufacturing,151
884995b16bfffff,Professional Service,6
884995b16bfffff,Public Administration,1
884995b16bfffff,Real Estate,13
884995b16bfffff,Retail,313
884995b16bfffff,Transportation,1
884995b16bfffff,Wholesale,276
884995b16dfffff,Art/Culture,27
884995b16dfffff,Business Support,22
884995b16dfffff,Construction,2
884995b16dfffff,Education,98
884995b16dfffff,Energy,1
884995b16dfffff,Financial,21
884995b16dfffff,Health,106
884995b16dfffff,Hospitality,141
884995b16dfffff,Information,1
884995b16dfffff,Manufacturing,145
884995b16dfffff,Professional Service,32
884995b16dfffff,Public Administration,16
884995b16dfffff,Real Estate,65
884995b16dfffff,Retail,586
884995b16dfffff,Transportation,55
884995b16dfffff,Wholesale,60
884995b205fffff,Art/Culture,7
884995b205fffff,Business Support,2
884995b205fffff,Education,127
884995b205fffff,Health,22
884995b205fffff,Hospitality,27
884995b205fffff,Information,1
884995b205fffff,Manufacturing,41
884995b205fffff,Professional Service,6
884995b205fffff,Public Administration,12
884995b205fffff,Real Estate,12
884995b205fffff,Retail,208
884995b205fffff,Transportation,114
884995b205fffff,Wholesale,6
884995b221fffff,Art/Culture,25
884995b221fffff,Business Support,121
884995b221fffff,Construction,32
884995b221fffff,Education,337
884995b221fffff,Energy,1
884995b221fffff,Financial,1
884995b221fffff,Health,88
884995b221fffff,Hospitality,143
884995b221fffff,Information,8
884995b221fffff,Manufacturing,109
884995b221fffff,Professional Service,17
884995b221fffff,Public Administration,141
884995b221fffff,Real Estate,15
884995b221fffff,Retail,447
884995b221fffff,Transportation,100
884995b221fffff,Wholesale,126
884995b225fffff,Business Support,1
884995b225fffff,Education,267
884995b225fffff,Energy,1
884995b225fffff,Health,5
884995b225fffff,Hospitality,40
884995b225fffff,Manufacturing,3
884995b225fffff,Professional Service,8
884995b225fffff,Public Administration,12
884995b225fffff,Real Estate,14
884995b225fffff,Retail,57
884995b23dfffff,Art/Culture,2
884995b23dfffff,Business Support,2
884995b23dfffff,Education,12
884995b23dfffff,Energy,1
884995b23dfffff,Health,17
884995b23dfffff,Hospitality,4
884995b23dfffff,Manufacturing,17
884995b23dfffff,Professional Service,1
884995b23dfffff,Public Administration,1
884995b23dfffff,Retail,34
884995b23dfffff,Wholesale,2
884995b263fffff,Art/Culture,2
884995b263fffff,Business Support,3
884995b263fffff,Construction,1
884995b263fffff,Education,37
884995b263fffff,Health,2
884995b263fffff,Hospitality,22
884995b263fffff,Manufacturing,25
884995b263fffff,Professional Service,2
884995b263fffff,Retail,146
884995b263fffff,Transportation,6
884995b263fffff,Wholesale,8
884995b305fffff,Art/Culture,25
884995b305fffff,Education,56
884995b305fffff,Energy,2
884995b305fffff,Financial,5
884995b305fffff,Hospitality,1
884995b305fffff,Professional Service,6
884995b305fffff,Public Administration,12
884995b305fffff,Real Estate,114
884995b305fffff,Retail,8
884995b309fffff,Art/Culture,25
884995b309fffff,Business Support,10
884995b309fffff,Education,96
884995b309fffff,Health,145
884995b309fffff,Hospitality,62
884995b309fffff,Manufacturing,83
884995b309fffff,Professional Service,45
884995b309fffff,Real Estate,11
884995b309fffff,Retail,292
884995b309fffff,Transportation,1
884995b309fffff,Wholesale,5
884995b30bfffff,Art/Culture,47
884995b30bfffff,Business Support,4
884995b30bfffff,Education,310
884995b30bfffff,Financial,2
884995b30bfffff,Health,18
884995b30bfffff,Hospitality,63
884995b30bfffff,Manufacturing,27
884995b30bfffff,Professional Service,15
884995b30bfffff,Public Administration,7
884995b30bfffff,Real Estate,16
884995b30bfffff,Retail,230
884995b30bfffff,Wholesale,280
884995b30dfffff,Art/Culture,1
884995b30dfffff,Business Support,1
884995b30dfffff,Education,34
884995b30dfffff,Health,9
884995b30dfffff,Hospitality,12
884995b30dfffff,Manufacturing,3
884995b30dfffff,Retail,52
884995b30dfffff,Wholesale,4
884995b311fffff,Art/Culture,7
884995b311fffff,Business Support,274
884995b311fffff,Construction,18
884995b311fffff,Education,258
884995b311fffff,Financial,2
884995b311fffff,Health,15
884995b311fffff,Hospitality,36
884995b311fffff,Information,1
884995b311fffff,Manufacturing,142
884995b311fffff,Professional Service,1
884995b311fffff,Public Administration,2
884995b311fffff,Retail,105
884995b311fffff,Transportation,1
884995b311fffff,Wholesale,6
884995b313fffff,Art/Culture,251
884995b313fffff,Business Support,2251
884995b313fffff,Construction,517
884995b313fffff,Corporate,88
884995b313fffff,Education,687
884995b313fffff,Energy,16
884995b313fffff,Financial,832
884995b313fffff,Health,850
884995b313fffff,Hospitality,1846
884995b313fffff,Information,92
884995b313fffff,Manufacturing,1390
884995b313fffff,Professional Service,2193
884995b313fffff,Public Administration,49
884995b313fffff,Real Estate,482
884995b313fffff,Retail,3006
884995b313fffff,Transportation,210
884995b313fffff,Wholesale,706
884995b31bfffff,Art/Culture,42
884995b31bfffff,Business Support,70
884995b31bfffff,Construction,32
884995b31bfffff,Corporate,13
884995b31bfffff,Education,232
884995b31bfffff,Financial,36
884995b31bfffff,Health,49
884995b31bfffff,Hospitality,104
884995b31bfffff,Information,1
884995b31bfffff,Manufacturing,102
884995b31bfffff,Professional Service,10
884995b31bfffff,Public Administration,7
884995b31bfffff,Real Estate,14
884995b31bfffff,Retail,343
884995b31bfffff,Transportation,25
884995b31bfffff,Wholesale,33
884995b323fffff,Art/Culture,34
884995b323fffff,Business Support,3
884995b323fffff,Construction,12
884995b323fffff,Education,12
884995b323fffff,Health,4
884995b323fffff,Hospitality,20
884995b323fffff,Manufacturing,35
884995b323fffff,Professional Service,3
884995b323fffff,Retail,118
884995b323fffff,Wholesale,2
884995b325fffff,Art/Culture,1
884995b325fffff,Business Support,34
884995b325fffff,Education,98
884995b325fffff,Energy,1
884995b325fffff,Financial,24
884995b325fffff,Health,59
884995b325fffff,Hospitality,54
884995b325fffff,Information,13
884995b325fffff,Manufacturing,15
884995b325fffff,Professional Service,1
884995b325fffff,Public Administration,7
884995b325fffff,Real Estate,7
884995b325fffff,Retail,150
884995b325fffff,Wholesale,3
884995b327fffff,Art/Culture,3
884995b327fffff,Business Support,9
884995b327fffff,Construction,7
884995b327fffff,Education,151
884995b327fffff,Financial,3
884995b327fffff,Health,39
884995b327fffff,Hospitality,57
884995b327fffff,Manufacturing,84
884995b327fffff,Professional Service,9
884995b327fffff,Public Administration,14
884995b327fffff,Real Estate,11
884995b327fffff,Retail,642
884995b327fffff,Wholesale,73
884995b32bfffff,Education,57
884995b32bfffff,Financial,3
884995b32bfffff,Manufacturing,1
884995b32bfffff,Public Administration,6
884995b32bfffff,Retail,2
884995b32dfffff,Art/Culture,49
884995b32dfffff,Construction,56
884995b32dfffff,Education,105
884995b32dfffff,Energy,1
884995b32dfffff,Financial,48
884995b32dfffff,Health,90
884995b32dfffff,Hospitality,245
884995b32dfffff,Information,1
884995b32dfffff,Manufacturing,71
884995b32dfffff,Professional Service,13
884995b32dfffff,Public Administration,7
884995b32dfffff,Retail,227
884995b32dfffff,Transportation,126
884995b32dfffff,Wholesale,69
884995b331fffff,Art/Culture,696
884995b331fffff,Business Support,9039
884995b331fffff,Construction,1478
884995b331fffff,Corporate,117
884995b331fffff,Education,363
884995b331fffff,Energy,14
884995b331fffff,Financial,3159
884995b331fffff,Health,269
884995b331fffff,Hospitality,3365
884995b331fffff,Information,2232
884995b331fffff,Manufacturing,1685
884995b331fffff,Professional Service,5715
884995b331fffff,Public Administration,44
884995b331fffff,Real Estate,2051
884995b331fffff,Retail,5493
884995b331fffff,Transportation,599
884995b331fffff,Wholesale,3592
884995b335fffff,Art/Culture,3
884995b335fffff,Business Support,1
884995b335fffff,Construction,273
884995b335fffff,Education,92
884995b335fffff,Financial,1
884995b335fffff,Health,20
884995b335fffff,Hospitality,62
884995b335fffff,Manufacturing,259
884995b335fffff,Professional Service,4
884995b335fffff,Public Administration,7
884995b335fffff,Real Estate,15
884995b335fffff,Retail,85
884995b335fffff,Wholesale,19
884995b337fffff,Art/Culture,170
884995b337fffff,Business Support,4875
884995b337fffff,Construction,560
884995b337fffff,Corporate,829
884995b337fffff,Education,477
884995b337fffff,Energy,393
884995b337fffff,Financial,1488
884995b337fffff,Health,15
884995b337fffff,Hospitality,2280
884995b337fffff,Information,807
884995b337fffff,Manufacturing,643
884995b337fffff,Professional Service,2348
884995b337fffff,Public Administration,285
884995b337fffff,Real Estate,828
884995b337fffff,Retail,1684
884995b337fffff,Transportation,1042
884995b337fffff,Wholesale,2790
884995b339fffff,Art/Culture,7
884995b339fffff,Business Support,10
884995b339fffff,Education,766
884995b339fffff,Financial,5
884995b339fffff,Health,77
884995b339fffff,Hospitality,111
884995b339fffff,Information,7
884995b339fffff,Manufacturing,74
884995b339fffff,Professional Service,4
884995b339fffff,Public Administration,1
884995b339fffff,Real Estate,16
884995b339fffff,Retail,373
884995b339fffff,Wholesale,8
884995b33dfffff,Art/Culture,1
884995b33dfffff,Education,310
884995b33dfffff,Health,2
884995b33dfffff,Hospitality,48
884995b33dfffff,Manufacturing,18
884995b33dfffff,Real Estate,2
884995b33dfffff,Retail,75
884995b33dfffff,Wholesale,1
884995b341fffff,Art/Culture,1
884995b341fffff,Business Support,4
884995b341fffff,Education,1
884995b341fffff,Energy,5
884995b341fffff,Health,41
884995b341fffff,Hospitality,31
884995b341fffff,Manufacturing,42
884995b341fffff,Professional Service,3
884995b341fffff,Real Estate,1
884995b341fffff,Retail,226
884995b341fffff,Wholesale,18
884995b345fffff,Art/Culture,23
884995b345fffff,Business Support,11
884995b345fffff,Construction,1
884995b345fffff,Education,180
884995b345fffff,Energy,2
884995b345fffff,Financial,2
884995b345fffff,Health,78
884995b345fffff,Hospitality,126
884995b345fffff,Information,4
884995b345fffff,Manufacturing,56
884995b345fffff,Professional Service,7
884995b345fffff,Public Administration,1
884995b345fffff,Real Estate,5
884995b345fffff,Retail,497
884995b345fffff,Transportation,1
884995b345fffff,Wholesale,25
884995b347fffff,Art/Culture,3
884995b347fffff,Business Support,18
884995b347fffff,Construction,1
884995b347fffff,Education,17
884995b347fffff,Health,41
884995b347fffff,Hospitality,57
884995b347fffff,Manufacturing,55
884995b347fffff,Professional Service,5
884995b347fffff,Real Estate,8
884995b347fffff,Retail,279
884995b347fffff,Wholesale,20
884995b349fffff,Health,3
884995b349fffff,Hospitality,3
884995b349fffff,Manufacturing,11
884995b349fffff,Retail,52
884995b349fffff,Wholesale,1
884995b34dfffff,Art/Culture,20
884995b34dfffff,Business Support,6
884995b34dfffff,Construction,1
884995b34dfffff,Education,272
884995b34dfffff,Energy,1
884995b34dfffff,Financial,12
884995b34dfffff,Health,40
884995b34dfffff,Hospitality,59
884995b34dfffff,Manufacturing,50
884995b34dfffff,Professional Service,15
884995b34dfffff,Public Administration,295
884995b34dfffff,Real Estate,6
884995b34dfffff,Retail,252
884995b34dfffff,Wholesale,9
884995b351fffff,Art/Culture,1
884995b351fffff,Business Support,5
884995b351fffff,Construction,12
884995b351fffff,Education,74
884995b351fffff,Energy,2
884995b351fffff,Financial,1
884995b351fffff,Health,27
884995b351fffff,Hospitality,44
884995b351fffff,Manufacturing,65
884995b351fffff,Professional Service,7
884995b351fffff,Real Estate,1
884995b351fffff,Retail,110
884995b351fffff,Transportation,1
884995b351fffff,Wholesale,10
884995b359fffff,Art/Culture,6
884995b359fffff,Business Support,3
884995b359fffff,Education,63
884995b359fffff,Energy,6
884995b359fffff,Health,3
884995b359fffff,Hospitality,20
884995b359fffff,Manufacturing,40
884995b359fffff,Professional Service,1
884995b359fffff,Retail,86
884995b359fffff,Wholesale,27
884995b361fffff,Art/Culture,6
884995b361fffff,Business Support,10
884995b361fffff,Construction,12
884995b361fffff,Education,65
884995b361fffff,Energy,1
884995b361fffff,Financial,13
884995b361fffff,Health,143
884995b361fffff,Hospitality,102
884995b361fffff,Manufacturing,67
884995b361fffff,Professional Service,11
884995b361fffff,Public Administration,2
884995b361fffff,Real Estate,7
884995b361fffff,Retail,347
884995b361fffff,Wholesale,19
884995b363fffff,Art/Culture,11
884995b363fffff,Business Support,5
884995b363fffff,Construction,2
884995b363fffff,Education,739
884995b363fffff,Energy,14
884995b363fffff,Financial,13
884995b363fffff,Health,23
884995b363fffff,Hospitality,202
884995b363fffff,Manufacturing,62
884995b363fffff,Professional Service,6
884995b363fffff,Public Administration,7
884995b363fffff,Real Estate,3
884995b363fffff,Retail,220
884995b363fffff,Transportation,1
884995b363fffff,Wholesale,29
884995b367fffff,Art/Culture,19
884995b367fffff,Business Support,2
884995b367fffff,Construction,12
884995b367fffff,Education,880
884995b367fffff,Financial,36
884995b367fffff,Health,9
884995b367fffff,Hospitality,44
884995b367fffff,Manufacturing,30
884995b367fffff,Professional Service,4
884995b367fffff,Public Administration,45
884995b367fffff,Real Estate,14
884995b367fffff,Retail,129
884995b367fffff,Transportation,1
884995b367fffff,Wholesale,19
884995b369fffff,Art/Culture,12
884995b369fffff,Business Support,5
884995b369fffff,Construction,12
884995b369fffff,Education,96
884995b369fffff,Health,74
884995b369fffff,Hospitality,51
884995b369fffff,Information,13
884995b369fffff,Manufacturing,22
884995b369fffff,Professional Service,1
884995b369fffff,Public Administration,48
884995b369fffff,Retail,173
884995b369fffff,Transportation,1
884995b369fffff,Wholesale,3
884995b36bfffff,Art/Culture,4
884995b36bfffff,Business Support,5
884995b36bfffff,Education,202
884995b36bfffff,Energy,2
884995b36bfffff,Financial,14
884995b36bfffff,Health,21
884995b36bfffff,Hospitality,43
884995b36bfffff,Information,1
884995b36bfffff,Manufacturing,44
884995b36bfffff,Public Administration,16
884995b36bfffff,Real Estate,4
884995b36bfffff,Retail,204
884995b36bfffff,Wholesale,6
884995b36dfffff,Art/Culture,19
884995b36dfffff,Business Support,18
884995b36dfffff,Construction,1
884995b36dfffff,Education,317
884995b36dfffff,Financial,46
884995b36dfffff,Health,343
884995b36dfffff,Hospitality,145
884995b36dfffff,Manufacturing,68
884995b36dfffff,Professional Service,28
884995b36dfffff,Public Administration,10
884995b36dfffff,Real Estate,4
884995b36dfffff,Retail,409
884995b36dfffff,Transportation,31
884995b36dfffff,Wholesale,12
884995b801fffff,Art/Culture,60
884995b801fffff,Business Support,429
884995b801fffff,Construction,41
884995b801fffff,Education,171
884995b801fffff,Energy,12
884995b801fffff,Financial,21
884995b801fffff,Health,918
884995b801fffff,Hospitality,475
884995b801fffff,Information,35
884995b801fffff,Manufacturing,458
884995b801fffff,Professional Service,36
884995b801fffff,Public Administration,792
884995b801fffff,Real Estate,79
884995b801fffff,Retail,313
884995b801fffff,Transportation,9
884995b801fffff,Wholesale,315
884995b803fffff,Art/Culture,51
884995b803fffff,Business Support,135
884995b803fffff,Construction,3
884995b803fffff,Education,636
884995b803fffff,Financial,88
884995b803fffff,Health,1350
884995b803fffff,Hospitality,198
884995b803fffff,Information,1
884995b803fffff,Manufacturing,2078
884995b803fffff,Professional Service,31
884995b803fffff,Public Administration,143
884995b803fffff,Real Estate,44
884995b803fffff,Retail,390
884995b803fffff,Transportation,138
884995b803fffff,Wholesale,473
884995b805fffff,Art/Culture,19
884995b805fffff,Business Support,10
884995b805fffff,Construction,1
884995b805fffff,Education,254
884995b805fffff,Financial,12
884995b805fffff,Health,173
884995b805fffff,Hospitality,318
884995b805fffff,Information,12
884995b805fffff,Manufacturing,119
884995b805fffff,Professional Service,294
884995b805fffff,Public Administration,890
884995b805fffff,Real Estate,32
884995b805fffff,Retail,1314
884995b805fffff,Transportation,11
884995b805fffff,Wholesale,201
884995b807fffff,Art/Culture,9
884995b807fffff,Business Support,294
884995b807fffff,Construction,14
884995b807fffff,Education,84
884995b807fffff,Energy,6
884995b807fffff,Financial,1
884995b807fffff,Health,58
884995b807fffff,Hospitality,350
884995b807fffff,Information,2
884995b807fffff,Manufacturing,376
884995b807fffff,Professional Service,39
884995b807fffff,Public Administration,379
884995b807fffff,Real Estate,28
884995b807fffff,Retail,898
884995b807fffff,Transportation,300
884995b807fffff,Wholesale,133
884995b809fffff,Art/Culture,25
884995b809fffff,Business Support,629
884995b809fffff,Construction,11
884995b809fffff,Education,155
884995b809fffff,Financial,37
884995b809fffff,Health,214
884995b809fffff,Hospitality,608
884995b809fffff,Information,121
884995b809fffff,Manufacturing,185
884995b809fffff,Professional Service,13
884995b809fffff,Public Administration,349
884995b809fffff,Real Estate,24
884995b809fffff,Retail,954
884995b809fffff,Transportation,22
884995b809fffff,Wholesale,96
884995b80bfffff,Art/Culture,20
884995b80bfffff,Business Support,409
884995b80bfffff,Construction,46
884995b80bfffff,Corporate,33
884995b80bfffff,Education,105
884995b80bfffff,Financial,21
884995b80bfffff,Health,58
884995b80bfffff,Hospitality,57
884995b80bfffff,Information,19
884995b80bfffff,Manufacturing,775
884995b80bfffff,Professional Service,45
884995b80bfffff,Public Administration,684
884995b80bfffff,Real Estate,8
884995b80bfffff,Retail,420
884995b80bfffff,Transportation,417
884995b80bfffff,Wholesale,321
884995b80dfffff,Art/Culture,67
884995b80dfffff,Business Support,340
884995b80dfffff,Construction,12
884995b80dfffff,Education,373
884995b80dfffff,Energy,6
884995b80dfffff,Financial,68
884995b80dfffff,Health,386
884995b80dfffff,Hospitality,300
884995b80dfffff,Information,85
884995b80dfffff,Manufacturing,168
884995b80dfffff,Professional Service,15
884995b80dfffff,Public Administration,281
884995b80dfffff,Real Estate,13
884995b80dfffff,Retail,253
884995b80dfffff,Transportation,9
884995b80dfffff,Wholesale,172
884995b811fffff,Art/Culture,66
884995b811fffff,Business Support,321
884995b811fffff,Construction,146
884995b811fffff,Education,525
884995b811fffff,Energy,6
884995b811fffff,Financial,23
884995b811fffff,Health,152
884995b811fffff,Hospitality,304
884995b811fffff,Information,19
884995b811fffff,Manufacturing,224
884995b811fffff,Professional Service,24
884995b811fffff,Public Administration,7
884995b811fffff,Real Estate,16
884995b811fffff,Retail,583
884995b811fffff,Transportation,32
884995b811fffff,Wholesale,116
884995b813fffff,Art/Culture,6
884995b813fffff,Business Support,17
884995b813fffff,Construction,1
884995b813fffff,Education,485
884995b813fffff,Financial,21
884995b813fffff,Health,6
884995b813fffff,Hospitality,54
884995b813fffff,Information,32
884995b813fffff,Manufacturing,838
884995b813fffff,Professional Service,81
884995b813fffff,Public Administration,121
884995b813fffff,Real Estate,1
884995b813fffff,Retail,632
884995b813fffff,Transportation,631
884995b813fffff,Wholesale,966
884995b815fffff,Art/Culture,3
884995b815fffff,Business Support,23
884995b815fffff,Construction,140
884995b815fffff,Education,139
884995b815fffff,Financial,30
884995b815fffff,Health,64
884995b815fffff,Hospitality,244
884995b815fffff,Information,6
884995b815fffff,Manufacturing,830
884995b815fffff,Professional Service,30
884995b815fffff,Public Administration,89
884995b815fffff,Real Estate,17
884995b815fffff,Retail,783
884995b815fffff,Transportation,42
884995b815fffff,Wholesale,255
884995b817fffff,Art/Culture,5
884995b817fffff,Business Support,14
884995b817fffff,Construction,15
884995b817fffff,Corporate,6
884995b817fffff,Education,86
884995b817fffff,Financial,6
884995b817fffff,Health,34
884995b817fffff,Hospitality,121
884995b817fffff,Manufacturing,516
884995b817fffff,Professional Service,22
884995b817fffff,Public Administration,2
884995b817fffff,Real Estate,16
884995b817fffff,Retail,214
884995b817fffff,Transportation,166
884995b817fffff,Wholesale,773
884995b819fffff,Art/Culture,4
884995b819fffff,Business Support,455
884995b819fffff,Construction,34
884995b819fffff,Education,282
884995b819fffff,Financial,13
884995b819fffff,Health,110
884995b819fffff,Hospitality,327
884995b819fffff,Manufacturing,336
884995b819fffff,Professional Service,409
884995b819fffff,Public Administration,59
884995b819fffff,Real Estate,20
884995b819fffff,Retail,526
884995b819fffff,Wholesale,630
884995b81bfffff,Art/Culture,47
884995b81bfffff,Business Support,131
884995b81bfffff,Construction,69
884995b81bfffff,Education,109
884995b81bfffff,Energy,32
884995b81bfffff,Financial,63
884995b81bfffff,Health,25
884995b81bfffff,Hospitality,258
884995b81bfffff,Information,19
884995b81bfffff,Manufacturing,425
884995b81bfffff,Professional Service,50
884995b81bfffff,Public Administration,1
884995b81bfffff,Real Estate,12
884995b81bfffff,Retail,477
884995b81bfffff,Transportation,136
884995b81bfffff,Wholesale,44
884995b81dfffff,Art/Culture,6
884995b81dfffff,Business Support,299
884995b81dfffff,Construction,160
884995b81dfffff,Education,631
884995b81dfffff,Energy,1
884995b81dfffff,Financial,29
884995b81dfffff,Health,13
884995b81dfffff,Hospitality,59
884995b81dfffff,Manufacturing,1200
884995b81dfffff,Professional Service,26
884995b81dfffff,Public Administration,330
884995b81dfffff,Real Estate,25
884995b81dfffff,Retail,425
884995b81dfffff,Transportation,65
884995b81dfffff,Wholesale,619
884995b821fffff,Art/Culture,27
884995b821fffff,Business Support,118
884995b821fffff,Construction,139
884995b821fffff,Education,294
884995b821fffff,Energy,32
884995b821fffff,Financial,40
884995b821fffff,Health,106
884995b821fffff,Hospitality,294
884995b821fffff,Manufacturing,139
884995b821fffff,Professional Service,47
884995b821fffff,Public Administration,188
884995b821fffff,Real Estate,5
884995b821fffff,Retail,597
884995b821fffff,Transportation,164
884995b821fffff,Wholesale,185
884995b823fffff,Art/Culture,44
884995b823fffff,Business Support,40
884995b823fffff,Construction,49
884995b823fffff,Education,511
884995b823fffff,Financial,99
884995b823fffff,Health,248
884995b823fffff,Hospitality,700
884995b823fffff,Information,43
884995b823fffff,Manufacturing,396
884995b823fffff,Professional Service,116
884995b823fffff,Public Administration,32
884995b823fffff,Real Estate,35
884995b823fffff,Retail,1343
884995b823fffff,Transportation,23
884995b823fffff,Wholesale,146
884995b825fffff,Art/Culture,18
884995b825fffff,Business Support,123
884995b825fffff,Construction,15
884995b825fffff,Education,325
884995b825fffff,Financial,66
884995b825fffff,Health,27
884995b825fffff,Hospitality,304
884995b825fffff,Manufacturing,830
884995b825fffff,Professional Service,29
884995b825fffff,Public Administration,4
884995b825fffff,Real Estate,6
884995b825fffff,Retail,975
884995b825fffff,Transportation,66
884995b825fffff,Wholesale,241
884995b827fffff,Art/Culture,28
884995b827fffff,Business Support,14
884995b827fffff,Construction,16
884995b827fffff,Education,131
884995b827fffff,Financial,7
884995b827fffff,Health,133
884995b827fffff,Hospitality,170
884995b827fffff,Information,2
884995b827fffff,Manufacturing,279
884995b827fffff,Professional Service,34
884995b827fffff,Public Administration,69
884995b827fffff,Real Estate,18
884995b827fffff,Retail,395
884995b827fffff,Transportation,20
884995b827fffff,Wholesale,70
884995b829fffff,Art/Culture,26
884995b829fffff,Business Support,7
884995b829fffff,Construction,42
884995b829fffff,Education,328
884995b829fffff,Financial,31
884995b829fffff,Health,41
884995b829fffff,Hospitality,144
884995b829fffff,Information,4
884995b829fffff,Manufacturing,565
884995b829fffff,Professional Service,20
884995b829fffff,Public Administration,58
884995b829fffff,Real Estate,25
884995b829fffff,Retail,526
884995b829fffff,Transportation,35
884995b829fffff,Wholesale,122
884995b82bfffff,Art/Culture,100
884995b82bfffff,Business Support,288
884995b82bfffff,Construction,14
884995b82bfffff,Education,281
884995b82bfffff,Financial,78
884995b82bfffff,Health,515
884995b82bfffff,Hospitality,210
884995b82bfffff,Information,32
884995b82bfffff,Manufacturing,356
884995b82bfffff,Professional Service,65
884995b82bfffff,Public Administration,62
884995b82bfffff,Real Estate,12
884995b82bfffff,Retail,723
884995b82bfffff,Transportation,7
884995b82bfffff,Wholesale,82
884995b82dfffff,Art/Culture,10
884995b82dfffff,Business Support,13
884995b82dfffff,Education,206
884995b82dfffff,Financial,49
884995b82dfffff,Health,400
884995b82dfffff,Hospitality,174
884995b82dfffff,Manufacturing,161
884995b82dfffff,Professional Service,58
884995b82dfffff,Public Administration,305
884995b82dfffff,Real Estate,14
884995b82dfffff,Retail,678
884995b82dfffff,Transportation,10
884995b82dfffff,Wholesale,62
884995b833fffff,Business Support,148
884995b833fffff,Construction,2
884995b833fffff,Education,436
884995b833fffff,Financial,17
884995b833fffff,Health,379
884995b833fffff,Hospitality,77
884995b833fffff,Information,7
884995b833fffff,Manufacturing,21
884995b833fffff,Professional Service,129
884995b833fffff,Public Administration,1329
884995b833fffff,Real Estate,39
884995b833fffff,Retail,179
884995b833fffff,Transportation,358
884995b833fffff,Wholesale,530
884995b835fffff,Art/Culture,54
884995b835fffff,Business Support,901
884995b835fffff,Construction,69
884995b835fffff,Education,641
884995b835fffff,Energy,6
884995b835fffff,Financial,70
884995b835fffff,Health,636
884995b835fffff,Hospitality,761
884995b835fffff,Information,15
884995b835fffff,Manufacturing,278
884995b835fffff,Professional Service,223
884995b835fffff,Public Administration,598
884995b835fffff,Real Estate,8
884995b835fffff,Retail,1274
884995b835fffff,Transportation,1103
884995b835fffff,Wholesale,188
884995b837fffff,Art/Culture,162
884995b837fffff,Business Support,115
884995b837fffff,Construction,354
884995b837fffff,Education,243
884995b837fffff,Energy,1
884995b837fffff,Financial,139
884995b837fffff,Health,1584
884995b837fffff,Hospitality,1421
884995b837fffff,Information,97
884995b837fffff,Manufacturing,69
884995b837fffff,Professional Service,162
884995b837fffff,Public Administration,95
884995b837fffff,Real Estate,140
884995b837fffff,Retail,4294
884995b837fffff,Transportation,8
884995b837fffff,Wholesale,156
884995b839fffff,Art/Culture,10
884995b839fffff,Business Support,140
884995b839fffff,Construction,69
884995b839fffff,Education,95
884995b839fffff,Energy,6
884995b839fffff,Financial,125
884995b839fffff,Health,146
884995b839fffff,Hospitality,380
884995b839fffff,Information,14
884995b839fffff,Manufacturing,345
884995b839fffff,Professional Service,136
884995b839fffff,Public Administration,37
884995b839fffff,Real Estate,14
884995b839fffff,Retail,579
884995b839fffff,Transportation,56
884995b839fffff,Wholesale,418
884995b83bfffff,Art/Culture,9
884995b83bfffff,Business Support,148
884995b83bfffff,Construction,20
884995b83bfffff,Education,333
884995b83bfffff,Energy,12
884995b83bfffff,Financial,47
884995b83bfffff,Health,65
884995b83bfffff,Hospitality,233
884995b83bfffff,Information,7
884995b83bfffff,Manufacturing,2273
884995b83bfffff,Professional Service,146
884995b83bfffff,Public Administration,45
884995b83bfffff,Real Estate,9
884995b83bfffff,Retail,699
884995b83bfffff,Transportation,345
884995b83bfffff,Wholesale,1541
884995b83dfffff,Art/Culture,25
884995b83dfffff,Business Support,21
884995b83dfffff,Construction,7
884995b83dfffff,Education,175
884995b83dfffff,Financial,18
884995b83dfffff,Health,108
884995b83dfffff,Hospitality,211
884995b83dfffff,Information,13
884995b83dfffff,Manufacturing,289
884995b83dfffff,Professional Service,24
884995b83dfffff,Public Administration,37
884995b83dfffff,Real Estate,25
884995b83dfffff,Retail,429
884995b83dfffff,Transportation,269
884995b83dfffff,Wholesale,62
884995b841fffff,Art/Culture,937
884995b841fffff,Business Support,3844
884995b841fffff,Construction,528
884995b841fffff,Corporate,318
884995b841fffff,Education,458
884995b841fffff,Financial,417
884995b841fffff,Health,115
884995b841fffff,Hospitality,2942
884995b841fffff,Information,1326
884995b841fffff,Manufacturing,838
884995b841fffff,Professional Service,2003
884995b841fffff,Public Administration,1557
884995b841fffff,Real Estate,320
884995b841fffff,Retail,4330
884995b841fffff,Transportation,734
884995b841fffff,Wholesale,2605
884995b843fffff,Art/Culture,810
884995b843fffff,Business Support,554
884995b843fffff,Construction,3
884995b843fffff,Education,281
884995b843fffff,Financial,132
884995b843fffff,Health,612
884995b843fffff,Hospitality,1295
884995b843fffff,Information,325
884995b843fffff,Manufacturing,284
884995b843fffff,Professional Service,404
884995b843fffff,Public Administration,4387
884995b843fffff,Real Estate,189
884995b843fffff,Retail,783
884995b843fffff,Transportation,177
884995b843fffff,Wholesale,187
884995b845fffff,Art/Culture,818
884995b845fffff,Business Support,647
884995b845fffff,Construction,33
884995b845fffff,Corporate,12
884995b845fffff,Education,356
884995b845fffff,Energy,1
884995b845fffff,Financial,3785
884995b845fffff,Health,256
884995b845fffff,Hospitality,5382
884995b845fffff,Information,190
884995b845fffff,Manufacturing,1911
884995b845fffff,Professional Service,859
884995b845fffff,Public Administration,5447
884995b845fffff,Real Estate,220
884995b845fffff,Retail,9046
884995b845fffff,Transportation,70
884995b845fffff,Wholesale,694
884995b847fffff,Art/Culture,267
884995b847fffff,Business Support,16
884995b847fffff,Corporate,1
884995b847fffff,Education,358
884995b847fffff,Energy,1
884995b847fffff,Financial,63
884995b847fffff,Health,322
884995b847fffff,Hospitality,681
884995b847fffff,Information,8
884995b847fffff,Manufacturing,230
884995b847fffff,Professional Service,18
884995b847fffff,Public Administration,2009
884995b847fffff,Real Estate,3
884995b847fffff,Retail,1611
884995b847fffff,Transportation,62
884995b847fffff,Wholesale,80
884995b849fffff,Art/Culture,107
884995b849fffff,Business Support,707
884995b849fffff,Construction,6
884995b849fffff,Education,1085
884995b849fffff,Financial,274
884995b849fffff,Health,403
884995b849fffff,Hospitality,749
884995b849fffff,Information,862
884995b849fffff,Manufacturing,93
884995b849fffff,Professional Service,189
884995b849fffff,Public Administration,5109
884995b849fffff,Real Estate,70
884995b849fffff,Retail,616
884995b849fffff,Transportation,280
884995b849fffff,Wholesale,159
884995b84bfffff,Art/Culture,381
884995b84bfffff,Business Support,2434
884995b84bfffff,Construction,260
884995b84bfffff,Corporate,274
884995b84bfffff,Education,763
884995b84bfffff,Energy,1
884995b84bfffff,Financial,557
884995b84bfffff,Health,472
884995b84bfffff,Hospitality,2859
884995b84bfffff,Information,85
884995b84bfffff,Manufacturing,190
884995b84bfffff,Professional Service,1851
884995b84bfffff,Public Administration,3642
884995b84bfffff,Real Estate,168
884995b84bfffff,Retail,785
884995b84bfffff,Transportation,883
884995b84bfffff,Wholesale,443
884995b84dfffff,Art/Culture,315
884995b84dfffff,Business Support,423
884995b84dfffff,Construction,389
884995b84dfffff,Education,741
884995b84dfffff,Energy,273
884995b84dfffff,Financial,453
884995b84dfffff,Health,424
884995b84dfffff,Hospitality,1028
884995b84dfffff,Information,49
884995b84dfffff,Manufacturing,764
884995b84dfffff,Professional Service,119
884995b84dfffff,Public Administration,2567
884995b84dfffff,Real Estate,40
884995b84dfffff,Retail,4205
884995b84dfffff,Transportation,538
884995b84dfffff,Wholesale,882
884995b851fffff,Art/Culture,30
884995b851fffff,Business Support,219
884995b851fffff,Construction,139
884995b851fffff,Education,670
884995b851fffff,Financial,32
884995b851fffff,Health,258
884995b851fffff,Hospitality,298
884995b851fffff,Information,15
884995b851fffff,Manufacturing,303
884995b851fffff,Professional Service,300
884995b851fffff,Public Administration,828
884995b851fffff,Real Estate,17
884995b851fffff,Retail,302
884995b851fffff,Transportation,126
884995b851fffff,Wholesale,471
884995b853fffff,Art/Culture,121
884995b853fffff,Business Support,70
884995b853fffff,Education,2360
884995b853fffff,Energy,55
884995b853fffff,Financial,10
884995b853fffff,Health,713
884995b853fffff,Hospitality,261
884995b853fffff,Information,274
884995b853fffff,Manufacturing,153
884995b853fffff,Professional Service,15
884995b853fffff,Public Administration,350
884995b853fffff,Real Estate,32
884995b853fffff,Retail,150
884995b853fffff,Transportation,147
884995b853fffff,Wholesale,47
884995b855fffff,Art/Culture,168
884995b855fffff,Business Support,202
884995b855fffff,Construction,114
884995b855fffff,Corporate,114
884995b855fffff,Education,607
884995b855fffff,Financial,90
884995b855fffff,Health,642
884995b855fffff,Hospitality,1746
884995b855fffff,Information,211
884995b855fffff,Manufacturing,466
884995b855fffff,Professional Service,126
884995b855fffff,Public Administration,120
884995b855fffff,Real Estate,78
884995b855fffff,Retail,3265
884995b855fffff,Transportation,804
884995b855fffff,Wholesale,171
884995b857fffff,Art/Culture,6
884995b857fffff,Business Support,204
884995b857fffff,Construction,103
884995b857fffff,Education,70
884995b857fffff,Energy,273
884995b857fffff,Financial,59
884995b857fffff,Health,138
884995b857fffff,Hospitality,480
884995b857fffff,Information,146
884995b857fffff,Manufacturing,712
884995b857fffff,Professional Service,176
884995b857fffff,Public Administration,531
884995b857fffff,Real Estate,10
884995b857fffff,Retail,599
884995b857fffff,Transportation,27
884995b857fffff,Wholesale,1041
884995b859fffff,Art/Culture,49
884995b859fffff,Business Support,591
884995b859fffff,Construction,337
884995b859fffff,Education,93
884995b859fffff,Energy,75
884995b859fffff,Financial,356
884995b859fffff,Health,284
884995b859fffff,Hospitality,709
884995b859fffff,Information,293
884995b859fffff,Manufacturing,448
884995b859fffff,Professional Service,1016
884995b859fffff,Public Administration,407
884995b859fffff,Real Estate,269
884995b859fffff,Retail,1232
884995b859fffff,Transportation,376
884995b859fffff,Wholesale,634
884995b85bfffff,Art/Culture,74
884995b85bfffff,Business Support,346
884995b85bfffff,Construction,24
884995b85bfffff,Education,675
884995b85bfffff,Financial,10
884995b85bfffff,Health,157
884995b85bfffff,Hospitality,107
884995b85bfffff,Information,19
884995b85bfffff,Manufacturing,696
884995b85bfffff,Professional Service,394
884995b85bfffff,Public Administration,309
884995b85bfffff,Real Estate,31
884995b85bfffff,Retail,431
884995b85bfffff,Transportation,1
884995b85bfffff,Wholesale,332
884995b85dfffff,Art/Culture,294
884995b85dfffff,Business Support,1599
884995b85dfffff,Construction,88
884995b85dfffff,Corporate,1
884995b85dfffff,Education,1316
884995b85dfffff,Financial,466
884995b85dfffff,Health,373
884995b85dfffff,Hospitality,922
884995b85dfffff,Information,420
884995b85dfffff,Manufacturing,337
884995b85dfffff,Professional Service,1129
884995b85dfffff,Public Administration,679
884995b85dfffff,Real Estate,163
884995b85dfffff,Retail,1033
884995b85dfffff,Transportation,354
884995b85dfffff,Wholesale,325
884995b861fffff,Art/Culture,24
884995b861fffff,Business Support,69
884995b861fffff,Construction,5
884995b861fffff,Education,109
884995b861fffff,Energy,6
884995b861fffff,Financial,33
884995b861fffff,Health,148
884995b861fffff,Hospitality,206
884995b861fffff,Information,27
884995b861fffff,Manufacturing,250
884995b861fffff,Professional Service,12
884995b861fffff,Public Administration,14
884995b861fffff,Real Estate,28
884995b861fffff,Retail,1656
884995b861fffff,Transportation,49
884995b861fffff,Wholesale,295
884995b863fffff,Art/Culture,51
884995b863fffff,Business Support,16
884995b863fffff,Education,159
884995b863fffff,Financial,23
884995b863fffff,Health,105
884995b863fffff,Hospitality,204
884995b863fffff,Information,2
884995b863fffff,Manufacturing,431
884995b863fffff,Professional Service,7
884995b863fffff,Public Administration,52
884995b863fffff,Real Estate,12
884995b863fffff,Retail,1718
884995b863fffff,Transportation,20
884995b863fffff,Wholesale,111
884995b865fffff,Art/Culture,107
884995b865fffff,Business Support,15
884995b865fffff,Construction,3
884995b865fffff,Education,630
884995b865fffff,Financial,3
884995b865fffff,Health,513
884995b865fffff,Hospitality,330
884995b865fffff,Information,132
884995b865fffff,Manufacturing,157
884995b865fffff,Professional Service,15
884995b865fffff,Public Administration,417
884995b865fffff,Real Estate,8
884995b865fffff,Retail,686
884995b865fffff,Transportation,79
884995b865fffff,Wholesale,69
884995b867fffff,Art/Culture,9
884995b867fffff,Business Support,12
884995b867fffff,Education,31
884995b867fffff,Financial,8
884995b867fffff,Health,62
884995b867fffff,Hospitality,141
884995b867fffff,Information,1
884995b867fffff,Manufacturing,310
884995b867fffff,Professional Service,23
884995b867fffff,Public Administration,12
884995b867fffff,Real Estate,7
884995b867fffff,Retail,1159
884995b867fffff,Transportation,10
884995b867fffff,Wholesale,188
884995b869fffff,Art/Culture,435
884995b869fffff,Business Support,302
884995b869fffff,Education,624
884995b869fffff,Financial,89
884995b869fffff,Health,721
884995b869fffff,Hospitality,506
884995b869fffff,Information,12
884995b869fffff,Manufacturing,259
884995b869fffff,Professional Service,6
884995b869fffff,Public Administration,375
884995b869fffff,Real Estate,38
884995b869fffff,Retail,7236
884995b869fffff,Transportation,64
884995b869fffff,Wholesale,833
884995b86bfffff,Art/Culture,182
884995b86bfffff,Business Support,12
884995b86bfffff,Construction,1
884995b86bfffff,Education,258
884995b86bfffff,Financial,25
884995b86bfffff,Health,119
884995b86bfffff,Hospitality,354
884995b86bfffff,Information,2
884995b86bfffff,Manufacturing,153
884995b86bfffff,Professional Service,16
884995b86bfffff,Public Administration,706
884995b86bfffff,Real Estate,33
884995b86bfffff,Retail,4274
884995b86bfffff,Transportation,15
884995b86bfffff,Wholesale,592
884995b86dfffff,Art/Culture,2
884995b86dfffff,Business Support,18
884995b86dfffff,Construction,2
884995b86dfffff,Education,161
884995b86dfffff,Energy,285
884995b86dfffff,Financial,14
884995b86dfffff,Health,27
884995b86dfffff,Hospitality,323
884995b86dfffff,Information,7
884995b86dfffff,Manufacturing,95
884995b86dfffff,Professional Service,25
884995b86dfffff,Public Administration,215
884995b86dfffff,Real Estate,25
884995b86dfffff,Retail,228
884995b86dfffff,Transportation,7
884995b86dfffff,Wholesale,61
884995b889fffff,Art/Culture,34
884995b889fffff,Business Support,8
884995b889fffff,Education,718
884995b889fffff,Financial,334
884995b889fffff,Health,7
884995b889fffff,Hospitality,54
884995b889fffff,Manufacturing,54
884995b889fffff,Professional Service,290
884995b889fffff,Public Administration,175
884995b889fffff,Real Estate,1
884995b889fffff,Retail,245
884995b889fffff,Transportation,118
884995b889fffff,Wholesale,133
884995b88bfffff,Art/Culture,1
884995b88bfffff,Business Support,2
884995b88bfffff,Education,92
884995b88bfffff,Energy,6
884995b88bfffff,Financial,276
884995b88bfffff,Health,7
884995b88bfffff,Hospitality,15
884995b88bfffff,Information,12
884995b88bfffff,Manufacturing,6
884995b88bfffff,Public Administration,37
884995b88bfffff,Real Estate,1
884995b88bfffff,Retail,231
884995b88dfffff,Art/Culture,169
884995b88dfffff,Business Support,52
884995b88dfffff,Education,103
884995b88dfffff,Financial,313
884995b88dfffff,Health,36
884995b88dfffff,Hospitality,174
884995b88dfffff,Information,94
884995b88dfffff,Manufacturing,544
884995b88dfffff,Professional Service,564
884995b88dfffff,Public Administration,2
884995b88dfffff,Real Estate,1
884995b88dfffff,Retail,356
884995b88dfffff,Transportation,3666
884995b88dfffff,Wholesale,760
884995b899fffff,Art/Culture,4
884995b899fffff,Business Support,3
884995b899fffff,Construction,1
884995b899fffff,Education,144
884995b899fffff,Financial,1
884995b899fffff,Health,51
884995b899fffff,Hospitality,45
884995b899fffff,Information,7
884995b899fffff,Manufacturing,21
884995b899fffff,Professional Service,5
884995b899fffff,Public Administration,1
884995b899fffff,Real Estate,1
884995b899fffff,Retail,142
884995b899fffff,Transportation,1
884995b899fffff,Wholesale,13
884995b8a1fffff,Art/Culture,10
884995b8a1fffff,Business Support,13
884995b8a1fffff,Construction,12
884995b8a1fffff,Education,169
884995b8a1fffff,Financial,28
884995b8a1fffff,Health,89
884995b8a1fffff,Hospitality,177
884995b8a1fffff,Information,2
884995b8a1fffff,Manufacturing,159
884995b8a1fffff,Professional Service,18
884995b8a1fffff,Public Administration,12
884995b8a1fffff,Real Estate,5
884995b8a1fffff,Retail,408
884995b8a1fffff,Transportation,264
884995b8a1fffff,Wholesale,57
884995b8a3fffff,Art/Culture,7
884995b8a3fffff,Business Support,2
884995b8a3fffff,Construction,19
884995b8a3fffff,Education,137
884995b8a3fffff,Financial,17
884995b8a3fffff,Health,32
884995b8a3fffff,Hospitality,102
884995b8a3fffff,Manufacturing,564
884995b8a3fffff,Professional Service,11
884995b8a3fffff,Public Administration,13
884995b8a3fffff,Real Estate,6
884995b8a3fffff,Retail,464
884995b8a3fffff,Transportation,393
884995b8a3fffff,Wholesale,402
884995b8a5fffff,Art/Culture,16
884995b8a5fffff,Business Support,6
884995b8a5fffff,Construction,18
884995b8a5fffff,Education,547
884995b8a5fffff,Financial,17
884995b8a5fffff,Health,33
884995b8a5fffff,Hospitality,45
884995b8a5fffff,Information,1
884995b8a5fffff,Manufacturing,540
884995b8a5fffff,Professional Service,3
884995b8a5fffff,Public Administration,8
884995b8a5fffff,Real Estate,17
884995b8a5fffff,Retail,106
884995b8a5fffff,Transportation,19
884995b8a5fffff,Wholesale,122
884995b8a7fffff,Art/Culture,4
884995b8a7fffff,Business Support,15
884995b8a7fffff,Construction,27
884995b8a7fffff,Education,167
884995b8a7fffff,Energy,1
884995b8a7fffff,Financial,2
884995b8a7fffff,Health,45
884995b8a7fffff,Hospitality,44
884995b8a7fffff,Information,2
884995b8a7fffff,Manufacturing,23
884995b8a7fffff,Professional Service,6
884995b8a7fffff,Real Estate,8
884995b8a7fffff,Retail,108
884995b8a7fffff,Wholesale,2
884995b8adfffff,Art/Culture,7
884995b8adfffff,Business Support,70
884995b8adfffff,Construction,33
884995b8adfffff,Education,55
884995b8adfffff,Financial,20
884995b8adfffff,Health,20
884995b8adfffff,Hospitality,165
884995b8adfffff,Manufacturing,1554
884995b8adfffff,Professional Service,14
884995b8adfffff,Public Administration,24
884995b8adfffff,Real Estate,2
884995b8adfffff,Retail,499
884995b8adfffff,Transportation,1506
884995b8adfffff,Wholesale,919
884995b8bdfffff,Art/Culture,3
884995b8bdfffff,Business Support,70
884995b8bdfffff,Construction,12
884995b8bdfffff,Education,118
884995b8bdfffff,Energy,7
884995b8bdfffff,Financial,4
884995b8bdfffff,Health,27
884995b8bdfffff,Hospitality,400
884995b8bdfffff,Manufacturing,274
884995b8bdfffff,Professional Service,12
884995b8bdfffff,Public Administration,6
884995b8bdfffff,Real Estate,4
884995b8bdfffff,Retail,410
884995b8bdfffff,Transportation,9
884995b8bdfffff,Wholesale,140
884995b8c1fffff,Art/Culture,24
884995b8c1fffff,Business Support,330
884995b8c1fffff,Construction,8
884995b8c1fffff,Education,268
884995b8c1fffff,Financial,153
884995b8c1fffff,Health,427
884995b8c1fffff,Hospitality,279
884995b8c1fffff,Information,193
884995b8c1fffff,Manufacturing,517
884995b8c1fffff,Professional Service,120
884995b8c1fffff,Public Administration,1697
884995b8c1fffff,Real Estate,23
884995b8c1fffff,Retail,856
884995b8c1fffff,Transportation,93
884995b8c1fffff,Wholesale,502
884995b8c3fffff,Art/Culture,4
884995b8c3fffff,Business Support,65
884995b8c3fffff,Construction,12
884995b8c3fffff,Education,124
884995b8c3fffff,Financial,2
884995b8c3fffff,Health,74
884995b8c3fffff,Hospitality,97
884995b8c3fffff,Information,1
884995b8c3fffff,Manufacturing,394
884995b8c3fffff,Professional Service,17
884995b8c3fffff,Public Administration,57
884995b8c3fffff,Real Estate,4
884995b8c3fffff,Retail,389
884995b8c3fffff,Transportation,128
884995b8c3fffff,Wholesale,103
884995b8c7fffff,Art/Culture,19
884995b8c7fffff,Business Support,182
884995b8c7fffff,Construction,2
884995b8c7fffff,Education,343
884995b8c7fffff,Financial,16
884995b8c7fffff,Health,142
884995b8c7fffff,Hospitality,125
884995b8c7fffff,Information,23
884995b8c7fffff,Manufacturing,415
884995b8c7fffff,Professional Service,277
884995b8c7fffff,Public Administration,274
884995b8c7fffff,Real Estate,18
884995b8c7fffff,Retail,387
884995b8c7fffff,Transportation,2
884995b8c7fffff,Wholesale,75
884995b8c9fffff,Art/Culture,53
884995b8c9fffff,Business Support,610
884995b8c9fffff,Construction,99
884995b8c9fffff,Education,294
884995b8c9fffff,Energy,6
884995b8c9fffff,Financial,140
884995b8c9fffff,Health,326
884995b8c9fffff,Hospitality,526
884995b8c9fffff,Information,598
884995b8c9fffff,Manufacturing,447
884995b8c9fffff,Professional Service,71
884995b8c9fffff,Public Administration,104
884995b8c9fffff,Real Estate,18
884995b8c9fffff,Retail,876
884995b8c9fffff,Transportation,63
884995b8c9fffff,Wholesale,225
884995b8cbfffff,Art/Culture,13
884995b8cbfffff,Business Support,363
884995b8cbfffff,Construction,127
884995b8cbfffff,Education,221
884995b8cbfffff,Financial,23
884995b8cbfffff,Health,167
884995b8cbfffff,Hospitality,284
884995b8cbfffff,Information,1
884995b8cbfffff,Manufacturing,761
884995b8cbfffff,Professional Service,38
884995b8cbfffff,Public Administration,353
884995b8cbfffff,Real Estate,17
884995b8cbfffff,Retail,425
884995b8cbfffff,Transportation,2
884995b8cbfffff,Wholesale,552
884995b8cdfffff,Art/Culture,1
884995b8cdfffff,Business Support,71
884995b8cdfffff,Construction,621
884995b8cdfffff,Education,510
884995b8cdfffff,Energy,2
884995b8cdfffff,Health,81
884995b8cdfffff,Hospitality,127
884995b8cdfffff,Information,19
884995b8cdfffff,Manufacturing,331
884995b8cdfffff,Professional Service,88
884995b8cdfffff,Public Administration,1
884995b8cdfffff,Real Estate,59
884995b8cdfffff,Retail,219
884995b8cdfffff,Transportation,146
884995b8cdfffff,Wholesale,119
884995b8d1fffff,Art/Culture,51
884995b8d1fffff,Business Support,61
884995b8d1fffff,Construction,1
884995b8d1fffff,Corporate,6
884995b8d1fffff,Education,529
884995b8d1fffff,Energy,1
884995b8d1fffff,Financial,32
884995b8d1fffff,Health,352
884995b8d1fffff,Hospitality,428
884995b8d1fffff,Information,104
884995b8d1fffff,Manufacturing,121
884995b8d1fffff,Professional Service,58
884995b8d1fffff,Public Administration,53
884995b8d1fffff,Real Estate,20
884995b8d1fffff,Retail,1542
884995b8d1fffff,Transportation,3
884995b8d1fffff,Wholesale,28
884995b8d3fffff,Art/Culture,40
884995b8d3fffff,Business Support,71
884995b8d3fffff,Construction,2
884995b8d3fffff,Education,325
884995b8d3fffff,Financial,42
884995b8d3fffff,Health,336
884995b8d3fffff,Hospitality,392
884995b8d3fffff,Information,12
884995b8d3fffff,Manufacturing,16
884995b8d3fffff,Professional Service,30
884995b8d3fffff,Public Administration,288
884995b8d3fffff,Real Estate,26
884995b8d3fffff,Retail,477
884995b8d3fffff,Transportation,6
884995b8d3fffff,Wholesale,15
884995b8d5fffff,Art/Culture,2
884995b8d5fffff,Business Support,605
884995b8d5fffff,Construction,88
884995b8d5fffff,Education,70
884995b8d5fffff,Financial,7
884995b8d5fffff,Health,162
884995b8d5fffff,Hospitality,46
884995b8d5fffff,Information,55
884995b8d5fffff,Manufacturing,1166
884995b8d5fffff,Professional Service,130
884995b8d5fffff,Public Administration,7
884995b8d5fffff,Real Estate,3
884995b8d5fffff,Retail,263
884995b8d5fffff,Transportation,660
884995b8d5fffff,Wholesale,271
884995b8d7fffff,Art/Culture,9
884995b8d7fffff,Business Support,4
884995b8d7fffff,Construction,4
884995b8d7fffff,Education,201
884995b8d7fffff,Energy,1
884995b8d7fffff,Financial,13
884995b8d7fffff,Health,39
884995b8d7fffff,Hospitality,72
884995b8d7fffff,Information,12
884995b8d7fffff,Manufacturing,14
884995b8d7fffff,Professional Service,5
884995b8d7fffff,Real Estate,2
884995b8d7fffff,Retail,315
884995b8d7fffff,Transportation,114
884995b8d7fffff,Wholesale,288
884995b8d9fffff,Art/Culture,3
884995b8d9fffff,Business Support,12
884995b8d9fffff,Construction,1
884995b8d9fffff,Education,470
884995b8d9fffff,Financial,2
884995b8d9fffff,Health,29
884995b8d9fffff,Hospitality,128
884995b8d9fffff,Information,2
884995b8d9fffff,Manufacturing,258
884995b8d9fffff,Professional Service,23
884995b8d9fffff,Public Administration,68
884995b8d9fffff,Real Estate,15
884995b8d9fffff,Retail,282
884995b8d9fffff,Wholesale,166
884995b8dbfffff,Art/Culture,106
884995b8dbfffff,Construction,12
884995b8dbfffff,Education,68
884995b8dbfffff,Health,31
884995b8dbfffff,Hospitality,73
884995b8dbfffff,Information,114
884995b8dbfffff,Manufacturing,322
884995b8dbfffff,Professional Service,179
884995b8dbfffff,Public Administration,125
884995b8dbfffff,Real Estate,64
884995b8dbfffff,Retail,70
884995b8dbfffff,Transportation,12
884995b8dbfffff,Wholesale,262
884995b8ddfffff,Art/Culture,9
884995b8ddfffff,Business Support,66
884995b8ddfffff,Corporate,1
884995b8ddfffff,Education,119
884995b8ddfffff,Financial,27
884995b8ddfffff,Health,113
884995b8ddfffff,Hospitality,127
884995b8ddfffff,Manufacturing,181
884995b8ddfffff,Professional Service,21
884995b8ddfffff,Public Administration,69
884995b8ddfffff,Real Estate,27
884995b8ddfffff,Retail,371
884995b8ddfffff,Transportation,13
884995b8ddfffff,Wholesale,137
884995b8e3fffff,Business Support,510
884995b8e3fffff,Financial,27
884995b8e3fffff,Health,32
884995b8e3fffff,Hospitality,17
884995b8e3fffff,Information,55
884995b8e3fffff,Manufacturing,1742
884995b8e3fffff,Professional Service,1
884995b8e3fffff,Public Administration,114
884995b8e3fffff,Real Estate,7
884995b8e3fffff,Retail,292
884995b8e3fffff,Transportation,56
884995b8e3fffff,Wholesale,661
884995b8e5fffff,Art/Culture,21
884995b8e5fffff,Business Support,121
884995b8e5fffff,Construction,1
884995b8e5fffff,Education,196
884995b8e5fffff,Financial,5
884995b8e5fffff,Health,90
884995b8e5fffff,Hospitality,155
884995b8e5fffff,Information,114
884995b8e5fffff,Manufacturing,962
884995b8e5fffff,Professional Service,61
884995b8e5fffff,Public Administration,134
884995b8e5fffff,Real Estate,16
884995b8e5fffff,Retail,605
884995b8e5fffff,Transportation,95
884995b8e5fffff,Wholesale,740
884995b8e7fffff,Art/Culture,13
884995b8e7fffff,Business Support,1175
884995b8e7fffff,Construction,4
884995b8e7fffff,Education,84
884995b8e7fffff,Energy,3
884995b8e7fffff,Financial,49
884995b8e7fffff,Health,33
884995b8e7fffff,Hospitality,98
884995b8e7fffff,Manufacturing,273
884995b8e7fffff,Professional Service,2
884995b8e7fffff,Public Administration,32
884995b8e7fffff,Real Estate,9
884995b8e7fffff,Retail,1023
884995b8e7fffff,Transportation,205
884995b8e7fffff,Wholesale,742
884995b8edfffff,Art/Culture,71
884995b8edfffff,Business Support,1795
884995b8edfffff,Construction,73
884995b8edfffff,Education,14
884995b8edfffff,Energy,2
884995b8edfffff,Financial,186
884995b8edfffff,Health,6
884995b8edfffff,Hospitality,903
884995b8edfffff,Information,420
884995b8edfffff,Manufacturing,6612
884995b8edfffff,Professional Service,948
884995b8edfffff,Public Administration,419
884995b8edfffff,Real Estate,175
884995b8edfffff,Retail,3554
884995b8edfffff,Transportation,500
884995b8edfffff,Wholesale,2897
884995b901fffff,Art/Culture,440
884995b901fffff,Business Support,11
884995b901fffff,Construction,12
884995b901fffff,Education,777
884995b901fffff,Financial,15
884995b901fffff,Health,357
884995b901fffff,Hospitality,169
884995b901fffff,Information,24
884995b901fffff,Manufacturing,46
884995b901fffff,Professional Service,66
884995b901fffff,Public Administration,220
884995b901fffff,Real Estate,9
884995b901fffff,Retail,279
884995b901fffff,Transportation,78
884995b901fffff,Wholesale,24
884995b903fffff,Art/Culture,38
884995b903fffff,Business Support,11
884995b903fffff,Construction,2
884995b903fffff,Education,136
884995b903fffff,Financial,27
884995b903fffff,Health,376
884995b903fffff,Hospitality,167
884995b903fffff,Manufacturing,95
884995b903fffff,Professional Service,20
884995b903fffff,Public Administration,341
884995b903fffff,Real Estate,104
884995b903fffff,Retail,419
884995b903fffff,Transportation,334
884995b903fffff,Wholesale,59
884995b907fffff,Art/Culture,2
884995b907fffff,Business Support,58
884995b907fffff,Construction,1
884995b907fffff,Education,294
884995b907fffff,Health,61
884995b907fffff,Hospitality,151
884995b907fffff,Information,6
884995b907fffff,Manufacturing,57
884995b907fffff,Professional Service,10
884995b907fffff,Public Administration,15
884995b907fffff,Real Estate,2
884995b907fffff,Retail,239
884995b907fffff,Wholesale,4
884995b90dfffff,Art/Culture,6
884995b90dfffff,Business Support,7
884995b90dfffff,Construction,2
884995b90dfffff,Education,299
884995b90dfffff,Health,48
884995b90dfffff,Hospitality,90
884995b90dfffff,Manufacturing,42
884995b90dfffff,Professional Service,23
884995b90dfffff,Public Administration,116
884995b90dfffff,Real Estate,9
884995b90dfffff,Retail,155
884995b90dfffff,Transportation,178
884995b90dfffff,Wholesale,6
884995b911fffff,Art/Culture,7
884995b911fffff,Business Support,116
884995b911fffff,Construction,558
884995b911fffff,Education,72
884995b911fffff,Energy,12
884995b911fffff,Financial,15
884995b911fffff,Health,696
884995b911fffff,Hospitality,260
884995b911fffff,Information,14
884995b911fffff,Manufacturing,381
884995b911fffff,Professional Service,2
884995b911fffff,Public Administration,63
884995b911fffff,Retail,472
884995b911fffff,Wholesale,81
884995b913fffff,Art/Culture,8
884995b913fffff,Business Support,22
884995b913fffff,Construction,1
884995b913fffff,Education,439
884995b913fffff,Financial,33
884995b913fffff,Health,371
884995b913fffff,Hospitality,105
884995b913fffff,Information,13
884995b913fffff,Manufacturing,379
884995b913fffff,Professional Service,13
884995b913fffff,Public Administration,486
884995b913fffff,Real Estate,11
884995b913fffff,Retail,310
884995b913fffff,Transportation,13
884995b913fffff,Wholesale,198
884995b915fffff,Art/Culture,24
884995b915fffff,Business Support,10
884995b915fffff,Construction,2
884995b915fffff,Education,335
884995b915fffff,Financial,84
884995b915fffff,Health,109
884995b915fffff,Hospitality,206
884995b915fffff,Information,1
884995b915fffff,Manufacturing,162
884995b915fffff,Professional Service,296
884995b915fffff,Public Administration,1
884995b915fffff,Real Estate,12
884995b915fffff,Retail,579
884995b915fffff,Transportation,12
884995b915fffff,Wholesale,32
884995b917fffff,Art/Culture,11
884995b917fffff,Business Support,120
884995b917fffff,Education,233
884995b917fffff,Energy,273
884995b917fffff,Financial,92
884995b917fffff,Health,40
884995b917fffff,Hospitality,163
884995b917fffff,Information,33
884995b917fffff,Manufacturing,15
884995b917fffff,Professional Service,116
884995b917fffff,Public Administration,199
884995b917fffff,Real Estate,5
884995b917fffff,Retail,293
884995b917fffff,Transportation,55
884995b919fffff,Art/Culture,25
884995b919fffff,Business Support,4
884995b919fffff,Construction,8
884995b919fffff,Education,122
884995b919fffff,Energy,12
884995b919fffff,Financial,6
884995b919fffff,Health,97
884995b919fffff,Hospitality,208
884995b919fffff,Manufacturing,179
884995b919fffff,Professional Service,55
884995b919fffff,Public Administration,134
884995b919fffff,Real Estate,19
884995b919fffff,Retail,500
884995b919fffff,Transportation,283
884995b919fffff,Wholesale,42
884995b91bfffff,Art/Culture,2
884995b91bfffff,Business Support,7
884995b91bfffff,Construction,12
884995b91bfffff,Education,130
884995b91bfffff,Financial,7
884995b91bfffff,Health,30
884995b91bfffff,Hospitality,40
884995b91bfffff,Information,12
884995b91bfffff,Manufacturing,1456
884995b91bfffff,Professional Service,6
884995b91bfffff,Public Administration,84
884995b91bfffff,Real Estate,2
884995b91bfffff,Retail,1055
884995b91bfffff,Transportation,218
884995b91bfffff,Wholesale,723
884995b91dfffff,Art/Culture,4
884995b91dfffff,Business Support,11
884995b91dfffff,Construction,24
884995b91dfffff,Education,310
884995b91dfffff,Financial,2
884995b91dfffff,Health,34
884995b91dfffff,Hospitality,59
884995b91dfffff,Manufacturing,91
884995b91dfffff,Professional Service,6
884995b91dfffff,Real Estate,15
884995b91dfffff,Retail,193
884995b91dfffff,Transportation,137
884995b91dfffff,Wholesale,58
884995b929fffff,Art/Culture,14
884995b929fffff,Business Support,7
884995b929fffff,Education,262
884995b929fffff,Financial,1
884995b929fffff,Health,24
884995b929fffff,Hospitality,54
884995b929fffff,Manufacturing,4
884995b929fffff,Public Administration,306
884995b929fffff,Real Estate,7
884995b929fffff,Retail,212
884995b929fffff,Transportation,13
884995b929fffff,Wholesale,4
884995b92bfffff,Art/Culture,7
884995b92bfffff,Business Support,22
884995b92bfffff,Education,603
884995b92bfffff,Financial,1
884995b92bfffff,Health,40
884995b92bfffff,Hospitality,143
884995b92bfffff,Information,1
884995b92bfffff,Manufacturing,34
884995b92bfffff,Professional Service,10
884995b92bfffff,Public Administration,8
884995b92bfffff,Real Estate,15
884995b92bfffff,Retail,264
884995b92bfffff,Transportation,1
884995b92bfffff,Wholesale,1
884995b931fffff,Art/Culture,6
884995b931fffff,Business Support,11
884995b931fffff,Construction,61
884995b931fffff,Education,306
884995b931fffff,Energy,1
884995b931fffff,Financial,53
884995b931fffff,Health,75
884995b931fffff,Hospitality,162
884995b931fffff,Manufacturing,123
884995b931fffff,Professional Service,15
884995b931fffff,Public Administration,309
884995b931fffff,Real Estate,20
884995b931fffff,Retail,571
884995b931fffff,Transportation,14
884995b931fffff,Wholesale,47
884995b933fffff,Art/Culture,14
884995b933fffff,Business Support,17
884995b933fffff,Construction,1
884995b933fffff,Education,265
884995b933fffff,Financial,53
884995b933fffff,Health,210
884995b933fffff,Hospitality,186
884995b933fffff,Information,1
884995b933fffff,Manufacturing,227
884995b933fffff,Professional Service,39
884995b933fffff,Public Administration,55
884995b933fffff,Real Estate,24
884995b933fffff,Retail,828
884995b933fffff,Transportation,15
884995b933fffff,Wholesale,116
884995b937fffff,Art/Culture,10
884995b937fffff,Business Support,8
884995b937fffff,Construction,1
884995b937fffff,Education,96
884995b937fffff,Financial,1
884995b937fffff,Health,38
884995b937fffff,Hospitality,87
884995b937fffff,Manufacturing,162
884995b937fffff,Professional Service,10
884995b937fffff,Public Administration,6
884995b937fffff,Real Estate,7
884995b937fffff,Retail,411
884995b937fffff,Transportation,1
884995b937fffff,Wholesale,136
884995b939fffff,Art/Culture,60
884995b939fffff,Business Support,3
884995b939fffff,Education,202
884995b939fffff,Financial,14
884995b939fffff,Health,81
884995b939fffff,Hospitality,48
884995b939fffff,Information,1
884995b939fffff,Manufacturing,53
884995b939fffff,Professional Service,10
884995b939fffff,Public Administration,260
884995b939fffff,Real Estate,7
884995b939fffff,Retail,202
884995b939fffff,Wholesale,50
884995b93bfffff,Art/Culture,19
884995b93bfffff,Business Support,14
884995b93bfffff,Construction,7
884995b93bfffff,Education,240
884995b93bfffff,Health,115
884995b93bfffff,Hospitality,78
884995b93bfffff,Information,1
884995b93bfffff,Manufacturing,157
884995b93bfffff,Professional Service,11
884995b93bfffff,Public Administration,13
884995b93bfffff,Real Estate,25
884995b93bfffff,Retail,247
884995b93bfffff,Transportation,13
884995b93bfffff,Wholesale,50
884995b93dfffff,Art/Culture,14
884995b93dfffff,Business Support,10
884995b93dfffff,Construction,13
884995b93dfffff,Education,310
884995b93dfffff,Financial,4
884995b93dfffff,Health,190
884995b93dfffff,Hospitality,141
884995b93dfffff,Information,6
884995b93dfffff,Manufacturing,115
884995b93dfffff,Professional Service,10
884995b93dfffff,Public Administration,10
884995b93dfffff,Real Estate,16
884995b93dfffff,Retail,387
884995b93dfffff,Transportation,307
884995b93dfffff,Wholesale,30
884995b941fffff,Art/Culture,3
884995b941fffff,Business Support,767
884995b941fffff,Education,13
884995b941fffff,Financial,118
884995b941fffff,Health,20
884995b941fffff,Hospitality,1280
884995b941fffff,Information,14
884995b941fffff,Manufacturing,34
884995b941fffff,Professional Service,43
884995b941fffff,Real Estate,89
884995b941fffff,Retail,679
884995b941fffff,Transportation,4412
884995b941fffff,Wholesale,39
884995b943fffff,Art/Culture,41
884995b943fffff,Business Support,82
884995b943fffff,Construction,36
884995b943fffff,Education,99
884995b943fffff,Financial,3
884995b943fffff,Health,63
884995b943fffff,Hospitality,124
884995b943fffff,Information,1
884995b943fffff,Manufacturing,75
884995b943fffff,Professional Service,25
884995b943fffff,Public Administration,92
884995b943fffff,Real Estate,4
884995b943fffff,Retail,331
884995b943fffff,Transportation,1037
884995b943fffff,Wholesale,68
884995b94bfffff,Art/Culture,9
884995b94bfffff,Business Support,395
884995b94bfffff,Construction,65
884995b94bfffff,Education,282
884995b94bfffff,Financial,14
884995b94bfffff,Health,104
884995b94bfffff,Hospitality,896
884995b94bfffff,Information,285
884995b94bfffff,Manufacturing,492
884995b94bfffff,Professional Service,4
884995b94bfffff,Public Administration,146
884995b94bfffff,Real Estate,63
884995b94bfffff,Retail,255
884995b94bfffff,Transportation,1508
884995b94bfffff,Wholesale,107
884995b951fffff,Art/Culture,21
884995b951fffff,Business Support,67
884995b951fffff,Construction,1
884995b951fffff,Education,138
884995b951fffff,Energy,1
884995b951fffff,Financial,15
884995b951fffff,Health,185
884995b951fffff,Hospitality,111
884995b951fffff,Information,1
884995b951fffff,Manufacturing,167
884995b951fffff,Professional Service,7
884995b951fffff,Public Administration,31
884995b951fffff,Real Estate,3
884995b951fffff,Retail,452
884995b951fffff,Transportation,32
884995b951fffff,Wholesale,12
884995b953fffff,Art/Culture,9
884995b953fffff,Business Support,7
884995b953fffff,Construction,18
884995b953fffff,Education,144
884995b953fffff,Financial,2
884995b953fffff,Health,63
884995b953fffff,Hospitality,188
884995b953fffff,Manufacturing,100
884995b953fffff,Professional Service,35
884995b953fffff,Public Administration,7
884995b953fffff,Real Estate,16
884995b953fffff,Retail,550
884995b953fffff,Transportation,3
884995b953fffff,Wholesale,164
884995b955fffff,Art/Culture,5
884995b955fffff,Business Support,59
884995b955fffff,Construction,1
884995b955fffff,Education,188
884995b955fffff,Health,52
884995b955fffff,Hospitality,97
884995b955fffff,Manufacturing,99
884995b955fffff,Professional Service,42
884995b955fffff,Public Administration,58
884995b955fffff,Real Estate,5
884995b955fffff,Retail,212
884995b955fffff,Transportation,48
884995b955fffff,Wholesale,16
884995b957fffff,Art/Culture,45
884995b957fffff,Business Support,40
884995b957fffff,Education,68
884995b957fffff,Energy,12
884995b957fffff,Financial,4
884995b957fffff,Health,385
884995b957fffff,Hospitality,80
884995b957fffff,Information,1
884995b957fffff,Manufacturing,66
884995b957fffff,Professional Service,29
884995b957fffff,Public Administration,331
884995b957fffff,Real Estate,8
884995b957fffff,Retail,189
884995b957fffff,Transportation,6
884995b957fffff,Wholesale,1
884995b959fffff,Art/Culture,5
884995b959fffff,Business Support,7
884995b959fffff,Construction,20
884995b959fffff,Education,135
884995b959fffff,Energy,1
884995b959fffff,Financial,3
884995b959fffff,Health,84
884995b959fffff,Hospitality,199
884995b959fffff,Information,6
884995b959fffff,Manufacturing,146
884995b959fffff,Professional Service,9
884995b959fffff,Public Administration,106
884995b959fffff,Real Estate,10
884995b959fffff,Retail,590
884995b959fffff,Transportation,59
884995b959fffff,Wholesale,38
884995b95bfffff,Art/Culture,10
884995b95bfffff,Business Support,409
884995b95bfffff,Construction,19
884995b95bfffff,Education,317
884995b95bfffff,Financial,15
884995b95bfffff,Health,329
884995b95bfffff,Hospitality,253
884995b95bfffff,Manufacturing,235
884995b95bfffff,Professional Service,38
884995b95bfffff,Public Administration,4
884995b95bfffff,Real Estate,10
884995b95bfffff,Retail,956
884995b95bfffff,Transportation,53
884995b95bfffff,Wholesale,140
884995b95dfffff,Art/Culture,15
884995b95dfffff,Business Support,135
884995b95dfffff,Construction,26
884995b95dfffff,Education,192
884995b95dfffff,Financial,15
884995b95dfffff,Health,163
884995b95dfffff,Hospitality,213
884995b95dfffff,Information,8
884995b95dfffff,Manufacturing,345
884995b95dfffff,Professional Service,15
884995b95dfffff,Public Administration,13
884995b95dfffff,Real Estate,17
884995b95dfffff,Retail,426
884995b95dfffff,Transportation,85
884995b95dfffff,Wholesale,35
884995b961fffff,Art/Culture,1
884995b961fffff,Business Support,25
884995b961fffff,Construction,6
884995b961fffff,Education,101
884995b961fffff,Financial,1
884995b961fffff,Health,26
884995b961fffff,Hospitality,86
884995b961fffff,Information,7
884995b961fffff,Manufacturing,75
884995b961fffff,Professional Service,10
884995b961fffff,Public Administration,2
884995b961fffff,Real Estate,2
884995b961fffff,Retail,248
884995b961fffff,Transportation,40
884995b961fffff,Wholesale,23
884995b963fffff,Art/Culture,9
884995b963fffff,Business Support,9
884995b963fffff,Construction,2
884995b963fffff,Education,892
884995b963fffff,Financial,6
884995b963fffff,Health,57
884995b963fffff,Hospitality,135
884995b963fffff,Information,18
884995b963fffff,Manufacturing,34
884995b963fffff,Professional Service,5
884995b963fffff,Public Administration,886
884995b963fffff,Real Estate,4
884995b963fffff,Retail,255
884995b963fffff,Transportation,36
884995b963fffff,Wholesale,4
884995b969fffff,Art/Culture,27
884995b969fffff,Business Support,31
884995b969fffff,Corporate,1
884995b969fffff,Education,256
884995b969fffff,Energy,6
884995b969fffff,Financial,416
884995b969fffff,Health,120
884995b969fffff,Hospitality,2158
884995b969fffff,Information,25
884995b969fffff,Manufacturing,36
884995b969fffff,Professional Service,47
884995b969fffff,Public Administration,760
884995b969fffff,Real Estate,461
884995b969fffff,Retail,922
884995b969fffff,Transportation,3616
884995b969fffff,Wholesale,115
884995b96bfffff,Construction,2
884995b96bfffff,Education,100
884995b96bfffff,Financial,15
884995b96bfffff,Health,44
884995b96bfffff,Hospitality,66
884995b96bfffff,Information,6
884995b96bfffff,Manufacturing,149
884995b96bfffff,Professional Service,11
884995b96bfffff,Public Administration,1
884995b96bfffff,Real Estate,171
884995b96bfffff,Retail,101
884995b96bfffff,Transportation,1009
884995b96bfffff,Wholesale,8
884995b96dfffff,Art/Culture,61
884995b96dfffff,Business Support,16
884995b96dfffff,Education,188
884995b96dfffff,Energy,6
884995b96dfffff,Health,33
884995b96dfffff,Hospitality,52
884995b96dfffff,Information,7
884995b96dfffff,Manufacturing,21
884995b96dfffff,Professional Service,3
884995b96dfffff,Public Administration,246
884995b96dfffff,Real Estate,2
884995b96dfffff,Retail,225
884995b96dfffff,Wholesale,1
884995b98bfffff,Art/Culture,16
884995b98bfffff,Business Support,144
884995b98bfffff,Construction,33
884995b98bfffff,Education,677
884995b98bfffff,Financial,25
884995b98bfffff,Health,19
884995b98bfffff,Hospitality,67
884995b98bfffff,Information,51
884995b98bfffff,Manufacturing,466
884995b98bfffff,Professional Service,1
884995b98bfffff,Public Administration,170
884995b98bfffff,Retail,273
884995b98bfffff,Transportation,57
884995b98bfffff,Wholesale,125
884995b98dfffff,Art/Culture,8
884995b98dfffff,Business Support,2
884995b98dfffff,Education,30
884995b98dfffff,Energy,2
884995b98dfffff,Health,3
884995b98dfffff,Hospitality,5
884995b98dfffff,Manufacturing,22
884995b98dfffff,Professional Service,1
884995b98dfffff,Real Estate,1
884995b98dfffff,Retail,92
884995b98dfffff,Wholesale,1
884995b991fffff,Art/Culture,2
884995b991fffff,Business Support,2
884995b991fffff,Energy,2
884995b991fffff,Hospitality,3
884995b991fffff,Manufacturing,8
884995b991fffff,Retail,64
884995b993fffff,Art/Culture,7
884995b993fffff,Business Support,5
884995b993fffff,Education,266
884995b993fffff,Financial,19
884995b993fffff,Health,29
884995b993fffff,Hospitality,35
884995b993fffff,Manufacturing,38
884995b993fffff,Professional Service,6
884995b993fffff,Public Administration,31
884995b993fffff,Retail,302
884995b993fffff,Wholesale,18
884995b99bfffff,Art/Culture,21
884995b99bfffff,Business Support,34
884995b99bfffff,Construction,35
884995b99bfffff,Education,445
884995b99bfffff,Energy,1
884995b99bfffff,Financial,57
884995b99bfffff,Health,153
884995b99bfffff,Hospitality,148
884995b99bfffff,Manufacturing,182
884995b99bfffff,Professional Service,60
884995b99bfffff,Public Administration,559
884995b99bfffff,Real Estate,10
884995b99bfffff,Retail,547
884995b99bfffff,Transportation,65
884995b99bfffff,Wholesale,54
884995b99dfffff,Art/Culture,12
884995b99dfffff,Business Support,7
884995b99dfffff,Construction,36
884995b99dfffff,Education,280
884995b99dfffff,Energy,2
884995b99dfffff,Financial,16
884995b99dfffff,Health,64
884995b99dfffff,Hospitality,132
884995b99dfffff,Information,13
884995b99dfffff,Manufacturing,258
884995b99dfffff,Professional Service,122
884995b99dfffff,Public Administration,20
884995b99dfffff,Real Estate,10
884995b99dfffff,Retail,447
884995b99dfffff,Transportation,95
884995b99dfffff,Wholesale,107
884995b9c1fffff,Art/Culture,76
884995b9c1fffff,Business Support,2
884995b9c1fffff,Construction,1
884995b9c1fffff,Education,457
884995b9c1fffff,Financial,25
884995b9c1fffff,Health,353
884995b9c1fffff,Hospitality,95
884995b9c1fffff,Manufacturing,50
884995b9c1fffff,Professional Service,4
884995b9c1fffff,Public Administration,32
884995b9c1fffff,Real Estate,9
884995b9c1fffff,Retail,441
884995b9c1fffff,Wholesale,14
884995b9c3fffff,Art/Culture,26
884995b9c3fffff,Business Support,16
884995b9c3fffff,Construction,79
884995b9c3fffff,Education,399
884995b9c3fffff,Energy,32
884995b9c3fffff,Financial,4
884995b9c3fffff,Health,241
884995b9c3fffff,Hospitality,372
884995b9c3fffff,Manufacturing,85
884995b9c3fffff,Professional Service,101
884995b9c3fffff,Public Administration,41
884995b9c3fffff,Real Estate,18
884995b9c3fffff,Retail,495
884995b9c3fffff,Transportation,50
884995b9c3fffff,Wholesale,63
884995b9c5fffff,Art/Culture,8
884995b9c5fffff,Business Support,11
884995b9c5fffff,Education,205
884995b9c5fffff,Financial,41
884995b9c5fffff,Health,36
884995b9c5fffff,Hospitality,107
884995b9c5fffff,Manufacturing,213
884995b9c5fffff,Professional Service,12
884995b9c5fffff,Public Administration,9
884995b9c5fffff,Real Estate,14
884995b9c5fffff,Retail,372
884995b9c5fffff,Transportation,292
884995b9c5fffff,Wholesale,29
884995b9c7fffff,Art/Culture,7
884995b9c7fffff,Business Support,5
884995b9c7fffff,Construction,32
884995b9c7fffff,Education,288
884995b9c7fffff,Financial,1
884995b9c7fffff,Health,41
884995b9c7fffff,Hospitality,43
884995b9c7fffff,Information,1
884995b9c7fffff,Manufacturing,82
884995b9c7fffff,Professional Service,3
884995b9c7fffff,Public Administration,61
884995b9c7fffff,Real Estate,4
884995b9c7fffff,Retail,175
884995b9c7fffff,Transportation,32
884995b9c7fffff,Wholesale,150
884995b9c9fffff,Art/Culture,62
884995b9c9fffff,Business Support,599
884995b9c9fffff,Construction,26
884995b9c9fffff,Education,657
884995b9c9fffff,Financial,232
884995b9c9fffff,Health,302
884995b9c9fffff,Hospitality,786
884995b9c9fffff,Information,1
884995b9c9fffff,Manufacturing,115
884995b9c9fffff,Professional Service,269
884995b9c9fffff,Public Administration,202
884995b9c9fffff,Real Estate,14
884995b9c9fffff,Retail,1111
884995b9c9fffff,Transportation,588
884995b9c9fffff,Wholesale,86
884995b9cbfffff,Art/Culture,72
884995b9cbfffff,Business Support,405
884995b9cbfffff,Construction,88
884995b9cbfffff,Education,823
884995b9cbfffff,Financial,102
884995b9cbfffff,Health,981
884995b9cbfffff,Hospitality,804
884995b9cbfffff,Information,1
884995b9cbfffff,Manufacturing,35
884995b9cbfffff,Professional Service,237
884995b9cbfffff,Public Administration,273
884995b9cbfffff,Real Estate,24
884995b9cbfffff,Retail,590
884995b9cbfffff,Transportation,64
884995b9cbfffff,Wholesale,122
884995b9cdfffff,Art/Culture,19
884995b9cdfffff,Business Support,13
884995b9cdfffff,Construction,4
884995b9cdfffff,Education,427
884995b9cdfffff,Energy,6
884995b9cdfffff,Financial,48
884995b9cdfffff,Health,335
884995b9cdfffff,Hospitality,211
884995b9cdfffff,Information,18
884995b9cdfffff,Manufacturing,752
884995b9cdfffff,Professional Service,139
884995b9cdfffff,Public Administration,698
884995b9cdfffff,Real Estate,9
884995b9cdfffff,Retail,862
884995b9cdfffff,Transportation,409
884995b9cdfffff,Wholesale,251
884995b9d1fffff,Art/Culture,51
884995b9d1fffff,Business Support,1027
884995b9d1fffff,Construction,70
884995b9d1fffff,Education,2425
884995b9d1fffff,Energy,25
884995b9d1fffff,Financial,58
884995b9d1fffff,Health,20
884995b9d1fffff,Hospitality,570
884995b9d1fffff,Information,40
884995b9d1fffff,Manufacturing,871
884995b9d1fffff,Professional Service,555
884995b9d1fffff,Public Administration,13
884995b9d1fffff,Real Estate,7
884995b9d1fffff,Retail,1006
884995b9d1fffff,Transportation,279
884995b9d1fffff,Wholesale,419
884995b9d3fffff,Art/Culture,135
884995b9d3fffff,Business Support,4
884995b9d3fffff,Education,1771
884995b9d3fffff,Financial,34
884995b9d3fffff,Health,352
884995b9d3fffff,Hospitality,115
884995b9d3fffff,Information,85
884995b9d3fffff,Manufacturing,135
884995b9d3fffff,Professional Service,10
884995b9d3fffff,Public Administration,285
884995b9d3fffff,Real Estate,6
884995b9d3fffff,Retail,316
884995b9d3fffff,Wholesale,19
884995b9d5fffff,Art/Culture,37
884995b9d5fffff,Business Support,12
884995b9d5fffff,Construction,99
884995b9d5fffff,Education,929
884995b9d5fffff,Financial,23
884995b9d5fffff,Health,136
884995b9d5fffff,Hospitality,112
884995b9d5fffff,Manufacturing,34
884995b9d5fffff,Professional Service,39
884995b9d5fffff,Public Administration,132
884995b9d5fffff,Real Estate,54
884995b9d5fffff,Retail,333
884995b9d5fffff,Transportation,14
884995b9d5fffff,Wholesale,88
884995b9d7fffff,Art/Culture,6
884995b9d7fffff,Business Support,7
884995b9d7fffff,Construction,1
884995b9d7fffff,Education,1375
884995b9d7fffff,Energy,1
884995b9d7fffff,Financial,18
884995b9d7fffff,Health,8
884995b9d7fffff,Hospitality,107
884995b9d7fffff,Manufacturing,389
884995b9d7fffff,Professional Service,62
884995b9d7fffff,Public Administration,18
884995b9d7fffff,Real Estate,9
884995b9d7fffff,Retail,256
884995b9d7fffff,Wholesale,94
884995b9d9fffff,Art/Culture,9
884995b9d9fffff,Business Support,65
884995b9d9fffff,Construction,38
884995b9d9fffff,Education,1396
884995b9d9fffff,Financial,115
884995b9d9fffff,Health,173
884995b9d9fffff,Hospitality,406
884995b9d9fffff,Information,1
884995b9d9fffff,Manufacturing,27
884995b9d9fffff,Professional Service,12
884995b9d9fffff,Real Estate,23
884995b9d9fffff,Retail,204
884995b9d9fffff,Transportation,52
884995b9d9fffff,Wholesale,6
884995b9ddfffff,Art/Culture,33
884995b9ddfffff,Business Support,96
884995b9ddfffff,Construction,43
884995b9ddfffff,Education,1266
884995b9ddfffff,Financial,18
884995b9ddfffff,Health,165
884995b9ddfffff,Hospitality,223
884995b9ddfffff,Information,6
884995b9ddfffff,Manufacturing,50
884995b9ddfffff,Professional Service,142
884995b9ddfffff,Public Administration,30
884995b9ddfffff,Real Estate,27
884995b9ddfffff,Retail,355
884995b9ddfffff,Transportation,18
884995b9ddfffff,Wholesale,92
884995b9e1fffff,Art/Culture,18
884995b9e1fffff,Business Support,12
884995b9e1fffff,Construction,55
884995b9e1fffff,Education,290
884995b9e1fffff,Financial,80
884995b9e1fffff,Health,150
884995b9e1fffff,Hospitality,128
884995b9e1fffff,Manufacturing,246
884995b9e1fffff,Professional Service,8
884995b9e1fffff,Public Administration,179
884995b9e1fffff,Real Estate,18
884995b9e1fffff,Retail,590
884995b9e1fffff,Transportation,2
884995b9e1fffff,Wholesale,192
884995b9e3fffff,Art/Culture,48
884995b9e3fffff,Business Support,17
884995b9e3fffff,Education,612
884995b9e3fffff,Energy,1
884995b9e3fffff,Financial,4
884995b9e3fffff,Health,128
884995b9e3fffff,Hospitality,105
884995b9e3fffff,Information,1
884995b9e3fffff,Manufacturing,63
884995b9e3fffff,Professional Service,10
884995b9e3fffff,Public Administration,12
884995b9e3fffff,Real Estate,9
884995b9e3fffff,Retail,430
884995b9e3fffff,Transportation,273
884995b9e3fffff,Wholesale,2
884995b9e5fffff,Art/Culture,19
884995b9e5fffff,Business Support,10
884995b9e5fffff,Education,184
884995b9e5fffff,Financial,7
884995b9e5fffff,Health,146
884995b9e5fffff,Hospitality,110
884995b9e5fffff,Manufacturing,122
884995b9e5fffff,Professional Service,36
884995b9e5fffff,Public Administration,1
884995b9e5fffff,Real Estate,35
884995b9e5fffff,Retail,725
884995b9e5fffff,Transportation,1
884995b9e5fffff,Wholesale,60
884995b9e7fffff,Art/Culture,15
884995b9e7fffff,Business Support,4
884995b9e7fffff,Construction,1
884995b9e7fffff,Education,396
884995b9e7fffff,Energy,6
884995b9e7fffff,Health,46
884995b9e7fffff,Hospitality,57
884995b9e7fffff,Manufacturing,107
884995b9e7fffff,Professional Service,64
884995b9e7fffff,Real Estate,4
884995b9e7fffff,Retail,286
884995b9e7fffff,Wholesale,13
884995b9e9fffff,Art/Culture,10
884995b9e9fffff,Business Support,11
884995b9e9fffff,Construction,10
884995b9e9fffff,Education,199
884995b9e9fffff,Health,54
884995b9e9fffff,Hospitality,120
884995b9e9fffff,Information,1
884995b9e9fffff,Manufacturing,185
884995b9e9fffff,Professional Service,4
884995b9e9fffff,Public Administration,6
884995b9e9fffff,Real Estate,2
884995b9e9fffff,Retail,490
884995b9e9fffff,Transportation,2
884995b9e9fffff,Wholesale,36
884995b9ebfffff,Art/Culture,8
884995b9ebfffff,Business Support,4
884995b9ebfffff,Education,25
884995b9ebfffff,Health,5
884995b9ebfffff,Hospitality,15
884995b9ebfffff,Manufacturing,20
884995b9ebfffff,Professional Service,2
884995b9ebfffff,Real Estate,3
884995b9ebfffff,Retail,120
884995b9ebfffff,Wholesale,2
884995b9edfffff,Art/Culture,7
884995b9edfffff,Business Support,4
884995b9edfffff,Education,359
884995b9edfffff,Financial,2
884995b9edfffff,Health,65
884995b9edfffff,Hospitality,104
884995b9edfffff,Manufacturing,57
884995b9edfffff,Professional Service,11
884995b9edfffff,Public Administration,37
884995b9edfffff,Real Estate,12
884995b9edfffff,Retail,433
884995b9edfffff,Transportation,280
884995b9edfffff,Wholesale,45
884995ba01fffff,Art/Culture,141
884995ba01fffff,Business Support,2555
884995ba01fffff,Construction,402
884995ba01fffff,Corporate,6
884995ba01fffff,Education,598
884995ba01fffff,Energy,30
884995ba01fffff,Financial,1563
884995ba01fffff,Health,867
884995ba01fffff,Hospitality,1089
884995ba01fffff,Information,242
884995ba01fffff,Manufacturing,266
884995ba01fffff,Professional Service,2995
884995ba01fffff,Public Administration,511
884995ba01fffff,Real Estate,152
884995ba01fffff,Retail,1460
884995ba01fffff,Transportation,316
884995ba01fffff,Wholesale,1186
884995ba03fffff,Art/Culture,44
884995ba03fffff,Business Support,1758
884995ba03fffff,Construction,598
884995ba03fffff,Education,1697
884995ba03fffff,Financial,192
884995ba03fffff,Health,105
884995ba03fffff,Hospitality,1648
884995ba03fffff,Information,124
884995ba03fffff,Manufacturing,261
884995ba03fffff,Professional Service,1965
884995ba03fffff,Public Administration,506
884995ba03fffff,Real Estate,199
884995ba03fffff,Retail,887
884995ba03fffff,Transportation,273
884995ba03fffff,Wholesale,1391
884995ba05fffff,Art/Culture,144
884995ba05fffff,Business Support,1469
884995ba05fffff,Construction,760
884995ba05fffff,Education,409
884995ba05fffff,Financial,77
884995ba05fffff,Health,800
884995ba05fffff,Hospitality,483
884995ba05fffff,Information,347
884995ba05fffff,Manufacturing,304
884995ba05fffff,Professional Service,1147
884995ba05fffff,Public Administration,143
884995ba05fffff,Real Estate,45
884995ba05fffff,Retail,499
884995ba05fffff,Transportation,174
884995ba05fffff,Wholesale,580
884995ba07fffff,Art/Culture,227
884995ba07fffff,Business Support,2767
884995ba07fffff,Construction,925
884995ba07fffff,Education,699
884995ba07fffff,Financial,643
884995ba07fffff,Health,3081
884995ba07fffff,Hospitality,1667
884995ba07fffff,Information,598
884995ba07fffff,Manufacturing,413
884995ba07fffff,Professional Service,2475
884995ba07fffff,Public Administration,685
884995ba07fffff,Real Estate,233
884995ba07fffff,Retail,1482
884995ba07fffff,Transportation,162
884995ba07fffff,Wholesale,475
884995ba09fffff,Art/Culture,518
884995ba09fffff,Business Support,6765
884995ba09fffff,Construction,2243
884995ba09fffff,Education,622
884995ba09fffff,Energy,454
884995ba09fffff,Financial,1155
884995ba09fffff,Health,645
884995ba09fffff,Hospitality,2940
884995ba09fffff,Information,1435
884995ba09fffff,Manufacturing,461
884995ba09fffff,Professional Service,8978
884995ba09fffff,Public Administration,1568
884995ba09fffff,Real Estate,1284
884995ba09fffff,Retail,1726
884995ba09fffff,Transportation,1886
884995ba09fffff,Wholesale,2921
884995ba0bfffff,Art/Culture,90
884995ba0bfffff,Business Support,491
884995ba0bfffff,Construction,735
884995ba0bfffff,Education,232
884995ba0bfffff,Financial,416
884995ba0bfffff,Health,544
884995ba0bfffff,Hospitality,948
884995ba0bfffff,Information,84
884995ba0bfffff,Manufacturing,418
884995ba0bfffff,Professional Service,696
884995ba0bfffff,Public Administration,1107
884995ba0bfffff,Real Estate,152
884995ba0bfffff,Retail,1474
884995ba0bfffff,Transportation,492
884995ba0bfffff,Wholesale,394
884995ba0dfffff,Art/Culture,78
884995ba0dfffff,Business Support,3052
884995ba0dfffff,Construction,501
884995ba0dfffff,Education,1071
884995ba0dfffff,Energy,12
884995ba0dfffff,Financial,564
884995ba0dfffff,Health,118
884995ba0dfffff,Hospitality,677
884995ba0dfffff,Information,35
884995ba0dfffff,Manufacturing,157
884995ba0dfffff,Professional Service,2576
884995ba0dfffff,Public Administration,56
884995ba0dfffff,Real Estate,120
884995ba0dfffff,Retail,1280
884995ba0dfffff,Transportation,694
884995ba0dfffff,Wholesale,394
884995ba11fffff,Art/Culture,860
884995ba11fffff,Business Support,9714
884995ba11fffff,Construction,4241
884995ba11fffff,Corporate,322
884995ba11fffff,Education,720
884995ba11fffff,Energy,1865
884995ba11fffff,Financial,7385
884995ba11fffff,Health,267
884995ba11fffff,Hospitality,3936
884995ba11fffff,Information,1910
884995ba11fffff,Manufacturing,1587
884995ba11fffff,Professional Service,13103
884995ba11fffff,Public Administration,1452
884995ba11fffff,Real Estate,2891
884995ba11fffff,Retail,3430
884995ba11fffff,Transportation,1856
884995ba11fffff,Wholesale,3440
884995ba13fffff,Art/Culture,395
884995ba13fffff,Education,64
884995ba13fffff,Financial,6
884995ba13fffff,Health,64
884995ba13fffff,Hospitality,178
884995ba13fffff,Public Administration,709
884995ba13fffff,Retail,51
884995ba13fffff,Transportation,1
884995ba15fffff,Art/Culture,153
884995ba15fffff,Business Support,1081
884995ba15fffff,Construction,273
884995ba15fffff,Education,514
884995ba15fffff,Energy,1
884995ba15fffff,Financial,460
884995ba15fffff,Health,147
884995ba15fffff,Hospitality,294
884995ba15fffff,Information,204
884995ba15fffff,Manufacturing,142
884995ba15fffff,Professional Service,528
884995ba15fffff,Public Administration,1379
884995ba15fffff,Real Estate,32
884995ba15fffff,Retail,341
884995ba15fffff,Transportation,58
884995ba15fffff,Wholesale,429
884995ba19fffff,Art/Culture,139
884995ba19fffff,Business Support,190
884995ba19fffff,Construction,364
884995ba19fffff,Education,386
884995ba19fffff,Financial,70
884995ba19fffff,Health,191
884995ba19fffff,Hospitality,193
884995ba19fffff,Information,30
884995ba19fffff,Manufacturing,713
884995ba19fffff,Professional Service,42
884995ba19fffff,Public Administration,686
884995ba19fffff,Real Estate,26
884995ba19fffff,Retail,230
884995ba19fffff,Transportation,1
884995ba19fffff,Wholesale,327
884995ba1dfffff,Art/Culture,139
884995ba1dfffff,Business Support,546
884995ba1dfffff,Construction,505
884995ba1dfffff,Corporate,1
884995ba1dfffff,Education,949
884995ba1dfffff,Financial,203
884995ba1dfffff,Health,972
884995ba1dfffff,Hospitality,724
884995ba1dfffff,Information,372
884995ba1dfffff,Manufacturing,910
884995ba1dfffff,Professional Service,655
884995ba1dfffff,Public Administration,827
884995ba1dfffff,Real Estate,15
884995ba1dfffff,Retail,1304
884995ba1dfffff,Transportation,435
884995ba1dfffff,Wholesale,950
884995ba21fffff,Art/Culture,46
884995ba21fffff,Business Support,3
884995ba21fffff,Construction,1
884995ba21fffff,Education,98
884995ba21fffff,Energy,1
884995ba21fffff,Financial,20
884995ba21fffff,Health,463
884995ba21fffff,Hospitality,146
884995ba21fffff,Information,12
884995ba21fffff,Manufacturing,221
884995ba21fffff,Professional Service,18
884995ba21fffff,Public Administration,101
884995ba21fffff,Real Estate,7
884995ba21fffff,Retail,1127
884995ba21fffff,Transportation,21
884995ba21fffff,Wholesale,430
884995ba23fffff,Art/Culture,77
884995ba23fffff,Business Support,932
884995ba23fffff,Construction,58
884995ba23fffff,Education,172
884995ba23fffff,Financial,107
884995ba23fffff,Health,1361
884995ba23fffff,Hospitality,1318
884995ba23fffff,Information,49
884995ba23fffff,Manufacturing,326
884995ba23fffff,Professional Service,1049
884995ba23fffff,Public Administration,334
884995ba23fffff,Real Estate,180
884995ba23fffff,Retail,830
884995ba23fffff,Transportation,131
884995ba23fffff,Wholesale,662
884995ba25fffff,Art/Culture,13
884995ba25fffff,Business Support,56
884995ba25fffff,Construction,59
884995ba25fffff,Education,103
884995ba25fffff,Financial,35
884995ba25fffff,Health,59
884995ba25fffff,Hospitality,412
884995ba25fffff,Information,24
884995ba25fffff,Manufacturing,2098
884995ba25fffff,Professional Service,137
884995ba25fffff,Public Administration,36
884995ba25fffff,Real Estate,11
884995ba25fffff,Retail,689
884995ba25fffff,Transportation,13
884995ba25fffff,Wholesale,466
884995ba27fffff,Art/Culture,12
884995ba27fffff,Business Support,298
884995ba27fffff,Construction,58
884995ba27fffff,Education,195
884995ba27fffff,Energy,18
884995ba27fffff,Financial,77
884995ba27fffff,Health,164
884995ba27fffff,Hospitality,476
884995ba27fffff,Information,335
884995ba27fffff,Manufacturing,428
884995ba27fffff,Professional Service,483
884995ba27fffff,Public Administration,571
884995ba27fffff,Real Estate,23
884995ba27fffff,Retail,2021
884995ba27fffff,Transportation,299
884995ba27fffff,Wholesale,661
884995ba29fffff,Art/Culture,59
884995ba29fffff,Business Support,449
884995ba29fffff,Construction,302
884995ba29fffff,Corporate,1
884995ba29fffff,Education,200
884995ba29fffff,Energy,1
884995ba29fffff,Financial,75
884995ba29fffff,Health,62
884995ba29fffff,Hospitality,1820
884995ba29fffff,Information,98
884995ba29fffff,Manufacturing,173
884995ba29fffff,Professional Service,729
884995ba29fffff,Public Administration,852
884995ba29fffff,Real Estate,51
884995ba29fffff,Retail,3362
884995ba29fffff,Transportation,106
884995ba29fffff,Wholesale,271
884995ba2bfffff,Art/Culture,175
884995ba2bfffff,Business Support,705
884995ba2bfffff,Construction,200
884995ba2bfffff,Education,233
884995ba2bfffff,Financial,85
884995ba2bfffff,Health,1402
884995ba2bfffff,Hospitality,698
884995ba2bfffff,Information,82
884995ba2bfffff,Manufacturing,162
884995ba2bfffff,Professional Service,548
884995ba2bfffff,Public Administration,375
884995ba2bfffff,Real Estate,38
884995ba2bfffff,Retail,500
884995ba2bfffff,Transportation,41
884995ba2bfffff,Wholesale,420
884995ba2dfffff,Art/Culture,12
884995ba2dfffff,Business Support,519
884995ba2dfffff,Construction,69
884995ba2dfffff,Education,254
884995ba2dfffff,Energy,1
884995ba2dfffff,Financial,21
884995ba2dfffff,Health,220
884995ba2dfffff,Hospitality,491
884995ba2dfffff,Information,6
884995ba2dfffff,Manufacturing,745
884995ba2dfffff,Professional Service,267
884995ba2dfffff,Public Administration,36
884995ba2dfffff,Real Estate,24
884995ba2dfffff,Retail,785
884995ba2dfffff,Transportation,29
884995ba2dfffff,Wholesale,971
884995ba31fffff,Art/Culture,112
884995ba31fffff,Business Support,4354
884995ba31fffff,Construction,891
884995ba31fffff,Corporate,371
884995ba31fffff,Education,562
884995ba31fffff,Energy,188
884995ba31fffff,Financial,2655
884995ba31fffff,Health,739
884995ba31fffff,Hospitality,5483
884995ba31fffff,Information,187
884995ba31fffff,Manufacturing,417
884995ba31fffff,Professional Service,5829
884995ba31fffff,Public Administration,1837
884995ba31fffff,Real Estate,748
884995ba31fffff,Retail,1584
884995ba31fffff,Transportation,1618
884995ba31fffff,Wholesale,920
884995ba33fffff,Art/Culture,56
884995ba33fffff,Business Support,2090
884995ba33fffff,Construction,1522
884995ba33fffff,Corporate,55
884995ba33fffff,Education,223
884995ba33fffff,Energy,6
884995ba33fffff,Financial,613
884995ba33fffff,Health,285
884995ba33fffff,Hospitality,1250
884995ba33fffff,Information,338
884995ba33fffff,Manufacturing,530
884995ba33fffff,Professional Service,2825
884995ba33fffff,Public Administration,235
884995ba33fffff,Real Estate,413
884995ba33fffff,Retail,1051
884995ba33fffff,Transportation,868
884995ba33fffff,Wholesale,1478
884995ba35fffff,Art/Culture,179
884995ba35fffff,Business Support,3045
884995ba35fffff,Construction,161
884995ba35fffff,Corporate,275
884995ba35fffff,Education,2345
884995ba35fffff,Financial,781
884995ba35fffff,Health,1414
884995ba35fffff,Hospitality,1827
884995ba35fffff,Information,384
884995ba35fffff,Manufacturing,382
884995ba35fffff,Professional Service,1386
884995ba35fffff,Public Administration,2324
884995ba35fffff,Real Estate,143
884995ba35fffff,Retail,1059
884995ba35fffff,Transportation,109
884995ba35fffff,Wholesale,579
884995ba37fffff,Art/Culture,196
884995ba37fffff,Business Support,3720
884995ba37fffff,Construction,1520
884995ba37fffff,Corporate,113
884995ba37fffff,Education,596
884995ba37fffff,Energy,275
884995ba37fffff,Financial,3857
884995ba37fffff,Health,242
884995ba37fffff,Hospitality,2780
884995ba37fffff,Information,986
884995ba37fffff,Manufacturing,433
884995ba37fffff,Professional Service,3334
884995ba37fffff,Public Administration,3227
884995ba37fffff,Real Estate,640
884995ba37fffff,Retail,2179
884995ba37fffff,Transportation,1270
884995ba37fffff,Wholesale,1330
884995ba39fffff,Art/Culture,158
884995ba39fffff,Business Support,2391
884995ba39fffff,Construction,566
884995ba39fffff,Corporate,1
884995ba39fffff,Education,445
884995ba39fffff,Energy,61
884995ba39fffff,Financial,102
884995ba39fffff,Health,777
884995ba39fffff,Hospitality,1851
884995ba39fffff,Information,255
884995ba39fffff,Manufacturing,301
884995ba39fffff,Professional Service,2087
884995ba39fffff,Public Administration,847
884995ba39fffff,Real Estate,181
884995ba39fffff,Retail,1197
884995ba39fffff,Transportation,188
884995ba39fffff,Wholesale,368
884995ba3dfffff,Art/Culture,235
884995ba3dfffff,Business Support,2454
884995ba3dfffff,Construction,630
884995ba3dfffff,Education,971
884995ba3dfffff,Energy,55
884995ba3dfffff,Financial,248
884995ba3dfffff,Health,1749
884995ba3dfffff,Hospitality,2566
884995ba3dfffff,Information,611
884995ba3dfffff,Manufacturing,232
884995ba3dfffff,Professional Service,3226
884995ba3dfffff,Public Administration,620
884995ba3dfffff,Real Estate,416
884995ba3dfffff,Retail,1423
884995ba3dfffff,Transportation,52
884995ba3dfffff,Wholesale,554
884995ba41fffff,Art/Culture,367
884995ba41fffff,Business Support,2787
884995ba41fffff,Construction,1474
884995ba41fffff,Corporate,114
884995ba41fffff,Education,654
884995ba41fffff,Energy,1
884995ba41fffff,Financial,2060
884995ba41fffff,Health,410
884995ba41fffff,Hospitality,1276
884995ba41fffff,Information,644
884995ba41fffff,Manufacturing,182
884995ba41fffff,Professional Service,3477
884995ba41fffff,Public Administration,593
884995ba41fffff,Real Estate,247
884995ba41fffff,Retail,1158
884995ba41fffff,Transportation,327
884995ba41fffff,Wholesale,1711
884995ba43fffff,Art/Culture,80
884995ba43fffff,Business Support,1996
884995ba43fffff,Construction,502
884995ba43fffff,Education,266
884995ba43fffff,Energy,13
884995ba43fffff,Financial,709
884995ba43fffff,Health,355
884995ba43fffff,Hospitality,837
884995ba43fffff,Information,249
884995ba43fffff,Manufacturing,221
884995ba43fffff,Professional Service,2375
884995ba43fffff,Public Administration,1462
884995ba43fffff,Real Estate,228
884995ba43fffff,Retail,767
884995ba43fffff,Transportation,153
884995ba43fffff,Wholesale,791
884995ba45fffff,Art/Culture,116
884995ba45fffff,Business Support,613
884995ba45fffff,Construction,140
884995ba45fffff,Corporate,6
884995ba45fffff,Education,1243
884995ba45fffff,Financial,77
884995ba45fffff,Health,161
884995ba45fffff,Hospitality,754
884995ba45fffff,Information,85
884995ba45fffff,Manufacturing,347
884995ba45fffff,Professional Service,1521
884995ba45fffff,Public Administration,183
884995ba45fffff,Real Estate,52
884995ba45fffff,Retail,1168
884995ba45fffff,Transportation,45
884995ba45fffff,Wholesale,438
884995ba47fffff,Art/Culture,117
884995ba47fffff,Business Support,1362
884995ba47fffff,Construction,657
884995ba47fffff,Education,612
884995ba47fffff,Energy,55
884995ba47fffff,Financial,148
884995ba47fffff,Health,366
884995ba47fffff,Hospitality,410
884995ba47fffff,Information,194
884995ba47fffff,Manufacturing,46
884995ba47fffff,Professional Service,2597
884995ba47fffff,Public Administration,280
884995ba47fffff,Real Estate,131
884995ba47fffff,Retail,370
884995ba47fffff,Transportation,298
884995ba47fffff,Wholesale,601
884995ba49fffff,Art/Culture,494
884995ba49fffff,Business Support,2559
884995ba49fffff,Construction,503
884995ba49fffff,Corporate,1
884995ba49fffff,Education,392
884995ba49fffff,Financial,1309
884995ba49fffff,Health,451
884995ba49fffff,Hospitality,1526
884995ba49fffff,Information,349
884995ba49fffff,Manufacturing,217
884995ba49fffff,Professional Service,2842
884995ba49fffff,Public Administration,1168
884995ba49fffff,Real Estate,211
884995ba49fffff,Retail,1966
884995ba49fffff,Transportation,47
884995ba49fffff,Wholesale,962
884995ba4bfffff,Art/Culture,25
884995ba4bfffff,Business Support,906
884995ba4bfffff,Construction,641
884995ba4bfffff,Education,1724
884995ba4bfffff,Energy,2
884995ba4bfffff,Financial,67
884995ba4bfffff,Health,496
884995ba4bfffff,Hospitality,618
884995ba4bfffff,Information,146
884995ba4bfffff,Manufacturing,235
884995ba4bfffff,Professional Service,1323
884995ba4bfffff,Public Administration,1099
884995ba4bfffff,Real Estate,96
884995ba4bfffff,Retail,1203
884995ba4bfffff,Transportation,25
884995ba4bfffff,Wholesale,210
884995ba4dfffff,Art/Culture,228
884995ba4dfffff,Business Support,1586
884995ba4dfffff,Construction,405
884995ba4dfffff,Corporate,1
884995ba4dfffff,Education,843
884995ba4dfffff,Financial,253
884995ba4dfffff,Health,698
884995ba4dfffff,Hospitality,1652
884995ba4dfffff,Information,329
884995ba4dfffff,Manufacturing,1188
884995ba4dfffff,Professional Service,795
884995ba4dfffff,Public Administration,965
884995ba4dfffff,Real Estate,206
884995ba4dfffff,Retail,2836
884995ba4dfffff,Transportation,136
884995ba4dfffff,Wholesale,860
884995ba51fffff,Art/Culture,55
884995ba51fffff,Business Support,8
884995ba51fffff,Construction,164
884995ba51fffff,Education,126
884995ba51fffff,Financial,65
884995ba51fffff,Health,319
884995ba51fffff,Hospitality,702
884995ba51fffff,Information,44
884995ba51fffff,Manufacturing,1274
884995ba51fffff,Professional Service,353
884995ba51fffff,Public Administration,734
884995ba51fffff,Real Estate,23
884995ba51fffff,Retail,869
884995ba51fffff,Transportation,6
884995ba51fffff,Wholesale,734
884995ba53fffff,Art/Culture,7
884995ba53fffff,Business Support,83
884995ba53fffff,Construction,2
884995ba53fffff,Education,475
884995ba53fffff,Energy,12
884995ba53fffff,Financial,17
884995ba53fffff,Health,559
884995ba53fffff,Hospitality,246
884995ba53fffff,Information,3
884995ba53fffff,Manufacturing,419
884995ba53fffff,Professional Service,21
884995ba53fffff,Public Administration,8
884995ba53fffff,Real Estate,1
884995ba53fffff,Retail,431
884995ba53fffff,Transportation,1000
884995ba53fffff,Wholesale,48
884995ba55fffff,Art/Culture,34
884995ba55fffff,Business Support,1036
884995ba55fffff,Construction,938
884995ba55fffff,Corporate,56
884995ba55fffff,Education,731
884995ba55fffff,Energy,1
884995ba55fffff,Financial,376
884995ba55fffff,Health,523
884995ba55fffff,Hospitality,430
884995ba55fffff,Information,154
884995ba55fffff,Manufacturing,606
884995ba55fffff,Professional Service,1290
884995ba55fffff,Public Administration,223
884995ba55fffff,Real Estate,34
884995ba55fffff,Retail,470
884995ba55fffff,Transportation,105
884995ba55fffff,Wholesale,667
884995ba57fffff,Art/Culture,6
884995ba57fffff,Business Support,531
884995ba57fffff,Construction,2
884995ba57fffff,Education,290
884995ba57fffff,Energy,1
884995ba57fffff,Financial,33
884995ba57fffff,Health,740
884995ba57fffff,Hospitality,313
884995ba57fffff,Information,13
884995ba57fffff,Manufacturing,880
884995ba57fffff,Professional Service,54
884995ba57fffff,Public Administration,36
884995ba57fffff,Real Estate,24
884995ba57fffff,Retail,1079
884995ba57fffff,Transportation,331
884995ba57fffff,Wholesale,96
884995ba59fffff,Art/Culture,1
884995ba59fffff,Business Support,486
884995ba59fffff,Construction,416
884995ba59fffff,Education,192
884995ba59fffff,Energy,6
884995ba59fffff,Financial,10
884995ba59fffff,Health,133
884995ba59fffff,Hospitality,198
884995ba59fffff,Manufacturing,502
884995ba59fffff,Professional Service,19
884995ba59fffff,Public Administration,46
884995ba59fffff,Real Estate,4
884995ba59fffff,Retail,786
884995ba59fffff,Transportation,152
884995ba59fffff,Wholesale,654
884995ba5bfffff,Art/Culture,91
884995ba5bfffff,Business Support,6
884995ba5bfffff,Construction,13
884995ba5bfffff,Education,312
884995ba5bfffff,Financial,36
884995ba5bfffff,Health,210
884995ba5bfffff,Hospitality,141
884995ba5bfffff,Information,16
884995ba5bfffff,Manufacturing,297
884995ba5bfffff,Professional Service,148
884995ba5bfffff,Public Administration,332
884995ba5bfffff,Real Estate,30
884995ba5bfffff,Retail,412
884995ba5bfffff,Transportation,649
884995ba5bfffff,Wholesale,78
884995ba5dfffff,Art/Culture,9
884995ba5dfffff,Business Support,908
884995ba5dfffff,Construction,130
884995ba5dfffff,Corporate,6
884995ba5dfffff,Education,139
884995ba5dfffff,Financial,60
884995ba5dfffff,Health,281
884995ba5dfffff,Hospitality,430
884995ba5dfffff,Information,141
884995ba5dfffff,Manufacturing,661
884995ba5dfffff,Professional Service,1047
884995ba5dfffff,Public Administration,207
884995ba5dfffff,Real Estate,288
884995ba5dfffff,Retail,1721
884995ba5dfffff,Transportation,45
884995ba5dfffff,Wholesale,560
884995ba61fffff,Art/Culture,54
884995ba61fffff,Business Support,1478
884995ba61fffff,Construction,35
884995ba61fffff,Education,439
884995ba61fffff,Energy,2
884995ba61fffff,Financial,81
884995ba61fffff,Health,351
884995ba61fffff,Hospitality,590
884995ba61fffff,Information,316
884995ba61fffff,Manufacturing,200
884995ba61fffff,Professional Service,1064
884995ba61fffff,Public Administration,286
884995ba61fffff,Real Estate,36
884995ba61fffff,Retail,404
884995ba61fffff,Transportation,985
884995ba61fffff,Wholesale,458
884995ba63fffff,Art/Culture,93
884995ba63fffff,Business Support,581
884995ba63fffff,Construction,466
884995ba63fffff,Education,314
884995ba63fffff,Financial,110
884995ba63fffff,Health,235
884995ba63fffff,Hospitality,657
884995ba63fffff,Information,79
884995ba63fffff,Manufacturing,350
884995ba63fffff,Professional Service,998
884995ba63fffff,Public Administration,458
884995ba63fffff,Real Estate,50
884995ba63fffff,Retail,998
884995ba63fffff,Transportation,76
884995ba63fffff,Wholesale,604
884995ba65fffff,Art/Culture,20
884995ba65fffff,Business Support,284
884995ba65fffff,Construction,63
884995ba65fffff,Education,233
884995ba65fffff,Financial,23
884995ba65fffff,Health,379
884995ba65fffff,Hospitality,293
884995ba65fffff,Information,13
884995ba65fffff,Manufacturing,475
884995ba65fffff,Professional Service,82
884995ba65fffff,Public Administration,159
884995ba65fffff,Real Estate,26
884995ba65fffff,Retail,527
884995ba65fffff,Transportation,42
884995ba65fffff,Wholesale,422
884995ba67fffff,Art/Culture,9
884995ba67fffff,Business Support,160
884995ba67fffff,Construction,218
884995ba67fffff,Education,253
884995ba67fffff,Financial,66
884995ba67fffff,Health,189
884995ba67fffff,Hospitality,446
884995ba67fffff,Information,2
884995ba67fffff,Manufacturing,242
884995ba67fffff,Professional Service,299
884995ba67fffff,Public Administration,772
884995ba67fffff,Real Estate,23
884995ba67fffff,Retail,471
884995ba67fffff,Transportation,45
884995ba67fffff,Wholesale,411
884995ba69fffff,Art/Culture,46
884995ba69fffff,Business Support,928
884995ba69fffff,Construction,134
884995ba69fffff,Education,186
884995ba69fffff,Financial,88
884995ba69fffff,Health,199
884995ba69fffff,Hospitality,408
884995ba69fffff,Information,18
884995ba69fffff,Manufacturing,93
884995ba69fffff,Professional Service,2913
884995ba69fffff,Public Administration,59
884995ba69fffff,Real Estate,82
884995ba69fffff,Retail,1001
884995ba69fffff,Transportation,319
884995ba69fffff,Wholesale,265
884995ba6bfffff,Art/Culture,29
884995ba6bfffff,Business Support,2056
884995ba6bfffff,Construction,321
884995ba6bfffff,Education,565
884995ba6bfffff,Financial,40
884995ba6bfffff,Health,541
884995ba6bfffff,Hospitality,379
884995ba6bfffff,Information,135
884995ba6bfffff,Manufacturing,404
884995ba6bfffff,Professional Service,1038
884995ba6bfffff,Public Administration,953
884995ba6bfffff,Real Estate,199
884995ba6bfffff,Retail,1079
884995ba6bfffff,Transportation,16
884995ba6bfffff,Wholesale,595
884995ba6dfffff,Art/Culture,135
884995ba6dfffff,Business Support,453
884995ba6dfffff,Construction,42
884995ba6dfffff,Education,234
884995ba6dfffff,Financial,10
884995ba6dfffff,Health,298
884995ba6dfffff,Hospitality,306
884995ba6dfffff,Information,18
884995ba6dfffff,Manufacturing,289
884995ba6dfffff,Professional Service,239
884995ba6dfffff,Public Administration,2
884995ba6dfffff,Real Estate,15
884995ba6dfffff,Retail,581
884995ba6dfffff,Transportation,114
884995ba6dfffff,Wholesale,163
884995ba81fffff,Art/Culture,45
884995ba81fffff,Business Support,438
884995ba81fffff,Construction,1
884995ba81fffff,Corporate,24
884995ba81fffff,Education,208
884995ba81fffff,Energy,273
884995ba81fffff,Financial,118
884995ba81fffff,Health,104
884995ba81fffff,Hospitality,80
884995ba81fffff,Information,18
884995ba81fffff,Manufacturing,250
884995ba81fffff,Professional Service,459
884995ba81fffff,Public Administration,292
884995ba81fffff,Real Estate,19
884995ba81fffff,Retail,121
884995ba81fffff,Wholesale,59
884995ba83fffff,Art/Culture,12
884995ba83fffff,Business Support,734
884995ba83fffff,Construction,6
884995ba83fffff,Education,146
884995ba83fffff,Financial,17
884995ba83fffff,Health,22
884995ba83fffff,Hospitality,70
884995ba83fffff,Manufacturing,710
884995ba83fffff,Professional Service,508
884995ba83fffff,Public Administration,274
884995ba83fffff,Real Estate,27
884995ba83fffff,Retail,211
884995ba83fffff,Transportation,231
884995ba83fffff,Wholesale,631
884995ba85fffff,Art/Culture,20
884995ba85fffff,Business Support,30
884995ba85fffff,Construction,2
884995ba85fffff,Education,211
884995ba85fffff,Financial,59
884995ba85fffff,Health,700
884995ba85fffff,Hospitality,352
884995ba85fffff,Information,32
884995ba85fffff,Manufacturing,515
884995ba85fffff,Professional Service,75
884995ba85fffff,Public Administration,9
884995ba85fffff,Real Estate,5
884995ba85fffff,Retail,819
884995ba85fffff,Wholesale,138
884995ba87fffff,Art/Culture,13
884995ba87fffff,Business Support,34
884995ba87fffff,Construction,2
884995ba87fffff,Education,125
884995ba87fffff,Financial,57
884995ba87fffff,Health,78
884995ba87fffff,Hospitality,59
884995ba87fffff,Manufacturing,78
884995ba87fffff,Professional Service,9
884995ba87fffff,Public Administration,1
884995ba87fffff,Real Estate,34
884995ba87fffff,Retail,256
884995ba87fffff,Transportation,1
884995ba87fffff,Wholesale,34
884995ba89fffff,Art/Culture,169
884995ba89fffff,Business Support,2214
884995ba89fffff,Construction,995
884995ba89fffff,Education,381
884995ba89fffff,Financial,488
884995ba89fffff,Health,139
884995ba89fffff,Hospitality,283
884995ba89fffff,Information,32
884995ba89fffff,Manufacturing,99
884995ba89fffff,Professional Service,984
884995ba89fffff,Public Administration,1978
884995ba89fffff,Real Estate,89
884995ba89fffff,Retail,974
884995ba89fffff,Transportation,8
884995ba89fffff,Wholesale,1638
884995ba8bfffff,Art/Culture,19
884995ba8bfffff,Business Support,604
884995ba8bfffff,Construction,395
884995ba8bfffff,Education,1026
884995ba8bfffff,Financial,76
884995ba8bfffff,Health,30
884995ba8bfffff,Hospitality,648
884995ba8bfffff,Information,411
884995ba8bfffff,Manufacturing,15
884995ba8bfffff,Professional Service,247
884995ba8bfffff,Public Administration,275
884995ba8bfffff,Real Estate,95
884995ba8bfffff,Retail,937
884995ba8bfffff,Transportation,28
884995ba8bfffff,Wholesale,56
884995ba8dfffff,Art/Culture,360
884995ba8dfffff,Business Support,2839
884995ba8dfffff,Construction,1152
884995ba8dfffff,Corporate,132
884995ba8dfffff,Education,102
884995ba8dfffff,Energy,812
884995ba8dfffff,Financial,1420
884995ba8dfffff,Health,70
884995ba8dfffff,Hospitality,828
884995ba8dfffff,Information,695
884995ba8dfffff,Manufacturing,990
884995ba8dfffff,Professional Service,3446
884995ba8dfffff,Real Estate,255
884995ba8dfffff,Retail,1347
884995ba8dfffff,Transportation,220
884995ba8dfffff,Wholesale,1935
884995baa1fffff,Art/Culture,25
884995baa1fffff,Business Support,400
884995baa1fffff,Construction,31
884995baa1fffff,Education,631
884995baa1fffff,Financial,125
884995baa1fffff,Health,163
884995baa1fffff,Hospitality,580
884995baa1fffff,Information,34
884995baa1fffff,Manufacturing,285
884995baa1fffff,Professional Service,55
884995baa1fffff,Public Administration,565
884995baa1fffff,Real Estate,21
884995baa1fffff,Retail,1507
884995baa1fffff,Transportation,155
884995baa1fffff,Wholesale,223
884995baa5fffff,Art/Culture,3
884995baa5fffff,Business Support,864
884995baa5fffff,Construction,47
884995baa5fffff,Education,464
884995baa5fffff,Financial,34
884995baa5fffff,Health,65
884995baa5fffff,Hospitality,182
884995baa5fffff,Information,152
884995baa5fffff,Manufacturing,588
884995baa5fffff,Professional Service,427
884995baa5fffff,Public Administration,13
884995baa5fffff,Real Estate,49
884995baa5fffff,Retail,414
884995baa5fffff,Transportation,38
884995baa5fffff,Wholesale,365
884995baa7fffff,Art/Culture,25
884995baa7fffff,Business Support,1011
884995baa7fffff,Construction,204
884995baa7fffff,Education,225
884995baa7fffff,Energy,1
884995baa7fffff,Financial,63
884995baa7fffff,Health,373
884995baa7fffff,Hospitality,390
884995baa7fffff,Manufacturing,133
884995baa7fffff,Professional Service,502
884995baa7fffff,Public Administration,38
884995baa7fffff,Real Estate,21
884995baa7fffff,Retail,322
884995baa7fffff,Transportation,79
884995baa7fffff,Wholesale,117
884995baa9fffff,Art/Culture,14
884995baa9fffff,Business Support,712
884995baa9fffff,Construction,52
884995baa9fffff,Education,84
884995baa9fffff,Energy,1
884995baa9fffff,Financial,21
884995baa9fffff,Health,479
884995baa9fffff,Hospitality,193
884995baa9fffff,Information,6
884995baa9fffff,Manufacturing,476
884995baa9fffff,Professional Service,63
884995baa9fffff,Public Administration,74
884995baa9fffff,Real Estate,1
884995baa9fffff,Retail,763
884995baa9fffff,Transportation,82
884995baa9fffff,Wholesale,233
884995baabfffff,Art/Culture,5
884995baabfffff,Business Support,18
884995baabfffff,Construction,8
884995baabfffff,Education,80
884995baabfffff,Financial,11
884995baabfffff,Health,34
884995baabfffff,Hospitality,152
884995baabfffff,Manufacturing,764
884995baabfffff,Professional Service,26
884995baabfffff,Public Administration,117
884995baabfffff,Real Estate,52
884995baabfffff,Retail,524
884995baabfffff,Transportation,104
884995baabfffff,Wholesale,207
884995baadfffff,Art/Culture,9
884995baadfffff,Business Support,27
884995baadfffff,Construction,57
884995baadfffff,Education,354
884995baadfffff,Energy,273
884995baadfffff,Financial,82
884995baadfffff,Health,184
884995baadfffff,Hospitality,139
884995baadfffff,Information,105
884995baadfffff,Manufacturing,520
884995baadfffff,Professional Service,179
884995baadfffff,Public Administration,38
884995baadfffff,Real Estate,107
884995baadfffff,Retail,576
884995baadfffff,Transportation,150
884995baadfffff,Wholesale,182
884995bab1fffff,Art/Culture,4
884995bab1fffff,Business Support,5
884995bab1fffff,Construction,2
884995bab1fffff,Education,94
884995bab1fffff,Energy,1
884995bab1fffff,Financial,3
884995bab1fffff,Health,33
884995bab1fffff,Hospitality,42
884995bab1fffff,Information,1
884995bab1fffff,Manufacturing,667
884995bab1fffff,Professional Service,33
884995bab1fffff,Public Administration,6
884995bab1fffff,Real Estate,20
884995bab1fffff,Retail,231
884995bab1fffff,Transportation,55
884995bab1fffff,Wholesale,168
884995bab3fffff,Art/Culture,32
884995bab3fffff,Business Support,20
884995bab3fffff,Education,557
884995bab3fffff,Financial,14
884995bab3fffff,Health,404
884995bab3fffff,Hospitality,84
884995bab3fffff,Manufacturing,367
884995bab3fffff,Professional Service,18
884995bab3fffff,Public Administration,31
884995bab3fffff,Real Estate,22
884995bab3fffff,Retail,235
884995bab3fffff,Transportation,12
884995bab3fffff,Wholesale,32
884995bab5fffff,Art/Culture,65
884995bab5fffff,Business Support,1665
884995bab5fffff,Construction,274
884995bab5fffff,Corporate,32
884995bab5fffff,Education,56
884995bab5fffff,Financial,34
884995bab5fffff,Health,29
884995bab5fffff,Hospitality,183
884995bab5fffff,Information,15
884995bab5fffff,Manufacturing,2155
884995bab5fffff,Professional Service,134
884995bab5fffff,Public Administration,12
884995bab5fffff,Real Estate,15
884995bab5fffff,Retail,779
884995bab5fffff,Transportation,309
884995bab5fffff,Wholesale,686
884995bab7fffff,Art/Culture,1
884995bab7fffff,Business Support,2
884995bab7fffff,Construction,13
884995bab7fffff,Education,393
884995bab7fffff,Energy,2
884995bab7fffff,Financial,26
884995bab7fffff,Health,317
884995bab7fffff,Hospitality,66
884995bab7fffff,Information,501
884995bab7fffff,Manufacturing,18
884995bab7fffff,Professional Service,16
884995bab7fffff,Public Administration,279
884995bab7fffff,Real Estate,5
884995bab7fffff,Retail,360
884995bab7fffff,Transportation,56
884995bab7fffff,Wholesale,396
884995bab9fffff,Art/Culture,1
884995bab9fffff,Corporate,1
884995bab9fffff,Education,18
884995bab9fffff,Financial,2
884995bab9fffff,Health,1
884995bab9fffff,Hospitality,19
884995bab9fffff,Manufacturing,402
884995bab9fffff,Professional Service,1
884995bab9fffff,Public Administration,1
884995bab9fffff,Retail,639
884995bab9fffff,Wholesale,298
884995babbfffff,Art/Culture,8
884995babbfffff,Business Support,17
884995babbfffff,Construction,20
884995babbfffff,Education,71
884995babbfffff,Financial,1
884995babbfffff,Health,11
884995babbfffff,Hospitality,38
884995babbfffff,Information,1
884995babbfffff,Manufacturing,144
884995babbfffff,Professional Service,3
884995babbfffff,Public Administration,6
884995babbfffff,Real Estate,13
884995babbfffff,Retail,234
884995babbfffff,Transportation,29
884995babbfffff,Wholesale,42
884995babdfffff,Art/Culture,13
884995babdfffff,Business Support,289
884995babdfffff,Construction,7
884995babdfffff,Corporate,34
884995babdfffff,Education,313
884995babdfffff,Financial,52
884995babdfffff,Health,142
884995babdfffff,Hospitality,667
884995babdfffff,Manufacturing,110
884995babdfffff,Professional Service,73
884995babdfffff,Public Administration,12
884995babdfffff,Real Estate,36
884995babdfffff,Retail,304
884995babdfffff,Transportation,19
884995babdfffff,Wholesale,237
884995bac1fffff,Art/Culture,211
884995bac1fffff,Business Support,2844
884995bac1fffff,Construction,1359
884995bac1fffff,Corporate,123
884995bac1fffff,Education,302
884995bac1fffff,Energy,181
884995bac1fffff,Financial,2941
884995bac1fffff,Health,196
884995bac1fffff,Hospitality,1471
884995bac1fffff,Information,2530
884995bac1fffff,Manufacturing,444
884995bac1fffff,Professional Service,3974
884995bac1fffff,Public Administration,492
884995bac1fffff,Real Estate,716
884995bac1fffff,Retail,973
884995bac1fffff,Transportation,772
884995bac1fffff,Wholesale,1774
884995bac3fffff,Art/Culture,807
884995bac3fffff,Business Support,1373
884995bac3fffff,Construction,93
884995bac3fffff,Corporate,24
884995bac3fffff,Education,806
884995bac3fffff,Energy,48
884995bac3fffff,Financial,534
884995bac3fffff,Health,554
884995bac3fffff,Hospitality,403
884995bac3fffff,Information,24
884995bac3fffff,Manufacturing,141
884995bac3fffff,Professional Service,1398
884995bac3fffff,Public Administration,494
884995bac3fffff,Real Estate,147
884995bac3fffff,Retail,220
884995bac3fffff,Transportation,188
884995bac3fffff,Wholesale,733
884995bac7fffff,Art/Culture,379
884995bac7fffff,Business Support,6280
884995bac7fffff,Construction,1793
884995bac7fffff,Corporate,728
884995bac7fffff,Education,830
884995bac7fffff,Energy,334
884995bac7fffff,Financial,1721
884995bac7fffff,Health,489
884995bac7fffff,Hospitality,1930
884995bac7fffff,Information,1320
884995bac7fffff,Manufacturing,1283
884995bac7fffff,Professional Service,5230
884995bac7fffff,Public Administration,347
884995bac7fffff,Real Estate,834
884995bac7fffff,Retail,4032
884995bac7fffff,Transportation,672
884995bac7fffff,Wholesale,3785
884995bac9fffff,Art/Culture,121
884995bac9fffff,Business Support,140
884995bac9fffff,Construction,6
884995bac9fffff,Education,188
884995bac9fffff,Financial,71
884995bac9fffff,Health,38
884995bac9fffff,Hospitality,438
884995bac9fffff,Information,311
884995bac9fffff,Manufacturing,21
884995bac9fffff,Professional Service,233
884995bac9fffff,Public Administration,19
884995bac9fffff,Real Estate,8
884995bac9fffff,Retail,489
884995bac9fffff,Wholesale,130
884995bacbfffff,Art/Culture,48
884995bacbfffff,Business Support,1019
884995bacbfffff,Construction,1044
884995bacbfffff,Corporate,14
884995bacbfffff,Education,56
884995bacbfffff,Energy,13
884995bacbfffff,Financial,279
884995bacbfffff,Health,74
884995bacbfffff,Hospitality,272
884995bacbfffff,Information,56
884995bacbfffff,Manufacturing,151
884995bacbfffff,Professional Service,473
884995bacbfffff,Public Administration,171
884995bacbfffff,Real Estate,428
884995bacbfffff,Retail,392
884995bacbfffff,Transportation,559
884995bacbfffff,Wholesale,86
884995bacdfffff,Art/Culture,20
884995bacdfffff,Business Support,862
884995bacdfffff,Construction,506
884995bacdfffff,Education,98
884995bacdfffff,Energy,12
884995bacdfffff,Financial,102
884995bacdfffff,Health,646
884995bacdfffff,Hospitality,258
884995bacdfffff,Information,140
884995bacdfffff,Manufacturing,39
884995bacdfffff,Professional Service,1105
884995bacdfffff,Public Administration,45
884995bacdfffff,Real Estate,399
884995bacdfffff,Retail,398
884995bacdfffff,Transportation,130
884995bacdfffff,Wholesale,602
884995baddfffff,Art/Culture,273
884995baddfffff,Education,202
884995baddfffff,Financial,394
884995baddfffff,Health,307
884995baddfffff,Hospitality,1
884995baddfffff,Manufacturing,305
884995baddfffff,Professional Service,305
884995baddfffff,Public Administration,1294
884995baddfffff,Real Estate,114
884995baddfffff,Retail,28
884995baddfffff,Wholesale,79
884995bae1fffff,Art/Culture,114
884995bae1fffff,Business Support,4284
884995bae1fffff,Construction,2017
884995bae1fffff,Corporate,88
884995bae1fffff,Education,385
884995bae1fffff,Energy,283
884995bae1fffff,Financial,877
884995bae1fffff,Health,768
884995bae1fffff,Hospitality,1105
884995bae1fffff,Information,266
884995bae1fffff,Manufacturing,1207
884995bae1fffff,Professional Service,9210
884995bae1fffff,Public Administration,221
884995bae1fffff,Real Estate,936
884995bae1fffff,Retail,1945
884995bae1fffff,Transportation,1752
884995bae1fffff,Wholesale,2835
884995bae3fffff,Art/Culture,113
884995bae3fffff,Business Support,641
884995bae3fffff,Construction,15
884995bae3fffff,Education,256
884995bae3fffff,Financial,9
884995bae3fffff,Health,65
884995bae3fffff,Hospitality,214
884995bae3fffff,Information,112
884995bae3fffff,Manufacturing,1652
884995bae3fffff,Professional Service,128
884995bae3fffff,Public Administration,41
884995bae3fffff,Real Estate,79
884995bae3fffff,Retail,746
884995bae3fffff,Transportation,291
884995bae3fffff,Wholesale,1057
884995bae5fffff,Art/Culture,149
884995bae5fffff,Business Support,2505
884995bae5fffff,Construction,1317
884995bae5fffff,Corporate,285
884995bae5fffff,Education,489
884995bae5fffff,Energy,559
884995bae5fffff,Financial,920
884995bae5fffff,Health,259
884995bae5fffff,Hospitality,811
884995bae5fffff,Information,585
884995bae5fffff,Manufacturing,456
884995bae5fffff,Professional Service,1881
884995bae5fffff,Public Administration,132
884995bae5fffff,Real Estate,131
884995bae5fffff,Retail,897
884995bae5fffff,Transportation,110
884995bae5fffff,Wholesale,717
884995bae7fffff,Art/Culture,23
884995bae7fffff,Business Support,912
884995bae7fffff,Construction,176
884995bae7fffff,Education,143
884995bae7fffff,Energy,114
884995bae7fffff,Financial,65
884995bae7fffff,Health,592
884995bae7fffff,Hospitality,278
884995bae7fffff,Information,40
884995bae7fffff,Manufacturing,844
884995bae7fffff,Professional Service,580
884995bae7fffff,Public Administration,45
884995bae7fffff,Real Estate,340
884995bae7fffff,Retail,1090
884995bae7fffff,Transportation,385
884995bae7fffff,Wholesale,1240
884995bae9fffff,Art/Culture,30
884995bae9fffff,Business Support,726
884995bae9fffff,Construction,1029
884995bae9fffff,Corporate,8
884995bae9fffff,Education,904
884995bae9fffff,Financial,1300
884995bae9fffff,Health,285
884995bae9fffff,Hospitality,4687
884995bae9fffff,Information,395
884995bae9fffff,Manufacturing,970
884995bae9fffff,Professional Service,1550
884995bae9fffff,Public Administration,348
884995bae9fffff,Real Estate,624
884995bae9fffff,Retail,1267
884995bae9fffff,Transportation,503
884995bae9fffff,Wholesale,720
884995baebfffff,Art/Culture,138
884995baebfffff,Business Support,2452
884995baebfffff,Construction,667
884995baebfffff,Corporate,20
884995baebfffff,Education,271
884995baebfffff,Energy,213
884995baebfffff,Financial,1201
884995baebfffff,Health,786
884995baebfffff,Hospitality,1249
884995baebfffff,Information,725
884995baebfffff,Manufacturing,264
884995baebfffff,Professional Service,2528
884995baebfffff,Public Administration,39
884995baebfffff,Real Estate,272
884995baebfffff,Retail,1726
884995baebfffff,Transportation,225
884995baebfffff,Wholesale,1774
884995baedfffff,Art/Culture,123
884995baedfffff,Business Support,4028
884995baedfffff,Construction,914
884995baedfffff,Corporate,32
884995baedfffff,Education,182
884995baedfffff,Energy,66
884995baedfffff,Financial,1593
884995baedfffff,Health,237
884995baedfffff,Hospitality,1786
884995baedfffff,Information,978
884995baedfffff,Manufacturing,602
884995baedfffff,Professional Service,4483
884995baedfffff,Public Administration,280
884995baedfffff,Real Estate,494
884995baedfffff,Retail,1141
884995baedfffff,Transportation,180
884995baedfffff,Wholesale,1770
884995bb03fffff,Art/Culture,171
884995bb03fffff,Business Support,118
884995bb03fffff,Construction,57
884995bb03fffff,Education,149
884995bb03fffff,Financial,3
884995bb03fffff,Health,101
884995bb03fffff,Hospitality,125
884995bb03fffff,Manufacturing,27
884995bb03fffff,Professional Service,5
884995bb03fffff,Public Administration,323
884995bb03fffff,Real Estate,15
884995bb03fffff,Retail,135
884995bb03fffff,Wholesale,25
884995bb07fffff,Art/Culture,11
884995bb07fffff,Business Support,72
884995bb07fffff,Construction,14
884995bb07fffff,Education,482
884995bb07fffff,Energy,7
884995bb07fffff,Financial,49
884995bb07fffff,Health,195
884995bb07fffff,Hospitality,236
884995bb07fffff,Information,1
884995bb07fffff,Manufacturing,54
884995bb07fffff,Professional Service,288
884995bb07fffff,Public Administration,138
884995bb07fffff,Real Estate,50
884995bb07fffff,Retail,293
884995bb07fffff,Transportation,56
884995bb07fffff,Wholesale,15
884995bb09fffff,Art/Culture,29
884995bb09fffff,Business Support,120
884995bb09fffff,Construction,1
884995bb09fffff,Education,151
884995bb09fffff,Energy,6
884995bb09fffff,Financial,53
884995bb09fffff,Health,174
884995bb09fffff,Hospitality,174
884995bb09fffff,Information,1
884995bb09fffff,Manufacturing,2024
884995bb09fffff,Professional Service,155
884995bb09fffff,Public Administration,116
884995bb09fffff,Real Estate,14
884995bb09fffff,Retail,602
884995bb09fffff,Transportation,51
884995bb09fffff,Wholesale,486
884995bb0bfffff,Art/Culture,16
884995bb0bfffff,Business Support,235
884995bb0bfffff,Construction,33
884995bb0bfffff,Education,252
884995bb0bfffff,Financial,25
884995bb0bfffff,Health,449
884995bb0bfffff,Hospitality,484
884995bb0bfffff,Information,18
884995bb0bfffff,Manufacturing,935
884995bb0bfffff,Professional Service,305
884995bb0bfffff,Public Administration,348
884995bb0bfffff,Real Estate,6
884995bb0bfffff,Retail,515
884995bb0bfffff,Transportation,20
884995bb0bfffff,Wholesale,350
884995bb0dfffff,Art/Culture,6
884995bb0dfffff,Business Support,322
884995bb0dfffff,Construction,106
884995bb0dfffff,Education,526
884995bb0dfffff,Energy,55
884995bb0dfffff,Financial,61
884995bb0dfffff,Health,151
884995bb0dfffff,Hospitality,310
884995bb0dfffff,Manufacturing,4524
884995bb0dfffff,Professional Service,452
884995bb0dfffff,Public Administration,452
884995bb0dfffff,Real Estate,107
884995bb0dfffff,Retail,792
884995bb0dfffff,Transportation,302
884995bb0dfffff,Wholesale,1310
884995bb11fffff,Art/Culture,9
884995bb11fffff,Business Support,1175
884995bb11fffff,Construction,1
884995bb11fffff,Education,344
884995bb11fffff,Energy,6
884995bb11fffff,Financial,46
884995bb11fffff,Health,174
884995bb11fffff,Hospitality,452
884995bb11fffff,Information,46
884995bb11fffff,Manufacturing,222
884995bb11fffff,Professional Service,30
884995bb11fffff,Public Administration,55
884995bb11fffff,Real Estate,7
884995bb11fffff,Retail,1707
884995bb11fffff,Transportation,399
884995bb11fffff,Wholesale,305
884995bb13fffff,Art/Culture,78
884995bb13fffff,Business Support,176
884995bb13fffff,Construction,7
884995bb13fffff,Education,417
884995bb13fffff,Financial,130
884995bb13fffff,Health,556
884995bb13fffff,Hospitality,946
884995bb13fffff,Information,13
884995bb13fffff,Manufacturing,1035
884995bb13fffff,Professional Service,76
884995bb13fffff,Public Administration,2472
884995bb13fffff,Real Estate,63
884995bb13fffff,Retail,6995
884995bb13fffff,Transportation,16
884995bb13fffff,Wholesale,1565
884995bb15fffff,Art/Culture,34
884995bb15fffff,Business Support,15
884995bb15fffff,Education,494
884995bb15fffff,Energy,1
884995bb15fffff,Financial,70
884995bb15fffff,Health,259
884995bb15fffff,Hospitality,304
884995bb15fffff,Information,36
884995bb15fffff,Manufacturing,79
884995bb15fffff,Professional Service,25
884995bb15fffff,Public Administration,1817
884995bb15fffff,Real Estate,27
884995bb15fffff,Retail,283
884995bb15fffff,Transportation,21
884995bb15fffff,Wholesale,39
884995bb17fffff,Art/Culture,56
884995bb17fffff,Business Support,21
884995bb17fffff,Education,46
884995bb17fffff,Energy,1
884995bb17fffff,Financial,38
884995bb17fffff,Health,146
884995bb17fffff,Hospitality,962
884995bb17fffff,Information,14
884995bb17fffff,Manufacturing,128
884995bb17fffff,Professional Service,5
884995bb17fffff,Public Administration,1994
884995bb17fffff,Real Estate,38
884995bb17fffff,Retail,6424
884995bb17fffff,Transportation,84
884995bb17fffff,Wholesale,635
884995bb19fffff,Art/Culture,70
884995bb19fffff,Business Support,686
884995bb19fffff,Construction,13
884995bb19fffff,Education,132
884995bb19fffff,Financial,64
884995bb19fffff,Health,133
884995bb19fffff,Hospitality,397
884995bb19fffff,Information,2
884995bb19fffff,Manufacturing,482
884995bb19fffff,Professional Service,79
884995bb19fffff,Public Administration,264
884995bb19fffff,Real Estate,13
884995bb19fffff,Retail,1536
884995bb19fffff,Transportation,34
884995bb19fffff,Wholesale,505
884995bb1bfffff,Art/Culture,10
884995bb1bfffff,Business Support,847
884995bb1bfffff,Construction,16
884995bb1bfffff,Education,569
884995bb1bfffff,Financial,635
884995bb1bfffff,Health,617
884995bb1bfffff,Hospitality,353
884995bb1bfffff,Information,12
884995bb1bfffff,Manufacturing,1729
884995bb1bfffff,Professional Service,81
884995bb1bfffff,Public Administration,2750
884995bb1bfffff,Real Estate,5
884995bb1bfffff,Retail,593
884995bb1bfffff,Transportation,21
884995bb1bfffff,Wholesale,695
884995bb1dfffff,Art/Culture,23
884995bb1dfffff,Business Support,465
884995bb1dfffff,Construction,2
884995bb1dfffff,Education,149
884995bb1dfffff,Energy,13
884995bb1dfffff,Financial,103
884995bb1dfffff,Health,87
884995bb1dfffff,Hospitality,351
884995bb1dfffff,Information,2
884995bb1dfffff,Manufacturing,494
884995bb1dfffff,Professional Service,72
884995bb1dfffff,Public Administration,136
884995bb1dfffff,Real Estate,39
884995bb1dfffff,Retail,815
884995bb1dfffff,Transportation,48
884995bb1dfffff,Wholesale,194
884995bb21fffff,Art/Culture,4
884995bb21fffff,Business Support,66
884995bb21fffff,Education,235
884995bb21fffff,Financial,49
884995bb21fffff,Health,55
884995bb21fffff,Hospitality,184
884995bb21fffff,Information,1
884995bb21fffff,Manufacturing,86
884995bb21fffff,Professional Service,6
884995bb21fffff,Public Administration,15
884995bb21fffff,Real Estate,17
884995bb21fffff,Retail,567
884995bb21fffff,Transportation,65
884995bb21fffff,Wholesale,50
884995bb23fffff,Art/Culture,16
884995bb23fffff,Business Support,70
884995bb23fffff,Construction,2
884995bb23fffff,Education,253
884995bb23fffff,Financial,126
884995bb23fffff,Health,56
884995bb23fffff,Hospitality,193
884995bb23fffff,Information,6
884995bb23fffff,Manufacturing,120
884995bb23fffff,Professional Service,21
884995bb23fffff,Public Administration,7
884995bb23fffff,Real Estate,31
884995bb23fffff,Retail,558
884995bb23fffff,Transportation,636
884995bb23fffff,Wholesale,86
884995bb25fffff,Art/Culture,6
884995bb25fffff,Business Support,127
884995bb25fffff,Construction,57
884995bb25fffff,Education,413
884995bb25fffff,Financial,2
884995bb25fffff,Health,32
884995bb25fffff,Hospitality,312
884995bb25fffff,Information,14
884995bb25fffff,Manufacturing,211
884995bb25fffff,Professional Service,40
884995bb25fffff,Public Administration,21
884995bb25fffff,Real Estate,29
884995bb25fffff,Retail,662
884995bb25fffff,Transportation,416
884995bb25fffff,Wholesale,27
884995bb29fffff,Art/Culture,538
884995bb29fffff,Business Support,631
884995bb29fffff,Construction,18
884995bb29fffff,Education,251
884995bb29fffff,Energy,12
884995bb29fffff,Financial,115
884995bb29fffff,Health,43
884995bb29fffff,Hospitality,128
884995bb29fffff,Manufacturing,427
884995bb29fffff,Professional Service,166
884995bb29fffff,Public Administration,101
884995bb29fffff,Real Estate,13
884995bb29fffff,Retail,183
884995bb29fffff,Transportation,71
884995bb29fffff,Wholesale,333
884995bb2bfffff,Art/Culture,10
884995bb2bfffff,Business Support,8
884995bb2bfffff,Construction,23
884995bb2bfffff,Education,159
884995bb2bfffff,Financial,36
884995bb2bfffff,Health,104
884995bb2bfffff,Hospitality,287
884995bb2bfffff,Information,12
884995bb2bfffff,Manufacturing,316
884995bb2bfffff,Professional Service,20
884995bb2bfffff,Public Administration,67
884995bb2bfffff,Real Estate,25
884995bb2bfffff,Retail,681
884995bb2bfffff,Transportation,52
884995bb2bfffff,Wholesale,570
884995bb2dfffff,Art/Culture,7
884995bb2dfffff,Business Support,391
884995bb2dfffff,Construction,6
884995bb2dfffff,Education,167
884995bb2dfffff,Energy,12
884995bb2dfffff,Financial,15
884995bb2dfffff,Health,14
884995bb2dfffff,Hospitality,97
884995bb2dfffff,Information,2
884995bb2dfffff,Manufacturing,814
884995bb2dfffff,Professional Service,3
884995bb2dfffff,Public Administration,37
884995bb2dfffff,Real Estate,1
884995bb2dfffff,Retail,496
884995bb2dfffff,Transportation,2
884995bb2dfffff,Wholesale,589
884995bb31fffff,Art/Culture,22
884995bb31fffff,Business Support,78
884995bb31fffff,Construction,21
884995bb31fffff,Education,92
884995bb31fffff,Financial,28
884995bb31fffff,Health,133
884995bb31fffff,Hospitality,201
884995bb31fffff,Manufacturing,174
884995bb31fffff,Professional Service,52
884995bb31fffff,Public Administration,19
884995bb31fffff,Real Estate,20
884995bb31fffff,Retail,864
884995bb31fffff,Transportation,79
884995bb31fffff,Wholesale,84
884995bb33fffff,Art/Culture,9
884995bb33fffff,Business Support,406
884995bb33fffff,Construction,114
884995bb33fffff,Education,91
884995bb33fffff,Energy,6
884995bb33fffff,Financial,15
884995bb33fffff,Health,57
884995bb33fffff,Hospitality,77
884995bb33fffff,Information,58
884995bb33fffff,Manufacturing,80
884995bb33fffff,Professional Service,51
884995bb33fffff,Public Administration,153
884995bb33fffff,Real Estate,9
884995bb33fffff,Retail,382
884995bb33fffff,Transportation,2306
884995bb33fffff,Wholesale,148
884995bb35fffff,Art/Culture,22
884995bb35fffff,Business Support,152
884995bb35fffff,Construction,13
884995bb35fffff,Education,193
884995bb35fffff,Financial,65
884995bb35fffff,Health,196
884995bb35fffff,Hospitality,236
884995bb35fffff,Manufacturing,106
884995bb35fffff,Professional Service,66
884995bb35fffff,Public Administration,118
884995bb35fffff,Real Estate,26
884995bb35fffff,Retail,681
884995bb35fffff,Transportation,492
884995bb35fffff,Wholesale,120
884995bb37fffff,Art/Culture,66
884995bb37fffff,Business Support,288
884995bb37fffff,Education,301
884995bb37fffff,Financial,18
884995bb37fffff,Health,301
884995bb37fffff,Hospitality,114
884995bb37fffff,Information,9
884995bb37fffff,Manufacturing,1272
884995bb37fffff,Professional Service,35
884995bb37fffff,Public Administration,236
884995bb37fffff,Real Estate,12
884995bb37fffff,Retail,470
884995bb37fffff,Transportation,384
884995bb37fffff,Wholesale,191
884995bb39fffff,Art/Culture,25
884995bb39fffff,Business Support,286
884995bb39fffff,Construction,2
884995bb39fffff,Education,538
884995bb39fffff,Financial,87
884995bb39fffff,Health,236
884995bb39fffff,Hospitality,292
884995bb39fffff,Manufacturing,90
884995bb39fffff,Professional Service,119
884995bb39fffff,Public Administration,128
884995bb39fffff,Real Estate,46
884995bb39fffff,Retail,387
884995bb39fffff,Transportation,12
884995bb39fffff,Wholesale,16
884995bb3bfffff,Art/Culture,21
884995bb3bfffff,Business Support,95
884995bb3bfffff,Construction,33
884995bb3bfffff,Education,170
884995bb3bfffff,Financial,104
884995bb3bfffff,Health,316
884995bb3bfffff,Hospitality,337
884995bb3bfffff,Information,3
884995bb3bfffff,Manufacturing,35
884995bb3bfffff,Professional Service,28
884995bb3bfffff,Public Administration,934
884995bb3bfffff,Real Estate,7
884995bb3bfffff,Retail,402
884995bb3bfffff,Transportation,624
884995bb3bfffff,Wholesale,27
884995bb3dfffff,Art/Culture,62
884995bb3dfffff,Business Support,131
884995bb3dfffff,Construction,12
884995bb3dfffff,Education,159
884995bb3dfffff,Energy,1
884995bb3dfffff,Financial,207
884995bb3dfffff,Health,427
884995bb3dfffff,Hospitality,522
884995bb3dfffff,Information,62
884995bb3dfffff,Manufacturing,754
884995bb3dfffff,Professional Service,40
884995bb3dfffff,Public Administration,2
884995bb3dfffff,Real Estate,10
884995bb3dfffff,Retail,1396
884995bb3dfffff,Transportation,464
884995bb3dfffff,Wholesale,207
884995bb41fffff,Art/Culture,4
884995bb41fffff,Business Support,12
884995bb41fffff,Construction,2
884995bb41fffff,Education,322
884995bb41fffff,Energy,1
884995bb41fffff,Financial,1
884995bb41fffff,Health,98
884995bb41fffff,Hospitality,92
884995bb41fffff,Information,15
884995bb41fffff,Manufacturing,142
884995bb41fffff,Professional Service,18
884995bb41fffff,Public Administration,142
884995bb41fffff,Real Estate,4
884995bb41fffff,Retail,365
884995bb41fffff,Transportation,7
884995bb41fffff,Wholesale,10
884995bb43fffff,Art/Culture,14
884995bb43fffff,Business Support,16
884995bb43fffff,Construction,4
884995bb43fffff,Education,537
884995bb43fffff,Financial,21
884995bb43fffff,Health,98
884995bb43fffff,Hospitality,69
884995bb43fffff,Manufacturing,114
884995bb43fffff,Professional Service,12
884995bb43fffff,Public Administration,21
884995bb43fffff,Real Estate,2
884995bb43fffff,Retail,401
884995bb43fffff,Transportation,228
884995bb43fffff,Wholesale,149
884995bb45fffff,Art/Culture,10
884995bb45fffff,Business Support,235
884995bb45fffff,Construction,1
884995bb45fffff,Education,541
884995bb45fffff,Energy,660
884995bb45fffff,Financial,80
884995bb45fffff,Health,75
884995bb45fffff,Hospitality,310
884995bb45fffff,Information,36
884995bb45fffff,Manufacturing,100
884995bb45fffff,Professional Service,18
884995bb45fffff,Public Administration,1420
884995bb45fffff,Real Estate,6
884995bb45fffff,Retail,975
884995bb45fffff,Transportation,3
884995bb45fffff,Wholesale,14
884995bb47fffff,Art/Culture,17
884995bb47fffff,Business Support,9
884995bb47fffff,Construction,7
884995bb47fffff,Education,286
884995bb47fffff,Health,47
884995bb47fffff,Hospitality,135
884995bb47fffff,Information,12
884995bb47fffff,Manufacturing,199
884995bb47fffff,Professional Service,15
884995bb47fffff,Public Administration,64
884995bb47fffff,Real Estate,10
884995bb47fffff,Retail,437
884995bb47fffff,Wholesale,29
884995bb49fffff,Art/Culture,5
884995bb49fffff,Business Support,24
884995bb49fffff,Construction,132
884995bb49fffff,Education,135
884995bb49fffff,Financial,1
884995bb49fffff,Health,37
884995bb49fffff,Hospitality,40
884995bb49fffff,Manufacturing,374
884995bb49fffff,Professional Service,131
884995bb49fffff,Public Administration,114
884995bb49fffff,Real Estate,36
884995bb49fffff,Retail,208
884995bb49fffff,Wholesale,53
884995bb4bfffff,Art/Culture,8
884995bb4bfffff,Business Support,254
884995bb4bfffff,Education,277
884995bb4bfffff,Financial,60
884995bb4bfffff,Health,69
884995bb4bfffff,Hospitality,141
884995bb4bfffff,Information,32
884995bb4bfffff,Manufacturing,376
884995bb4bfffff,Professional Service,37
884995bb4bfffff,Public Administration,14
884995bb4bfffff,Real Estate,16
884995bb4bfffff,Retail,631
884995bb4bfffff,Transportation,13
884995bb4bfffff,Wholesale,198
884995bb4dfffff,Art/Culture,278
884995bb4dfffff,Business Support,16
884995bb4dfffff,Construction,133
884995bb4dfffff,Education,93
884995bb4dfffff,Energy,1
884995bb4dfffff,Financial,10
884995bb4dfffff,Health,19
884995bb4dfffff,Hospitality,198
884995bb4dfffff,Information,13
884995bb4dfffff,Manufacturing,114
884995bb4dfffff,Professional Service,8
884995bb4dfffff,Public Administration,1398
884995bb4dfffff,Real Estate,1
884995bb4dfffff,Retail,351
884995bb4dfffff,Transportation,69
884995bb4dfffff,Wholesale,135
884995bb51fffff,Art/Culture,22
884995bb51fffff,Business Support,38
884995bb51fffff,Construction,96
884995bb51fffff,Education,236
884995bb51fffff,Financial,1
884995bb51fffff,Health,72
884995bb51fffff,Hospitality,138
884995bb51fffff,Manufacturing,447
884995bb51fffff,Professional Service,159
884995bb51fffff,Public Administration,68
884995bb51fffff,Real Estate,20
884995bb51fffff,Retail,298
884995bb51fffff,Transportation,21
884995bb51fffff,Wholesale,112
884995bb53fffff,Art/Culture,48
884995bb53fffff,Business Support,1255
884995bb53fffff,Construction,47
884995bb53fffff,Education,397
884995bb53fffff,Energy,1
884995bb53fffff,Financial,104
884995bb53fffff,Health,242
884995bb53fffff,Hospitality,362
884995bb53fffff,Information,12
884995bb53fffff,Manufacturing,547
884995bb53fffff,Professional Service,213
884995bb53fffff,Public Administration,630
884995bb53fffff,Real Estate,23
884995bb53fffff,Retail,589
884995bb53fffff,Transportation,10
884995bb53fffff,Wholesale,269
884995bb55fffff,Art/Culture,11
884995bb55fffff,Business Support,14
884995bb55fffff,Construction,172
884995bb55fffff,Education,20
884995bb55fffff,Financial,18
884995bb55fffff,Health,423
884995bb55fffff,Hospitality,123
884995bb55fffff,Manufacturing,1234
884995bb55fffff,Professional Service,10
884995bb55fffff,Real Estate,3
884995bb55fffff,Retail,474
884995bb55fffff,Transportation,55
884995bb55fffff,Wholesale,444
884995bb57fffff,Art/Culture,11
884995bb57fffff,Business Support,2
884995bb57fffff,Construction,126
884995bb57fffff,Education,111
884995bb57fffff,Financial,23
884995bb57fffff,Health,72
884995bb57fffff,Hospitality,231
884995bb57fffff,Information,7
884995bb57fffff,Manufacturing,195
884995bb57fffff,Professional Service,39
884995bb57fffff,Public Administration,200
884995bb57fffff,Real Estate,5
884995bb57fffff,Retail,530
884995bb57fffff,Transportation,98
884995bb57fffff,Wholesale,179
884995bb59fffff,Art/Culture,29
884995bb59fffff,Business Support,29
884995bb59fffff,Construction,201
884995bb59fffff,Education,292
884995bb59fffff,Financial,4
884995bb59fffff,Health,81
884995bb59fffff,Hospitality,265
884995bb59fffff,Information,1
884995bb59fffff,Manufacturing,273
884995bb59fffff,Professional Service,104
884995bb59fffff,Public Administration,7
884995bb59fffff,Real Estate,23
884995bb59fffff,Retail,290
884995bb59fffff,Transportation,117
884995bb59fffff,Wholesale,221
884995bb5bfffff,Art/Culture,52
884995bb5bfffff,Business Support,904
884995bb5bfffff,Construction,149
884995bb5bfffff,Education,568
884995bb5bfffff,Financial,76
884995bb5bfffff,Health,132
884995bb5bfffff,Hospitality,493
884995bb5bfffff,Information,6
884995bb5bfffff,Manufacturing,750
884995bb5bfffff,Professional Service,460
884995bb5bfffff,Public Administration,331
884995bb5bfffff,Real Estate,30
884995bb5bfffff,Retail,785
884995bb5bfffff,Transportation,565
884995bb5bfffff,Wholesale,407
884995bb5dfffff,Art/Culture,47
884995bb5dfffff,Business Support,293
884995bb5dfffff,Construction,1
884995bb5dfffff,Education,465
884995bb5dfffff,Financial,23
884995bb5dfffff,Health,80
884995bb5dfffff,Hospitality,101
884995bb5dfffff,Information,7
884995bb5dfffff,Manufacturing,502
884995bb5dfffff,Professional Service,11
884995bb5dfffff,Public Administration,30
884995bb5dfffff,Real Estate,24
884995bb5dfffff,Retail,269
884995bb5dfffff,Transportation,12
884995bb5dfffff,Wholesale,128
884995bb61fffff,Art/Culture,26
884995bb61fffff,Business Support,18
884995bb61fffff,Construction,2
884995bb61fffff,Education,405
884995bb61fffff,Health,64
884995bb61fffff,Hospitality,172
884995bb61fffff,Manufacturing,65
884995bb61fffff,Professional Service,53
884995bb61fffff,Public Administration,18
884995bb61fffff,Real Estate,14
884995bb61fffff,Retail,399
884995bb61fffff,Transportation,1
884995bb61fffff,Wholesale,43
884995bb63fffff,Art/Culture,3
884995bb63fffff,Business Support,124
884995bb63fffff,Construction,1
884995bb63fffff,Education,312
884995bb63fffff,Financial,25
884995bb63fffff,Health,20
884995bb63fffff,Hospitality,452
884995bb63fffff,Manufacturing,1369
884995bb63fffff,Professional Service,13
884995bb63fffff,Public Administration,820
884995bb63fffff,Retail,189
884995bb63fffff,Transportation,6
884995bb63fffff,Wholesale,352
884995bb65fffff,Art/Culture,19
884995bb65fffff,Business Support,57
884995bb65fffff,Construction,1
884995bb65fffff,Education,527
884995bb65fffff,Energy,55
884995bb65fffff,Financial,47
884995bb65fffff,Health,102
884995bb65fffff,Hospitality,195
884995bb65fffff,Information,2
884995bb65fffff,Manufacturing,290
884995bb65fffff,Professional Service,76
884995bb65fffff,Public Administration,348
884995bb65fffff,Real Estate,34
884995bb65fffff,Retail,683
884995bb65fffff,Transportation,26
884995bb65fffff,Wholesale,109
884995bb67fffff,Art/Culture,6
884995bb67fffff,Business Support,4
884995bb67fffff,Construction,13
884995bb67fffff,Education,62
884995bb67fffff,Financial,6
884995bb67fffff,Health,10
884995bb67fffff,Hospitality,59
884995bb67fffff,Manufacturing,1167
884995bb67fffff,Professional Service,16
884995bb67fffff,Real Estate,154
884995bb67fffff,Retail,136
884995bb67fffff,Transportation,26
884995bb67fffff,Wholesale,168
884995bb69fffff,Art/Culture,7
884995bb69fffff,Business Support,227
884995bb69fffff,Construction,1
884995bb69fffff,Education,92
884995bb69fffff,Energy,1
884995bb69fffff,Financial,26
884995bb69fffff,Health,13
884995bb69fffff,Hospitality,106
884995bb69fffff,Information,12
884995bb69fffff,Manufacturing,210
884995bb69fffff,Professional Service,10
884995bb69fffff,Real Estate,41
884995bb69fffff,Retail,672
884995bb69fffff,Transportation,279
884995bb69fffff,Wholesale,1049
884995bb6bfffff,Art/Culture,96
884995bb6bfffff,Business Support,19
884995bb6bfffff,Construction,116
884995bb6bfffff,Education,566
884995bb6bfffff,Energy,12
884995bb6bfffff,Health,364
884995bb6bfffff,Hospitality,215
884995bb6bfffff,Information,13
884995bb6bfffff,Manufacturing,158
884995bb6bfffff,Professional Service,18
884995bb6bfffff,Public Administration,124
884995bb6bfffff,Real Estate,24
884995bb6bfffff,Retail,951
884995bb6bfffff,Transportation,14
884995bb6bfffff,Wholesale,54
884995bb6dfffff,Art/Culture,78
884995bb6dfffff,Business Support,124
884995bb6dfffff,Construction,56
884995bb6dfffff,Education,97
884995bb6dfffff,Financial,148
884995bb6dfffff,Health,109
884995bb6dfffff,Hospitality,1611
884995bb6dfffff,Information,97
884995bb6dfffff,Manufacturing,119
884995bb6dfffff,Professional Service,161
884995bb6dfffff,Public Administration,14
884995bb6dfffff,Real Estate,32
884995bb6dfffff,Retail,3619
884995bb6dfffff,Transportation,67
884995bb6dfffff,Wholesale,376
