geomid,naics,workers
872830006ffffff,Art/Culture,2.872
872830006ffffff,Business Support,1.003
872830006ffffff,Construction,10.447
872830006ffffff,Education,4.602
872830006ffffff,Energy,0.062
872830006ffffff,Financial,0.383
872830006ffffff,Health,11.413
872830006ffffff,Hospitality,2.915
872830006ffffff,Information,1.166
872830006ffffff,Manufacturing,3.26
872830006ffffff,Professional Service,1.711
872830006ffffff,Public Administration,1.336
872830006ffffff,Real Estate,2.599
872830006ffffff,Retail,4.003
872830006ffffff,Transportation,3.505
872830006ffffff,Wholesale,0.13
87283000cffffff,Art/Culture,11.815
87283000cffffff,Business Support,9.508
87283000cffffff,Construction,11.835
87283000cffffff,Education,47.516
87283000cffffff,Energy,2.026
87283000cffffff,Financial,4.92
87283000cffffff,Health,99.793
87283000cffffff,Hospitality,85.3
87283000cffffff,Information,4.995
87283000cffffff,Manufacturing,21.085
87283000cffffff,Professional Service,13.082
87283000cffffff,Public Administration,12.229
87283000cffffff,Real Estate,2.543
87283000cffffff,Retail,12.356
87283000cffffff,Transportation,24.865
87283000cffffff,Wholesale,6.353
872830019ffffff,Art/Culture,0.814
872830019ffffff,Business Support,0.942
872830019ffffff,Construction,3.457
872830019ffffff,Education,0.864
872830019ffffff,Energy,0.728
872830019ffffff,Financial,1.559
872830019ffffff,Health,1.832
872830019ffffff,Hospitality,5.908
872830019ffffff,Information,0.758
872830019ffffff,Manufacturing,0.074
872830019ffffff,Professional Service,0.856
872830019ffffff,Public Administration,0.733
872830019ffffff,Retail,0.914
872830019ffffff,Transportation,0.861
872830020ffffff,Art/Culture,61.325
872830020ffffff,Business Support,68.277
872830020ffffff,Construction,27.267
872830020ffffff,Education,118.168
872830020ffffff,Energy,27.432
872830020ffffff,Financial,13.979
872830020ffffff,Health,303.762
872830020ffffff,Hospitality,390.169
872830020ffffff,Information,15.443
872830020ffffff,Manufacturing,29.438
872830020ffffff,Professional Service,28.853
872830020ffffff,Public Administration,47.762
872830020ffffff,Real Estate,14.89
872830020ffffff,Retail,191.835
872830020ffffff,Transportation,303.495
872830020ffffff,Wholesale,86.598
872830021ffffff,Art/Culture,62.861
872830021ffffff,Business Support,67.985
872830021ffffff,Construction,37.833
872830021ffffff,Corporate,0.091
872830021ffffff,Education,191.046
872830021ffffff,Energy,9.029
872830021ffffff,Financial,11.908
872830021ffffff,Health,530.561
872830021ffffff,Hospitality,231.009
872830021ffffff,Information,6.177
872830021ffffff,Manufacturing,32.717
872830021ffffff,Professional Service,25.483
872830021ffffff,Public Administration,25.624
872830021ffffff,Real Estate,17.232
872830021ffffff,Retail,59.799
872830021ffffff,Transportation,92.161
872830021ffffff,Wholesale,21.324
872830024ffffff,Art/Culture,11.028
872830024ffffff,Business Support,11.61
872830024ffffff,Construction,43.542
872830024ffffff,Corporate,0.0
872830024ffffff,Education,58.009
872830024ffffff,Energy,9.397
872830024ffffff,Financial,4.109
872830024ffffff,Health,72.672
872830024ffffff,Hospitality,117.667
872830024ffffff,Information,5.448
872830024ffffff,Manufacturing,13.208
872830024ffffff,Professional Service,7.388
872830024ffffff,Public Administration,22.325
872830024ffffff,Real Estate,17.807
872830024ffffff,Retail,75.149
872830024ffffff,Transportation,112.154
872830024ffffff,Wholesale,19.076
872830025ffffff,Art/Culture,35.291
872830025ffffff,Business Support,37.098
872830025ffffff,Construction,46.346
872830025ffffff,Corporate,0.259
872830025ffffff,Education,147.997
872830025ffffff,Energy,10.162
872830025ffffff,Financial,7.341
872830025ffffff,Health,387.608
872830025ffffff,Hospitality,179.997
872830025ffffff,Information,6.713
872830025ffffff,Manufacturing,29.836
872830025ffffff,Professional Service,17.998
872830025ffffff,Public Administration,14.248
872830025ffffff,Real Estate,7.705
872830025ffffff,Retail,90.833
872830025ffffff,Transportation,97.785
872830025ffffff,Wholesale,30.106
87283002cffffff,Art/Culture,7.928
87283002cffffff,Business Support,4.272
87283002cffffff,Construction,24.712
87283002cffffff,Education,12.268
87283002cffffff,Energy,0.248
87283002cffffff,Financial,1.216
87283002cffffff,Health,46.61
87283002cffffff,Hospitality,17.559
87283002cffffff,Information,0.549
87283002cffffff,Manufacturing,14.016
87283002cffffff,Professional Service,3.359
87283002cffffff,Public Administration,4.282
87283002cffffff,Real Estate,1.669
87283002cffffff,Retail,15.331
87283002cffffff,Transportation,27.608
87283002cffffff,Wholesale,2.045
872830030ffffff,Art/Culture,0.816
872830030ffffff,Business Support,0.129
872830030ffffff,Construction,0.83
872830030ffffff,Education,0.277
872830030ffffff,Energy,0.023
872830030ffffff,Financial,0.096
872830030ffffff,Health,0.376
872830030ffffff,Hospitality,0.575
872830030ffffff,Information,0.703
872830030ffffff,Manufacturing,0.593
872830030ffffff,Professional Service,0.172
872830030ffffff,Public Administration,0.603
872830030ffffff,Real Estate,0.072
872830030ffffff,Retail,0.577
872830030ffffff,Transportation,0.855
872830030ffffff,Wholesale,0.072
872830048ffffff,Art/Culture,36.745
872830048ffffff,Business Support,36.766
872830048ffffff,Construction,59.82
872830048ffffff,Education,24.459
872830048ffffff,Energy,10.1
872830048ffffff,Financial,34.299
872830048ffffff,Health,49.699
872830048ffffff,Hospitality,70.563
872830048ffffff,Information,11.118
872830048ffffff,Manufacturing,95.709
872830048ffffff,Professional Service,44.468
872830048ffffff,Public Administration,21.081
872830048ffffff,Real Estate,17.887
872830048ffffff,Retail,59.697
872830048ffffff,Transportation,78.067
872830048ffffff,Wholesale,35.731
87283004dffffff,Art/Culture,59.778
87283004dffffff,Business Support,66.992
87283004dffffff,Construction,222.31
87283004dffffff,Education,233.795
87283004dffffff,Energy,22.473
87283004dffffff,Financial,47.069
87283004dffffff,Health,462.727
87283004dffffff,Hospitality,225.453
87283004dffffff,Information,28.77
87283004dffffff,Manufacturing,102.456
87283004dffffff,Professional Service,94.266
87283004dffffff,Public Administration,29.343
87283004dffffff,Real Estate,40.88
87283004dffffff,Retail,174.424
87283004dffffff,Transportation,51.813
87283004dffffff,Wholesale,60.512
872830052ffffff,Art/Culture,3.181
872830052ffffff,Business Support,0.733
872830052ffffff,Construction,1.366
872830052ffffff,Education,0.984
872830052ffffff,Energy,0.99
872830052ffffff,Financial,2.065
872830052ffffff,Health,2.134
872830052ffffff,Hospitality,15.986
872830052ffffff,Information,0.365
872830052ffffff,Manufacturing,0.013
872830052ffffff,Professional Service,1.742
872830052ffffff,Public Administration,5.279
872830052ffffff,Real Estate,0.99
872830052ffffff,Retail,6.738
872830052ffffff,Transportation,2.104
872830052ffffff,Wholesale,1.718
872830053ffffff,Art/Culture,6.633
872830053ffffff,Business Support,2.87
872830053ffffff,Construction,3.844
872830053ffffff,Education,1.837
872830053ffffff,Energy,0.824
872830053ffffff,Financial,5.013
872830053ffffff,Health,4.99
872830053ffffff,Hospitality,17.449
872830053ffffff,Information,1.44
872830053ffffff,Manufacturing,2.036
872830053ffffff,Professional Service,4.653
872830053ffffff,Public Administration,8.083
872830053ffffff,Real Estate,0.855
872830053ffffff,Retail,8.041
872830053ffffff,Transportation,5.495
872830053ffffff,Wholesale,3.126
872830054ffffff,Art/Culture,0.386
872830054ffffff,Business Support,0.018
872830054ffffff,Construction,1.027
872830054ffffff,Education,2.03
872830054ffffff,Energy,0.184
872830054ffffff,Financial,0.206
872830054ffffff,Health,1.251
872830054ffffff,Hospitality,0.802
872830054ffffff,Information,0.197
872830054ffffff,Manufacturing,0.274
872830054ffffff,Professional Service,0.825
872830054ffffff,Public Administration,0.999
872830054ffffff,Real Estate,0.002
872830054ffffff,Retail,0.201
872830054ffffff,Transportation,0.626
872830054ffffff,Wholesale,0.395
872830056ffffff,Art/Culture,0.017
872830056ffffff,Business Support,0.08
872830056ffffff,Construction,0.162
872830056ffffff,Education,0.119
872830056ffffff,Financial,0.067
872830056ffffff,Health,0.137
872830056ffffff,Hospitality,0.168
872830056ffffff,Information,0.022
872830056ffffff,Manufacturing,0.279
872830056ffffff,Professional Service,0.117
872830056ffffff,Public Administration,0.061
872830056ffffff,Real Estate,0.011
872830056ffffff,Retail,0.124
872830056ffffff,Transportation,0.084
872830056ffffff,Wholesale,0.045
87283005affffff,Art/Culture,0.574
87283005affffff,Business Support,0.007
87283005affffff,Education,1.384
87283005affffff,Health,1.943
87283005affffff,Hospitality,3.122
87283005affffff,Manufacturing,0.02
87283005affffff,Public Administration,1.408
87283005affffff,Retail,1.539
87283005affffff,Transportation,0.862
87283005effffff,Business Support,0.006
87283005effffff,Construction,0.055
87283005effffff,Education,0.765
87283005effffff,Health,0.056
87283005effffff,Hospitality,0.382
87283005effffff,Manufacturing,0.001
87283005effffff,Retail,0.011
87283005effffff,Transportation,0.011
872830068ffffff,Art/Culture,11.51
872830068ffffff,Business Support,11.701
872830068ffffff,Construction,31.675
872830068ffffff,Corporate,0.037
872830068ffffff,Education,22.986
872830068ffffff,Energy,4.982
872830068ffffff,Financial,8.173
872830068ffffff,Health,47.107
872830068ffffff,Hospitality,43.139
872830068ffffff,Information,3.909
872830068ffffff,Manufacturing,64.18
872830068ffffff,Professional Service,13.936
872830068ffffff,Public Administration,6.228
872830068ffffff,Real Estate,5.822
872830068ffffff,Retail,29.717
872830068ffffff,Transportation,16.028
872830068ffffff,Wholesale,10.9
872830072ffffff,Art/Culture,8.218
872830072ffffff,Business Support,12.058
872830072ffffff,Construction,34.034
872830072ffffff,Corporate,0.011
872830072ffffff,Education,51.471
872830072ffffff,Energy,3.109
872830072ffffff,Financial,8.321
872830072ffffff,Health,113.268
872830072ffffff,Hospitality,19.089
872830072ffffff,Information,2.555
872830072ffffff,Manufacturing,34.377
872830072ffffff,Professional Service,11.726
872830072ffffff,Public Administration,29.842
872830072ffffff,Real Estate,2.521
872830072ffffff,Retail,19.484
872830072ffffff,Transportation,27.981
872830072ffffff,Wholesale,5.076
872830081ffffff,Education,0.025
872830081ffffff,Health,1.181
872830081ffffff,Public Administration,0.053
872830081ffffff,Retail,0.556
872830083ffffff,Art/Culture,1.477
872830083ffffff,Business Support,0.39
872830083ffffff,Construction,0.744
872830083ffffff,Education,1.592
872830083ffffff,Health,3.446
872830083ffffff,Hospitality,0.432
872830083ffffff,Manufacturing,0.429
872830083ffffff,Professional Service,0.381
872830083ffffff,Public Administration,0.989
872830083ffffff,Real Estate,0.016
872830083ffffff,Retail,0.964
872830083ffffff,Transportation,0.739
872830084ffffff,Art/Culture,0.258
872830084ffffff,Business Support,0.526
872830084ffffff,Education,1.769
872830084ffffff,Financial,0.258
872830084ffffff,Health,5.337
872830084ffffff,Hospitality,3.01
872830084ffffff,Manufacturing,0.024
872830084ffffff,Professional Service,0.024
872830084ffffff,Public Administration,1.592
872830084ffffff,Real Estate,0.984
872830084ffffff,Retail,1.749
872830084ffffff,Transportation,0.92
872830084ffffff,Wholesale,0.258
872830085ffffff,Art/Culture,0.466
872830085ffffff,Business Support,0.451
872830085ffffff,Construction,3.337
872830085ffffff,Education,2.755
872830085ffffff,Energy,0.834
872830085ffffff,Health,12.911
872830085ffffff,Hospitality,2.12
872830085ffffff,Information,0.466
872830085ffffff,Public Administration,0.451
872830085ffffff,Real Estate,0.834
872830085ffffff,Retail,6.661
872830085ffffff,Transportation,3.803
872830085ffffff,Wholesale,2.503
87283008dffffff,Art/Culture,0.018
87283008dffffff,Business Support,0.018
87283008dffffff,Construction,0.029
87283008dffffff,Education,0.395
87283008dffffff,Financial,0.009
87283008dffffff,Health,2.705
87283008dffffff,Hospitality,0.091
87283008dffffff,Information,0.0
87283008dffffff,Manufacturing,0.04
87283008dffffff,Professional Service,0.016
87283008dffffff,Public Administration,0.751
87283008dffffff,Real Estate,0.009
87283008dffffff,Retail,0.868
87283008dffffff,Transportation,0.018
87283008dffffff,Wholesale,0.009
872830092ffffff,Construction,0.746
872830092ffffff,Education,0.383
872830092ffffff,Health,3.253
872830092ffffff,Hospitality,0.031
872830092ffffff,Manufacturing,0.155
872830092ffffff,Retail,0.031
872830094ffffff,Art/Culture,1.472
872830094ffffff,Construction,3.293
872830094ffffff,Education,0.806
872830094ffffff,Health,5.153
872830094ffffff,Hospitality,2.278
872830094ffffff,Information,1.472
872830094ffffff,Manufacturing,0.35
872830094ffffff,Public Administration,1.472
872830094ffffff,Retail,4.487
872830094ffffff,Transportation,0.736
872830096ffffff,Art/Culture,0.475
872830096ffffff,Business Support,0.595
872830096ffffff,Construction,0.932
872830096ffffff,Education,1.558
872830096ffffff,Health,2.999
872830096ffffff,Hospitality,2.247
872830096ffffff,Information,0.443
872830096ffffff,Manufacturing,4.642
872830096ffffff,Professional Service,0.639
872830096ffffff,Public Administration,2.414
872830096ffffff,Retail,2.139
872830096ffffff,Transportation,0.238
872830098ffffff,Art/Culture,1.528
872830098ffffff,Business Support,0.39
872830098ffffff,Construction,0.57
872830098ffffff,Education,0.594
872830098ffffff,Financial,0.78
872830098ffffff,Health,3.087
872830098ffffff,Hospitality,4.844
872830098ffffff,Manufacturing,0.124
872830098ffffff,Professional Service,0.717
872830098ffffff,Public Administration,1.559
872830098ffffff,Real Estate,0.39
872830098ffffff,Retail,2.364
872830098ffffff,Transportation,0.179
872830098ffffff,Wholesale,0.39
872830099ffffff,Art/Culture,0.707
872830099ffffff,Business Support,0.191
872830099ffffff,Construction,3.113
872830099ffffff,Education,0.395
872830099ffffff,Financial,0.383
872830099ffffff,Health,2.32
872830099ffffff,Hospitality,1.241
872830099ffffff,Manufacturing,0.214
872830099ffffff,Professional Service,0.077
872830099ffffff,Public Administration,0.852
872830099ffffff,Real Estate,0.191
872830099ffffff,Retail,1.338
872830099ffffff,Transportation,0.133
872830099ffffff,Wholesale,0.191
87283009affffff,Art/Culture,1.316
87283009affffff,Business Support,0.248
87283009affffff,Construction,0.621
87283009affffff,Education,0.896
87283009affffff,Financial,0.496
87283009affffff,Health,4.132
87283009affffff,Hospitality,3.901
87283009affffff,Professional Service,0.047
87283009affffff,Public Administration,1.845
87283009affffff,Real Estate,0.248
87283009affffff,Retail,4.294
87283009affffff,Transportation,1.144
87283009affffff,Wholesale,0.721
87283009bffffff,Art/Culture,0.504
87283009bffffff,Business Support,0.168
87283009bffffff,Construction,0.168
87283009bffffff,Education,1.604
87283009bffffff,Financial,0.336
87283009bffffff,Health,2.481
87283009bffffff,Hospitality,1.557
87283009bffffff,Public Administration,0.671
87283009bffffff,Real Estate,0.168
87283009bffffff,Retail,1.007
87283009bffffff,Wholesale,0.168
87283009effffff,Construction,0.188
87283009effffff,Education,0.07
87283009effffff,Health,2.797
87283009effffff,Hospitality,1.185
87283009effffff,Professional Service,0.132
87283009effffff,Public Administration,0.588
87283009effffff,Retail,2.352
87283009effffff,Transportation,0.588
8728300a5ffffff,Art/Culture,0.837
8728300a5ffffff,Business Support,1.764
8728300a5ffffff,Construction,2.191
8728300a5ffffff,Education,3.28
8728300a5ffffff,Energy,0.88
8728300a5ffffff,Financial,3.371
8728300a5ffffff,Health,5.162
8728300a5ffffff,Hospitality,1.728
8728300a5ffffff,Information,0.001
8728300a5ffffff,Manufacturing,3.01
8728300a5ffffff,Professional Service,1.863
8728300a5ffffff,Public Administration,17.789
8728300a5ffffff,Real Estate,0.179
8728300a5ffffff,Retail,11.588
8728300a5ffffff,Transportation,3.637
8728300a5ffffff,Wholesale,1.525
8728300a9ffffff,Art/Culture,0.086
8728300a9ffffff,Business Support,0.884
8728300a9ffffff,Construction,4.137
8728300a9ffffff,Education,0.115
8728300a9ffffff,Energy,0.027
8728300a9ffffff,Financial,0.882
8728300a9ffffff,Health,1.194
8728300a9ffffff,Hospitality,2.878
8728300a9ffffff,Information,0.027
8728300a9ffffff,Manufacturing,0.093
8728300a9ffffff,Professional Service,0.857
8728300a9ffffff,Public Administration,0.114
8728300a9ffffff,Real Estate,0.029
8728300a9ffffff,Retail,0.199
8728300a9ffffff,Transportation,0.884
8728300a9ffffff,Wholesale,0.029
8728300aeffffff,Art/Culture,2.463
8728300aeffffff,Business Support,2.122
8728300aeffffff,Construction,1.643
8728300aeffffff,Education,2.912
8728300aeffffff,Energy,0.13
8728300aeffffff,Financial,1.307
8728300aeffffff,Health,2.969
8728300aeffffff,Hospitality,8.832
8728300aeffffff,Information,0.654
8728300aeffffff,Manufacturing,3.057
8728300aeffffff,Professional Service,1.097
8728300aeffffff,Public Administration,0.778
8728300aeffffff,Real Estate,0.886
8728300aeffffff,Retail,3.732
8728300aeffffff,Transportation,2.908
8728300aeffffff,Wholesale,0.919
8728300b1ffffff,Education,1.278
8728300b1ffffff,Health,1.274
8728300b1ffffff,Hospitality,0.031
8728300b1ffffff,Information,0.001
8728300b2ffffff,Art/Culture,0.084
8728300b2ffffff,Construction,0.656
8728300b2ffffff,Education,0.046
8728300b2ffffff,Health,0.295
8728300b2ffffff,Hospitality,0.13
8728300b2ffffff,Information,0.084
8728300b2ffffff,Manufacturing,0.018
8728300b2ffffff,Public Administration,0.084
8728300b2ffffff,Retail,0.257
8728300b2ffffff,Transportation,0.042
8728300b3ffffff,Construction,0.164
8728300b3ffffff,Education,0.146
8728300b3ffffff,Health,0.24
8728300b3ffffff,Hospitality,0.563
8728300b3ffffff,Manufacturing,0.129
8728300b3ffffff,Retail,0.026
8728300cdffffff,Art/Culture,0.937
8728300cdffffff,Construction,3.222
8728300cdffffff,Education,0.751
8728300cdffffff,Health,1.425
8728300cdffffff,Hospitality,5.785
8728300cdffffff,Manufacturing,6.624
8728300cdffffff,Professional Service,0.154
8728300cdffffff,Public Administration,0.034
8728300cdffffff,Retail,0.371
8728300e9ffffff,Art/Culture,0.716
8728300e9ffffff,Construction,0.0
8728300e9ffffff,Education,6.713
8728300e9ffffff,Health,9.18
8728300e9ffffff,Hospitality,2.497
8728300e9ffffff,Manufacturing,0.0
8728300e9ffffff,Professional Service,1.412
8728300e9ffffff,Public Administration,0.716
8728300e9ffffff,Retail,1.422
8728300e9ffffff,Transportation,1.075
8728300ecffffff,Art/Culture,1.52
8728300ecffffff,Business Support,0.754
8728300ecffffff,Construction,2.502
8728300ecffffff,Education,1.74
8728300ecffffff,Energy,0.001
8728300ecffffff,Financial,6.773
8728300ecffffff,Health,1.746
8728300ecffffff,Hospitality,11.13
8728300ecffffff,Information,0.001
8728300ecffffff,Manufacturing,3.756
8728300ecffffff,Professional Service,4.519
8728300ecffffff,Public Administration,2.277
8728300ecffffff,Real Estate,1.511
8728300ecffffff,Retail,7.042
8728300ecffffff,Transportation,3.769
8728300ecffffff,Wholesale,0.763
8728300edffffff,Art/Culture,1.965
8728300edffffff,Business Support,0.637
8728300edffffff,Construction,4.708
8728300edffffff,Education,6.995
8728300edffffff,Financial,1.276
8728300edffffff,Health,9.658
8728300edffffff,Hospitality,6.408
8728300edffffff,Manufacturing,0.002
8728300edffffff,Professional Service,2.379
8728300edffffff,Public Administration,0.859
8728300edffffff,Real Estate,0.637
8728300edffffff,Retail,5.0
8728300edffffff,Transportation,1.676
8728300edffffff,Wholesale,0.0
8728300eeffffff,Art/Culture,0.065
8728300eeffffff,Business Support,0.082
8728300eeffffff,Construction,0.968
8728300eeffffff,Education,0.301
8728300eeffffff,Energy,0.049
8728300eeffffff,Financial,0.317
8728300eeffffff,Health,3.665
8728300eeffffff,Hospitality,0.491
8728300eeffffff,Information,0.049
8728300eeffffff,Manufacturing,0.005
8728300eeffffff,Professional Service,0.051
8728300eeffffff,Public Administration,0.051
8728300eeffffff,Retail,1.066
8728300eeffffff,Transportation,0.049
872830101ffffff,Art/Culture,0.132
872830101ffffff,Construction,0.424
872830101ffffff,Energy,0.026
872830101ffffff,Manufacturing,0.106
872830101ffffff,Retail,0.053
872830101ffffff,Transportation,0.291
872830102ffffff,Art/Culture,5.773
872830102ffffff,Business Support,7.912
872830102ffffff,Construction,7.168
872830102ffffff,Education,25.206
872830102ffffff,Energy,2.479
872830102ffffff,Financial,4.966
872830102ffffff,Health,62.381
872830102ffffff,Hospitality,21.905
872830102ffffff,Information,1.603
872830102ffffff,Manufacturing,17.979
872830102ffffff,Professional Service,5.572
872830102ffffff,Public Administration,12.34
872830102ffffff,Real Estate,3.217
872830102ffffff,Retail,13.494
872830102ffffff,Transportation,20.001
872830102ffffff,Wholesale,7.174
872830105ffffff,Art/Culture,2.99
872830105ffffff,Construction,9.569
872830105ffffff,Energy,0.598
872830105ffffff,Manufacturing,2.392
872830105ffffff,Retail,1.196
872830105ffffff,Transportation,6.578
87283010affffff,Art/Culture,18.713
87283010affffff,Business Support,16.696
87283010affffff,Construction,53.19
87283010affffff,Education,40.974
87283010affffff,Energy,1.939
87283010affffff,Financial,5.699
87283010affffff,Health,117.269
87283010affffff,Hospitality,98.94
87283010affffff,Information,4.813
87283010affffff,Manufacturing,9.841
87283010affffff,Professional Service,7.447
87283010affffff,Public Administration,68.46
87283010affffff,Real Estate,5.992
87283010affffff,Retail,28.788
87283010affffff,Transportation,18.644
87283010affffff,Wholesale,4.298
87283010bffffff,Art/Culture,5.04
87283010bffffff,Business Support,15.509
87283010bffffff,Construction,316.388
87283010bffffff,Education,22.101
87283010bffffff,Energy,12.407
87283010bffffff,Financial,1.939
87283010bffffff,Health,51.18
87283010bffffff,Hospitality,22.101
87283010bffffff,Information,0.775
87283010bffffff,Manufacturing,37.998
87283010bffffff,Professional Service,3.49
87283010bffffff,Public Administration,16.285
87283010bffffff,Real Estate,7.755
87283010bffffff,Retail,58.159
87283010bffffff,Transportation,53.119
87283010bffffff,Wholesale,20.55
87283010effffff,Art/Culture,8.063
87283010effffff,Business Support,12.738
87283010effffff,Construction,12.578
87283010effffff,Corporate,0.007
87283010effffff,Education,15.607
87283010effffff,Energy,4.647
87283010effffff,Financial,3.601
87283010effffff,Health,38.784
87283010effffff,Hospitality,70.063
87283010effffff,Information,1.597
87283010effffff,Manufacturing,29.821
87283010effffff,Professional Service,4.587
87283010effffff,Public Administration,23.648
87283010effffff,Real Estate,2.343
87283010effffff,Retail,74.884
87283010effffff,Transportation,38.657
87283010effffff,Wholesale,15.307
872830119ffffff,Art/Culture,11.441
872830119ffffff,Business Support,7.024
872830119ffffff,Construction,33.483
872830119ffffff,Corporate,0.996
872830119ffffff,Education,12.492
872830119ffffff,Energy,1.759
872830119ffffff,Financial,3.226
872830119ffffff,Health,35.781
872830119ffffff,Hospitality,11.045
872830119ffffff,Information,3.19
872830119ffffff,Manufacturing,24.211
872830119ffffff,Professional Service,5.708
872830119ffffff,Public Administration,26.383
872830119ffffff,Real Estate,2.993
872830119ffffff,Retail,20.772
872830119ffffff,Transportation,43.294
872830119ffffff,Wholesale,1.412
87283011bffffff,Art/Culture,16.341
87283011bffffff,Business Support,11.947
87283011bffffff,Construction,53.732
87283011bffffff,Corporate,0.004
87283011bffffff,Education,25.846
87283011bffffff,Energy,4.246
87283011bffffff,Financial,3.487
87283011bffffff,Health,68.773
87283011bffffff,Hospitality,62.751
87283011bffffff,Information,3.09
87283011bffffff,Manufacturing,7.355
87283011bffffff,Professional Service,7.533
87283011bffffff,Public Administration,13.638
87283011bffffff,Real Estate,16.039
87283011bffffff,Retail,37.562
87283011bffffff,Transportation,64.032
87283011bffffff,Wholesale,15.061
87283011cffffff,Art/Culture,10.964
87283011cffffff,Business Support,22.85
87283011cffffff,Construction,31.018
87283011cffffff,Education,73.109
87283011cffffff,Energy,6.524
87283011cffffff,Financial,3.45
87283011cffffff,Health,147.435
87283011cffffff,Hospitality,27.317
87283011cffffff,Information,9.523
87283011cffffff,Manufacturing,37.463
87283011cffffff,Professional Service,6.493
87283011cffffff,Public Administration,13.43
87283011cffffff,Real Estate,12.131
87283011cffffff,Retail,7.327
87283011cffffff,Transportation,33.69
87283011cffffff,Wholesale,16.903
87283011effffff,Art/Culture,27.204
87283011effffff,Business Support,28.969
87283011effffff,Construction,118.513
87283011effffff,Education,15.259
87283011effffff,Energy,10.825
87283011effffff,Financial,14.03
87283011effffff,Health,41.589
87283011effffff,Hospitality,30.402
87283011effffff,Information,5.421
87283011effffff,Manufacturing,63.95
87283011effffff,Professional Service,19.917
87283011effffff,Public Administration,65.257
87283011effffff,Real Estate,14.014
87283011effffff,Retail,33.126
87283011effffff,Transportation,30.647
87283011effffff,Wholesale,15.377
872830128ffffff,Art/Culture,5.852
872830128ffffff,Business Support,8.818
872830128ffffff,Construction,2.91
872830128ffffff,Corporate,0.009
872830128ffffff,Education,9.366
872830128ffffff,Energy,1.784
872830128ffffff,Financial,1.684
872830128ffffff,Health,24.58
872830128ffffff,Hospitality,3.143
872830128ffffff,Information,0.046
872830128ffffff,Manufacturing,3.379
872830128ffffff,Professional Service,1.433
872830128ffffff,Public Administration,4.865
872830128ffffff,Real Estate,2.076
872830128ffffff,Retail,19.146
872830128ffffff,Transportation,25.926
872830128ffffff,Wholesale,4.881
87283012bffffff,Art/Culture,0.182
87283012bffffff,Business Support,0.637
87283012bffffff,Construction,4.895
87283012bffffff,Corporate,0.032
87283012bffffff,Education,5.269
87283012bffffff,Energy,0.257
87283012bffffff,Financial,0.396
87283012bffffff,Health,11.446
87283012bffffff,Hospitality,0.492
87283012bffffff,Information,0.238
87283012bffffff,Manufacturing,1.371
87283012bffffff,Professional Service,0.476
87283012bffffff,Public Administration,1.381
87283012bffffff,Real Estate,0.428
87283012bffffff,Retail,0.769
87283012bffffff,Transportation,0.91
87283012bffffff,Wholesale,0.382
87283012cffffff,Art/Culture,13.059
87283012cffffff,Business Support,23.406
87283012cffffff,Construction,31.48
87283012cffffff,Education,58.721
87283012cffffff,Energy,3.029
87283012cffffff,Financial,6.252
87283012cffffff,Health,150.698
87283012cffffff,Hospitality,15.574
87283012cffffff,Information,0.106
87283012cffffff,Manufacturing,13.138
87283012cffffff,Professional Service,9.137
87283012cffffff,Public Administration,21.325
87283012cffffff,Real Estate,10.653
87283012cffffff,Retail,58.361
87283012cffffff,Transportation,68.402
87283012cffffff,Wholesale,27.332
87283012dffffff,Art/Culture,23.585
87283012dffffff,Business Support,50.406
87283012dffffff,Construction,46.4
87283012dffffff,Corporate,0.842
87283012dffffff,Education,88.969
87283012dffffff,Energy,5.507
87283012dffffff,Financial,23.73
87283012dffffff,Health,193.737
87283012dffffff,Hospitality,77.136
87283012dffffff,Information,18.264
87283012dffffff,Manufacturing,11.715
87283012dffffff,Professional Service,43.602
87283012dffffff,Public Administration,23.513
87283012dffffff,Real Estate,19.04
87283012dffffff,Retail,70.776
87283012dffffff,Transportation,68.805
87283012dffffff,Wholesale,16.757
872830130ffffff,Art/Culture,1.299
872830130ffffff,Business Support,18.102
872830130ffffff,Construction,74.291
872830130ffffff,Education,36.43
872830130ffffff,Energy,2.405
872830130ffffff,Financial,5.712
872830130ffffff,Health,63.929
872830130ffffff,Hospitality,4.412
872830130ffffff,Information,4.754
872830130ffffff,Manufacturing,17.858
872830130ffffff,Professional Service,11.664
872830130ffffff,Public Administration,178.541
872830130ffffff,Real Estate,16.573
872830130ffffff,Retail,23.897
872830130ffffff,Transportation,13.901
872830130ffffff,Wholesale,4.188
872830132ffffff,Art/Culture,24.207
872830132ffffff,Business Support,62.811
872830132ffffff,Construction,355.174
872830132ffffff,Corporate,0.4
872830132ffffff,Education,63.572
872830132ffffff,Energy,21.523
872830132ffffff,Financial,20.27
872830132ffffff,Health,121.573
872830132ffffff,Hospitality,117.975
872830132ffffff,Information,11.264
872830132ffffff,Manufacturing,131.019
872830132ffffff,Professional Service,35.161
872830132ffffff,Public Administration,235.449
872830132ffffff,Real Estate,33.37
872830132ffffff,Retail,116.737
872830132ffffff,Transportation,100.836
872830132ffffff,Wholesale,41.163
872830133ffffff,Art/Culture,0.185
872830133ffffff,Business Support,1.888
872830133ffffff,Construction,15.588
872830133ffffff,Corporate,0.028
872830133ffffff,Education,1.433
872830133ffffff,Energy,0.206
872830133ffffff,Financial,0.698
872830133ffffff,Health,2.516
872830133ffffff,Hospitality,0.59
872830133ffffff,Information,0.411
872830133ffffff,Manufacturing,9.636
872830133ffffff,Professional Service,0.861
872830133ffffff,Public Administration,1.613
872830133ffffff,Real Estate,0.869
872830133ffffff,Retail,1.934
872830133ffffff,Transportation,1.486
872830133ffffff,Wholesale,0.619
872830136ffffff,Art/Culture,40.318
872830136ffffff,Business Support,50.459
872830136ffffff,Construction,257.861
872830136ffffff,Corporate,0.115
872830136ffffff,Education,370.593
872830136ffffff,Energy,27.395
872830136ffffff,Financial,20.424
872830136ffffff,Health,716.881
872830136ffffff,Hospitality,204.638
872830136ffffff,Information,8.563
872830136ffffff,Manufacturing,31.298
872830136ffffff,Professional Service,28.707
872830136ffffff,Public Administration,221.381
872830136ffffff,Real Estate,17.869
872830136ffffff,Retail,113.459
872830136ffffff,Transportation,101.956
872830136ffffff,Wholesale,40.881
872830152ffffff,Art/Culture,39.648
872830152ffffff,Business Support,37.749
872830152ffffff,Construction,108.226
872830152ffffff,Corporate,0.634
872830152ffffff,Education,193.916
872830152ffffff,Energy,15.087
872830152ffffff,Financial,16.917
872830152ffffff,Health,551.503
872830152ffffff,Hospitality,238.688
872830152ffffff,Information,16.872
872830152ffffff,Manufacturing,97.738
872830152ffffff,Professional Service,39.168
872830152ffffff,Public Administration,30.261
872830152ffffff,Real Estate,12.594
872830152ffffff,Retail,195.881
872830152ffffff,Transportation,208.863
872830152ffffff,Wholesale,60.793
872830156ffffff,Art/Culture,16.958
872830156ffffff,Business Support,5.293
872830156ffffff,Construction,22.489
872830156ffffff,Corporate,0.069
872830156ffffff,Education,17.644
872830156ffffff,Energy,1.782
872830156ffffff,Financial,2.504
872830156ffffff,Health,47.602
872830156ffffff,Hospitality,68.421
872830156ffffff,Information,3.126
872830156ffffff,Manufacturing,11.159
872830156ffffff,Professional Service,8.787
872830156ffffff,Public Administration,15.997
872830156ffffff,Real Estate,3.542
872830156ffffff,Retail,31.08
872830156ffffff,Transportation,21.199
872830156ffffff,Wholesale,8.77
87283015effffff,Art/Culture,29.178
87283015effffff,Business Support,62.041
87283015effffff,Construction,789.562
87283015effffff,Corporate,1.598
87283015effffff,Education,311.855
87283015effffff,Energy,33.756
87283015effffff,Financial,23.237
87283015effffff,Health,690.632
87283015effffff,Hospitality,120.03
87283015effffff,Information,17.394
87283015effffff,Manufacturing,130.653
87283015effffff,Professional Service,30.877
87283015effffff,Public Administration,99.762
87283015effffff,Real Estate,36.198
87283015effffff,Retail,140.951
87283015effffff,Transportation,142.866
87283015effffff,Wholesale,54.457
872830185ffffff,Art/Culture,0.897
872830185ffffff,Business Support,0.825
872830185ffffff,Construction,1.529
872830185ffffff,Education,2.454
872830185ffffff,Energy,0.312
872830185ffffff,Financial,1.216
872830185ffffff,Health,1.737
872830185ffffff,Hospitality,4.665
872830185ffffff,Information,0.953
872830185ffffff,Manufacturing,3.656
872830185ffffff,Professional Service,0.081
872830185ffffff,Public Administration,1.55
872830185ffffff,Real Estate,0.081
872830185ffffff,Retail,2.343
872830185ffffff,Transportation,0.943
872830185ffffff,Wholesale,0.775
8728301a1ffffff,Art/Culture,1.873
8728301a1ffffff,Business Support,3.201
8728301a1ffffff,Construction,21.078
8728301a1ffffff,Corporate,0.016
8728301a1ffffff,Education,10.92
8728301a1ffffff,Energy,3.391
8728301a1ffffff,Financial,5.038
8728301a1ffffff,Health,19.894
8728301a1ffffff,Hospitality,4.702
8728301a1ffffff,Information,0.45
8728301a1ffffff,Manufacturing,30.874
8728301a1ffffff,Professional Service,2.904
8728301a1ffffff,Public Administration,1.448
8728301a1ffffff,Real Estate,5.011
8728301a1ffffff,Retail,13.581
8728301a1ffffff,Transportation,9.622
8728301a1ffffff,Wholesale,2.133
8728301a4ffffff,Art/Culture,4.047
8728301a4ffffff,Business Support,22.267
8728301a4ffffff,Construction,165.945
8728301a4ffffff,Corporate,1.663
8728301a4ffffff,Education,11.862
8728301a4ffffff,Energy,7.909
8728301a4ffffff,Financial,14.794
8728301a4ffffff,Health,17.576
8728301a4ffffff,Hospitality,17.067
8728301a4ffffff,Information,6.743
8728301a4ffffff,Manufacturing,112.706
8728301a4ffffff,Professional Service,16.62
8728301a4ffffff,Public Administration,20.527
8728301a4ffffff,Real Estate,15.429
8728301a4ffffff,Retail,56.687
8728301a4ffffff,Transportation,42.793
8728301a4ffffff,Wholesale,22.72
87283020dffffff,Art/Culture,7.673
87283020dffffff,Business Support,19.979
87283020dffffff,Construction,34.568
87283020dffffff,Corporate,0.07
87283020dffffff,Education,49.512
87283020dffffff,Energy,1.199
87283020dffffff,Financial,6.333
87283020dffffff,Health,85.8
87283020dffffff,Hospitality,18.965
87283020dffffff,Information,4.035
87283020dffffff,Manufacturing,24.517
87283020dffffff,Professional Service,16.748
87283020dffffff,Public Administration,6.489
87283020dffffff,Real Estate,9.349
87283020dffffff,Retail,20.118
87283020dffffff,Transportation,5.361
87283020dffffff,Wholesale,2.21
87283020effffff,Art/Culture,0.02
87283020effffff,Business Support,0.784
87283020effffff,Construction,0.158
87283020effffff,Education,0.804
87283020effffff,Energy,0.022
87283020effffff,Health,0.112
87283020effffff,Hospitality,2.396
87283020effffff,Manufacturing,0.044
87283020effffff,Professional Service,0.02
87283020effffff,Public Administration,0.028
87283020effffff,Real Estate,0.02
87283020effffff,Retail,0.853
87283020effffff,Transportation,0.028
87283020effffff,Wholesale,0.028
872830212ffffff,Art/Culture,1.044
872830212ffffff,Business Support,0.956
872830212ffffff,Construction,1.539
872830212ffffff,Education,4.352
872830212ffffff,Financial,0.319
872830212ffffff,Health,0.725
872830212ffffff,Hospitality,3.715
872830212ffffff,Manufacturing,4.759
872830212ffffff,Professional Service,0.319
872830212ffffff,Retail,2.088
872830212ffffff,Wholesale,0.407
872830213ffffff,Art/Culture,0.738
872830213ffffff,Business Support,1.106
872830213ffffff,Construction,0.369
872830213ffffff,Education,2.213
872830213ffffff,Financial,0.369
872830213ffffff,Health,0.369
872830213ffffff,Hospitality,1.475
872830213ffffff,Manufacturing,2.213
872830213ffffff,Professional Service,0.369
872830213ffffff,Retail,1.475
872830222ffffff,Art/Culture,0.72
872830222ffffff,Business Support,0.786
872830222ffffff,Construction,3.926
872830222ffffff,Corporate,0.04
872830222ffffff,Education,1.262
872830222ffffff,Energy,0.01
872830222ffffff,Financial,0.491
872830222ffffff,Health,6.356
872830222ffffff,Hospitality,2.65
872830222ffffff,Information,0.13
872830222ffffff,Manufacturing,3.082
872830222ffffff,Professional Service,1.583
872830222ffffff,Public Administration,2.031
872830222ffffff,Real Estate,0.163
872830222ffffff,Retail,2.313
872830222ffffff,Transportation,1.433
872830222ffffff,Wholesale,0.987
872830225ffffff,Art/Culture,15.922
872830225ffffff,Business Support,16.257
872830225ffffff,Construction,40.964
872830225ffffff,Corporate,0.821
872830225ffffff,Education,18.138
872830225ffffff,Energy,0.466
872830225ffffff,Financial,11.137
872830225ffffff,Health,56.499
872830225ffffff,Hospitality,24.873
872830225ffffff,Information,3.582
872830225ffffff,Manufacturing,37.599
872830225ffffff,Professional Service,34.061
872830225ffffff,Public Administration,25.175
872830225ffffff,Real Estate,5.308
872830225ffffff,Retail,25.077
872830225ffffff,Transportation,12.577
872830225ffffff,Wholesale,2.409
872830229ffffff,Art/Culture,18.677
872830229ffffff,Business Support,67.917
872830229ffffff,Construction,57.181
872830229ffffff,Education,131.688
872830229ffffff,Energy,6.892
872830229ffffff,Financial,16.373
872830229ffffff,Health,219.81
872830229ffffff,Hospitality,47.589
872830229ffffff,Information,15.731
872830229ffffff,Manufacturing,36.478
872830229ffffff,Professional Service,45.103
872830229ffffff,Public Administration,21.821
872830229ffffff,Real Estate,24.901
872830229ffffff,Retail,44.848
872830229ffffff,Transportation,15.206
872830229ffffff,Wholesale,11.042
87283022dffffff,Art/Culture,21.106
87283022dffffff,Business Support,11.335
87283022dffffff,Construction,41.618
87283022dffffff,Corporate,0.034
87283022dffffff,Education,165.266
87283022dffffff,Energy,2.264
87283022dffffff,Financial,5.461
87283022dffffff,Health,320.724
87283022dffffff,Hospitality,30.976
87283022dffffff,Information,5.835
87283022dffffff,Manufacturing,27.523
87283022dffffff,Professional Service,26.934
87283022dffffff,Public Administration,22.24
87283022dffffff,Real Estate,4.257
87283022dffffff,Retail,47.316
87283022dffffff,Transportation,22.892
87283022dffffff,Wholesale,17.566
872830245ffffff,Art/Culture,23.601
872830245ffffff,Business Support,23.229
872830245ffffff,Construction,264.216
872830245ffffff,Corporate,1.885
872830245ffffff,Education,52.576
872830245ffffff,Energy,9.975
872830245ffffff,Financial,9.247
872830245ffffff,Health,108.114
872830245ffffff,Hospitality,63.164
872830245ffffff,Information,8.267
872830245ffffff,Manufacturing,3.653
872830245ffffff,Professional Service,21.852
872830245ffffff,Public Administration,19.515
872830245ffffff,Real Estate,8.208
872830245ffffff,Retail,39.056
872830245ffffff,Transportation,24.132
872830245ffffff,Wholesale,13.0
872830249ffffff,Art/Culture,1.745
872830249ffffff,Business Support,0.618
872830249ffffff,Construction,4.509
872830249ffffff,Education,1.379
872830249ffffff,Energy,0.211
872830249ffffff,Financial,0.455
872830249ffffff,Health,3.209
872830249ffffff,Hospitality,4.392
872830249ffffff,Manufacturing,1.7
872830249ffffff,Professional Service,0.429
872830249ffffff,Public Administration,1.176
872830249ffffff,Real Estate,0.257
872830249ffffff,Retail,2.719
872830249ffffff,Transportation,1.333
872830249ffffff,Wholesale,0.073
87283024effffff,Art/Culture,4.976
87283024effffff,Business Support,4.002
87283024effffff,Construction,59.455
87283024effffff,Corporate,0.439
87283024effffff,Education,12.411
87283024effffff,Energy,5.1
87283024effffff,Financial,2.313
87283024effffff,Health,25.52
87283024effffff,Hospitality,16.528
87283024effffff,Information,1.172
87283024effffff,Manufacturing,2.875
87283024effffff,Professional Service,4.559
87283024effffff,Public Administration,4.248
87283024effffff,Real Estate,1.629
87283024effffff,Retail,7.23
87283024effffff,Transportation,3.883
87283024effffff,Wholesale,1.352
872830260ffffff,Art/Culture,86.115
872830260ffffff,Business Support,249.634
872830260ffffff,Construction,582.318
872830260ffffff,Corporate,1.048
872830260ffffff,Education,350.89
872830260ffffff,Energy,54.967
872830260ffffff,Financial,105.58
872830260ffffff,Health,677.045
872830260ffffff,Hospitality,358.715
872830260ffffff,Information,48.08
872830260ffffff,Manufacturing,690.23
872830260ffffff,Professional Service,176.297
872830260ffffff,Public Administration,155.091
872830260ffffff,Real Estate,110.111
872830260ffffff,Retail,344.724
872830260ffffff,Transportation,214.797
872830260ffffff,Wholesale,138.376
872830261ffffff,Art/Culture,24.19
872830261ffffff,Business Support,121.559
872830261ffffff,Construction,347.371
872830261ffffff,Corporate,0.278
872830261ffffff,Education,119.803
872830261ffffff,Energy,20.301
872830261ffffff,Financial,48.336
872830261ffffff,Health,246.553
872830261ffffff,Hospitality,81.582
872830261ffffff,Information,17.239
872830261ffffff,Manufacturing,331.034
872830261ffffff,Professional Service,67.318
872830261ffffff,Public Administration,43.881
872830261ffffff,Real Estate,28.576
872830261ffffff,Retail,119.168
872830261ffffff,Transportation,61.847
872830261ffffff,Wholesale,46.901
872830262ffffff,Art/Culture,26.053
872830262ffffff,Business Support,89.703
872830262ffffff,Construction,118.572
872830262ffffff,Corporate,0.254
872830262ffffff,Education,234.046
872830262ffffff,Energy,14.637
872830262ffffff,Financial,50.004
872830262ffffff,Health,446.852
872830262ffffff,Hospitality,73.653
872830262ffffff,Information,22.116
872830262ffffff,Manufacturing,698.785
872830262ffffff,Professional Service,77.809
872830262ffffff,Public Administration,29.163
872830262ffffff,Real Estate,52.97
872830262ffffff,Retail,128.899
872830262ffffff,Transportation,45.557
872830262ffffff,Wholesale,21.85
872830264ffffff,Art/Culture,21.76
872830264ffffff,Business Support,84.816
872830264ffffff,Construction,205.718
872830264ffffff,Corporate,0.074
872830264ffffff,Education,93.081
872830264ffffff,Energy,10.474
872830264ffffff,Financial,25.491
872830264ffffff,Health,233.52
872830264ffffff,Hospitality,89.288
872830264ffffff,Information,8.639
872830264ffffff,Manufacturing,73.943
872830264ffffff,Professional Service,41.882
872830264ffffff,Public Administration,30.811
872830264ffffff,Real Estate,30.427
872830264ffffff,Retail,73.802
872830264ffffff,Transportation,34.077
872830264ffffff,Wholesale,31.094
87283026affffff,Art/Culture,17.262
87283026affffff,Business Support,22.292
87283026affffff,Construction,43.691
87283026affffff,Corporate,0.016
87283026affffff,Education,2.112
87283026affffff,Energy,15.334
87283026affffff,Financial,4.415
87283026affffff,Health,8.17
87283026affffff,Hospitality,40.73
87283026affffff,Information,11.424
87283026affffff,Manufacturing,11.432
87283026affffff,Professional Service,8.655
87283026affffff,Public Administration,5.121
87283026affffff,Real Estate,4.752
87283026affffff,Retail,38.514
87283026affffff,Transportation,29.723
87283026affffff,Wholesale,25.844
87283026bffffff,Art/Culture,4.834
87283026bffffff,Business Support,0.978
87283026bffffff,Construction,3.686
87283026bffffff,Education,2.078
87283026bffffff,Energy,0.694
87283026bffffff,Financial,4.077
87283026bffffff,Health,4.561
87283026bffffff,Hospitality,12.453
87283026bffffff,Manufacturing,3.317
87283026bffffff,Professional Service,0.787
87283026bffffff,Public Administration,1.735
87283026bffffff,Real Estate,0.578
87283026bffffff,Retail,12.35
87283026bffffff,Transportation,0.682
87283026bffffff,Wholesale,0.2
87283026cffffff,Art/Culture,70.958
87283026cffffff,Business Support,353.486
87283026cffffff,Construction,668.506
87283026cffffff,Corporate,1.877
87283026cffffff,Education,357.183
87283026cffffff,Energy,58.176
87283026cffffff,Financial,136.2
87283026cffffff,Health,751.151
87283026cffffff,Hospitality,224.36
87283026cffffff,Information,78.123
87283026cffffff,Manufacturing,1129.602
87283026cffffff,Professional Service,218.706
87283026cffffff,Public Administration,105.333
87283026cffffff,Real Estate,129.05
87283026cffffff,Retail,400.354
87283026cffffff,Transportation,162.602
87283026cffffff,Wholesale,142.557
87283026dffffff,Art/Culture,2.821
87283026dffffff,Business Support,16.017
87283026dffffff,Construction,26.34
87283026dffffff,Corporate,0.062
87283026dffffff,Education,16.399
87283026dffffff,Energy,2.48
87283026dffffff,Financial,6.47
87283026dffffff,Health,32.611
87283026dffffff,Hospitality,10.057
87283026dffffff,Information,3.41
87283026dffffff,Manufacturing,50.689
87283026dffffff,Professional Service,9.831
87283026dffffff,Public Administration,4.339
87283026dffffff,Real Estate,5.61
87283026dffffff,Retail,17.11
87283026dffffff,Transportation,6.819
87283026dffffff,Wholesale,6.397
872830275ffffff,Art/Culture,40.426
872830275ffffff,Business Support,68.31
872830275ffffff,Construction,105.731
872830275ffffff,Education,209.62
872830275ffffff,Energy,21.56
872830275ffffff,Financial,38.171
872830275ffffff,Health,348.66
872830275ffffff,Hospitality,91.135
872830275ffffff,Information,21.82
872830275ffffff,Manufacturing,363.706
872830275ffffff,Professional Service,74.528
872830275ffffff,Public Administration,24.453
872830275ffffff,Real Estate,61.192
872830275ffffff,Retail,147.494
872830275ffffff,Transportation,48.948
872830275ffffff,Wholesale,24.959
8728302e4ffffff,Business Support,0.065
8728302e4ffffff,Education,0.065
8728302e4ffffff,Hospitality,0.194
8728302e4ffffff,Retail,0.065
8728302f6ffffff,Art/Culture,0.141
8728302f6ffffff,Business Support,0.021
8728302f6ffffff,Construction,0.393
8728302f6ffffff,Education,0.802
8728302f6ffffff,Financial,0.007
8728302f6ffffff,Health,0.136
8728302f6ffffff,Hospitality,0.787
8728302f6ffffff,Manufacturing,0.933
8728302f6ffffff,Professional Service,0.009
8728302f6ffffff,Public Administration,0.002
8728302f6ffffff,Retail,0.281
8728302f6ffffff,Wholesale,0.126
87283030affffff,Art/Culture,52.497
87283030affffff,Business Support,23.82
87283030affffff,Construction,53.979
87283030affffff,Education,77.168
87283030affffff,Energy,1.58
87283030affffff,Financial,8.797
87283030affffff,Health,164.189
87283030affffff,Hospitality,106.894
87283030affffff,Information,2.421
87283030affffff,Manufacturing,132.416
87283030affffff,Professional Service,16.545
87283030affffff,Public Administration,21.944
87283030affffff,Real Estate,11.433
87283030affffff,Retail,54.105
87283030affffff,Transportation,34.911
87283030affffff,Wholesale,8.942
87283030cffffff,Art/Culture,28.922
87283030cffffff,Business Support,21.887
87283030cffffff,Construction,96.666
87283030cffffff,Corporate,0.051
87283030cffffff,Education,300.569
87283030cffffff,Energy,4.601
87283030cffffff,Financial,15.939
87283030cffffff,Health,481.515
87283030cffffff,Hospitality,135.879
87283030cffffff,Information,6.324
87283030cffffff,Manufacturing,86.911
87283030cffffff,Professional Service,25.276
87283030cffffff,Public Administration,26.413
87283030cffffff,Real Estate,11.138
87283030cffffff,Retail,91.846
87283030cffffff,Transportation,27.774
87283030cffffff,Wholesale,11.619
872830311ffffff,Art/Culture,8.752
872830311ffffff,Business Support,6.278
872830311ffffff,Construction,13.808
872830311ffffff,Education,16.968
872830311ffffff,Energy,0.209
872830311ffffff,Financial,1.542
872830311ffffff,Health,22.17
872830311ffffff,Hospitality,32.353
872830311ffffff,Information,1.007
872830311ffffff,Manufacturing,13.794
872830311ffffff,Professional Service,4.546
872830311ffffff,Public Administration,7.262
872830311ffffff,Real Estate,2.28
872830311ffffff,Retail,13.025
872830311ffffff,Transportation,2.502
872830311ffffff,Wholesale,2.167
872830314ffffff,Art/Culture,18.398
872830314ffffff,Business Support,16.224
872830314ffffff,Construction,32.327
872830314ffffff,Education,28.509
872830314ffffff,Energy,1.324
872830314ffffff,Financial,10.06
872830314ffffff,Health,38.548
872830314ffffff,Hospitality,54.682
872830314ffffff,Information,4.68
872830314ffffff,Manufacturing,14.064
872830314ffffff,Professional Service,17.093
872830314ffffff,Public Administration,13.145
872830314ffffff,Real Estate,8.622
872830314ffffff,Retail,25.202
872830314ffffff,Transportation,14.889
872830314ffffff,Wholesale,9.122
872830316ffffff,Art/Culture,81.655
872830316ffffff,Business Support,96.454
872830316ffffff,Construction,159.328
872830316ffffff,Education,133.59
872830316ffffff,Energy,16.176
872830316ffffff,Financial,90.26
872830316ffffff,Health,241.105
872830316ffffff,Hospitality,185.88
872830316ffffff,Information,37.145
872830316ffffff,Manufacturing,88.0
872830316ffffff,Professional Service,126.09
872830316ffffff,Public Administration,26.156
872830316ffffff,Real Estate,60.276
872830316ffffff,Retail,154.87
872830316ffffff,Transportation,144.912
872830316ffffff,Wholesale,74.676
872830322ffffff,Art/Culture,80.165
872830322ffffff,Business Support,70.195
872830322ffffff,Construction,231.041
872830322ffffff,Corporate,0.016
872830322ffffff,Education,151.997
872830322ffffff,Energy,6.053
872830322ffffff,Financial,29.346
872830322ffffff,Health,226.684
872830322ffffff,Hospitality,253.96
872830322ffffff,Information,18.572
872830322ffffff,Manufacturing,94.895
872830322ffffff,Professional Service,110.247
872830322ffffff,Public Administration,52.314
872830322ffffff,Real Estate,51.356
872830322ffffff,Retail,95.356
872830322ffffff,Transportation,32.948
872830322ffffff,Wholesale,30.101
872830340ffffff,Art/Culture,82.688
872830340ffffff,Business Support,100.483
872830340ffffff,Construction,538.265
872830340ffffff,Corporate,1.476
872830340ffffff,Education,64.232
872830340ffffff,Energy,49.625
872830340ffffff,Financial,53.946
872830340ffffff,Health,132.668
872830340ffffff,Hospitality,216.259
872830340ffffff,Information,17.62
872830340ffffff,Manufacturing,369.861
872830340ffffff,Professional Service,102.596
872830340ffffff,Public Administration,57.435
872830340ffffff,Real Estate,43.553
872830340ffffff,Retail,218.454
872830340ffffff,Transportation,148.097
872830340ffffff,Wholesale,112.4
872830342ffffff,Art/Culture,23.511
872830342ffffff,Business Support,63.534
872830342ffffff,Construction,174.652
872830342ffffff,Corporate,0.09
872830342ffffff,Education,41.236
872830342ffffff,Energy,31.278
872830342ffffff,Financial,22.589
872830342ffffff,Health,64.262
872830342ffffff,Hospitality,60.76
872830342ffffff,Information,7.148
872830342ffffff,Manufacturing,95.277
872830342ffffff,Professional Service,46.425
872830342ffffff,Public Administration,21.142
872830342ffffff,Real Estate,18.852
872830342ffffff,Retail,158.492
872830342ffffff,Transportation,125.083
872830342ffffff,Wholesale,72.853
872830343ffffff,Art/Culture,24.691
872830343ffffff,Business Support,83.477
872830343ffffff,Construction,393.849
872830343ffffff,Corporate,2.155
872830343ffffff,Education,96.193
872830343ffffff,Energy,80.028
872830343ffffff,Financial,27.257
872830343ffffff,Health,191.195
872830343ffffff,Hospitality,101.746
872830343ffffff,Information,15.172
872830343ffffff,Manufacturing,268.004
872830343ffffff,Professional Service,70.55
872830343ffffff,Public Administration,85.633
872830343ffffff,Real Estate,29.569
872830343ffffff,Retail,165.306
872830343ffffff,Transportation,214.154
872830343ffffff,Wholesale,164.088
872830346ffffff,Art/Culture,53.819
872830346ffffff,Business Support,53.279
872830346ffffff,Construction,167.154
872830346ffffff,Corporate,0.004
872830346ffffff,Education,35.944
872830346ffffff,Energy,22.461
872830346ffffff,Financial,22.543
872830346ffffff,Health,69.94
872830346ffffff,Hospitality,209.693
872830346ffffff,Information,9.086
872830346ffffff,Manufacturing,52.992
872830346ffffff,Professional Service,35.24
872830346ffffff,Public Administration,18.146
872830346ffffff,Real Estate,27.377
872830346ffffff,Retail,95.457
872830346ffffff,Transportation,71.94
872830346ffffff,Wholesale,44.954
87283034affffff,Art/Culture,47.191
87283034affffff,Business Support,148.851
87283034affffff,Construction,219.518
87283034affffff,Corporate,1.431
87283034affffff,Education,180.89
87283034affffff,Energy,34.561
87283034affffff,Financial,73.956
87283034affffff,Health,384.865
87283034affffff,Hospitality,125.953
87283034affffff,Information,34.574
87283034affffff,Manufacturing,125.586
87283034affffff,Professional Service,193.688
87283034affffff,Public Administration,91.9
87283034affffff,Real Estate,101.408
87283034affffff,Retail,227.042
87283034affffff,Transportation,119.901
87283034affffff,Wholesale,84.171
87283034dffffff,Art/Culture,13.309
87283034dffffff,Business Support,43.813
87283034dffffff,Construction,304.452
87283034dffffff,Corporate,0.325
87283034dffffff,Education,176.356
87283034dffffff,Energy,12.668
87283034dffffff,Financial,17.884
87283034dffffff,Health,357.05
87283034dffffff,Hospitality,101.813
87283034dffffff,Information,5.114
87283034dffffff,Manufacturing,119.171
87283034dffffff,Professional Service,50.12
87283034dffffff,Public Administration,50.533
87283034dffffff,Real Estate,29.274
87283034dffffff,Retail,124.243
87283034dffffff,Transportation,46.35
87283034dffffff,Wholesale,48.12
87283034effffff,Art/Culture,2.704
87283034effffff,Business Support,144.451
87283034effffff,Construction,123.528
87283034effffff,Corporate,1.582
87283034effffff,Education,114.433
87283034effffff,Energy,11.96
87283034effffff,Financial,49.951
87283034effffff,Health,213.221
87283034effffff,Hospitality,12.869
87283034effffff,Information,42.116
87283034effffff,Manufacturing,422.099
87283034effffff,Professional Service,122.745
87283034effffff,Public Administration,36.526
87283034effffff,Real Estate,72.654
87283034effffff,Retail,61.696
87283034effffff,Transportation,29.07
87283034effffff,Wholesale,16.894
872830353ffffff,Art/Culture,9.519
872830353ffffff,Business Support,51.161
872830353ffffff,Construction,51.038
872830353ffffff,Corporate,0.064
872830353ffffff,Education,83.177
872830353ffffff,Energy,4.848
872830353ffffff,Financial,31.14
872830353ffffff,Health,112.468
872830353ffffff,Hospitality,38.768
872830353ffffff,Information,12.006
872830353ffffff,Manufacturing,11.938
872830353ffffff,Professional Service,45.666
872830353ffffff,Public Administration,20.965
872830353ffffff,Real Estate,19.055
872830353ffffff,Retail,31.119
872830353ffffff,Transportation,17.45
872830353ffffff,Wholesale,10.489
872830354ffffff,Art/Culture,6.562
872830354ffffff,Business Support,12.866
872830354ffffff,Construction,30.695
872830354ffffff,Education,16.646
872830354ffffff,Energy,1.101
872830354ffffff,Financial,9.405
872830354ffffff,Health,38.591
872830354ffffff,Hospitality,12.764
872830354ffffff,Information,2.31
872830354ffffff,Manufacturing,15.705
872830354ffffff,Professional Service,10.451
872830354ffffff,Public Administration,5.601
872830354ffffff,Real Estate,3.92
872830354ffffff,Retail,19.652
872830354ffffff,Transportation,10.197
872830354ffffff,Wholesale,2.103
872830358ffffff,Art/Culture,24.027
872830358ffffff,Business Support,108.109
872830358ffffff,Construction,143.663
872830358ffffff,Corporate,0.0
872830358ffffff,Education,105.8
872830358ffffff,Energy,13.762
872830358ffffff,Financial,34.347
872830358ffffff,Health,188.581
872830358ffffff,Hospitality,88.599
872830358ffffff,Information,27.352
872830358ffffff,Manufacturing,31.489
872830358ffffff,Professional Service,146.281
872830358ffffff,Public Administration,118.303
872830358ffffff,Real Estate,81.55
872830358ffffff,Retail,148.674
872830358ffffff,Transportation,55.266
872830358ffffff,Wholesale,28.529
872830359ffffff,Art/Culture,85.282
872830359ffffff,Business Support,340.758
872830359ffffff,Construction,400.743
872830359ffffff,Corporate,1.306
872830359ffffff,Education,337.059
872830359ffffff,Energy,55.831
872830359ffffff,Financial,145.0
872830359ffffff,Health,554.204
872830359ffffff,Hospitality,276.668
872830359ffffff,Information,92.707
872830359ffffff,Manufacturing,277.906
872830359ffffff,Professional Service,284.328
872830359ffffff,Public Administration,159.74
872830359ffffff,Real Estate,148.161
872830359ffffff,Retail,409.818
872830359ffffff,Transportation,163.794
872830359ffffff,Wholesale,128.256
87283035affffff,Art/Culture,32.702
87283035affffff,Business Support,29.273
87283035affffff,Construction,41.863
87283035affffff,Education,105.745
87283035affffff,Energy,7.609
87283035affffff,Financial,10.607
87283035affffff,Health,212.875
87283035affffff,Hospitality,57.25
87283035affffff,Information,7.403
87283035affffff,Manufacturing,31.059
87283035affffff,Professional Service,37.2
87283035affffff,Public Administration,27.674
87283035affffff,Real Estate,30.203
87283035affffff,Retail,58.699
87283035affffff,Transportation,20.186
87283035affffff,Wholesale,18.077
87283035bffffff,Art/Culture,43.362
87283035bffffff,Business Support,39.9
87283035bffffff,Construction,26.288
87283035bffffff,Education,73.952
87283035bffffff,Energy,9.247
87283035bffffff,Financial,33.218
87283035bffffff,Health,139.071
87283035bffffff,Hospitality,117.445
87283035bffffff,Information,11.121
87283035bffffff,Manufacturing,170.012
87283035bffffff,Professional Service,41.125
87283035bffffff,Public Administration,26.305
87283035bffffff,Real Estate,28.966
87283035bffffff,Retail,70.949
87283035bffffff,Transportation,25.363
87283035bffffff,Wholesale,11.831
87283035cffffff,Art/Culture,74.518
87283035cffffff,Business Support,153.419
87283035cffffff,Construction,252.592
87283035cffffff,Corporate,2.844
87283035cffffff,Education,117.819
87283035cffffff,Energy,82.335
87283035cffffff,Financial,47.641
87283035cffffff,Health,243.547
87283035cffffff,Hospitality,240.098
87283035cffffff,Information,18.507
87283035cffffff,Manufacturing,177.904
87283035cffffff,Professional Service,94.604
87283035cffffff,Public Administration,118.417
87283035cffffff,Real Estate,37.026
87283035cffffff,Retail,533.03
87283035cffffff,Transportation,267.489
87283035cffffff,Wholesale,150.177
87283035dffffff,Art/Culture,69.749
87283035dffffff,Business Support,138.384
87283035dffffff,Construction,209.368
87283035dffffff,Corporate,1.124
87283035dffffff,Education,182.713
87283035dffffff,Energy,59.796
87283035dffffff,Financial,61.556
87283035dffffff,Health,373.947
87283035dffffff,Hospitality,252.142
87283035dffffff,Information,34.164
87283035dffffff,Manufacturing,241.089
87283035dffffff,Professional Service,144.529
87283035dffffff,Public Administration,99.328
87283035dffffff,Real Estate,82.365
87283035dffffff,Retail,273.163
87283035dffffff,Transportation,147.91
87283035dffffff,Wholesale,89.982
87283035effffff,Art/Culture,17.925
87283035effffff,Business Support,55.682
87283035effffff,Construction,93.778
87283035effffff,Education,204.065
87283035effffff,Energy,8.324
87283035effffff,Financial,33.981
87283035effffff,Health,351.245
87283035effffff,Hospitality,48.101
87283035effffff,Information,15.167
87283035effffff,Manufacturing,21.972
87283035effffff,Professional Service,61.751
87283035effffff,Public Administration,37.106
87283035effffff,Real Estate,18.362
87283035effffff,Retail,61.764
87283035effffff,Transportation,31.147
87283035effffff,Wholesale,21.975
872830362ffffff,Art/Culture,180.567
872830362ffffff,Business Support,92.271
872830362ffffff,Construction,386.469
872830362ffffff,Corporate,2.832
872830362ffffff,Education,72.271
872830362ffffff,Energy,30.053
872830362ffffff,Financial,56.785
872830362ffffff,Health,149.919
872830362ffffff,Hospitality,490.329
872830362ffffff,Information,34.547
872830362ffffff,Manufacturing,460.864
872830362ffffff,Professional Service,128.767
872830362ffffff,Public Administration,72.424
872830362ffffff,Real Estate,54.029
872830362ffffff,Retail,191.528
872830362ffffff,Transportation,116.67
872830362ffffff,Wholesale,93.225
872830365ffffff,Art/Culture,24.164
872830365ffffff,Business Support,37.241
872830365ffffff,Construction,72.843
872830365ffffff,Corporate,0.501
872830365ffffff,Education,17.899
872830365ffffff,Energy,5.531
872830365ffffff,Financial,15.198
872830365ffffff,Health,36.295
872830365ffffff,Hospitality,69.606
872830365ffffff,Information,12.708
872830365ffffff,Manufacturing,91.273
872830365ffffff,Professional Service,48.607
872830365ffffff,Public Administration,10.372
872830365ffffff,Real Estate,17.41
872830365ffffff,Retail,41.577
872830365ffffff,Transportation,21.008
872830365ffffff,Wholesale,18.331
872830369ffffff,Art/Culture,5.424
872830369ffffff,Business Support,7.34
872830369ffffff,Construction,28.434
872830369ffffff,Corporate,0.091
872830369ffffff,Education,14.07
872830369ffffff,Energy,0.258
872830369ffffff,Financial,3.593
872830369ffffff,Health,21.861
872830369ffffff,Hospitality,14.887
872830369ffffff,Information,4.052
872830369ffffff,Manufacturing,55.248
872830369ffffff,Professional Service,7.428
872830369ffffff,Public Administration,15.84
872830369ffffff,Real Estate,4.773
872830369ffffff,Retail,12.553
872830369ffffff,Transportation,4.173
872830369ffffff,Wholesale,3.132
87283036affffff,Art/Culture,11.232
87283036affffff,Business Support,92.966
87283036affffff,Construction,227.409
87283036affffff,Corporate,1.694
87283036affffff,Education,91.417
87283036affffff,Energy,17.459
87283036affffff,Financial,28.447
87283036affffff,Health,217.307
87283036affffff,Hospitality,55.759
87283036affffff,Information,19.86
87283036affffff,Manufacturing,255.51
87283036affffff,Professional Service,88.637
87283036affffff,Public Administration,39.931
87283036affffff,Real Estate,40.92
87283036affffff,Retail,80.646
87283036affffff,Transportation,50.54
87283036affffff,Wholesale,32.889
872830371ffffff,Art/Culture,78.839
872830371ffffff,Business Support,143.43
872830371ffffff,Construction,122.063
872830371ffffff,Corporate,1.954
872830371ffffff,Education,204.273
872830371ffffff,Energy,48.934
872830371ffffff,Financial,47.593
872830371ffffff,Health,389.469
872830371ffffff,Hospitality,267.338
872830371ffffff,Information,34.915
872830371ffffff,Manufacturing,202.161
872830371ffffff,Professional Service,140.562
872830371ffffff,Public Administration,111.16
872830371ffffff,Real Estate,53.526
872830371ffffff,Retail,221.397
872830371ffffff,Transportation,73.261
872830371ffffff,Wholesale,77.359
872830374ffffff,Art/Culture,23.732
872830374ffffff,Business Support,67.603
872830374ffffff,Construction,43.083
872830374ffffff,Corporate,0.021
872830374ffffff,Education,33.421
872830374ffffff,Energy,1.805
872830374ffffff,Financial,43.949
872830374ffffff,Health,80.176
872830374ffffff,Hospitality,105.116
872830374ffffff,Information,9.761
872830374ffffff,Manufacturing,82.03
872830374ffffff,Professional Service,38.89
872830374ffffff,Public Administration,7.154
872830374ffffff,Real Estate,20.256
872830374ffffff,Retail,14.544
872830374ffffff,Transportation,8.739
872830374ffffff,Wholesale,3.701
872830375ffffff,Art/Culture,48.425
872830375ffffff,Business Support,64.785
872830375ffffff,Construction,82.249
872830375ffffff,Corporate,0.257
872830375ffffff,Education,259.144
872830375ffffff,Energy,8.747
872830375ffffff,Financial,22.868
872830375ffffff,Health,429.036
872830375ffffff,Hospitality,192.433
872830375ffffff,Information,22.604
872830375ffffff,Manufacturing,69.763
872830375ffffff,Professional Service,39.857
872830375ffffff,Public Administration,76.079
872830375ffffff,Real Estate,20.268
872830375ffffff,Retail,189.123
872830375ffffff,Transportation,63.598
872830375ffffff,Wholesale,49.781
872830384ffffff,Art/Culture,0.0
872830384ffffff,Construction,0.001
872830384ffffff,Hospitality,0.001
872830384ffffff,Manufacturing,0.002
872830385ffffff,Art/Culture,0.035
872830385ffffff,Business Support,0.004
872830385ffffff,Construction,0.054
872830385ffffff,Education,0.009
872830385ffffff,Health,0.008
872830385ffffff,Hospitality,0.162
872830385ffffff,Manufacturing,0.137
872830385ffffff,Public Administration,0.017
872830385ffffff,Retail,0.017
872830385ffffff,Transportation,0.026
87283038effffff,Art/Culture,1.08
87283038effffff,Business Support,0.939
87283038effffff,Construction,1.862
87283038effffff,Education,4.68
87283038effffff,Financial,0.306
87283038effffff,Health,1.05
87283038effffff,Hospitality,4.177
87283038effffff,Manufacturing,5.29
87283038effffff,Professional Service,0.317
87283038effffff,Public Administration,0.064
87283038effffff,Retail,2.254
87283038effffff,Transportation,0.053
87283038effffff,Wholesale,0.519
8728303a8ffffff,Art/Culture,1.819
8728303a8ffffff,Business Support,4.831
8728303a8ffffff,Construction,25.116
8728303a8ffffff,Corporate,0.141
8728303a8ffffff,Education,24.705
8728303a8ffffff,Energy,1.432
8728303a8ffffff,Financial,2.915
8728303a8ffffff,Health,55.417
8728303a8ffffff,Hospitality,6.603
8728303a8ffffff,Information,1.422
8728303a8ffffff,Manufacturing,12.557
8728303a8ffffff,Professional Service,3.798
8728303a8ffffff,Public Administration,7.024
8728303a8ffffff,Real Estate,2.408
8728303a8ffffff,Retail,5.215
8728303a8ffffff,Transportation,6.538
8728303a8ffffff,Wholesale,2.864
872830414ffffff,Construction,0.037
872830414ffffff,Education,0.03
872830414ffffff,Energy,0.018
872830414ffffff,Health,0.018
872830414ffffff,Hospitality,0.052
872830414ffffff,Information,0.004
872830414ffffff,Manufacturing,1.094
872830414ffffff,Retail,0.026
872830414ffffff,Transportation,0.018
872830450ffffff,Art/Culture,0.005
872830450ffffff,Construction,0.729
872830450ffffff,Corporate,0.005
872830450ffffff,Education,0.365
872830450ffffff,Energy,0.098
872830450ffffff,Health,0.18
872830450ffffff,Hospitality,0.125
872830450ffffff,Manufacturing,0.691
872830450ffffff,Public Administration,0.098
872830450ffffff,Retail,0.158
872830450ffffff,Transportation,0.278
872830458ffffff,Construction,0.626
872830458ffffff,Energy,0.157
872830458ffffff,Manufacturing,0.313
872830458ffffff,Public Administration,0.157
872830458ffffff,Retail,0.157
872830458ffffff,Transportation,0.157
87283045bffffff,Art/Culture,0.657
87283045bffffff,Construction,0.097
87283045bffffff,Corporate,0.657
87283045bffffff,Education,0.657
87283045bffffff,Energy,0.024
87283045bffffff,Hospitality,0.657
87283045bffffff,Manufacturing,0.049
87283045bffffff,Public Administration,0.024
87283045bffffff,Retail,0.024
87283045bffffff,Transportation,0.024
87283045effffff,Art/Culture,0.338
87283045effffff,Construction,2.884
87283045effffff,Corporate,0.338
87283045effffff,Education,0.338
87283045effffff,Energy,0.721
87283045effffff,Hospitality,0.338
87283045effffff,Manufacturing,1.442
87283045effffff,Public Administration,0.721
87283045effffff,Retail,0.721
87283045effffff,Transportation,0.721
87283046bffffff,Art/Culture,2.756
87283046bffffff,Business Support,0.003
87283046bffffff,Construction,0.713
87283046bffffff,Education,0.559
87283046bffffff,Financial,0.006
87283046bffffff,Health,3.551
87283046bffffff,Hospitality,8.398
87283046bffffff,Manufacturing,0.741
87283046bffffff,Public Administration,0.941
87283046bffffff,Real Estate,0.003
87283046bffffff,Retail,20.524
87283046bffffff,Transportation,0.873
87283046bffffff,Wholesale,2.373
87283046cffffff,Education,0.571
87283046cffffff,Health,2.853
87283046dffffff,Art/Culture,0.594
87283046dffffff,Construction,0.417
87283046dffffff,Education,0.99
87283046dffffff,Health,1.862
87283046dffffff,Hospitality,2.736
87283046dffffff,Public Administration,0.229
87283046dffffff,Retail,1.2
87283046dffffff,Transportation,1.989
87283046dffffff,Wholesale,0.38
872830564ffffff,Construction,1.834
872830564ffffff,Education,0.015
872830564ffffff,Energy,0.917
872830564ffffff,Health,0.917
872830564ffffff,Hospitality,0.946
872830564ffffff,Information,0.015
872830564ffffff,Manufacturing,0.934
872830564ffffff,Transportation,0.917
872830730ffffff,Construction,0.03
872830730ffffff,Education,0.252
872830730ffffff,Health,0.605
872830730ffffff,Hospitality,0.706
872830730ffffff,Public Administration,0.177
872830730ffffff,Retail,0.983
872830730ffffff,Transportation,0.491
872830734ffffff,Art/Culture,1.049
872830734ffffff,Construction,0.0
872830734ffffff,Education,0.678
872830734ffffff,Health,2.56
872830734ffffff,Hospitality,6.879
872830734ffffff,Manufacturing,0.0
872830734ffffff,Public Administration,2.237
872830734ffffff,Retail,0.535
872830734ffffff,Transportation,0.005
872830734ffffff,Wholesale,0.524
872830736ffffff,Art/Culture,1.038
872830736ffffff,Construction,4.163
872830736ffffff,Education,4.95
872830736ffffff,Health,4.173
872830736ffffff,Hospitality,4.281
872830736ffffff,Manufacturing,6.601
872830736ffffff,Public Administration,0.986
872830736ffffff,Retail,3.534
872830736ffffff,Transportation,3.662
872830736ffffff,Wholesale,0.253
872830761ffffff,Art/Culture,0.064
872830761ffffff,Business Support,0.061
872830761ffffff,Construction,3.25
872830761ffffff,Education,0.021
872830761ffffff,Energy,0.021
872830761ffffff,Financial,0.082
872830761ffffff,Health,1.385
872830761ffffff,Hospitality,0.527
872830761ffffff,Information,0.021
872830761ffffff,Manufacturing,2.091
872830761ffffff,Professional Service,0.955
872830761ffffff,Public Administration,0.955
872830761ffffff,Retail,0.133
872830761ffffff,Transportation,0.061
87283080effffff,Art/Culture,7.158
87283080effffff,Business Support,7.158
87283080effffff,Construction,130.443
87283080effffff,Corporate,1.591
87283080effffff,Education,59.654
87283080effffff,Financial,3.977
87283080effffff,Health,140.783
87283080effffff,Hospitality,38.178
87283080effffff,Information,2.386
87283080effffff,Professional Service,10.34
87283080effffff,Public Administration,64.426
87283080effffff,Real Estate,7.954
87283080effffff,Retail,37.383
87283080effffff,Transportation,15.112
872830810ffffff,Art/Culture,169.386
872830810ffffff,Business Support,372.271
872830810ffffff,Construction,642.893
872830810ffffff,Corporate,21.456
872830810ffffff,Education,748.917
872830810ffffff,Energy,64.18
872830810ffffff,Financial,205.968
872830810ffffff,Health,1253.616
872830810ffffff,Hospitality,707.486
872830810ffffff,Information,169.988
872830810ffffff,Manufacturing,259.634
872830810ffffff,Professional Service,572.498
872830810ffffff,Public Administration,1599.4
872830810ffffff,Real Estate,155.524
872830810ffffff,Retail,436.269
872830810ffffff,Transportation,375.261
872830810ffffff,Wholesale,132.023
872830812ffffff,Art/Culture,145.923
872830812ffffff,Business Support,146.478
872830812ffffff,Construction,137.578
872830812ffffff,Corporate,5.268
872830812ffffff,Education,447.082
872830812ffffff,Energy,36.01
872830812ffffff,Financial,56.371
872830812ffffff,Health,838.786
872830812ffffff,Hospitality,485.008
872830812ffffff,Information,43.707
872830812ffffff,Manufacturing,80.309
872830812ffffff,Professional Service,181.974
872830812ffffff,Public Administration,111.287
872830812ffffff,Real Estate,56.52
872830812ffffff,Retail,261.346
872830812ffffff,Transportation,215.278
872830812ffffff,Wholesale,56.647
872830813ffffff,Art/Culture,107.33
872830813ffffff,Business Support,178.381
872830813ffffff,Construction,122.39
872830813ffffff,Corporate,8.681
872830813ffffff,Education,97.884
872830813ffffff,Energy,37.879
872830813ffffff,Financial,98.672
872830813ffffff,Health,143.686
872830813ffffff,Hospitality,480.528
872830813ffffff,Information,76.578
872830813ffffff,Manufacturing,347.399
872830813ffffff,Professional Service,348.126
872830813ffffff,Public Administration,61.547
872830813ffffff,Real Estate,80.517
872830813ffffff,Retail,211.507
872830813ffffff,Transportation,258.07
872830813ffffff,Wholesale,90.764
872830814ffffff,Art/Culture,19.611
872830814ffffff,Business Support,51.099
872830814ffffff,Construction,50.082
872830814ffffff,Corporate,0.164
872830814ffffff,Education,103.321
872830814ffffff,Energy,21.806
872830814ffffff,Financial,20.077
872830814ffffff,Health,188.65
872830814ffffff,Hospitality,59.846
872830814ffffff,Information,21.038
872830814ffffff,Manufacturing,79.541
872830814ffffff,Professional Service,52.196
872830814ffffff,Public Administration,34.173
872830814ffffff,Real Estate,6.363
872830814ffffff,Retail,117.53
872830814ffffff,Transportation,86.07
872830814ffffff,Wholesale,25.426
872830816ffffff,Art/Culture,41.663
872830816ffffff,Business Support,65.105
872830816ffffff,Construction,125.43
872830816ffffff,Corporate,0.221
872830816ffffff,Education,250.772
872830816ffffff,Energy,9.199
872830816ffffff,Financial,59.103
872830816ffffff,Health,473.997
872830816ffffff,Hospitality,164.55
872830816ffffff,Information,34.794
872830816ffffff,Manufacturing,43.292
872830816ffffff,Professional Service,119.85
872830816ffffff,Public Administration,113.396
872830816ffffff,Real Estate,37.52
872830816ffffff,Retail,64.089
872830816ffffff,Transportation,111.386
872830816ffffff,Wholesale,20.387
87283081effffff,Art/Culture,316.153
87283081effffff,Business Support,976.697
87283081effffff,Construction,400.705
87283081effffff,Corporate,46.394
87283081effffff,Education,380.921
87283081effffff,Energy,123.123
87283081effffff,Financial,553.765
87283081effffff,Health,673.211
87283081effffff,Hospitality,990.41
87283081effffff,Information,436.257
87283081effffff,Manufacturing,1031.224
87283081effffff,Professional Service,1702.67
87283081effffff,Public Administration,158.424
87283081effffff,Real Estate,472.063
87283081effffff,Retail,580.869
87283081effffff,Transportation,712.6
87283081effffff,Wholesale,281.892
872830821ffffff,Art/Culture,8.073
872830821ffffff,Business Support,33.73
872830821ffffff,Construction,169.051
872830821ffffff,Corporate,0.633
872830821ffffff,Education,125.366
872830821ffffff,Energy,1.056
872830821ffffff,Financial,14.544
872830821ffffff,Health,235.559
872830821ffffff,Hospitality,33.295
872830821ffffff,Information,14.87
872830821ffffff,Manufacturing,40.118
872830821ffffff,Professional Service,38.78
872830821ffffff,Public Administration,7.529
872830821ffffff,Real Estate,15.791
872830821ffffff,Retail,33.643
872830821ffffff,Transportation,37.163
872830821ffffff,Wholesale,19.274
872830825ffffff,Art/Culture,5.23
872830825ffffff,Business Support,2.122
872830825ffffff,Construction,23.221
872830825ffffff,Corporate,0.044
872830825ffffff,Education,21.701
872830825ffffff,Energy,0.153
872830825ffffff,Financial,1.295
872830825ffffff,Health,50.026
872830825ffffff,Hospitality,11.552
872830825ffffff,Information,0.938
872830825ffffff,Manufacturing,6.499
872830825ffffff,Professional Service,2.703
872830825ffffff,Public Administration,11.91
872830825ffffff,Real Estate,1.105
872830825ffffff,Retail,6.578
872830825ffffff,Transportation,8.975
872830825ffffff,Wholesale,2.852
872830828ffffff,Art/Culture,875.771
872830828ffffff,Business Support,1691.814
872830828ffffff,Construction,2427.994
872830828ffffff,Corporate,70.007
872830828ffffff,Education,2875.262
872830828ffffff,Energy,198.666
872830828ffffff,Financial,1149.983
872830828ffffff,Health,5549.526
872830828ffffff,Hospitality,3711.506
872830828ffffff,Information,1166.747
872830828ffffff,Manufacturing,1441.895
872830828ffffff,Professional Service,3925.84
872830828ffffff,Public Administration,2884.961
872830828ffffff,Real Estate,844.143
872830828ffffff,Retail,2602.763
872830828ffffff,Transportation,1507.392
872830828ffffff,Wholesale,481.183
872830829ffffff,Art/Culture,227.912
872830829ffffff,Business Support,115.606
872830829ffffff,Construction,251.858
872830829ffffff,Corporate,0.914
872830829ffffff,Education,2104.107
872830829ffffff,Energy,26.733
872830829ffffff,Financial,110.887
872830829ffffff,Health,3709.62
872830829ffffff,Hospitality,673.592
872830829ffffff,Information,94.579
872830829ffffff,Manufacturing,117.65
872830829ffffff,Professional Service,283.906
872830829ffffff,Public Administration,189.478
872830829ffffff,Real Estate,49.423
872830829ffffff,Retail,452.908
872830829ffffff,Transportation,396.9
872830829ffffff,Wholesale,89.617
87283082affffff,Art/Culture,1652.856
87283082affffff,Business Support,6346.515
87283082affffff,Construction,4090.917
87283082affffff,Corporate,477.649
87283082affffff,Education,2516.274
87283082affffff,Energy,766.927
87283082affffff,Financial,6250.881
87283082affffff,Health,3864.338
87283082affffff,Hospitality,6973.091
87283082affffff,Information,5413.325
87283082affffff,Manufacturing,3436.265
87283082affffff,Professional Service,18440.814
87283082affffff,Public Administration,2220.4
87283082affffff,Real Estate,3451.434
87283082affffff,Retail,7086.944
87283082affffff,Transportation,4449.798
87283082affffff,Wholesale,1614.946
87283082bffffff,Art/Culture,1219.088
87283082bffffff,Business Support,731.85
87283082bffffff,Construction,939.953
87283082bffffff,Corporate,40.144
87283082bffffff,Education,1402.852
87283082bffffff,Energy,134.824
87283082bffffff,Financial,654.492
87283082bffffff,Health,2552.997
87283082bffffff,Hospitality,4519.068
87283082bffffff,Information,487.961
87283082bffffff,Manufacturing,555.27
87283082bffffff,Professional Service,1828.408
87283082bffffff,Public Administration,779.553
87283082bffffff,Real Estate,411.473
87283082bffffff,Retail,1381.029
87283082bffffff,Transportation,838.753
87283082bffffff,Wholesale,337.408
87283082cffffff,Art/Culture,355.872
87283082cffffff,Business Support,409.02
87283082cffffff,Construction,647.988
87283082cffffff,Corporate,20.897
87283082cffffff,Education,875.262
87283082cffffff,Energy,54.66
87283082cffffff,Financial,232.126
87283082cffffff,Health,1758.095
87283082cffffff,Hospitality,1080.044
87283082cffffff,Information,273.101
87283082cffffff,Manufacturing,395.884
87283082cffffff,Professional Service,882.854
87283082cffffff,Public Administration,243.803
87283082cffffff,Real Estate,172.112
87283082cffffff,Retail,553.675
87283082cffffff,Transportation,459.285
87283082cffffff,Wholesale,138.701
87283082dffffff,Art/Culture,92.553
87283082dffffff,Business Support,70.184
87283082dffffff,Construction,180.182
87283082dffffff,Corporate,0.099
87283082dffffff,Education,894.392
87283082dffffff,Energy,24.016
87283082dffffff,Financial,47.676
87283082dffffff,Health,1562.681
87283082dffffff,Hospitality,230.286
87283082dffffff,Information,56.085
87283082dffffff,Manufacturing,73.363
87283082dffffff,Professional Service,162.092
87283082dffffff,Public Administration,111.462
87283082dffffff,Real Estate,36.596
87283082dffffff,Retail,219.412
87283082dffffff,Transportation,121.428
87283082dffffff,Wholesale,42.354
87283082effffff,Art/Culture,328.835
87283082effffff,Business Support,705.738
87283082effffff,Construction,813.277
87283082effffff,Corporate,48.458
87283082effffff,Education,1514.092
87283082effffff,Energy,109.153
87283082effffff,Financial,618.738
87283082effffff,Health,2453.902
87283082effffff,Hospitality,1104.909
87283082effffff,Information,714.881
87283082effffff,Manufacturing,1054.429
87283082effffff,Professional Service,2189.767
87283082effffff,Public Administration,288.746
87283082effffff,Real Estate,365.91
87283082effffff,Retail,841.221
87283082effffff,Transportation,735.068
87283082effffff,Wholesale,306.899
872830833ffffff,Art/Culture,0.414
872830833ffffff,Business Support,0.414
872830833ffffff,Construction,7.545
872830833ffffff,Corporate,0.092
872830833ffffff,Education,3.45
872830833ffffff,Financial,0.23
872830833ffffff,Health,8.143
872830833ffffff,Hospitality,2.208
872830833ffffff,Information,0.138
872830833ffffff,Professional Service,0.598
872830833ffffff,Public Administration,3.726
872830833ffffff,Real Estate,0.46
872830833ffffff,Retail,2.162
872830833ffffff,Transportation,0.874
872830842ffffff,Art/Culture,73.672
872830842ffffff,Business Support,84.467
872830842ffffff,Construction,197.771
872830842ffffff,Corporate,6.555
872830842ffffff,Education,72.39
872830842ffffff,Energy,10.459
872830842ffffff,Financial,97.418
872830842ffffff,Health,131.367
872830842ffffff,Hospitality,172.153
872830842ffffff,Information,52.788
872830842ffffff,Manufacturing,159.21
872830842ffffff,Professional Service,213.306
872830842ffffff,Public Administration,35.533
872830842ffffff,Real Estate,93.62
872830842ffffff,Retail,129.613
872830842ffffff,Transportation,61.704
872830842ffffff,Wholesale,38.629
872830843ffffff,Art/Culture,16.765
872830843ffffff,Business Support,15.475
872830843ffffff,Construction,42.556
872830843ffffff,Corporate,1.128
872830843ffffff,Education,9.511
872830843ffffff,Energy,2.096
872830843ffffff,Financial,15.959
872830843ffffff,Health,16.442
872830843ffffff,Hospitality,35.464
872830843ffffff,Information,8.866
872830843ffffff,Manufacturing,28.048
872830843ffffff,Professional Service,37.237
872830843ffffff,Public Administration,8.06
872830843ffffff,Real Estate,17.248
872830843ffffff,Retail,27.404
872830843ffffff,Transportation,13.057
872830843ffffff,Wholesale,7.093
872830859ffffff,Art/Culture,4.851
872830859ffffff,Business Support,1.805
872830859ffffff,Construction,4.061
872830859ffffff,Education,19.29
872830859ffffff,Financial,1.015
872830859ffffff,Health,26.284
872830859ffffff,Hospitality,8.686
872830859ffffff,Information,0.79
872830859ffffff,Manufacturing,5.866
872830859ffffff,Professional Service,3.723
872830859ffffff,Public Administration,6.656
872830859ffffff,Real Estate,1.579
872830859ffffff,Retail,2.933
872830859ffffff,Transportation,0.451
872830859ffffff,Wholesale,0.113
87283085effffff,Art/Culture,0.099
87283085effffff,Business Support,0.099
87283085effffff,Construction,1.813
87283085effffff,Corporate,0.022
87283085effffff,Education,0.829
87283085effffff,Financial,0.055
87283085effffff,Health,1.957
87283085effffff,Hospitality,0.531
87283085effffff,Information,0.033
87283085effffff,Professional Service,0.144
87283085effffff,Public Administration,0.895
87283085effffff,Real Estate,0.111
87283085effffff,Retail,0.52
87283085effffff,Transportation,0.21
872830874ffffff,Art/Culture,22.694
872830874ffffff,Business Support,2.506
872830874ffffff,Construction,43.347
872830874ffffff,Corporate,0.086
872830874ffffff,Education,31.482
872830874ffffff,Energy,12.72
872830874ffffff,Financial,2.316
872830874ffffff,Health,60.693
872830874ffffff,Hospitality,60.564
872830874ffffff,Information,1.532
872830874ffffff,Manufacturing,5.713
872830874ffffff,Professional Service,15.983
872830874ffffff,Public Administration,8.342
872830874ffffff,Real Estate,1.081
872830874ffffff,Retail,27.844
872830874ffffff,Transportation,24.777
872830874ffffff,Wholesale,6.461
872830876ffffff,Art/Culture,190.948
872830876ffffff,Business Support,45.041
872830876ffffff,Construction,129.879
872830876ffffff,Corporate,1.885
872830876ffffff,Education,113.272
872830876ffffff,Energy,15.608
872830876ffffff,Financial,78.362
872830876ffffff,Health,201.039
872830876ffffff,Hospitality,728.289
872830876ffffff,Information,54.794
872830876ffffff,Manufacturing,54.01
872830876ffffff,Professional Service,219.608
872830876ffffff,Public Administration,87.748
872830876ffffff,Real Estate,71.956
872830876ffffff,Retail,287.535
872830876ffffff,Transportation,175.182
872830876ffffff,Wholesale,39.641
872830880ffffff,Art/Culture,6.857
872830880ffffff,Business Support,36.92
872830880ffffff,Construction,28.974
872830880ffffff,Corporate,0.716
872830880ffffff,Education,50.541
872830880ffffff,Energy,0.775
872830880ffffff,Financial,13.963
872830880ffffff,Health,70.927
872830880ffffff,Hospitality,60.886
872830880ffffff,Information,5.388
872830880ffffff,Manufacturing,4.602
872830880ffffff,Professional Service,26.865
872830880ffffff,Public Administration,16.445
872830880ffffff,Real Estate,10.687
872830880ffffff,Retail,6.955
872830880ffffff,Transportation,6.255
872830880ffffff,Wholesale,0.683
872830881ffffff,Art/Culture,10.125
872830881ffffff,Business Support,9.334
872830881ffffff,Construction,38.187
872830881ffffff,Corporate,0.447
872830881ffffff,Education,25.382
872830881ffffff,Energy,1.104
872830881ffffff,Financial,6.212
872830881ffffff,Health,42.563
872830881ffffff,Hospitality,25.885
872830881ffffff,Information,2.596
872830881ffffff,Manufacturing,8.288
872830881ffffff,Professional Service,10.882
872830881ffffff,Public Administration,10.854
872830881ffffff,Real Estate,6.531
872830881ffffff,Retail,8.189
872830881ffffff,Transportation,14.823
872830881ffffff,Wholesale,2.587
872830883ffffff,Art/Culture,27.54
872830883ffffff,Business Support,39.373
872830883ffffff,Construction,50.233
872830883ffffff,Corporate,0.652
872830883ffffff,Education,78.819
872830883ffffff,Energy,3.213
872830883ffffff,Financial,15.523
872830883ffffff,Health,141.913
872830883ffffff,Hospitality,91.277
872830883ffffff,Information,6.591
872830883ffffff,Manufacturing,17.442
872830883ffffff,Professional Service,30.395
872830883ffffff,Public Administration,35.407
872830883ffffff,Real Estate,11.806
872830883ffffff,Retail,23.528
872830883ffffff,Transportation,23.409
872830883ffffff,Wholesale,2.295
872830884ffffff,Art/Culture,4.545
872830884ffffff,Business Support,8.195
872830884ffffff,Construction,7.532
872830884ffffff,Corporate,0.814
872830884ffffff,Education,18.791
872830884ffffff,Energy,0.35
872830884ffffff,Financial,5.566
872830884ffffff,Health,20.988
872830884ffffff,Hospitality,17.952
872830884ffffff,Information,1.271
872830884ffffff,Manufacturing,3.846
872830884ffffff,Professional Service,7.87
872830884ffffff,Public Administration,5.105
872830884ffffff,Real Estate,3.242
872830884ffffff,Retail,1.394
872830884ffffff,Transportation,2.797
872830889ffffff,Art/Culture,21.733
872830889ffffff,Business Support,20.13
872830889ffffff,Construction,241.019
872830889ffffff,Corporate,0.21
872830889ffffff,Education,56.582
872830889ffffff,Energy,10.499
872830889ffffff,Financial,9.768
872830889ffffff,Health,111.284
872830889ffffff,Hospitality,69.618
872830889ffffff,Information,3.278
872830889ffffff,Manufacturing,36.841
872830889ffffff,Professional Service,13.885
872830889ffffff,Public Administration,24.643
872830889ffffff,Real Estate,7.093
872830889ffffff,Retail,54.59
872830889ffffff,Transportation,46.236
872830889ffffff,Wholesale,10.292
872830891ffffff,Art/Culture,5.823
872830891ffffff,Business Support,6.689
872830891ffffff,Construction,9.966
872830891ffffff,Corporate,0.272
872830891ffffff,Education,15.596
872830891ffffff,Energy,1.675
872830891ffffff,Financial,3.146
872830891ffffff,Health,27.952
872830891ffffff,Hospitality,15.242
872830891ffffff,Information,1.551
872830891ffffff,Manufacturing,3.906
872830891ffffff,Professional Service,8.58
872830891ffffff,Public Administration,6.933
872830891ffffff,Real Estate,2.706
872830891ffffff,Retail,7.07
872830891ffffff,Transportation,6.753
872830891ffffff,Wholesale,0.887
872830892ffffff,Art/Culture,31.908
872830892ffffff,Business Support,60.352
872830892ffffff,Construction,84.638
872830892ffffff,Corporate,3.614
872830892ffffff,Education,74.329
872830892ffffff,Energy,29.026
872830892ffffff,Financial,45.974
872830892ffffff,Health,120.556
872830892ffffff,Hospitality,91.893
872830892ffffff,Information,22.104
872830892ffffff,Manufacturing,22.059
872830892ffffff,Professional Service,154.49
872830892ffffff,Public Administration,25.743
872830892ffffff,Real Estate,23.604
872830892ffffff,Retail,88.836
872830892ffffff,Transportation,66.251
872830892ffffff,Wholesale,38.206
872830894ffffff,Construction,0.027
872830894ffffff,Education,0.081
872830894ffffff,Financial,0.027
872830894ffffff,Health,0.135
872830894ffffff,Retail,0.027
872830896ffffff,Art/Culture,5.75
872830896ffffff,Business Support,15.123
872830896ffffff,Construction,8.567
872830896ffffff,Corporate,0.655
872830896ffffff,Education,38.234
872830896ffffff,Energy,4.758
872830896ffffff,Financial,8.047
872830896ffffff,Health,63.896
872830896ffffff,Hospitality,13.421
872830896ffffff,Information,3.68
872830896ffffff,Manufacturing,3.552
872830896ffffff,Professional Service,17.347
872830896ffffff,Public Administration,5.205
872830896ffffff,Real Estate,8.482
872830896ffffff,Retail,18.615
872830896ffffff,Transportation,19.092
872830896ffffff,Wholesale,5.799
87283089affffff,Art/Culture,0.598
87283089affffff,Business Support,2.493
87283089affffff,Construction,6.369
87283089affffff,Corporate,0.007
87283089affffff,Education,7.568
87283089affffff,Energy,3.956
87283089affffff,Financial,2.818
87283089affffff,Health,14.945
87283089affffff,Hospitality,2.77
87283089affffff,Information,1.655
87283089affffff,Manufacturing,2.885
87283089affffff,Professional Service,8.6
87283089affffff,Public Administration,2.867
87283089affffff,Real Estate,2.216
87283089affffff,Retail,3.428
87283089affffff,Transportation,9.545
87283089affffff,Wholesale,4.706
8728308a0ffffff,Art/Culture,32.784
8728308a0ffffff,Business Support,28.363
8728308a0ffffff,Construction,40.224
8728308a0ffffff,Corporate,0.403
8728308a0ffffff,Education,45.243
8728308a0ffffff,Energy,1.701
8728308a0ffffff,Financial,10.961
8728308a0ffffff,Health,48.845
8728308a0ffffff,Hospitality,89.819
8728308a0ffffff,Information,9.684
8728308a0ffffff,Manufacturing,14.396
8728308a0ffffff,Professional Service,50.599
8728308a0ffffff,Public Administration,15.476
8728308a0ffffff,Real Estate,16.176
8728308a0ffffff,Retail,37.824
8728308a0ffffff,Transportation,39.686
8728308a0ffffff,Wholesale,16.435
8728308a1ffffff,Art/Culture,7.517
8728308a1ffffff,Business Support,7.041
8728308a1ffffff,Construction,9.187
8728308a1ffffff,Corporate,0.093
8728308a1ffffff,Education,14.116
8728308a1ffffff,Energy,0.371
8728308a1ffffff,Financial,2.506
8728308a1ffffff,Health,18.222
8728308a1ffffff,Hospitality,22.236
8728308a1ffffff,Information,2.772
8728308a1ffffff,Manufacturing,5.521
8728308a1ffffff,Professional Service,16.053
8728308a1ffffff,Public Administration,7.98
8728308a1ffffff,Real Estate,4.257
8728308a1ffffff,Retail,8.63
8728308a1ffffff,Transportation,14.093
8728308a1ffffff,Wholesale,5.44
8728308a3ffffff,Art/Culture,38.566
8728308a3ffffff,Business Support,31.633
8728308a3ffffff,Construction,46.293
8728308a3ffffff,Corporate,0.793
8728308a3ffffff,Education,52.154
8728308a3ffffff,Energy,1.966
8728308a3ffffff,Financial,13.659
8728308a3ffffff,Health,53.844
8728308a3ffffff,Hospitality,102.349
8728308a3ffffff,Information,10.487
8728308a3ffffff,Manufacturing,16.246
8728308a3ffffff,Professional Service,54.47
8728308a3ffffff,Public Administration,15.453
8728308a3ffffff,Real Estate,18.179
8728308a3ffffff,Retail,42.224
8728308a3ffffff,Transportation,41.74
8728308a3ffffff,Wholesale,17.042
8728308a4ffffff,Art/Culture,1.048
8728308a4ffffff,Business Support,0.87
8728308a4ffffff,Construction,9.333
8728308a4ffffff,Education,19.917
8728308a4ffffff,Energy,3.322
8728308a4ffffff,Health,31.111
8728308a4ffffff,Hospitality,16.317
8728308a4ffffff,Information,0.435
8728308a4ffffff,Manufacturing,22.548
8728308a4ffffff,Professional Service,1.087
8728308a4ffffff,Public Administration,2.492
8728308a4ffffff,Real Estate,0.652
8728308a4ffffff,Retail,13.19
8728308a4ffffff,Transportation,6.663
8728308a4ffffff,Wholesale,9.276
8728308a5ffffff,Art/Culture,0.008
8728308a5ffffff,Business Support,0.016
8728308a5ffffff,Construction,0.105
8728308a5ffffff,Education,0.03
8728308a5ffffff,Energy,0.016
8728308a5ffffff,Health,0.08
8728308a5ffffff,Hospitality,0.053
8728308a5ffffff,Information,0.008
8728308a5ffffff,Manufacturing,0.021
8728308a5ffffff,Professional Service,0.022
8728308a5ffffff,Public Administration,0.014
8728308a5ffffff,Real Estate,0.012
8728308a5ffffff,Retail,0.097
8728308a5ffffff,Transportation,0.103
8728308a5ffffff,Wholesale,0.025
8728308a8ffffff,Art/Culture,84.022
8728308a8ffffff,Business Support,61.532
8728308a8ffffff,Construction,51.02
8728308a8ffffff,Corporate,1.201
8728308a8ffffff,Education,658.226
8728308a8ffffff,Energy,3.268
8728308a8ffffff,Financial,36.652
8728308a8ffffff,Health,600.956
8728308a8ffffff,Hospitality,130.302
8728308a8ffffff,Information,39.195
8728308a8ffffff,Manufacturing,31.276
8728308a8ffffff,Professional Service,154.411
8728308a8ffffff,Public Administration,19.758
8728308a8ffffff,Real Estate,59.025
8728308a8ffffff,Retail,157.795
8728308a8ffffff,Transportation,81.275
8728308a8ffffff,Wholesale,19.353
8728308a9ffffff,Art/Culture,239.303
8728308a9ffffff,Business Support,349.157
8728308a9ffffff,Construction,103.652
8728308a9ffffff,Corporate,14.73
8728308a9ffffff,Education,955.493
8728308a9ffffff,Energy,9.595
8728308a9ffffff,Financial,181.011
8728308a9ffffff,Health,1006.953
8728308a9ffffff,Hospitality,647.775
8728308a9ffffff,Information,120.168
8728308a9ffffff,Manufacturing,86.573
8728308a9ffffff,Professional Service,535.898
8728308a9ffffff,Public Administration,237.843
8728308a9ffffff,Real Estate,133.786
8728308a9ffffff,Retail,229.202
8728308a9ffffff,Transportation,98.494
8728308a9ffffff,Wholesale,69.247
8728308aaffffff,Art/Culture,0.045
8728308aaffffff,Business Support,0.206
8728308aaffffff,Construction,9.457
8728308aaffffff,Corporate,0.007
8728308aaffffff,Education,0.494
8728308aaffffff,Energy,0.003
8728308aaffffff,Financial,0.608
8728308aaffffff,Health,0.117
8728308aaffffff,Hospitality,0.082
8728308aaffffff,Information,0.388
8728308aaffffff,Manufacturing,0.614
8728308aaffffff,Professional Service,1.184
8728308aaffffff,Public Administration,0.031
8728308aaffffff,Real Estate,1.359
8728308aaffffff,Retail,0.395
8728308aaffffff,Transportation,2.719
8728308aaffffff,Wholesale,0.769
8728308abffffff,Art/Culture,0.01
8728308abffffff,Business Support,0.078
8728308abffffff,Construction,4.718
8728308abffffff,Education,0.185
8728308abffffff,Energy,0.024
8728308abffffff,Financial,0.248
8728308abffffff,Health,0.098
8728308abffffff,Hospitality,0.073
8728308abffffff,Information,0.156
8728308abffffff,Manufacturing,0.331
8728308abffffff,Professional Service,0.467
8728308abffffff,Public Administration,0.029
8728308abffffff,Real Estate,0.545
8728308abffffff,Retail,0.297
8728308abffffff,Transportation,1.139
8728308abffffff,Wholesale,0.326
8728308acffffff,Art/Culture,24.005
8728308acffffff,Business Support,5.562
8728308acffffff,Construction,6.733
8728308acffffff,Education,29.275
8728308acffffff,Energy,3.806
8728308acffffff,Financial,1.756
8728308acffffff,Health,36.301
8728308acffffff,Hospitality,52.987
8728308acffffff,Information,1.464
8728308acffffff,Manufacturing,7.319
8728308acffffff,Professional Service,12.003
8728308acffffff,Public Administration,11.71
8728308acffffff,Real Estate,3.513
8728308acffffff,Retail,10.832
8728308acffffff,Transportation,12.588
8728308acffffff,Wholesale,3.513
8728308adffffff,Art/Culture,30.498
8728308adffffff,Business Support,56.597
8728308adffffff,Construction,99.897
8728308adffffff,Corporate,0.598
8728308adffffff,Education,526.386
8728308adffffff,Energy,5.883
8728308adffffff,Financial,32.283
8728308adffffff,Health,840.024
8728308adffffff,Hospitality,112.469
8728308adffffff,Information,43.842
8728308adffffff,Manufacturing,105.657
8728308adffffff,Professional Service,153.722
8728308adffffff,Public Administration,41.253
8728308adffffff,Real Estate,31.494
8728308adffffff,Retail,89.125
8728308adffffff,Transportation,45.893
8728308adffffff,Wholesale,26.434
8728308b1ffffff,Art/Culture,22.566
8728308b1ffffff,Business Support,38.798
8728308b1ffffff,Construction,87.17
8728308b1ffffff,Corporate,0.485
8728308b1ffffff,Education,102.097
8728308b1ffffff,Energy,6.698
8728308b1ffffff,Financial,15.569
8728308b1ffffff,Health,125.501
8728308b1ffffff,Hospitality,71.619
8728308b1ffffff,Information,12.755
8728308b1ffffff,Manufacturing,5.679
8728308b1ffffff,Professional Service,40.336
8728308b1ffffff,Public Administration,19.58
8728308b1ffffff,Real Estate,6.42
8728308b1ffffff,Retail,43.04
8728308b1ffffff,Transportation,34.057
8728308b1ffffff,Wholesale,15.228
8728308b3ffffff,Art/Culture,11.498
8728308b3ffffff,Business Support,32.748
8728308b3ffffff,Construction,57.436
8728308b3ffffff,Corporate,0.362
8728308b3ffffff,Education,62.092
8728308b3ffffff,Energy,2.94
8728308b3ffffff,Financial,12.394
8728308b3ffffff,Health,75.285
8728308b3ffffff,Hospitality,54.272
8728308b3ffffff,Information,8.873
8728308b3ffffff,Manufacturing,2.492
8728308b3ffffff,Professional Service,29.963
8728308b3ffffff,Public Administration,14.253
8728308b3ffffff,Real Estate,5.568
8728308b3ffffff,Retail,23.972
8728308b3ffffff,Transportation,19.996
8728308b3ffffff,Wholesale,9.36
8728308b5ffffff,Art/Culture,16.213
8728308b5ffffff,Business Support,18.458
8728308b5ffffff,Construction,30.358
8728308b5ffffff,Corporate,0.254
8728308b5ffffff,Education,67.444
8728308b5ffffff,Energy,6.826
8728308b5ffffff,Financial,8.133
8728308b5ffffff,Health,84.297
8728308b5ffffff,Hospitality,48.975
8728308b5ffffff,Information,5.257
8728308b5ffffff,Manufacturing,6.625
8728308b5ffffff,Professional Service,18.738
8728308b5ffffff,Public Administration,8.982
8728308b5ffffff,Real Estate,9.627
8728308b5ffffff,Retail,30.526
8728308b5ffffff,Transportation,17.229
8728308b5ffffff,Wholesale,4.705
8728308c0ffffff,Art/Culture,3.497
8728308c0ffffff,Business Support,2.488
8728308c0ffffff,Construction,42.469
8728308c0ffffff,Corporate,0.05
8728308c0ffffff,Education,35.42
8728308c0ffffff,Energy,2.387
8728308c0ffffff,Financial,0.889
8728308c0ffffff,Health,47.849
8728308c0ffffff,Hospitality,11.961
8728308c0ffffff,Information,0.247
8728308c0ffffff,Manufacturing,4.401
8728308c0ffffff,Professional Service,1.388
8728308c0ffffff,Public Administration,9.668
8728308c0ffffff,Real Estate,1.17
8728308c0ffffff,Retail,37.735
8728308c0ffffff,Transportation,35.123
8728308c0ffffff,Wholesale,9.949
8728308c1ffffff,Art/Culture,1.566
8728308c1ffffff,Business Support,16.18
8728308c1ffffff,Construction,137.793
8728308c1ffffff,Education,17.224
8728308c1ffffff,Energy,3.132
8728308c1ffffff,Financial,5.741
8728308c1ffffff,Health,30.795
8728308c1ffffff,Hospitality,1.044
8728308c1ffffff,Information,1.566
8728308c1ffffff,Manufacturing,31.839
8728308c1ffffff,Professional Service,9.917
8728308c1ffffff,Public Administration,2.088
8728308c1ffffff,Real Estate,8.351
8728308c1ffffff,Retail,40.19
8728308c1ffffff,Transportation,78.814
8728308c1ffffff,Wholesale,13.571
8728308c2ffffff,Art/Culture,89.327
8728308c2ffffff,Business Support,86.212
8728308c2ffffff,Construction,77.644
8728308c2ffffff,Corporate,6.786
8728308c2ffffff,Education,300.751
8728308c2ffffff,Energy,18.427
8728308c2ffffff,Financial,22.295
8728308c2ffffff,Health,527.905
8728308c2ffffff,Hospitality,292.21
8728308c2ffffff,Information,7.757
8728308c2ffffff,Manufacturing,42.643
8728308c2ffffff,Professional Service,27.144
8728308c2ffffff,Public Administration,66.94
8728308c2ffffff,Real Estate,24.231
8728308c2ffffff,Retail,142.558
8728308c2ffffff,Transportation,225.939
8728308c2ffffff,Wholesale,75.608
8728308c3ffffff,Art/Culture,30.142
8728308c3ffffff,Business Support,45.632
8728308c3ffffff,Construction,143.347
8728308c3ffffff,Corporate,0.248
8728308c3ffffff,Education,125.306
8728308c3ffffff,Energy,8.868
8728308c3ffffff,Financial,10.624
8728308c3ffffff,Health,152.154
8728308c3ffffff,Hospitality,177.041
8728308c3ffffff,Information,5.119
8728308c3ffffff,Manufacturing,69.175
8728308c3ffffff,Professional Service,14.368
8728308c3ffffff,Public Administration,32.13
8728308c3ffffff,Real Estate,9.798
8728308c3ffffff,Retail,116.211
8728308c3ffffff,Transportation,154.152
8728308c3ffffff,Wholesale,39.564
8728308c4ffffff,Art/Culture,17.398
8728308c4ffffff,Business Support,147.876
8728308c4ffffff,Construction,360.306
8728308c4ffffff,Corporate,2.695
8728308c4ffffff,Education,106.441
8728308c4ffffff,Energy,34.777
8728308c4ffffff,Financial,33.488
8728308c4ffffff,Health,209.327
8728308c4ffffff,Hospitality,63.286
8728308c4ffffff,Information,23.295
8728308c4ffffff,Manufacturing,570.474
8728308c4ffffff,Professional Service,80.372
8728308c4ffffff,Public Administration,131.806
8728308c4ffffff,Real Estate,40.108
8728308c4ffffff,Retail,298.269
8728308c4ffffff,Transportation,412.874
8728308c4ffffff,Wholesale,101.304
8728308d0ffffff,Art/Culture,3.622
8728308d0ffffff,Business Support,4.082
8728308d0ffffff,Construction,6.122
8728308d0ffffff,Education,24.549
8728308d0ffffff,Energy,0.805
8728308d0ffffff,Financial,1.495
8728308d0ffffff,Health,21.356
8728308d0ffffff,Hospitality,9.485
8728308d0ffffff,Information,0.949
8728308d0ffffff,Manufacturing,0.46
8728308d0ffffff,Professional Service,3.679
8728308d0ffffff,Public Administration,0.834
8728308d0ffffff,Real Estate,1.638
8728308d0ffffff,Retail,6.267
8728308d0ffffff,Transportation,7.014
8728308d0ffffff,Wholesale,0.345
8728308d1ffffff,Art/Culture,0.5
8728308d1ffffff,Business Support,2.969
8728308d1ffffff,Construction,1.163
8728308d1ffffff,Corporate,0.1
8728308d1ffffff,Education,3.995
8728308d1ffffff,Energy,0.397
8728308d1ffffff,Financial,0.848
8728308d1ffffff,Health,5.815
8728308d1ffffff,Hospitality,3.429
8728308d1ffffff,Information,0.401
8728308d1ffffff,Manufacturing,2.736
8728308d1ffffff,Professional Service,1.409
8728308d1ffffff,Public Administration,1.542
8728308d1ffffff,Real Estate,0.945
8728308d1ffffff,Retail,3.312
8728308d1ffffff,Transportation,4.879
8728308d1ffffff,Wholesale,1.994
8728308d2ffffff,Art/Culture,4.528
8728308d2ffffff,Business Support,4.87
8728308d2ffffff,Construction,19.867
8728308d2ffffff,Education,26.047
8728308d2ffffff,Energy,1.409
8728308d2ffffff,Financial,1.836
8728308d2ffffff,Health,17.207
8728308d2ffffff,Hospitality,12.654
8728308d2ffffff,Information,0.824
8728308d2ffffff,Manufacturing,4.334
8728308d2ffffff,Professional Service,3.023
8728308d2ffffff,Public Administration,1.3
8728308d2ffffff,Real Estate,1.212
8728308d2ffffff,Retail,6.845
8728308d2ffffff,Transportation,8.262
8728308d2ffffff,Wholesale,0.818
8728308d3ffffff,Art/Culture,11.013
8728308d3ffffff,Business Support,14.466
8728308d3ffffff,Construction,42.821
8728308d3ffffff,Education,66.205
8728308d3ffffff,Energy,6.395
8728308d3ffffff,Financial,0.442
8728308d3ffffff,Health,136.72
8728308d3ffffff,Hospitality,67.382
8728308d3ffffff,Information,4.284
8728308d3ffffff,Manufacturing,6.602
8728308d3ffffff,Professional Service,15.815
8728308d3ffffff,Public Administration,4.111
8728308d3ffffff,Real Estate,9.123
8728308d3ffffff,Retail,19.476
8728308d3ffffff,Transportation,20.027
8728308d3ffffff,Wholesale,3.207
8728308d5ffffff,Art/Culture,0.023
8728308d5ffffff,Construction,2.082
8728308d5ffffff,Education,0.068
8728308d5ffffff,Energy,0.056
8728308d5ffffff,Financial,0.034
8728308d5ffffff,Health,0.225
8728308d5ffffff,Hospitality,0.169
8728308d5ffffff,Manufacturing,0.225
8728308d5ffffff,Public Administration,0.068
8728308d5ffffff,Retail,0.326
8728308d5ffffff,Transportation,0.113
8728308d5ffffff,Wholesale,0.034
8728308dcffffff,Art/Culture,41.391
8728308dcffffff,Business Support,163.245
8728308dcffffff,Construction,91.1
8728308dcffffff,Corporate,2.98
8728308dcffffff,Education,206.082
8728308dcffffff,Energy,25.076
8728308dcffffff,Financial,60.212
8728308dcffffff,Health,320.382
8728308dcffffff,Hospitality,260.345
8728308dcffffff,Information,29.44
8728308dcffffff,Manufacturing,227.588
8728308dcffffff,Professional Service,101.015
8728308dcffffff,Public Administration,111.211
8728308dcffffff,Real Estate,59.041
8728308dcffffff,Retail,232.085
8728308dcffffff,Transportation,320.288
8728308dcffffff,Wholesale,121.179
8728308ddffffff,Art/Culture,9.247
8728308ddffffff,Business Support,20.286
8728308ddffffff,Construction,67.042
8728308ddffffff,Corporate,0.398
8728308ddffffff,Education,4.213
8728308ddffffff,Energy,19.118
8728308ddffffff,Financial,9.573
8728308ddffffff,Health,9.746
8728308ddffffff,Hospitality,17.712
8728308ddffffff,Information,6.373
8728308ddffffff,Manufacturing,77.1
8728308ddffffff,Professional Service,20.327
8728308ddffffff,Public Administration,0.186
8728308ddffffff,Real Estate,8.393
8728308ddffffff,Retail,149.874
8728308ddffffff,Transportation,206.574
8728308ddffffff,Wholesale,56.971
8728308deffffff,Art/Culture,17.311
8728308deffffff,Business Support,56.049
8728308deffffff,Construction,85.13
8728308deffffff,Corporate,0.087
8728308deffffff,Education,137.037
8728308deffffff,Energy,5.92
8728308deffffff,Financial,19.744
8728308deffffff,Health,353.562
8728308deffffff,Hospitality,70.036
8728308deffffff,Information,5.497
8728308deffffff,Manufacturing,31.408
8728308deffffff,Professional Service,30.864
8728308deffffff,Public Administration,33.141
8728308deffffff,Real Estate,12.183
8728308deffffff,Retail,90.064
8728308deffffff,Transportation,83.29
8728308deffffff,Wholesale,22.786
8728308e3ffffff,Art/Culture,0.014
8728308e3ffffff,Business Support,0.121
8728308e3ffffff,Construction,0.291
8728308e3ffffff,Corporate,0.002
8728308e3ffffff,Education,0.089
8728308e3ffffff,Energy,0.028
8728308e3ffffff,Financial,0.027
8728308e3ffffff,Health,0.173
8728308e3ffffff,Hospitality,0.052
8728308e3ffffff,Information,0.019
8728308e3ffffff,Manufacturing,0.469
8728308e3ffffff,Professional Service,0.065
8728308e3ffffff,Public Administration,0.109
8728308e3ffffff,Real Estate,0.033
8728308e3ffffff,Retail,0.236
8728308e3ffffff,Transportation,0.339
8728308e3ffffff,Wholesale,0.081
8728308f0ffffff,Art/Culture,4.359
8728308f0ffffff,Business Support,5.946
8728308f0ffffff,Construction,18.083
8728308f0ffffff,Corporate,0.132
8728308f0ffffff,Education,15.01
8728308f0ffffff,Energy,2.626
8728308f0ffffff,Financial,1.374
8728308f0ffffff,Health,39.092
8728308f0ffffff,Hospitality,20.348
8728308f0ffffff,Information,1.11
8728308f0ffffff,Manufacturing,10.211
8728308f0ffffff,Professional Service,16.989
8728308f0ffffff,Public Administration,11.138
8728308f0ffffff,Real Estate,5.414
8728308f0ffffff,Retail,24.302
8728308f0ffffff,Transportation,15.255
8728308f0ffffff,Wholesale,5.432
8728308f1ffffff,Art/Culture,5.652
8728308f1ffffff,Business Support,50.055
8728308f1ffffff,Construction,149.708
8728308f1ffffff,Corporate,1.92
8728308f1ffffff,Education,24.127
8728308f1ffffff,Energy,15.337
8728308f1ffffff,Financial,12.619
8728308f1ffffff,Health,58.314
8728308f1ffffff,Hospitality,22.159
8728308f1ffffff,Information,8.055
8728308f1ffffff,Manufacturing,179.388
8728308f1ffffff,Professional Service,30.287
8728308f1ffffff,Public Administration,39.053
8728308f1ffffff,Real Estate,10.59
8728308f1ffffff,Retail,159.02
8728308f1ffffff,Transportation,131.398
8728308f1ffffff,Wholesale,50.599
8728308f4ffffff,Art/Culture,11.517
8728308f4ffffff,Business Support,14.93
8728308f4ffffff,Construction,30.778
8728308f4ffffff,Education,89.098
8728308f4ffffff,Energy,7.959
8728308f4ffffff,Financial,8.067
8728308f4ffffff,Health,156.623
8728308f4ffffff,Hospitality,41.105
8728308f4ffffff,Information,5.326
8728308f4ffffff,Manufacturing,13.487
8728308f4ffffff,Professional Service,59.608
8728308f4ffffff,Public Administration,85.834
8728308f4ffffff,Real Estate,22.923
8728308f4ffffff,Retail,64.521
8728308f4ffffff,Transportation,44.167
8728308f4ffffff,Wholesale,9.04
8728308f6ffffff,Art/Culture,0.0
8728308f6ffffff,Construction,0.003
8728308f6ffffff,Education,0.0
8728308f6ffffff,Energy,0.0
8728308f6ffffff,Financial,0.0
8728308f6ffffff,Health,0.0
8728308f6ffffff,Hospitality,0.0
8728308f6ffffff,Manufacturing,0.0
8728308f6ffffff,Public Administration,0.0
8728308f6ffffff,Retail,0.001
8728308f6ffffff,Transportation,0.0
8728308f6ffffff,Wholesale,0.0
87283090cffffff,Art/Culture,65.377
87283090cffffff,Business Support,176.171
87283090cffffff,Construction,42.629
87283090cffffff,Corporate,5.283
87283090cffffff,Education,66.417
87283090cffffff,Energy,15.951
87283090cffffff,Financial,102.477
87283090cffffff,Health,123.488
87283090cffffff,Hospitality,250.483
87283090cffffff,Information,93.669
87283090cffffff,Manufacturing,52.017
87283090cffffff,Professional Service,299.107
87283090cffffff,Public Administration,58.859
87283090cffffff,Real Estate,81.701
87283090cffffff,Retail,246.424
87283090cffffff,Transportation,217.483
87283090cffffff,Wholesale,75.092
87283090dffffff,Art/Culture,52.369
87283090dffffff,Business Support,66.417
87283090dffffff,Construction,98.9
87283090dffffff,Corporate,1.719
87283090dffffff,Education,62.264
87283090dffffff,Energy,15.633
87283090dffffff,Financial,29.655
87283090dffffff,Health,147.67
87283090dffffff,Hospitality,222.905
87283090dffffff,Information,23.574
87283090dffffff,Manufacturing,65.613
87283090dffffff,Professional Service,35.882
87283090dffffff,Public Administration,41.599
87283090dffffff,Real Estate,30.552
87283090dffffff,Retail,140.39
87283090dffffff,Transportation,175.416
87283090dffffff,Wholesale,63.663
872830920ffffff,Art/Culture,109.642
872830920ffffff,Business Support,94.937
872830920ffffff,Construction,112.384
872830920ffffff,Corporate,5.655
872830920ffffff,Education,85.24
872830920ffffff,Energy,22.021
872830920ffffff,Financial,109.368
872830920ffffff,Health,245.61
872830920ffffff,Hospitality,415.27
872830920ffffff,Information,67.548
872830920ffffff,Manufacturing,80.682
872830920ffffff,Professional Service,231.738
872830920ffffff,Public Administration,124.697
872830920ffffff,Real Estate,79.658
872830920ffffff,Retail,326.712
872830920ffffff,Transportation,281.09
872830920ffffff,Wholesale,113.372
872830924ffffff,Art/Culture,0.157
872830924ffffff,Business Support,0.487
872830924ffffff,Construction,2.5
872830924ffffff,Corporate,0.016
872830924ffffff,Education,0.126
872830924ffffff,Energy,0.173
872830924ffffff,Financial,0.157
872830924ffffff,Health,0.283
872830924ffffff,Hospitality,1.541
872830924ffffff,Information,0.079
872830924ffffff,Manufacturing,0.503
872830924ffffff,Professional Service,0.393
872830924ffffff,Public Administration,0.204
872830924ffffff,Real Estate,0.094
872830924ffffff,Retail,0.755
872830924ffffff,Transportation,0.613
872830924ffffff,Wholesale,0.314
872830926ffffff,Art/Culture,26.608
872830926ffffff,Business Support,25.653
872830926ffffff,Construction,155.454
872830926ffffff,Corporate,3.262
872830926ffffff,Education,149.345
872830926ffffff,Energy,6.596
872830926ffffff,Financial,18.623
872830926ffffff,Health,303.472
872830926ffffff,Hospitality,94.117
872830926ffffff,Information,21.511
872830926ffffff,Manufacturing,42.878
872830926ffffff,Professional Service,60.639
872830926ffffff,Public Administration,55.278
872830926ffffff,Real Estate,16.481
872830926ffffff,Retail,74.997
872830926ffffff,Transportation,52.423
872830926ffffff,Wholesale,18.743
872830928ffffff,Art/Culture,56.167
872830928ffffff,Business Support,28.748
872830928ffffff,Construction,26.659
872830928ffffff,Education,32.406
872830928ffffff,Energy,2.168
872830928ffffff,Financial,7.123
872830928ffffff,Health,94.503
872830928ffffff,Hospitality,200.963
872830928ffffff,Information,8.562
872830928ffffff,Manufacturing,22.578
872830928ffffff,Professional Service,27.961
872830928ffffff,Public Administration,30.357
872830928ffffff,Real Estate,9.136
872830928ffffff,Retail,43.091
872830928ffffff,Transportation,32.81
872830928ffffff,Wholesale,16.264
872830929ffffff,Art/Culture,85.987
872830929ffffff,Business Support,300.561
872830929ffffff,Construction,125.024
872830929ffffff,Corporate,9.685
872830929ffffff,Education,108.177
872830929ffffff,Energy,26.843
872830929ffffff,Financial,180.243
872830929ffffff,Health,197.221
872830929ffffff,Hospitality,210.569
872830929ffffff,Information,167.907
872830929ffffff,Manufacturing,72.545
872830929ffffff,Professional Service,527.006
872830929ffffff,Public Administration,61.411
872830929ffffff,Real Estate,144.269
872830929ffffff,Retail,398.565
872830929ffffff,Transportation,370.256
872830929ffffff,Wholesale,127.114
87283092cffffff,Art/Culture,0.105
87283092cffffff,Business Support,0.326
87283092cffffff,Construction,1.67
87283092cffffff,Corporate,0.011
87283092cffffff,Education,0.084
87283092cffffff,Energy,0.116
87283092cffffff,Financial,0.105
87283092cffffff,Health,0.189
87283092cffffff,Hospitality,1.03
87283092cffffff,Information,0.053
87283092cffffff,Manufacturing,0.336
87283092cffffff,Professional Service,0.263
87283092cffffff,Public Administration,0.137
87283092cffffff,Real Estate,0.063
87283092cffffff,Retail,0.504
87283092cffffff,Transportation,0.41
87283092cffffff,Wholesale,0.21
872830934ffffff,Art/Culture,73.906
872830934ffffff,Business Support,452.96
872830934ffffff,Construction,197.085
872830934ffffff,Corporate,20.282
872830934ffffff,Education,147.95
872830934ffffff,Energy,13.244
872830934ffffff,Financial,308.237
872830934ffffff,Health,232.366
872830934ffffff,Hospitality,283.207
872830934ffffff,Information,318.115
872830934ffffff,Manufacturing,762.887
872830934ffffff,Professional Service,1042.459
872830934ffffff,Public Administration,53.045
872830934ffffff,Real Estate,239.221
872830934ffffff,Retail,236.702
872830934ffffff,Transportation,122.714
872830934ffffff,Wholesale,54.667
872830942ffffff,Art/Culture,6.797
872830942ffffff,Business Support,15.488
872830942ffffff,Construction,11.595
872830942ffffff,Corporate,0.181
872830942ffffff,Education,143.181
872830942ffffff,Energy,1.358
872830942ffffff,Financial,14.323
872830942ffffff,Health,161.645
872830942ffffff,Hospitality,48.294
872830942ffffff,Information,7.406
872830942ffffff,Manufacturing,10.809
872830942ffffff,Professional Service,36.14
872830942ffffff,Public Administration,9.071
872830942ffffff,Real Estate,8.131
872830942ffffff,Retail,8.395
872830942ffffff,Transportation,20.932
872830942ffffff,Wholesale,7.342
872830946ffffff,Business Support,2.036
872830946ffffff,Construction,0.37
872830946ffffff,Education,0.74
872830946ffffff,Energy,0.185
872830946ffffff,Financial,1.295
872830946ffffff,Health,0.555
872830946ffffff,Hospitality,0.185
872830946ffffff,Professional Service,0.925
872830946ffffff,Real Estate,0.37
872830946ffffff,Retail,6.477
872830946ffffff,Transportation,3.701
872830946ffffff,Wholesale,1.11
872830950ffffff,Art/Culture,13.679
872830950ffffff,Business Support,75.341
872830950ffffff,Construction,373.563
872830950ffffff,Corporate,1.996
872830950ffffff,Education,304.849
872830950ffffff,Energy,2.671
872830950ffffff,Financial,55.83
872830950ffffff,Health,525.799
872830950ffffff,Hospitality,102.014
872830950ffffff,Information,24.573
872830950ffffff,Manufacturing,37.472
872830950ffffff,Professional Service,105.734
872830950ffffff,Public Administration,78.749
872830950ffffff,Real Estate,40.149
872830950ffffff,Retail,142.887
872830950ffffff,Transportation,111.874
872830950ffffff,Wholesale,17.062
872830951ffffff,Art/Culture,27.501
872830951ffffff,Business Support,26.691
872830951ffffff,Construction,98.762
872830951ffffff,Corporate,2.496
872830951ffffff,Education,496.395
872830951ffffff,Energy,6.099
872830951ffffff,Financial,27.625
872830951ffffff,Health,788.329
872830951ffffff,Hospitality,165.827
872830951ffffff,Information,9.034
872830951ffffff,Manufacturing,205.541
872830951ffffff,Professional Service,43.478
872830951ffffff,Public Administration,61.231
872830951ffffff,Real Estate,16.384
872830951ffffff,Retail,56.341
872830951ffffff,Transportation,98.773
872830951ffffff,Wholesale,41.298
872830952ffffff,Art/Culture,9.766
872830952ffffff,Business Support,17.291
872830952ffffff,Construction,263.579
872830952ffffff,Corporate,2.227
872830952ffffff,Education,379.428
872830952ffffff,Energy,4.458
872830952ffffff,Financial,14.937
872830952ffffff,Health,717.218
872830952ffffff,Hospitality,99.836
872830952ffffff,Information,16.095
872830952ffffff,Manufacturing,61.817
872830952ffffff,Professional Service,61.624
872830952ffffff,Public Administration,102.528
872830952ffffff,Real Estate,24.906
872830952ffffff,Retail,135.263
872830952ffffff,Transportation,77.388
872830952ffffff,Wholesale,23.415
872830953ffffff,Art/Culture,2.886
872830953ffffff,Business Support,9.96
872830953ffffff,Construction,75.917
872830953ffffff,Corporate,0.225
872830953ffffff,Education,24.649
872830953ffffff,Energy,1.142
872830953ffffff,Financial,4.854
872830953ffffff,Health,60.274
872830953ffffff,Hospitality,17.856
872830953ffffff,Information,1.04
872830953ffffff,Manufacturing,7.594
872830953ffffff,Professional Service,10.937
872830953ffffff,Public Administration,24.853
872830953ffffff,Real Estate,4.696
872830953ffffff,Retail,12.43
872830953ffffff,Transportation,13.319
872830953ffffff,Wholesale,4.11
872830954ffffff,Art/Culture,16.17
872830954ffffff,Business Support,4.103
872830954ffffff,Construction,26.109
872830954ffffff,Corporate,0.268
872830954ffffff,Education,4.54
872830954ffffff,Energy,7.495
872830954ffffff,Financial,2.427
872830954ffffff,Health,9.492
872830954ffffff,Hospitality,64.107
872830954ffffff,Information,1.74
872830954ffffff,Manufacturing,8.567
872830954ffffff,Professional Service,4.505
872830954ffffff,Public Administration,11.861
872830954ffffff,Real Estate,2.748
872830954ffffff,Retail,48.157
872830954ffffff,Transportation,81.905
872830954ffffff,Wholesale,21.776
872830955ffffff,Art/Culture,10.242
872830955ffffff,Business Support,55.445
872830955ffffff,Construction,122.859
872830955ffffff,Corporate,3.099
872830955ffffff,Education,109.299
872830955ffffff,Energy,1.371
872830955ffffff,Financial,22.233
872830955ffffff,Health,300.712
872830955ffffff,Hospitality,114.429
872830955ffffff,Information,9.192
872830955ffffff,Manufacturing,55.496
872830955ffffff,Professional Service,43.344
872830955ffffff,Public Administration,45.889
872830955ffffff,Real Estate,24.607
872830955ffffff,Retail,110.504
872830955ffffff,Transportation,149.067
872830955ffffff,Wholesale,51.692
872830956ffffff,Art/Culture,7.983
872830956ffffff,Business Support,8.379
872830956ffffff,Construction,48.878
872830956ffffff,Education,76.443
872830956ffffff,Energy,1.931
872830956ffffff,Financial,6.792
872830956ffffff,Health,181.905
872830956ffffff,Hospitality,38.48
872830956ffffff,Information,1.965
872830956ffffff,Manufacturing,28.347
872830956ffffff,Professional Service,10.293
872830956ffffff,Public Administration,35.641
872830956ffffff,Real Estate,10.059
872830956ffffff,Retail,48.533
872830956ffffff,Transportation,62.799
872830956ffffff,Wholesale,11.134
872830958ffffff,Art/Culture,100.326
872830958ffffff,Business Support,74.076
872830958ffffff,Construction,266.122
872830958ffffff,Corporate,0.164
872830958ffffff,Education,324.32
872830958ffffff,Energy,8.982
872830958ffffff,Financial,50.551
872830958ffffff,Health,537.106
872830958ffffff,Hospitality,280.857
872830958ffffff,Information,32.002
872830958ffffff,Manufacturing,198.326
872830958ffffff,Professional Service,137.555
872830958ffffff,Public Administration,68.795
872830958ffffff,Real Estate,31.043
872830958ffffff,Retail,224.227
872830958ffffff,Transportation,114.441
872830958ffffff,Wholesale,46.451
87283095affffff,Art/Culture,161.148
87283095affffff,Business Support,57.655
87283095affffff,Construction,256.104
87283095affffff,Corporate,3.887
87283095affffff,Education,1086.578
87283095affffff,Energy,14.0
87283095affffff,Financial,56.77
87283095affffff,Health,2161.475
87283095affffff,Hospitality,445.788
87283095affffff,Information,70.347
87283095affffff,Manufacturing,118.104
87283095affffff,Professional Service,221.632
87283095affffff,Public Administration,124.264
87283095affffff,Real Estate,35.457
87283095affffff,Retail,231.728
87283095affffff,Transportation,97.899
87283095affffff,Wholesale,49.753
87283095bffffff,Art/Culture,60.534
87283095bffffff,Business Support,12.414
87283095bffffff,Construction,155.205
87283095bffffff,Corporate,2.0
87283095bffffff,Education,310.109
87283095bffffff,Energy,9.66
87283095bffffff,Financial,23.429
87283095bffffff,Health,601.877
87283095bffffff,Hospitality,220.252
87283095bffffff,Information,14.571
87283095bffffff,Manufacturing,45.843
87283095bffffff,Professional Service,62.497
87283095bffffff,Public Administration,42.381
87283095bffffff,Real Estate,16.163
87283095bffffff,Retail,85.882
87283095bffffff,Transportation,92.114
87283095bffffff,Wholesale,16.602
87283095cffffff,Art/Culture,30.201
87283095cffffff,Business Support,39.551
87283095cffffff,Construction,226.499
87283095cffffff,Corporate,4.081
87283095cffffff,Education,691.353
87283095cffffff,Energy,11.796
87283095cffffff,Financial,42.325
87283095cffffff,Health,1120.338
87283095cffffff,Hospitality,213.461
87283095cffffff,Information,9.591
87283095cffffff,Manufacturing,42.56
87283095cffffff,Professional Service,94.909
87283095cffffff,Public Administration,98.97
87283095cffffff,Real Estate,20.13
87283095cffffff,Retail,62.618
87283095cffffff,Transportation,115.319
87283095cffffff,Wholesale,46.214
87283095effffff,Art/Culture,19.558
87283095effffff,Business Support,14.425
87283095effffff,Construction,132.589
87283095effffff,Corporate,0.775
87283095effffff,Education,806.033
87283095effffff,Energy,4.301
87283095effffff,Financial,14.861
87283095effffff,Health,1374.029
87283095effffff,Hospitality,45.351
87283095effffff,Information,21.18
87283095effffff,Manufacturing,49.023
87283095effffff,Professional Service,55.282
87283095effffff,Public Administration,61.239
87283095effffff,Real Estate,13.136
87283095effffff,Retail,44.394
87283095effffff,Transportation,30.307
87283095effffff,Wholesale,7.636
872830970ffffff,Art/Culture,109.356
872830970ffffff,Business Support,68.499
872830970ffffff,Construction,42.45
872830970ffffff,Corporate,3.562
872830970ffffff,Education,186.66
872830970ffffff,Energy,22.817
872830970ffffff,Financial,31.029
872830970ffffff,Health,419.237
872830970ffffff,Hospitality,356.642
872830970ffffff,Information,16.826
872830970ffffff,Manufacturing,72.079
872830970ffffff,Professional Service,67.633
872830970ffffff,Public Administration,19.151
872830970ffffff,Real Estate,49.952
872830970ffffff,Retail,324.238
872830970ffffff,Transportation,314.049
872830970ffffff,Wholesale,79.703
872830971ffffff,Art/Culture,20.16
872830971ffffff,Business Support,23.554
872830971ffffff,Construction,30.11
872830971ffffff,Education,181.981
872830971ffffff,Energy,9.695
872830971ffffff,Financial,7.69
872830971ffffff,Health,441.087
872830971ffffff,Hospitality,85.555
872830971ffffff,Information,1.986
872830971ffffff,Manufacturing,35.914
872830971ffffff,Professional Service,18.929
872830971ffffff,Public Administration,6.806
872830971ffffff,Real Estate,11.238
872830971ffffff,Retail,168.429
872830971ffffff,Transportation,124.884
872830971ffffff,Wholesale,26.859
872830972ffffff,Art/Culture,65.888
872830972ffffff,Business Support,91.338
872830972ffffff,Construction,70.019
872830972ffffff,Corporate,2.297
872830972ffffff,Education,260.037
872830972ffffff,Energy,29.066
872830972ffffff,Financial,27.085
872830972ffffff,Health,550.069
872830972ffffff,Hospitality,196.602
872830972ffffff,Information,17.051
872830972ffffff,Manufacturing,51.915
872830972ffffff,Professional Service,44.052
872830972ffffff,Public Administration,47.964
872830972ffffff,Real Estate,18.048
872830972ffffff,Retail,210.589
872830972ffffff,Transportation,331.013
872830972ffffff,Wholesale,89.73
872830973ffffff,Art/Culture,85.822
872830973ffffff,Business Support,26.277
872830973ffffff,Construction,213.071
872830973ffffff,Corporate,0.958
872830973ffffff,Education,67.976
872830973ffffff,Energy,41.011
872830973ffffff,Financial,16.892
872830973ffffff,Health,141.72
872830973ffffff,Hospitality,326.252
872830973ffffff,Information,9.756
872830973ffffff,Manufacturing,76.481
872830973ffffff,Professional Service,31.338
872830973ffffff,Public Administration,72.704
872830973ffffff,Real Estate,23.8
872830973ffffff,Retail,343.927
872830973ffffff,Transportation,478.627
872830973ffffff,Wholesale,132.871
872830974ffffff,Art/Culture,29.636
872830974ffffff,Business Support,5.718
872830974ffffff,Construction,0.635
872830974ffffff,Corporate,2.392
872830974ffffff,Education,36.625
872830974ffffff,Energy,4.298
872830974ffffff,Financial,2.392
872830974ffffff,Health,72.428
872830974ffffff,Hospitality,68.28
872830974ffffff,Information,1.271
872830974ffffff,Manufacturing,24.33
872830974ffffff,Professional Service,7.176
872830974ffffff,Public Administration,2.392
872830974ffffff,Real Estate,6.391
872830974ffffff,Retail,48.285
872830974ffffff,Transportation,53.405
872830974ffffff,Wholesale,36.438
872830975ffffff,Art/Culture,1.121
872830975ffffff,Business Support,0.01
872830975ffffff,Construction,0.213
872830975ffffff,Corporate,0.106
872830975ffffff,Education,1.17
872830975ffffff,Energy,0.116
872830975ffffff,Financial,0.106
872830975ffffff,Health,2.098
872830975ffffff,Hospitality,1.895
872830975ffffff,Manufacturing,0.542
872830975ffffff,Professional Service,0.358
872830975ffffff,Public Administration,0.106
872830975ffffff,Real Estate,0.483
872830975ffffff,Retail,2.04
872830975ffffff,Transportation,2.543
872830975ffffff,Wholesale,0.783
872830976ffffff,Art/Culture,12.631
872830976ffffff,Business Support,65.939
872830976ffffff,Construction,11.458
872830976ffffff,Corporate,1.732
872830976ffffff,Education,208.972
872830976ffffff,Energy,6.426
872830976ffffff,Financial,17.752
872830976ffffff,Health,448.591
872830976ffffff,Hospitality,31.134
872830976ffffff,Information,11.338
872830976ffffff,Manufacturing,27.106
872830976ffffff,Professional Service,27.69
872830976ffffff,Public Administration,11.137
872830976ffffff,Real Estate,10.209
872830976ffffff,Retail,62.829
872830976ffffff,Transportation,80.629
872830976ffffff,Wholesale,24.074
872830980ffffff,Art/Culture,36.565
872830980ffffff,Business Support,107.32
872830980ffffff,Construction,148.858
872830980ffffff,Corporate,2.779
872830980ffffff,Education,147.608
872830980ffffff,Energy,4.302
872830980ffffff,Financial,63.215
872830980ffffff,Health,292.03
872830980ffffff,Hospitality,131.27
872830980ffffff,Information,28.206
872830980ffffff,Manufacturing,126.552
872830980ffffff,Professional Service,115.356
872830980ffffff,Public Administration,47.128
872830980ffffff,Real Estate,54.099
872830980ffffff,Retail,131.594
872830980ffffff,Transportation,170.393
872830980ffffff,Wholesale,57.744
872830982ffffff,Art/Culture,2.281
872830982ffffff,Business Support,12.927
872830982ffffff,Construction,5.703
872830982ffffff,Corporate,0.38
872830982ffffff,Education,30.416
872830982ffffff,Energy,0.19
872830982ffffff,Financial,6.463
872830982ffffff,Health,58.931
872830982ffffff,Hospitality,11.786
872830982ffffff,Information,3.422
872830982ffffff,Manufacturing,6.844
872830982ffffff,Professional Service,12.166
872830982ffffff,Public Administration,7.604
872830982ffffff,Real Estate,4.943
872830982ffffff,Retail,7.604
872830982ffffff,Transportation,9.695
872830982ffffff,Wholesale,3.612
872830986ffffff,Art/Culture,42.416
872830986ffffff,Business Support,170.816
872830986ffffff,Construction,133.742
872830986ffffff,Corporate,5.525
872830986ffffff,Education,576.85
872830986ffffff,Energy,11.068
872830986ffffff,Financial,80.786
872830986ffffff,Health,1155.745
872830986ffffff,Hospitality,211.619
872830986ffffff,Information,47.098
872830986ffffff,Manufacturing,500.395
872830986ffffff,Professional Service,126.713
872830986ffffff,Public Administration,136.433
872830986ffffff,Real Estate,54.495
872830986ffffff,Retail,225.818
872830986ffffff,Transportation,252.481
872830986ffffff,Wholesale,91.409
872830988ffffff,Art/Culture,0.001
872830988ffffff,Business Support,0.002
872830988ffffff,Construction,1.592
872830988ffffff,Corporate,0.0
872830988ffffff,Education,1.644
872830988ffffff,Energy,0.0
872830988ffffff,Financial,0.001
872830988ffffff,Health,4.107
872830988ffffff,Hospitality,0.769
872830988ffffff,Information,0.001
872830988ffffff,Manufacturing,0.564
872830988ffffff,Professional Service,0.166
872830988ffffff,Public Administration,0.221
872830988ffffff,Real Estate,0.001
872830988ffffff,Retail,0.221
872830988ffffff,Transportation,0.44
872830988ffffff,Wholesale,0.22
872830989ffffff,Art/Culture,0.917
872830989ffffff,Business Support,0.806
872830989ffffff,Construction,4.191
872830989ffffff,Corporate,0.134
872830989ffffff,Education,14.094
872830989ffffff,Financial,0.457
872830989ffffff,Health,16.549
872830989ffffff,Hospitality,1.918
872830989ffffff,Information,0.016
872830989ffffff,Manufacturing,0.169
872830989ffffff,Professional Service,0.709
872830989ffffff,Public Administration,0.058
872830989ffffff,Real Estate,0.536
872830989ffffff,Retail,1.413
872830989ffffff,Transportation,0.918
872830989ffffff,Wholesale,0.013
87283098affffff,Construction,19.131
87283098affffff,Education,19.65
87283098affffff,Health,49.144
87283098affffff,Hospitality,9.174
87283098affffff,Manufacturing,6.565
87283098affffff,Professional Service,1.965
87283098affffff,Public Administration,2.62
87283098affffff,Retail,2.623
87283098affffff,Transportation,5.24
87283098affffff,Wholesale,2.62
87283098bffffff,Art/Culture,31.44
87283098bffffff,Business Support,92.792
87283098bffffff,Construction,559.938
87283098bffffff,Corporate,0.756
87283098bffffff,Education,274.303
87283098bffffff,Energy,8.661
87283098bffffff,Financial,11.266
87283098bffffff,Health,450.667
87283098bffffff,Hospitality,297.895
87283098bffffff,Information,6.551
87283098bffffff,Manufacturing,57.055
87283098bffffff,Professional Service,29.534
87283098bffffff,Public Administration,24.633
87283098bffffff,Real Estate,9.36
87283098bffffff,Retail,63.394
87283098bffffff,Transportation,58.059
87283098bffffff,Wholesale,14.853
87283098cffffff,Art/Culture,22.698
87283098cffffff,Business Support,43.155
87283098cffffff,Construction,117.416
87283098cffffff,Corporate,1.681
87283098cffffff,Education,54.364
87283098cffffff,Energy,9.248
87283098cffffff,Financial,20.737
87283098cffffff,Health,71.738
87283098cffffff,Hospitality,65.013
87283098cffffff,Information,13.731
87283098cffffff,Manufacturing,361.775
87283098cffffff,Professional Service,49.881
87283098cffffff,Public Administration,41.474
87283098cffffff,Real Estate,27.462
87283098cffffff,Retail,37.27
87283098cffffff,Transportation,45.677
87283098cffffff,Wholesale,20.176
87283098dffffff,Art/Culture,22.049
87283098dffffff,Business Support,11.336
87283098dffffff,Construction,15.76
87283098dffffff,Corporate,0.704
87283098dffffff,Education,25.05
87283098dffffff,Energy,1.164
87283098dffffff,Financial,4.086
87283098dffffff,Health,38.555
87283098dffffff,Hospitality,56.901
87283098dffffff,Information,4.189
87283098dffffff,Manufacturing,46.02
87283098dffffff,Professional Service,14.151
87283098dffffff,Public Administration,8.664
87283098dffffff,Real Estate,7.393
87283098dffffff,Retail,15.025
87283098dffffff,Transportation,33.799
87283098dffffff,Wholesale,11.397
872830991ffffff,Art/Culture,0.443
872830991ffffff,Business Support,0.14
872830991ffffff,Construction,1.608
872830991ffffff,Education,1.025
872830991ffffff,Energy,0.047
872830991ffffff,Financial,0.023
872830991ffffff,Health,1.864
872830991ffffff,Hospitality,0.699
872830991ffffff,Manufacturing,0.117
872830991ffffff,Professional Service,0.14
872830991ffffff,Public Administration,0.07
872830991ffffff,Real Estate,0.047
872830991ffffff,Retail,0.14
872830991ffffff,Transportation,0.21
872830991ffffff,Wholesale,0.07
872830995ffffff,Art/Culture,0.385
872830995ffffff,Business Support,0.121
872830995ffffff,Construction,1.397
872830995ffffff,Education,0.891
872830995ffffff,Energy,0.04
872830995ffffff,Financial,0.02
872830995ffffff,Health,1.62
872830995ffffff,Hospitality,0.607
872830995ffffff,Manufacturing,0.101
872830995ffffff,Professional Service,0.121
872830995ffffff,Public Administration,0.061
872830995ffffff,Real Estate,0.04
872830995ffffff,Retail,0.121
872830995ffffff,Transportation,0.182
872830995ffffff,Wholesale,0.061
872830998ffffff,Art/Culture,0.253
872830998ffffff,Business Support,0.08
872830998ffffff,Construction,0.917
872830998ffffff,Education,0.585
872830998ffffff,Energy,0.027
872830998ffffff,Financial,0.013
872830998ffffff,Health,1.063
872830998ffffff,Hospitality,0.399
872830998ffffff,Manufacturing,0.066
872830998ffffff,Professional Service,0.08
872830998ffffff,Public Administration,0.04
872830998ffffff,Real Estate,0.027
872830998ffffff,Retail,0.08
872830998ffffff,Transportation,0.12
872830998ffffff,Wholesale,0.04
87283099effffff,Art/Culture,45.288
87283099effffff,Business Support,25.428
87283099effffff,Construction,93.409
87283099effffff,Corporate,1.459
87283099effffff,Education,95.424
87283099effffff,Energy,9.431
87283099effffff,Financial,18.794
87283099effffff,Health,164.501
87283099effffff,Hospitality,91.869
87283099effffff,Information,6.855
87283099effffff,Manufacturing,13.314
87283099effffff,Professional Service,42.522
87283099effffff,Public Administration,26.836
87283099effffff,Real Estate,15.51
87283099effffff,Retail,38.069
87283099effffff,Transportation,28.642
87283099effffff,Wholesale,10.644
8728309a2ffffff,Art/Culture,1.026
8728309a2ffffff,Business Support,8.722
8728309a2ffffff,Construction,20.181
8728309a2ffffff,Corporate,0.171
8728309a2ffffff,Education,5.131
8728309a2ffffff,Energy,0.684
8728309a2ffffff,Financial,7.183
8728309a2ffffff,Health,11.972
8728309a2ffffff,Hospitality,2.565
8728309a2ffffff,Information,1.881
8728309a2ffffff,Manufacturing,11.288
8728309a2ffffff,Professional Service,11.801
8728309a2ffffff,Public Administration,2.907
8728309a2ffffff,Real Estate,7.525
8728309a2ffffff,Retail,12.998
8728309a2ffffff,Transportation,22.233
8728309a2ffffff,Wholesale,6.67
8728309abffffff,Art/Culture,66.451
8728309abffffff,Business Support,107.488
8728309abffffff,Construction,283.156
8728309abffffff,Corporate,4.349
8728309abffffff,Education,142.045
8728309abffffff,Energy,22.253
8728309abffffff,Financial,50.811
8728309abffffff,Health,190.83
8728309abffffff,Hospitality,186.475
8728309abffffff,Information,34.559
8728309abffffff,Manufacturing,870.879
8728309abffffff,Professional Service,124.886
8728309abffffff,Public Administration,101.926
8728309abffffff,Real Estate,68.512
8728309abffffff,Retail,96.057
8728309abffffff,Transportation,127.206
8728309abffffff,Wholesale,54.012
8728309b0ffffff,Art/Culture,2.512
8728309b0ffffff,Business Support,30.907
8728309b0ffffff,Construction,13.613
8728309b0ffffff,Corporate,0.899
8728309b0ffffff,Education,36.133
8728309b0ffffff,Energy,0.426
8728309b0ffffff,Financial,4.895
8728309b0ffffff,Health,87.465
8728309b0ffffff,Hospitality,10.608
8728309b0ffffff,Information,0.714
8728309b0ffffff,Manufacturing,18.829
8728309b0ffffff,Professional Service,7.648
8728309b0ffffff,Public Administration,9.214
8728309b0ffffff,Real Estate,3.754
8728309b0ffffff,Retail,13.595
8728309b0ffffff,Transportation,5.912
8728309b0ffffff,Wholesale,18.899
8728309b1ffffff,Art/Culture,21.918
8728309b1ffffff,Business Support,15.153
8728309b1ffffff,Construction,36.651
8728309b1ffffff,Corporate,0.006
8728309b1ffffff,Education,33.475
8728309b1ffffff,Energy,9.168
8728309b1ffffff,Financial,9.63
8728309b1ffffff,Health,88.512
8728309b1ffffff,Hospitality,121.202
8728309b1ffffff,Information,6.892
8728309b1ffffff,Manufacturing,26.947
8728309b1ffffff,Professional Service,23.056
8728309b1ffffff,Public Administration,11.781
8728309b1ffffff,Real Estate,8.178
8728309b1ffffff,Retail,69.301
8728309b1ffffff,Transportation,81.784
8728309b1ffffff,Wholesale,43.963
8728309b2ffffff,Art/Culture,0.024
8728309b2ffffff,Business Support,0.333
8728309b2ffffff,Construction,0.111
8728309b2ffffff,Corporate,0.008
8728309b2ffffff,Education,0.317
8728309b2ffffff,Financial,0.048
8728309b2ffffff,Health,0.626
8728309b2ffffff,Hospitality,0.048
8728309b2ffffff,Information,0.008
8728309b2ffffff,Manufacturing,0.143
8728309b2ffffff,Professional Service,0.071
8728309b2ffffff,Public Administration,0.079
8728309b2ffffff,Real Estate,0.04
8728309b2ffffff,Retail,0.024
8728309b2ffffff,Wholesale,0.19
8728309b3ffffff,Art/Culture,27.794
8728309b3ffffff,Business Support,20.062
8728309b3ffffff,Construction,46.16
8728309b3ffffff,Corporate,0.138
8728309b3ffffff,Education,64.979
8728309b3ffffff,Energy,12.161
8728309b3ffffff,Financial,13.296
8728309b3ffffff,Health,178.234
8728309b3ffffff,Hospitality,153.0
8728309b3ffffff,Information,7.501
8728309b3ffffff,Manufacturing,59.859
8728309b3ffffff,Professional Service,29.055
8728309b3ffffff,Public Administration,25.442
8728309b3ffffff,Real Estate,9.761
8728309b3ffffff,Retail,106.602
8728309b3ffffff,Transportation,110.873
8728309b3ffffff,Wholesale,54.897
8728309b5ffffff,Art/Culture,1.021
8728309b5ffffff,Business Support,15.84
8728309b5ffffff,Construction,43.606
8728309b5ffffff,Corporate,0.314
8728309b5ffffff,Education,3.143
8728309b5ffffff,Energy,3.284
8728309b5ffffff,Financial,6.238
8728309b5ffffff,Health,9.287
8728309b5ffffff,Hospitality,5.971
8728309b5ffffff,Information,3.709
8728309b5ffffff,Manufacturing,65.967
8728309b5ffffff,Professional Service,14.111
8728309b5ffffff,Public Administration,1.901
8728309b5ffffff,Real Estate,6.003
8728309b5ffffff,Retail,14.488
8728309b5ffffff,Transportation,26.101
8728309b5ffffff,Wholesale,10.434
8728309b6ffffff,Art/Culture,19.877
8728309b6ffffff,Business Support,88.713
8728309b6ffffff,Construction,206.002
8728309b6ffffff,Corporate,3.093
8728309b6ffffff,Education,99.18
8728309b6ffffff,Energy,19.364
8728309b6ffffff,Financial,26.194
8728309b6ffffff,Health,271.121
8728309b6ffffff,Hospitality,150.106
8728309b6ffffff,Information,10.169
8728309b6ffffff,Manufacturing,125.275
8728309b6ffffff,Professional Service,47.447
8728309b6ffffff,Public Administration,56.787
8728309b6ffffff,Real Estate,14.266
8728309b6ffffff,Retail,88.611
8728309b6ffffff,Transportation,108.236
8728309b6ffffff,Wholesale,59.922
872830a19ffffff,Art/Culture,0.25
872830a19ffffff,Business Support,1.265
872830a19ffffff,Construction,4.501
872830a19ffffff,Corporate,0.042
872830a19ffffff,Education,2.962
872830a19ffffff,Energy,0.028
872830a19ffffff,Financial,0.343
872830a19ffffff,Health,3.048
872830a19ffffff,Hospitality,0.271
872830a19ffffff,Information,0.078
872830a19ffffff,Manufacturing,1.039
872830a19ffffff,Professional Service,1.232
872830a19ffffff,Public Administration,0.148
872830a19ffffff,Real Estate,0.257
872830a19ffffff,Retail,0.487
872830a19ffffff,Transportation,0.078
872830a19ffffff,Wholesale,0.028
872830a1effffff,Art/Culture,0.799
872830a1effffff,Business Support,0.533
872830a1effffff,Construction,1.902
872830a1effffff,Education,6.923
872830a1effffff,Energy,0.076
872830a1effffff,Financial,0.304
872830a1effffff,Health,6.086
872830a1effffff,Hospitality,0.114
872830a1effffff,Information,0.152
872830a1effffff,Manufacturing,1.065
872830a1effffff,Professional Service,0.685
872830a1effffff,Public Administration,0.304
872830a1effffff,Real Estate,0.875
872830a1effffff,Retail,3.652
872830a1effffff,Transportation,0.494
872830a1effffff,Wholesale,0.266
872830a88ffffff,Art/Culture,105.785
872830a88ffffff,Business Support,247.679
872830a88ffffff,Construction,484.763
872830a88ffffff,Corporate,4.545
872830a88ffffff,Education,266.57
872830a88ffffff,Energy,112.678
872830a88ffffff,Financial,148.899
872830a88ffffff,Health,492.438
872830a88ffffff,Hospitality,301.072
872830a88ffffff,Information,69.529
872830a88ffffff,Manufacturing,1704.215
872830a88ffffff,Professional Service,281.876
872830a88ffffff,Public Administration,127.359
872830a88ffffff,Real Estate,107.549
872830a88ffffff,Retail,506.878
872830a88ffffff,Transportation,304.156
872830a88ffffff,Wholesale,184.977
872830a8dffffff,Art/Culture,8.387
872830a8dffffff,Business Support,15.527
872830a8dffffff,Construction,44.188
872830a8dffffff,Corporate,2.419
872830a8dffffff,Education,53.463
872830a8dffffff,Energy,3.102
872830a8dffffff,Financial,6.757
872830a8dffffff,Health,62.06
872830a8dffffff,Hospitality,21.754
872830a8dffffff,Information,4.897
872830a8dffffff,Manufacturing,15.666
872830a8dffffff,Professional Service,26.051
872830a8dffffff,Public Administration,10.439
872830a8dffffff,Real Estate,5.152
872830a8dffffff,Retail,32.166
872830a8dffffff,Transportation,7.512
872830a8dffffff,Wholesale,7.033
872830aa0ffffff,Art/Culture,77.56
872830aa0ffffff,Business Support,88.809
872830aa0ffffff,Construction,165.136
872830aa0ffffff,Corporate,7.357
872830aa0ffffff,Education,75.051
872830aa0ffffff,Energy,11.983
872830aa0ffffff,Financial,48.662
872830aa0ffffff,Health,126.145
872830aa0ffffff,Hospitality,152.924
872830aa0ffffff,Information,33.631
872830aa0ffffff,Manufacturing,34.576
872830aa0ffffff,Professional Service,83.871
872830aa0ffffff,Public Administration,155.969
872830aa0ffffff,Real Estate,40.042
872830aa0ffffff,Retail,245.106
872830aa0ffffff,Transportation,142.941
872830aa0ffffff,Wholesale,83.667
872830aa1ffffff,Art/Culture,41.587
872830aa1ffffff,Business Support,38.564
872830aa1ffffff,Construction,88.176
872830aa1ffffff,Corporate,2.258
872830aa1ffffff,Education,175.915
872830aa1ffffff,Energy,5.09
872830aa1ffffff,Financial,21.262
872830aa1ffffff,Health,170.061
872830aa1ffffff,Hospitality,47.719
872830aa1ffffff,Information,13.567
872830aa1ffffff,Manufacturing,34.447
872830aa1ffffff,Professional Service,40.162
872830aa1ffffff,Public Administration,53.33
872830aa1ffffff,Real Estate,31.772
872830aa1ffffff,Retail,153.074
872830aa1ffffff,Transportation,53.069
872830aa1ffffff,Wholesale,29.896
872830aa3ffffff,Art/Culture,2.818
872830aa3ffffff,Business Support,6.536
872830aa3ffffff,Construction,11.163
872830aa3ffffff,Corporate,0.152
872830aa3ffffff,Education,5.974
872830aa3ffffff,Energy,2.714
872830aa3ffffff,Financial,3.928
872830aa3ffffff,Health,10.34
872830aa3ffffff,Hospitality,5.424
872830aa3ffffff,Information,1.899
872830aa3ffffff,Manufacturing,40.123
872830aa3ffffff,Professional Service,7.379
872830aa3ffffff,Public Administration,4.53
872830aa3ffffff,Real Estate,2.802
872830aa3ffffff,Retail,13.519
872830aa3ffffff,Transportation,8.056
872830aa3ffffff,Wholesale,5.141
872830aa4ffffff,Art/Culture,12.978
872830aa4ffffff,Business Support,36.156
872830aa4ffffff,Construction,162.362
872830aa4ffffff,Corporate,0.116
872830aa4ffffff,Education,101.523
872830aa4ffffff,Energy,14.916
872830aa4ffffff,Financial,24.504
872830aa4ffffff,Health,213.415
872830aa4ffffff,Hospitality,78.114
872830aa4ffffff,Information,20.132
872830aa4ffffff,Manufacturing,6.03
872830aa4ffffff,Professional Service,61.853
872830aa4ffffff,Public Administration,50.143
872830aa4ffffff,Real Estate,14.301
872830aa4ffffff,Retail,176.518
872830aa4ffffff,Transportation,76.349
872830aa4ffffff,Wholesale,61.03
872830aa5ffffff,Art/Culture,3.442
872830aa5ffffff,Business Support,4.662
872830aa5ffffff,Construction,10.367
872830aa5ffffff,Corporate,0.2
872830aa5ffffff,Education,16.288
872830aa5ffffff,Energy,2.571
872830aa5ffffff,Financial,3.302
872830aa5ffffff,Health,26.778
872830aa5ffffff,Hospitality,7.562
872830aa5ffffff,Information,2.073
872830aa5ffffff,Manufacturing,2.33
872830aa5ffffff,Professional Service,7.156
872830aa5ffffff,Public Administration,7.996
872830aa5ffffff,Real Estate,2.804
872830aa5ffffff,Retail,22.468
872830aa5ffffff,Transportation,9.227
872830aa5ffffff,Wholesale,4.624
872830aaeffffff,Art/Culture,2.102
872830aaeffffff,Business Support,1.401
872830aaeffffff,Construction,5.005
872830aaeffffff,Education,18.217
872830aaeffffff,Energy,0.2
872830aaeffffff,Financial,0.801
872830aaeffffff,Health,16.015
872830aaeffffff,Hospitality,0.3
872830aaeffffff,Information,0.4
872830aaeffffff,Manufacturing,2.803
872830aaeffffff,Professional Service,1.802
872830aaeffffff,Public Administration,0.801
872830aaeffffff,Real Estate,2.302
872830aaeffffff,Retail,9.609
872830aaeffffff,Transportation,1.301
872830aaeffffff,Wholesale,0.701
872830ad0ffffff,Art/Culture,63.971
872830ad0ffffff,Business Support,69.134
872830ad0ffffff,Construction,233.265
872830ad0ffffff,Corporate,1.439
872830ad0ffffff,Education,175.503
872830ad0ffffff,Energy,28.842
872830ad0ffffff,Financial,38.742
872830ad0ffffff,Health,259.005
872830ad0ffffff,Hospitality,132.19
872830ad0ffffff,Information,25.514
872830ad0ffffff,Manufacturing,226.024
872830ad0ffffff,Professional Service,74.609
872830ad0ffffff,Public Administration,113.663
872830ad0ffffff,Real Estate,25.796
872830ad0ffffff,Retail,251.522
872830ad0ffffff,Transportation,122.354
872830ad0ffffff,Wholesale,98.865
872830ad1ffffff,Art/Culture,7.523
872830ad1ffffff,Business Support,11.873
872830ad1ffffff,Construction,24.861
872830ad1ffffff,Corporate,0.12
872830ad1ffffff,Education,24.023
872830ad1ffffff,Energy,5.219
872830ad1ffffff,Financial,6.407
872830ad1ffffff,Health,29.938
872830ad1ffffff,Hospitality,16.386
872830ad1ffffff,Information,3.19
872830ad1ffffff,Manufacturing,28.358
872830ad1ffffff,Professional Service,13.094
872830ad1ffffff,Public Administration,12.226
872830ad1ffffff,Real Estate,4.446
872830ad1ffffff,Retail,38.464
872830ad1ffffff,Transportation,19.141
872830ad1ffffff,Wholesale,15.758
872830ad2ffffff,Art/Culture,33.735
872830ad2ffffff,Business Support,43.975
872830ad2ffffff,Construction,113.947
872830ad2ffffff,Corporate,1.344
872830ad2ffffff,Education,153.115
872830ad2ffffff,Energy,31.719
872830ad2ffffff,Financial,29.146
872830ad2ffffff,Health,295.531
872830ad2ffffff,Hospitality,116.224
872830ad2ffffff,Information,18.332
872830ad2ffffff,Manufacturing,185.985
872830ad2ffffff,Professional Service,56.66
872830ad2ffffff,Public Administration,52.462
872830ad2ffffff,Real Estate,23.745
872830ad2ffffff,Retail,164.526
872830ad2ffffff,Transportation,168.609
872830ad2ffffff,Wholesale,60.936
872830ad3ffffff,Art/Culture,47.107
872830ad3ffffff,Business Support,76.748
872830ad3ffffff,Construction,199.227
872830ad3ffffff,Corporate,3.56
872830ad3ffffff,Education,236.627
872830ad3ffffff,Energy,23.821
872830ad3ffffff,Financial,45.701
872830ad3ffffff,Health,421.242
872830ad3ffffff,Hospitality,84.913
872830ad3ffffff,Information,28.746
872830ad3ffffff,Manufacturing,310.518
872830ad3ffffff,Professional Service,85.527
872830ad3ffffff,Public Administration,28.706
872830ad3ffffff,Real Estate,36.069
872830ad3ffffff,Retail,122.253
872830ad3ffffff,Transportation,69.954
872830ad3ffffff,Wholesale,36.039
872830ad4ffffff,Art/Culture,55.65
872830ad4ffffff,Business Support,80.625
872830ad4ffffff,Construction,101.197
872830ad4ffffff,Corporate,0.343
872830ad4ffffff,Education,91.241
872830ad4ffffff,Energy,16.346
872830ad4ffffff,Financial,41.719
872830ad4ffffff,Health,186.246
872830ad4ffffff,Hospitality,186.899
872830ad4ffffff,Information,30.535
872830ad4ffffff,Manufacturing,141.804
872830ad4ffffff,Professional Service,81.975
872830ad4ffffff,Public Administration,52.005
872830ad4ffffff,Real Estate,32.56
872830ad4ffffff,Retail,181.607
872830ad4ffffff,Transportation,59.816
872830ad4ffffff,Wholesale,67.326
872830ad6ffffff,Art/Culture,89.224
872830ad6ffffff,Business Support,126.342
872830ad6ffffff,Construction,208.644
872830ad6ffffff,Corporate,0.003
872830ad6ffffff,Education,223.85
872830ad6ffffff,Energy,32.986
872830ad6ffffff,Financial,66.375
872830ad6ffffff,Health,441.456
872830ad6ffffff,Hospitality,318.001
872830ad6ffffff,Information,49.157
872830ad6ffffff,Manufacturing,229.427
872830ad6ffffff,Professional Service,130.116
872830ad6ffffff,Public Administration,93.943
872830ad6ffffff,Real Estate,53.636
872830ad6ffffff,Retail,309.493
872830ad6ffffff,Transportation,137.208
872830ad6ffffff,Wholesale,119.458
872830adaffffff,Art/Culture,45.816
872830adaffffff,Business Support,142.657
872830adaffffff,Construction,195.531
872830adaffffff,Corporate,2.32
872830adaffffff,Education,113.509
872830adaffffff,Energy,23.706
872830adaffffff,Financial,57.171
872830adaffffff,Health,219.541
872830adaffffff,Hospitality,152.138
872830adaffffff,Information,46.182
872830adaffffff,Manufacturing,304.69
872830adaffffff,Professional Service,167.641
872830adaffffff,Public Administration,41.415
872830adaffffff,Real Estate,62.628
872830adaffffff,Retail,179.59
872830adaffffff,Transportation,87.987
872830adaffffff,Wholesale,52.336
872830b14ffffff,Art/Culture,27.685
872830b14ffffff,Business Support,29.148
872830b14ffffff,Construction,32.049
872830b14ffffff,Corporate,2.223
872830b14ffffff,Education,12.329
872830b14ffffff,Energy,3.149
872830b14ffffff,Financial,24.318
872830b14ffffff,Health,15.751
872830b14ffffff,Hospitality,65.318
872830b14ffffff,Information,14.617
872830b14ffffff,Manufacturing,10.678
872830b14ffffff,Professional Service,49.061
872830b14ffffff,Public Administration,10.005
872830b14ffffff,Real Estate,16.627
872830b14ffffff,Retail,29.781
872830b14ffffff,Transportation,16.556
872830b14ffffff,Wholesale,5.964
872830b81ffffff,Art/Culture,0.651
872830b81ffffff,Business Support,1.789
872830b81ffffff,Construction,2.819
872830b81ffffff,Corporate,0.036
872830b81ffffff,Education,11.368
872830b81ffffff,Energy,0.361
872830b81ffffff,Financial,0.723
872830b81ffffff,Health,17.351
872830b81ffffff,Hospitality,2.53
872830b81ffffff,Information,0.868
872830b81ffffff,Manufacturing,0.398
872830b81ffffff,Professional Service,1.518
872830b81ffffff,Public Administration,0.994
872830b81ffffff,Real Estate,0.922
872830b81ffffff,Retail,3.705
872830b81ffffff,Transportation,2.422
872830b81ffffff,Wholesale,0.687
872830b82ffffff,Art/Culture,63.02
872830b82ffffff,Business Support,224.633
872830b82ffffff,Construction,489.853
872830b82ffffff,Corporate,14.547
872830b82ffffff,Education,417.403
872830b82ffffff,Energy,19.849
872830b82ffffff,Financial,181.818
872830b82ffffff,Health,696.473
872830b82ffffff,Hospitality,218.815
872830b82ffffff,Information,102.686
872830b82ffffff,Manufacturing,153.077
872830b82ffffff,Professional Service,362.736
872830b82ffffff,Public Administration,265.695
872830b82ffffff,Real Estate,159.007
872830b82ffffff,Retail,241.414
872830b82ffffff,Transportation,172.498
872830b82ffffff,Wholesale,103.133
872830b84ffffff,Art/Culture,24.75
872830b84ffffff,Business Support,44.293
872830b84ffffff,Construction,77.231
872830b84ffffff,Corporate,1.072
872830b84ffffff,Education,220.408
872830b84ffffff,Energy,8.75
872830b84ffffff,Financial,29.972
872830b84ffffff,Health,330.324
872830b84ffffff,Hospitality,125.269
872830b84ffffff,Information,33.45
872830b84ffffff,Manufacturing,10.131
872830b84ffffff,Professional Service,63.507
872830b84ffffff,Public Administration,101.302
872830b84ffffff,Real Estate,30.675
872830b84ffffff,Retail,73.093
872830b84ffffff,Transportation,51.262
872830b84ffffff,Wholesale,22.7
872830b85ffffff,Art/Culture,34.572
872830b85ffffff,Business Support,84.785
872830b85ffffff,Construction,145.997
872830b85ffffff,Corporate,1.926
872830b85ffffff,Education,521.003
872830b85ffffff,Energy,17.515
872830b85ffffff,Financial,36.498
872830b85ffffff,Health,803.07
872830b85ffffff,Hospitality,126.718
872830b85ffffff,Information,43.482
872830b85ffffff,Manufacturing,25.552
872830b85ffffff,Professional Service,81.694
872830b85ffffff,Public Administration,62.382
872830b85ffffff,Real Estate,44.972
872830b85ffffff,Retail,182.076
872830b85ffffff,Transportation,122.277
872830b85ffffff,Wholesale,33.896
872830b86ffffff,Art/Culture,10.1
872830b86ffffff,Business Support,39.679
872830b86ffffff,Construction,35.711
872830b86ffffff,Corporate,0.721
872830b86ffffff,Education,49.779
872830b86ffffff,Energy,0.361
872830b86ffffff,Financial,19.118
872830b86ffffff,Health,76.832
872830b86ffffff,Hospitality,42.564
872830b86ffffff,Information,11.543
872830b86ffffff,Manufacturing,8.296
872830b86ffffff,Professional Service,51.943
872830b86ffffff,Public Administration,184.686
872830b86ffffff,Real Estate,20.921
872830b86ffffff,Retail,22.004
872830b86ffffff,Transportation,22.004
872830b86ffffff,Wholesale,5.411
872830b88ffffff,Art/Culture,19.816
872830b88ffffff,Business Support,46.98
872830b88ffffff,Construction,51.349
872830b88ffffff,Corporate,0.004
872830b88ffffff,Education,96.378
872830b88ffffff,Energy,13.227
872830b88ffffff,Financial,26.92
872830b88ffffff,Health,146.112
872830b88ffffff,Hospitality,83.591
872830b88ffffff,Information,32.146
872830b88ffffff,Manufacturing,100.934
872830b88ffffff,Professional Service,76.607
872830b88ffffff,Public Administration,24.833
872830b88ffffff,Real Estate,19.278
872830b88ffffff,Retail,135.126
872830b88ffffff,Transportation,57.788
872830b88ffffff,Wholesale,30.848
872830b98ffffff,Art/Culture,11.171
872830b98ffffff,Business Support,46.556
872830b98ffffff,Construction,27.137
872830b98ffffff,Education,38.727
872830b98ffffff,Energy,6.229
872830b98ffffff,Financial,26.558
872830b98ffffff,Health,75.05
872830b98ffffff,Hospitality,35.237
872830b98ffffff,Information,26.442
872830b98ffffff,Manufacturing,162.451
872830b98ffffff,Professional Service,61.263
872830b98ffffff,Public Administration,21.814
872830b98ffffff,Real Estate,8.544
872830b98ffffff,Retail,93.256
872830b98ffffff,Transportation,36.182
872830b98ffffff,Wholesale,22.204
872830b9cffffff,Art/Culture,20.392
872830b9cffffff,Business Support,88.107
872830b9cffffff,Construction,135.914
872830b9cffffff,Corporate,4.108
872830b9cffffff,Education,122.608
872830b9cffffff,Energy,9.526
872830b9cffffff,Financial,68.168
872830b9cffffff,Health,207.555
872830b9cffffff,Hospitality,65.416
872830b9cffffff,Information,40.256
872830b9cffffff,Manufacturing,210.878
872830b9cffffff,Professional Service,127.644
872830b9cffffff,Public Administration,49.726
872830b9cffffff,Real Estate,41.976
872830b9cffffff,Retail,112.492
872830b9cffffff,Transportation,64.679
872830b9cffffff,Wholesale,38.687
872830ba0ffffff,Art/Culture,5.98
872830ba0ffffff,Business Support,10.327
872830ba0ffffff,Construction,5.25
872830ba0ffffff,Corporate,0.073
872830ba0ffffff,Education,32.035
872830ba0ffffff,Financial,2.715
872830ba0ffffff,Health,31.592
872830ba0ffffff,Hospitality,11.116
872830ba0ffffff,Information,2.6
872830ba0ffffff,Manufacturing,1.832
872830ba0ffffff,Professional Service,8.056
872830ba0ffffff,Public Administration,3.67
872830ba0ffffff,Real Estate,0.988
872830ba0ffffff,Retail,14.334
872830ba0ffffff,Transportation,0.848
872830ba0ffffff,Wholesale,1.674
872830ba2ffffff,Art/Culture,135.329
872830ba2ffffff,Business Support,268.147
872830ba2ffffff,Construction,258.87
872830ba2ffffff,Corporate,2.006
872830ba2ffffff,Education,329.292
872830ba2ffffff,Energy,21.907
872830ba2ffffff,Financial,134.771
872830ba2ffffff,Health,502.099
872830ba2ffffff,Hospitality,214.488
872830ba2ffffff,Information,99.978
872830ba2ffffff,Manufacturing,162.272
872830ba2ffffff,Professional Service,322.981
872830ba2ffffff,Public Administration,212.964
872830ba2ffffff,Real Estate,127.614
872830ba2ffffff,Retail,250.705
872830ba2ffffff,Transportation,115.31
872830ba2ffffff,Wholesale,71.958
872830ba3ffffff,Art/Culture,25.807
872830ba3ffffff,Business Support,34.529
872830ba3ffffff,Construction,51.503
872830ba3ffffff,Education,61.56
872830ba3ffffff,Energy,3.941
872830ba3ffffff,Financial,17.914
872830ba3ffffff,Health,96.059
872830ba3ffffff,Hospitality,44.349
872830ba3ffffff,Information,19.171
872830ba3ffffff,Manufacturing,53.886
872830ba3ffffff,Professional Service,53.654
872830ba3ffffff,Public Administration,65.269
872830ba3ffffff,Real Estate,16.867
872830ba3ffffff,Retail,56.476
872830ba3ffffff,Transportation,35.801
872830ba3ffffff,Wholesale,11.915
872830ba4ffffff,Art/Culture,19.897
872830ba4ffffff,Business Support,7.662
872830ba4ffffff,Construction,16.662
872830ba4ffffff,Education,79.376
872830ba4ffffff,Financial,4.207
872830ba4ffffff,Health,107.759
872830ba4ffffff,Hospitality,35.642
872830ba4ffffff,Information,3.29
872830ba4ffffff,Manufacturing,23.883
872830ba4ffffff,Professional Service,15.369
872830ba4ffffff,Public Administration,27.146
872830ba4ffffff,Real Estate,6.443
872830ba4ffffff,Retail,12.382
872830ba4ffffff,Transportation,1.86
872830ba4ffffff,Wholesale,0.513
872830ba6ffffff,Art/Culture,30.272
872830ba6ffffff,Business Support,67.839
872830ba6ffffff,Construction,69.343
872830ba6ffffff,Corporate,2.965
872830ba6ffffff,Education,752.361
872830ba6ffffff,Energy,5.0
872830ba6ffffff,Financial,39.657
872830ba6ffffff,Health,1180.781
872830ba6ffffff,Hospitality,60.316
872830ba6ffffff,Information,31.358
872830ba6ffffff,Manufacturing,48.419
872830ba6ffffff,Professional Service,121.079
872830ba6ffffff,Public Administration,41.604
872830ba6ffffff,Real Estate,61.547
872830ba6ffffff,Retail,55.629
872830ba6ffffff,Transportation,33.841
872830ba6ffffff,Wholesale,12.7
872830baeffffff,Art/Culture,0.032
872830baeffffff,Business Support,0.008
872830baeffffff,Construction,0.059
872830baeffffff,Education,0.025
872830baeffffff,Energy,0.007
872830baeffffff,Financial,0.005
872830baeffffff,Health,0.059
872830baeffffff,Hospitality,0.051
872830baeffffff,Information,0.02
872830baeffffff,Manufacturing,0.051
872830baeffffff,Professional Service,0.051
872830baeffffff,Public Administration,0.03
872830baeffffff,Real Estate,0.008
872830baeffffff,Retail,0.08
872830baeffffff,Transportation,0.068
872830baeffffff,Wholesale,0.012
872830bb1ffffff,Art/Culture,1.168
872830bb1ffffff,Business Support,5.438
872830bb1ffffff,Construction,12.675
872830bb1ffffff,Corporate,0.056
872830bb1ffffff,Education,1.908
872830bb1ffffff,Energy,1.001
872830bb1ffffff,Financial,1.707
872830bb1ffffff,Health,4.217
872830bb1ffffff,Hospitality,3.801
872830bb1ffffff,Information,1.271
872830bb1ffffff,Manufacturing,4.638
872830bb1ffffff,Professional Service,3.439
872830bb1ffffff,Public Administration,2.503
872830bb1ffffff,Real Estate,3.369
872830bb1ffffff,Retail,10.119
872830bb1ffffff,Transportation,5.874
872830bb1ffffff,Wholesale,2.573
872830bb2ffffff,Art/Culture,2.197
872830bb2ffffff,Business Support,8.63
872830bb2ffffff,Construction,7.767
872830bb2ffffff,Corporate,0.157
872830bb2ffffff,Education,10.827
872830bb2ffffff,Energy,0.078
872830bb2ffffff,Financial,4.158
872830bb2ffffff,Health,16.711
872830bb2ffffff,Hospitality,9.258
872830bb2ffffff,Information,2.511
872830bb2ffffff,Manufacturing,1.805
872830bb2ffffff,Professional Service,11.298
872830bb2ffffff,Public Administration,40.17
872830bb2ffffff,Real Estate,4.551
872830bb2ffffff,Retail,4.786
872830bb2ffffff,Transportation,4.786
872830bb2ffffff,Wholesale,1.177
872830bb5ffffff,Art/Culture,91.853
872830bb5ffffff,Business Support,351.529
872830bb5ffffff,Construction,1000.631
872830bb5ffffff,Corporate,5.028
872830bb5ffffff,Education,151.125
872830bb5ffffff,Energy,85.226
872830bb5ffffff,Financial,119.399
872830bb5ffffff,Health,300.52
872830bb5ffffff,Hospitality,281.981
872830bb5ffffff,Information,102.864
872830bb5ffffff,Manufacturing,344.894
872830bb5ffffff,Professional Service,275.336
872830bb5ffffff,Public Administration,191.833
872830bb5ffffff,Real Estate,161.438
872830bb5ffffff,Retail,850.441
872830bb5ffffff,Transportation,500.205
872830bb5ffffff,Wholesale,219.039
872830c00ffffff,Art/Culture,16.014
872830c00ffffff,Business Support,2.343
872830c00ffffff,Construction,11.54
872830c00ffffff,Education,16.863
872830c00ffffff,Energy,2.999
872830c00ffffff,Financial,2.906
872830c00ffffff,Health,36.538
872830c00ffffff,Hospitality,50.081
872830c00ffffff,Information,1.515
872830c00ffffff,Manufacturing,2.947
872830c00ffffff,Professional Service,4.992
872830c00ffffff,Public Administration,1.632
872830c00ffffff,Real Estate,0.273
872830c00ffffff,Retail,13.747
872830c00ffffff,Transportation,10.872
872830c00ffffff,Wholesale,6.225
872830c10ffffff,Art/Culture,0.011
872830c10ffffff,Construction,0.441
872830c10ffffff,Education,0.256
872830c10ffffff,Energy,0.43
872830c10ffffff,Health,1.954
872830c10ffffff,Hospitality,2.45
872830c10ffffff,Professional Service,0.019
872830c10ffffff,Retail,0.43
872830c12ffffff,Art/Culture,1.113
872830c12ffffff,Business Support,0.033
872830c12ffffff,Construction,0.005
872830c12ffffff,Education,2.412
872830c12ffffff,Energy,0.005
872830c12ffffff,Financial,0.921
872830c12ffffff,Health,1.408
872830c12ffffff,Hospitality,0.722
872830c12ffffff,Manufacturing,0.0
872830c12ffffff,Professional Service,0.0
872830c12ffffff,Public Administration,0.0
872830c12ffffff,Retail,2.539
872830c12ffffff,Transportation,1.046
872830c12ffffff,Wholesale,0.033
872830c13ffffff,Art/Culture,0.449
872830c13ffffff,Construction,0.449
872830c13ffffff,Education,0.793
872830c13ffffff,Health,5.279
872830c13ffffff,Hospitality,3.051
872830c13ffffff,Manufacturing,0.449
872830c13ffffff,Professional Service,0.449
872830c13ffffff,Public Administration,0.449
872830c13ffffff,Retail,0.449
872830c13ffffff,Transportation,0.449
872830c18ffffff,Business Support,2.025
872830c18ffffff,Education,0.181
872830c18ffffff,Health,0.818
872830c18ffffff,Hospitality,0.196
872830c18ffffff,Professional Service,0.025
872830c18ffffff,Public Administration,0.058
872830c18ffffff,Retail,0.065
872830c1affffff,Business Support,2.228
872830c1affffff,Construction,0.323
872830c1affffff,Education,3.066
872830c1affffff,Energy,0.564
872830c1affffff,Health,13.992
872830c1affffff,Hospitality,2.653
872830c1affffff,Information,0.564
872830c1affffff,Professional Service,0.001
872830c1affffff,Public Administration,0.883
872830c1affffff,Retail,2.672
872830c1affffff,Transportation,0.411
872830c1affffff,Wholesale,0.081
872830c1bffffff,Business Support,0.392
872830c1bffffff,Construction,0.539
872830c1bffffff,Education,0.478
872830c1bffffff,Health,3.747
872830c1bffffff,Hospitality,1.304
872830c1bffffff,Manufacturing,0.427
872830c1bffffff,Professional Service,0.013
872830c1bffffff,Public Administration,0.058
872830c1bffffff,Retail,1.844
872830c1bffffff,Transportation,0.539
872830c1bffffff,Wholesale,0.275
872830c1effffff,Art/Culture,0.126
872830c1effffff,Business Support,0.695
872830c1effffff,Construction,0.126
872830c1effffff,Education,0.866
872830c1effffff,Health,2.145
872830c1effffff,Hospitality,1.622
872830c1effffff,Manufacturing,0.126
872830c1effffff,Professional Service,0.127
872830c1effffff,Public Administration,0.127
872830c1effffff,Retail,0.794
872830c1effffff,Transportation,0.128
872830c1effffff,Wholesale,0.002
872830c29ffffff,Art/Culture,11.775
872830c29ffffff,Business Support,6.693
872830c29ffffff,Construction,54.314
872830c29ffffff,Corporate,0.409
872830c29ffffff,Education,34.983
872830c29ffffff,Energy,3.057
872830c29ffffff,Financial,5.199
872830c29ffffff,Health,80.628
872830c29ffffff,Hospitality,35.121
872830c29ffffff,Information,0.903
872830c29ffffff,Manufacturing,4.053
872830c29ffffff,Professional Service,13.71
872830c29ffffff,Public Administration,12.588
872830c29ffffff,Real Estate,6.582
872830c29ffffff,Retail,11.918
872830c29ffffff,Transportation,12.313
872830c29ffffff,Wholesale,3.833
872830c40ffffff,Art/Culture,8.344
872830c40ffffff,Business Support,9.734
872830c40ffffff,Construction,11.588
872830c40ffffff,Education,21.322
872830c40ffffff,Health,56.087
872830c40ffffff,Hospitality,37.082
872830c40ffffff,Information,0.464
872830c40ffffff,Manufacturing,4.172
872830c40ffffff,Professional Service,9.271
872830c40ffffff,Public Administration,8.344
872830c40ffffff,Real Estate,11.588
872830c40ffffff,Retail,13.906
872830c40ffffff,Transportation,5.562
872830c40ffffff,Wholesale,0.464
872830c41ffffff,Art/Culture,40.222
872830c41ffffff,Business Support,132.205
872830c41ffffff,Construction,156.276
872830c41ffffff,Corporate,3.183
872830c41ffffff,Education,74.007
872830c41ffffff,Energy,23.36
872830c41ffffff,Financial,59.55
872830c41ffffff,Health,145.344
872830c41ffffff,Hospitality,149.108
872830c41ffffff,Information,27.995
872830c41ffffff,Manufacturing,50.714
872830c41ffffff,Professional Service,93.889
872830c41ffffff,Public Administration,49.233
872830c41ffffff,Real Estate,49.043
872830c41ffffff,Retail,214.669
872830c41ffffff,Transportation,132.038
872830c41ffffff,Wholesale,59.305
872830c44ffffff,Art/Culture,4.448
872830c44ffffff,Business Support,10.75
872830c44ffffff,Construction,22.051
872830c44ffffff,Education,32.333
872830c44ffffff,Energy,1.29
872830c44ffffff,Financial,4.346
872830c44ffffff,Health,77.929
872830c44ffffff,Hospitality,20.339
872830c44ffffff,Information,2.658
872830c44ffffff,Manufacturing,15.193
872830c44ffffff,Professional Service,6.15
872830c44ffffff,Public Administration,5.367
872830c44ffffff,Real Estate,6.584
872830c44ffffff,Retail,28.634
872830c44ffffff,Transportation,10.272
872830c44ffffff,Wholesale,2.753
872830c45ffffff,Art/Culture,30.652
872830c45ffffff,Business Support,201.002
872830c45ffffff,Construction,377.692
872830c45ffffff,Corporate,0.499
872830c45ffffff,Education,215.642
872830c45ffffff,Energy,61.306
872830c45ffffff,Financial,48.232
872830c45ffffff,Health,548.817
872830c45ffffff,Hospitality,174.467
872830c45ffffff,Information,34.288
872830c45ffffff,Manufacturing,192.675
872830c45ffffff,Professional Service,80.084
872830c45ffffff,Public Administration,60.557
872830c45ffffff,Real Estate,47.524
872830c45ffffff,Retail,307.783
872830c45ffffff,Transportation,220.415
872830c45ffffff,Wholesale,93.788
872830c46ffffff,Art/Culture,25.126
872830c46ffffff,Business Support,29.943
872830c46ffffff,Construction,58.537
872830c46ffffff,Education,60.213
872830c46ffffff,Energy,8.846
872830c46ffffff,Financial,10.609
872830c46ffffff,Health,131.496
872830c46ffffff,Hospitality,170.564
872830c46ffffff,Information,3.083
872830c46ffffff,Manufacturing,27.991
872830c46ffffff,Professional Service,29.937
872830c46ffffff,Public Administration,16.962
872830c46ffffff,Real Estate,17.795
872830c46ffffff,Retail,68.077
872830c46ffffff,Transportation,46.398
872830c46ffffff,Wholesale,12.393
872830c49ffffff,Art/Culture,7.987
872830c49ffffff,Business Support,54.693
872830c49ffffff,Construction,585.582
872830c49ffffff,Corporate,1.229
872830c49ffffff,Education,4.92
872830c49ffffff,Energy,5.545
872830c49ffffff,Financial,30.132
872830c49ffffff,Health,21.51
872830c49ffffff,Hospitality,22.124
872830c49ffffff,Information,11.059
872830c49ffffff,Manufacturing,395.764
872830c49ffffff,Professional Service,33.803
872830c49ffffff,Public Administration,22.733
872830c49ffffff,Real Estate,37.489
872830c49ffffff,Retail,40.008
872830c49ffffff,Transportation,54.094
872830c49ffffff,Wholesale,23.358
872830c4cffffff,Art/Culture,224.528
872830c4cffffff,Business Support,683.305
872830c4cffffff,Construction,837.1
872830c4cffffff,Corporate,17.891
872830c4cffffff,Education,401.321
872830c4cffffff,Energy,131.344
872830c4cffffff,Financial,302.313
872830c4cffffff,Health,710.043
872830c4cffffff,Hospitality,842.254
872830c4cffffff,Information,145.663
872830c4cffffff,Manufacturing,288.324
872830c4cffffff,Professional Service,500.906
872830c4cffffff,Public Administration,257.286
872830c4cffffff,Real Estate,264.444
872830c4cffffff,Retail,1119.049
872830c4cffffff,Transportation,717.738
872830c4cffffff,Wholesale,313.381
872830c4dffffff,Art/Culture,12.049
872830c4dffffff,Business Support,39.849
872830c4dffffff,Construction,174.754
872830c4dffffff,Corporate,4.664
872830c4dffffff,Education,86.588
872830c4dffffff,Energy,24.402
872830c4dffffff,Financial,30.11
872830c4dffffff,Health,139.604
872830c4dffffff,Hospitality,61.565
872830c4dffffff,Information,15.742
872830c4dffffff,Manufacturing,94.647
872830c4dffffff,Professional Service,34.256
872830c4dffffff,Public Administration,79.28
872830c4dffffff,Real Estate,27.13
872830c4dffffff,Retail,166.714
872830c4dffffff,Transportation,110.421
872830c4dffffff,Wholesale,61.992
872830c4effffff,Art/Culture,7.972
872830c4effffff,Business Support,46.429
872830c4effffff,Construction,171.813
872830c4effffff,Corporate,2.174
872830c4effffff,Education,46.412
872830c4effffff,Energy,6.523
872830c4effffff,Financial,16.669
872830c4effffff,Health,59.527
872830c4effffff,Hospitality,26.838
872830c4effffff,Information,5.073
872830c4effffff,Manufacturing,26.436
872830c4effffff,Professional Service,31.9
872830c4effffff,Public Administration,8.703
872830c4effffff,Real Estate,13.77
872830c4effffff,Retail,106.576
872830c4effffff,Transportation,47.172
872830c4effffff,Wholesale,21.748
872830c50ffffff,Art/Culture,4.545
872830c50ffffff,Business Support,11.207
872830c50ffffff,Construction,7.681
872830c50ffffff,Corporate,0.04
872830c50ffffff,Education,23.333
872830c50ffffff,Energy,2.677
872830c50ffffff,Financial,4.711
872830c50ffffff,Health,34.737
872830c50ffffff,Hospitality,34.856
872830c50ffffff,Information,2.317
872830c50ffffff,Manufacturing,8.435
872830c50ffffff,Professional Service,5.397
872830c50ffffff,Public Administration,3.631
872830c50ffffff,Real Estate,4.77
872830c50ffffff,Retail,6.394
872830c50ffffff,Transportation,12.729
872830c50ffffff,Wholesale,6.49
872830c52ffffff,Business Support,0.209
872830c52ffffff,Health,0.293
872830c52ffffff,Retail,0.209
872830c5affffff,Construction,0.169
872830c5affffff,Education,0.169
872830c5affffff,Hospitality,0.508
872830c5affffff,Manufacturing,1.695
872830c5affffff,Retail,0.339
872830c5cffffff,Art/Culture,0.289
872830c5cffffff,Business Support,27.205
872830c5cffffff,Construction,29.551
872830c5cffffff,Corporate,0.096
872830c5cffffff,Education,28.357
872830c5cffffff,Energy,2.593
872830c5cffffff,Financial,10.238
872830c5cffffff,Health,44.251
872830c5cffffff,Hospitality,17.304
872830c5cffffff,Information,2.822
872830c5cffffff,Manufacturing,53.564
872830c5cffffff,Professional Service,22.126
872830c5cffffff,Public Administration,7.514
872830c5cffffff,Real Estate,10.505
872830c5cffffff,Retail,11.279
872830c5cffffff,Transportation,36.811
872830c5cffffff,Wholesale,6.919
872830c5effffff,Art/Culture,0.574
872830c5effffff,Business Support,8.569
872830c5effffff,Construction,2.242
872830c5effffff,Education,10.873
872830c5effffff,Energy,2.102
872830c5effffff,Financial,1.752
872830c5effffff,Health,16.501
872830c5effffff,Hospitality,13.795
872830c5effffff,Information,1.051
872830c5effffff,Manufacturing,5.242
872830c5effffff,Professional Service,3.855
872830c5effffff,Public Administration,2.867
872830c5effffff,Real Estate,3.854
872830c5effffff,Retail,1.106
872830c5effffff,Transportation,11.213
872830c5effffff,Wholesale,4.969
872830c61ffffff,Art/Culture,166.588
872830c61ffffff,Business Support,623.797
872830c61ffffff,Construction,375.638
872830c61ffffff,Corporate,24.268
872830c61ffffff,Education,451.291
872830c61ffffff,Energy,50.516
872830c61ffffff,Financial,376.81
872830c61ffffff,Health,846.217
872830c61ffffff,Hospitality,492.581
872830c61ffffff,Information,159.62
872830c61ffffff,Manufacturing,138.427
872830c61ffffff,Professional Service,991.522
872830c61ffffff,Public Administration,78.351
872830c61ffffff,Real Estate,246.016
872830c61ffffff,Retail,269.144
872830c61ffffff,Transportation,149.023
872830c61ffffff,Wholesale,132.571
872830c63ffffff,Art/Culture,69.945
872830c63ffffff,Business Support,359.103
872830c63ffffff,Construction,194.748
872830c63ffffff,Corporate,14.913
872830c63ffffff,Education,592.736
872830c63ffffff,Energy,30.176
872830c63ffffff,Financial,151.158
872830c63ffffff,Health,1276.094
872830c63ffffff,Hospitality,243.304
872830c63ffffff,Information,81.355
872830c63ffffff,Manufacturing,363.332
872830c63ffffff,Professional Service,349.088
872830c63ffffff,Public Administration,47.976
872830c63ffffff,Real Estate,180.978
872830c63ffffff,Retail,218.467
872830c63ffffff,Transportation,118.899
872830c63ffffff,Wholesale,58.48
872830c64ffffff,Art/Culture,7.763
872830c64ffffff,Business Support,36.853
872830c64ffffff,Construction,100.49
872830c64ffffff,Corporate,1.667
872830c64ffffff,Education,179.044
872830c64ffffff,Energy,2.244
872830c64ffffff,Financial,20.729
872830c64ffffff,Health,313.45
872830c64ffffff,Hospitality,19.29
872830c64ffffff,Information,9.988
872830c64ffffff,Manufacturing,13.073
872830c64ffffff,Professional Service,33.626
872830c64ffffff,Public Administration,7.459
872830c64ffffff,Real Estate,21.79
872830c64ffffff,Retail,16.556
872830c64ffffff,Transportation,11.171
872830c64ffffff,Wholesale,3.43
872830c65ffffff,Art/Culture,421.712
872830c65ffffff,Business Support,1204.475
872830c65ffffff,Construction,582.476
872830c65ffffff,Corporate,35.05
872830c65ffffff,Education,1302.22
872830c65ffffff,Energy,157.682
872830c65ffffff,Financial,680.348
872830c65ffffff,Health,2276.119
872830c65ffffff,Hospitality,1218.361
872830c65ffffff,Information,290.79
872830c65ffffff,Manufacturing,244.928
872830c65ffffff,Professional Service,1179.001
872830c65ffffff,Public Administration,451.575
872830c65ffffff,Real Estate,658.149
872830c65ffffff,Retail,982.543
872830c65ffffff,Transportation,909.867
872830c65ffffff,Wholesale,309.173
872830c66ffffff,Art/Culture,47.391
872830c66ffffff,Business Support,111.438
872830c66ffffff,Construction,132.108
872830c66ffffff,Corporate,7.094
872830c66ffffff,Education,1164.471
872830c66ffffff,Energy,20.688
872830c66ffffff,Financial,66.954
872830c66ffffff,Health,2072.297
872830c66ffffff,Hospitality,156.213
872830c66ffffff,Information,26.308
872830c66ffffff,Manufacturing,97.174
872830c66ffffff,Professional Service,121.01
872830c66ffffff,Public Administration,64.85
872830c66ffffff,Real Estate,60.751
872830c66ffffff,Retail,86.82
872830c66ffffff,Transportation,75.191
872830c66ffffff,Wholesale,43.438
872830c68ffffff,Art/Culture,0.514
872830c68ffffff,Business Support,0.365
872830c68ffffff,Construction,1.893
872830c68ffffff,Education,1.686
872830c68ffffff,Energy,0.617
872830c68ffffff,Health,4.231
872830c68ffffff,Hospitality,1.888
872830c68ffffff,Manufacturing,0.237
872830c68ffffff,Professional Service,0.13
872830c68ffffff,Public Administration,0.707
872830c68ffffff,Retail,2.319
872830c68ffffff,Transportation,2.89
872830c68ffffff,Wholesale,1.105
872830c69ffffff,Art/Culture,4.422
872830c69ffffff,Business Support,3.107
872830c69ffffff,Construction,15.808
872830c69ffffff,Education,14.787
872830c69ffffff,Energy,5.522
872830c69ffffff,Health,36.842
872830c69ffffff,Hospitality,16.012
872830c69ffffff,Manufacturing,1.951
872830c69ffffff,Professional Service,1.055
872830c69ffffff,Public Administration,6.055
872830c69ffffff,Retail,20.773
872830c69ffffff,Transportation,26.08
872830c69ffffff,Wholesale,9.99
872830c6bffffff,Art/Culture,9.497
872830c6bffffff,Business Support,9.889
872830c6bffffff,Construction,60.47
872830c6bffffff,Education,112.582
872830c6bffffff,Energy,3.997
872830c6bffffff,Financial,3.95
872830c6bffffff,Health,224.013
872830c6bffffff,Hospitality,47.023
872830c6bffffff,Information,1.663
872830c6bffffff,Manufacturing,8.642
872830c6bffffff,Professional Service,5.892
872830c6bffffff,Public Administration,53.231
872830c6bffffff,Real Estate,2.703
872830c6bffffff,Retail,14.095
872830c6bffffff,Transportation,9.866
872830c6bffffff,Wholesale,3.142
872830c6cffffff,Art/Culture,17.674
872830c6cffffff,Business Support,10.482
872830c6cffffff,Construction,38.947
872830c6cffffff,Corporate,0.184
872830c6cffffff,Education,19.143
872830c6cffffff,Energy,5.267
872830c6cffffff,Financial,8.117
872830c6cffffff,Health,33.856
872830c6cffffff,Hospitality,43.722
872830c6cffffff,Information,5.642
872830c6cffffff,Manufacturing,4.606
872830c6cffffff,Professional Service,16.293
872830c6cffffff,Public Administration,9.219
872830c6cffffff,Real Estate,5.686
872830c6cffffff,Retail,25.93
872830c6cffffff,Transportation,21.317
872830c6cffffff,Wholesale,12.128
872830c6effffff,Art/Culture,91.349
872830c6effffff,Business Support,328.08
872830c6effffff,Construction,357.752
872830c6effffff,Corporate,10.474
872830c6effffff,Education,268.654
872830c6effffff,Energy,59.033
872830c6effffff,Financial,178.044
872830c6effffff,Health,602.587
872830c6effffff,Hospitality,454.462
872830c6effffff,Information,80.281
872830c6effffff,Manufacturing,131.717
872830c6effffff,Professional Service,382.028
872830c6effffff,Public Administration,74.896
872830c6effffff,Real Estate,163.348
872830c6effffff,Retail,249.378
872830c6effffff,Transportation,268.098
872830c6effffff,Wholesale,90.736
872830c70ffffff,Art/Culture,14.812
872830c70ffffff,Business Support,16.971
872830c70ffffff,Construction,116.197
872830c70ffffff,Education,24.42
872830c70ffffff,Energy,5.242
872830c70ffffff,Financial,6.624
872830c70ffffff,Health,64.95
872830c70ffffff,Hospitality,25.443
872830c70ffffff,Information,0.402
872830c70ffffff,Manufacturing,31.858
872830c70ffffff,Professional Service,12.495
872830c70ffffff,Public Administration,5.941
872830c70ffffff,Real Estate,3.847
872830c70ffffff,Retail,31.758
872830c70ffffff,Transportation,11.033
872830c70ffffff,Wholesale,2.463
872830c72ffffff,Art/Culture,21.641
872830c72ffffff,Business Support,4.009
872830c72ffffff,Construction,23.337
872830c72ffffff,Education,23.487
872830c72ffffff,Energy,4.399
872830c72ffffff,Financial,4.1
872830c72ffffff,Health,51.829
872830c72ffffff,Hospitality,65.751
872830c72ffffff,Information,2.004
872830c72ffffff,Manufacturing,4.598
872830c72ffffff,Professional Service,6.309
872830c72ffffff,Public Administration,2.699
872830c72ffffff,Real Estate,0.568
872830c72ffffff,Retail,19.402
872830c72ffffff,Transportation,15.627
872830c72ffffff,Wholesale,8.39
872830c73ffffff,Art/Culture,33.154
872830c73ffffff,Business Support,56.968
872830c73ffffff,Construction,152.23
872830c73ffffff,Corporate,0.864
872830c73ffffff,Education,100.03
872830c73ffffff,Energy,25.705
872830c73ffffff,Financial,22.561
872830c73ffffff,Health,195.986
872830c73ffffff,Hospitality,212.33
872830c73ffffff,Information,12.155
872830c73ffffff,Manufacturing,27.154
872830c73ffffff,Professional Service,46.665
872830c73ffffff,Public Administration,33.819
872830c73ffffff,Real Estate,24.475
872830c73ffffff,Retail,72.695
872830c73ffffff,Transportation,105.637
872830c73ffffff,Wholesale,26.96
872830c75ffffff,Art/Culture,44.964
872830c75ffffff,Business Support,67.65
872830c75ffffff,Construction,45.932
872830c75ffffff,Corporate,3.587
872830c75ffffff,Education,136.077
872830c75ffffff,Energy,8.056
872830c75ffffff,Financial,37.894
872830c75ffffff,Health,304.675
872830c75ffffff,Hospitality,121.257
872830c75ffffff,Information,14.605
872830c75ffffff,Manufacturing,51.584
872830c75ffffff,Professional Service,87.95
872830c75ffffff,Public Administration,28.551
872830c75ffffff,Real Estate,36.609
872830c75ffffff,Retail,66.172
872830c75ffffff,Transportation,38.01
872830c75ffffff,Wholesale,13.8
872830c84ffffff,Business Support,0.181
872830c84ffffff,Construction,0.693
872830c84ffffff,Education,0.062
872830c84ffffff,Financial,0.544
872830c84ffffff,Health,0.075
872830c84ffffff,Information,0.037
872830c84ffffff,Public Administration,1.516
872830c84ffffff,Real Estate,0.037
872830c84ffffff,Retail,0.363
872830c84ffffff,Transportation,0.681
872830c85ffffff,Business Support,0.005
872830c85ffffff,Construction,0.014
872830c85ffffff,Education,0.722
872830c85ffffff,Financial,0.014
872830c85ffffff,Hospitality,2.164
872830c85ffffff,Public Administration,0.228
872830c85ffffff,Retail,0.009
872830c85ffffff,Transportation,0.736
872830c85ffffff,Wholesale,0.309
872830c8dffffff,Business Support,0.521
872830c8dffffff,Construction,1.564
872830c8dffffff,Energy,0.031
872830c8dffffff,Financial,1.564
872830c8dffffff,Information,0.031
872830c8dffffff,Manufacturing,0.031
872830c8dffffff,Public Administration,0.521
872830c8dffffff,Retail,1.136
872830c8dffffff,Transportation,1.688
872830ca0ffffff,Art/Culture,0.764
872830ca0ffffff,Business Support,0.034
872830ca0ffffff,Construction,3.726
872830ca0ffffff,Education,2.771
872830ca0ffffff,Health,3.262
872830ca0ffffff,Hospitality,6.707
872830ca0ffffff,Information,0.08
872830ca0ffffff,Public Administration,0.869
872830ca0ffffff,Real Estate,0.315
872830ca0ffffff,Retail,1.336
872830ca0ffffff,Transportation,0.795
872830ca0ffffff,Wholesale,0.034
872830ca1ffffff,Art/Culture,1.452
872830ca1ffffff,Business Support,0.662
872830ca1ffffff,Construction,0.716
872830ca1ffffff,Education,0.973
872830ca1ffffff,Financial,0.228
872830ca1ffffff,Health,2.431
872830ca1ffffff,Hospitality,4.027
872830ca1ffffff,Information,0.209
872830ca1ffffff,Public Administration,0.925
872830ca1ffffff,Real Estate,0.716
872830ca1ffffff,Retail,1.907
872830ca1ffffff,Transportation,0.337
872830ca1ffffff,Wholesale,0.662
872830ca5ffffff,Art/Culture,1.467
872830ca5ffffff,Business Support,0.253
872830ca5ffffff,Construction,0.597
872830ca5ffffff,Education,0.119
872830ca5ffffff,Energy,0.334
872830ca5ffffff,Financial,0.06
872830ca5ffffff,Health,1.213
872830ca5ffffff,Hospitality,2.702
872830ca5ffffff,Retail,0.96
872830ca5ffffff,Transportation,0.06
872830ca5ffffff,Wholesale,0.253
872830ca6ffffff,Art/Culture,0.004
872830ca6ffffff,Business Support,0.001
872830ca6ffffff,Construction,2.715
872830ca6ffffff,Education,0.282
872830ca6ffffff,Financial,0.233
872830ca6ffffff,Health,1.623
872830ca6ffffff,Hospitality,1.241
872830ca6ffffff,Information,0.87
872830ca6ffffff,Public Administration,0.286
872830ca6ffffff,Real Estate,0.686
872830ca6ffffff,Retail,0.008
872830ca6ffffff,Transportation,1.728
872830ca6ffffff,Wholesale,0.004
872830ca8ffffff,Art/Culture,0.783
872830ca8ffffff,Business Support,0.39
872830ca8ffffff,Construction,0.415
872830ca8ffffff,Education,0.919
872830ca8ffffff,Health,1.815
872830ca8ffffff,Hospitality,3.2
872830ca8ffffff,Public Administration,0.01
872830ca8ffffff,Retail,0.423
872830ca8ffffff,Transportation,1.615
872830ca9ffffff,Art/Culture,0.06
872830ca9ffffff,Business Support,0.03
872830ca9ffffff,Construction,0.046
872830ca9ffffff,Education,0.023
872830ca9ffffff,Energy,0.354
872830ca9ffffff,Health,0.235
872830ca9ffffff,Hospitality,1.032
872830ca9ffffff,Information,0.354
872830ca9ffffff,Manufacturing,0.165
872830ca9ffffff,Retail,0.738
872830ca9ffffff,Transportation,2.353
872830caaffffff,Business Support,0.087
872830caaffffff,Construction,2.209
872830caaffffff,Education,0.672
872830caaffffff,Financial,0.262
872830caaffffff,Health,3.078
872830caaffffff,Hospitality,2.665
872830caaffffff,Public Administration,0.866
872830caaffffff,Retail,1.732
872830caaffffff,Transportation,0.934
872830caaffffff,Wholesale,0.381
872830cabffffff,Business Support,0.11
872830cabffffff,Construction,3.358
872830cabffffff,Education,0.966
872830cabffffff,Energy,0.056
872830cabffffff,Financial,0.331
872830cabffffff,Health,3.388
872830cabffffff,Information,0.056
872830cabffffff,Manufacturing,0.056
872830cabffffff,Public Administration,1.321
872830cabffffff,Retail,2.811
872830cabffffff,Transportation,1.161
872830cacffffff,Art/Culture,1.453
872830cacffffff,Business Support,0.251
872830cacffffff,Construction,0.426
872830cacffffff,Education,1.715
872830cacffffff,Financial,0.0
872830cacffffff,Health,2.861
872830cacffffff,Hospitality,5.316
872830cacffffff,Information,0.0
872830cacffffff,Manufacturing,0.189
872830cacffffff,Professional Service,0.189
872830cacffffff,Public Administration,0.189
872830cacffffff,Retail,4.263
872830cacffffff,Transportation,1.662
872830cacffffff,Wholesale,0.015
872830cadffffff,Art/Culture,0.923
872830cadffffff,Business Support,1.261
872830cadffffff,Construction,0.579
872830cadffffff,Education,1.153
872830cadffffff,Energy,0.247
872830cadffffff,Health,5.594
872830cadffffff,Hospitality,4.163
872830cadffffff,Information,0.247
872830cadffffff,Manufacturing,0.236
872830cadffffff,Professional Service,0.236
872830cadffffff,Public Administration,0.236
872830cadffffff,Retail,5.413
872830cadffffff,Transportation,2.183
872830cadffffff,Wholesale,0.917
872830caeffffff,Art/Culture,0.007
872830caeffffff,Business Support,0.003
872830caeffffff,Education,0.427
872830caeffffff,Financial,0.558
872830caeffffff,Health,2.256
872830caeffffff,Hospitality,4.381
872830caeffffff,Information,0.558
872830caeffffff,Public Administration,0.558
872830caeffffff,Retail,0.014
872830caeffffff,Transportation,0.983
872830caeffffff,Wholesale,0.309
872830cb1ffffff,Construction,2.491
872830cb1ffffff,Health,0.38
872830cb1ffffff,Hospitality,0.168
872830cb1ffffff,Information,0.19
872830cb1ffffff,Public Administration,0.188
872830cb1ffffff,Real Estate,0.19
872830cb1ffffff,Transportation,0.38
872830cc4ffffff,Business Support,0.129
872830cc4ffffff,Construction,0.129
872830cc4ffffff,Education,0.069
872830cc4ffffff,Health,0.129
872830cc4ffffff,Hospitality,0.009
872830cc4ffffff,Information,0.004
872830ce0ffffff,Business Support,2.852
872830ce0ffffff,Construction,0.907
872830ce0ffffff,Education,7.308
872830ce0ffffff,Health,11.79
872830ce0ffffff,Hospitality,2.332
872830ce0ffffff,Information,2.0
872830ce0ffffff,Manufacturing,1.673
872830ce0ffffff,Public Administration,0.426
872830ce0ffffff,Retail,3.828
872830ce0ffffff,Transportation,5.836
872830ce0ffffff,Wholesale,0.821
872830ce1ffffff,Business Support,1.442
872830ce1ffffff,Construction,0.823
872830ce1ffffff,Education,3.823
872830ce1ffffff,Health,1.218
872830ce1ffffff,Hospitality,3.034
872830ce1ffffff,Manufacturing,1.235
872830ce1ffffff,Public Administration,2.211
872830ce1ffffff,Retail,3.841
872830ce1ffffff,Transportation,1.835
872830ce1ffffff,Wholesale,1.011
872830ce2ffffff,Art/Culture,0.0
872830ce2ffffff,Education,0.009
872830ce2ffffff,Health,0.026
872830ce2ffffff,Manufacturing,0.009
872830ce2ffffff,Retail,0.044
872830ce2ffffff,Transportation,0.079
872830ce2ffffff,Wholesale,0.009
872830ce5ffffff,Business Support,0.775
872830ce5ffffff,Construction,1.107
872830ce5ffffff,Education,3.313
872830ce5ffffff,Health,2.994
872830ce5ffffff,Hospitality,2.519
872830ce5ffffff,Manufacturing,0.512
872830ce5ffffff,Professional Service,0.039
872830ce5ffffff,Public Administration,1.363
872830ce5ffffff,Retail,2.4
872830ce5ffffff,Transportation,0.888
872830ce5ffffff,Wholesale,0.563
872830ce6ffffff,Art/Culture,0.438
872830ce6ffffff,Construction,0.025
872830ce6ffffff,Education,2.526
872830ce6ffffff,Health,6.878
872830ce6ffffff,Hospitality,1.517
872830ce6ffffff,Manufacturing,1.342
872830ce6ffffff,Professional Service,0.001
872830ce6ffffff,Retail,4.164
872830ce6ffffff,Transportation,5.363
872830ce6ffffff,Wholesale,0.596
872830cecffffff,Business Support,0.991
872830cecffffff,Construction,0.991
872830cecffffff,Education,0.608
872830cecffffff,Health,1.12
872830cedffffff,Art/Culture,0.306
872830cedffffff,Business Support,0.152
872830cedffffff,Construction,1.011
872830cedffffff,Education,1.146
872830cedffffff,Health,0.152
872830cedffffff,Hospitality,2.271
872830cedffffff,Manufacturing,5.532
872830cedffffff,Professional Service,0.306
872830cedffffff,Retail,1.412
872830cf4ffffff,Business Support,0.0
872830cf4ffffff,Construction,1.651
872830cf4ffffff,Education,0.551
872830cf4ffffff,Energy,0.096
872830cf4ffffff,Health,4.883
872830cf4ffffff,Hospitality,1.204
872830cf4ffffff,Information,0.096
872830cf4ffffff,Manufacturing,0.633
872830cf4ffffff,Professional Service,0.536
872830cf4ffffff,Retail,3.026
872830cf4ffffff,Transportation,2.283
872830cf4ffffff,Wholesale,0.0
872830cf5ffffff,Art/Culture,0.562
872830cf5ffffff,Business Support,0.725
872830cf5ffffff,Construction,0.022
872830cf5ffffff,Education,0.592
872830cf5ffffff,Health,3.53
872830cf5ffffff,Hospitality,3.052
872830cf5ffffff,Manufacturing,1.164
872830cf5ffffff,Professional Service,0.424
872830cf5ffffff,Retail,3.208
872830cf5ffffff,Transportation,0.446
872830cf5ffffff,Wholesale,0.725
872830cf6ffffff,Business Support,0.002
872830cf6ffffff,Construction,0.257
872830cf6ffffff,Education,0.251
872830cf6ffffff,Energy,0.508
872830cf6ffffff,Financial,0.006
872830cf6ffffff,Health,0.251
872830cf6ffffff,Information,0.508
872830cf6ffffff,Manufacturing,0.508
872830cf6ffffff,Public Administration,0.002
872830cf6ffffff,Retail,1.778
872830cf6ffffff,Transportation,2.036
872830d04ffffff,Art/Culture,42.111
872830d04ffffff,Business Support,101.26
872830d04ffffff,Construction,50.251
872830d04ffffff,Corporate,1.74
872830d04ffffff,Education,69.438
872830d04ffffff,Energy,20.915
872830d04ffffff,Financial,51.351
872830d04ffffff,Health,172.398
872830d04ffffff,Hospitality,163.71
872830d04ffffff,Information,27.855
872830d04ffffff,Manufacturing,111.401
872830d04ffffff,Professional Service,129.977
872830d04ffffff,Public Administration,40.903
872830d04ffffff,Real Estate,37.747
872830d04ffffff,Retail,156.614
872830d04ffffff,Transportation,70.535
872830d04ffffff,Wholesale,45.829
872830d09ffffff,Art/Culture,22.226
872830d09ffffff,Business Support,12.172
872830d09ffffff,Construction,34.897
872830d09ffffff,Corporate,2.319
872830d09ffffff,Education,92.004
872830d09ffffff,Energy,4.63
872830d09ffffff,Financial,14.647
872830d09ffffff,Health,174.03
872830d09ffffff,Hospitality,90.987
872830d09ffffff,Information,7.578
872830d09ffffff,Manufacturing,24.582
872830d09ffffff,Professional Service,32.495
872830d09ffffff,Public Administration,12.528
872830d09ffffff,Real Estate,11.749
872830d09ffffff,Retail,81.272
872830d09ffffff,Transportation,11.393
872830d09ffffff,Wholesale,16.103
872830d0cffffff,Art/Culture,18.407
872830d0cffffff,Business Support,0.487
872830d0cffffff,Construction,4.473
872830d0cffffff,Corporate,0.084
872830d0cffffff,Education,26.478
872830d0cffffff,Energy,1.037
872830d0cffffff,Financial,1.186
872830d0cffffff,Health,77.173
872830d0cffffff,Hospitality,36.888
872830d0cffffff,Information,0.942
872830d0cffffff,Manufacturing,2.216
872830d0cffffff,Professional Service,7.724
872830d0cffffff,Public Administration,1.816
872830d0cffffff,Real Estate,1.741
872830d0cffffff,Retail,7.455
872830d0cffffff,Transportation,2.35
872830d0cffffff,Wholesale,1.101
872830d0dffffff,Art/Culture,7.626
872830d0dffffff,Business Support,0.968
872830d0dffffff,Construction,26.821
872830d0dffffff,Education,61.062
872830d0dffffff,Energy,4.066
872830d0dffffff,Financial,1.855
872830d0dffffff,Health,88.155
872830d0dffffff,Hospitality,39.87
872830d0dffffff,Information,1.342
872830d0dffffff,Manufacturing,14.276
872830d0dffffff,Professional Service,9.623
872830d0dffffff,Public Administration,4.438
872830d0dffffff,Real Estate,1.934
872830d0dffffff,Retail,10.677
872830d0dffffff,Transportation,26.904
872830d0dffffff,Wholesale,12.416
872830d21ffffff,Art/Culture,126.816
872830d21ffffff,Business Support,307.88
872830d21ffffff,Construction,249.899
872830d21ffffff,Corporate,22.627
872830d21ffffff,Education,272.221
872830d21ffffff,Energy,77.716
872830d21ffffff,Financial,193.417
872830d21ffffff,Health,546.634
872830d21ffffff,Hospitality,390.717
872830d21ffffff,Information,126.201
872830d21ffffff,Manufacturing,204.449
872830d21ffffff,Professional Service,473.71
872830d21ffffff,Public Administration,80.605
872830d21ffffff,Real Estate,149.779
872830d21ffffff,Retail,347.257
872830d21ffffff,Transportation,335.396
872830d21ffffff,Wholesale,156.765
872830d22ffffff,Art/Culture,28.345
872830d22ffffff,Business Support,34.583
872830d22ffffff,Construction,36.068
872830d22ffffff,Corporate,0.451
872830d22ffffff,Education,34.103
872830d22ffffff,Energy,13.995
872830d22ffffff,Financial,19.511
872830d22ffffff,Health,95.157
872830d22ffffff,Hospitality,76.386
872830d22ffffff,Information,9.549
872830d22ffffff,Manufacturing,31.185
872830d22ffffff,Professional Service,46.657
872830d22ffffff,Public Administration,12.707
872830d22ffffff,Real Estate,16.589
872830d22ffffff,Retail,92.705
872830d22ffffff,Transportation,55.388
872830d22ffffff,Wholesale,23.222
872830d25ffffff,Art/Culture,25.883
872830d25ffffff,Business Support,99.308
872830d25ffffff,Construction,295.878
872830d25ffffff,Corporate,3.983
872830d25ffffff,Education,191.97
872830d25ffffff,Energy,23.73
872830d25ffffff,Financial,49.871
872830d25ffffff,Health,309.245
872830d25ffffff,Hospitality,80.829
872830d25ffffff,Information,31.402
872830d25ffffff,Manufacturing,219.93
872830d25ffffff,Professional Service,187.615
872830d25ffffff,Public Administration,57.176
872830d25ffffff,Real Estate,73.945
872830d25ffffff,Retail,139.674
872830d25ffffff,Transportation,90.741
872830d25ffffff,Wholesale,69.357
872830d26ffffff,Art/Culture,12.617
872830d26ffffff,Business Support,38.154
872830d26ffffff,Construction,115.714
872830d26ffffff,Corporate,2.298
872830d26ffffff,Education,41.344
872830d26ffffff,Energy,12.656
872830d26ffffff,Financial,20.845
872830d26ffffff,Health,95.576
872830d26ffffff,Hospitality,47.333
872830d26ffffff,Information,14.977
872830d26ffffff,Manufacturing,29.171
872830d26ffffff,Professional Service,52.041
872830d26ffffff,Public Administration,12.998
872830d26ffffff,Real Estate,22.86
872830d26ffffff,Retail,40.303
872830d26ffffff,Transportation,47.015
872830d26ffffff,Wholesale,26.086
872830d28ffffff,Art/Culture,14.957
872830d28ffffff,Business Support,52.448
872830d28ffffff,Construction,21.69
872830d28ffffff,Corporate,1.474
872830d28ffffff,Education,33.012
872830d28ffffff,Energy,4.692
872830d28ffffff,Financial,27.147
872830d28ffffff,Health,78.954
872830d28ffffff,Hospitality,38.121
872830d28ffffff,Information,9.607
872830d28ffffff,Manufacturing,127.469
872830d28ffffff,Professional Service,45.336
872830d28ffffff,Public Administration,78.404
872830d28ffffff,Real Estate,20.691
872830d28ffffff,Retail,36.031
872830d28ffffff,Transportation,26.274
872830d28ffffff,Wholesale,12.546
872830d2bffffff,Art/Culture,0.72
872830d2bffffff,Business Support,4.306
872830d2bffffff,Construction,41.16
872830d2bffffff,Education,76.314
872830d2bffffff,Energy,2.374
872830d2bffffff,Financial,2.387
872830d2bffffff,Health,68.47
872830d2bffffff,Hospitality,2.877
872830d2bffffff,Information,4.365
872830d2bffffff,Manufacturing,8.284
872830d2bffffff,Professional Service,17.847
872830d2bffffff,Public Administration,0.999
872830d2bffffff,Real Estate,2.94
872830d2bffffff,Retail,8.558
872830d2bffffff,Transportation,10.439
872830d2bffffff,Wholesale,13.122
872830d2cffffff,Art/Culture,89.624
872830d2cffffff,Business Support,302.201
872830d2cffffff,Construction,169.363
872830d2cffffff,Corporate,13.488
872830d2cffffff,Education,182.592
872830d2cffffff,Energy,47.831
872830d2cffffff,Financial,173.077
872830d2cffffff,Health,378.469
872830d2cffffff,Hospitality,292.57
872830d2cffffff,Information,92.73
872830d2cffffff,Manufacturing,410.638
872830d2cffffff,Professional Service,362.924
872830d2cffffff,Public Administration,220.507
872830d2cffffff,Real Estate,132.223
872830d2cffffff,Retail,267.683
872830d2cffffff,Transportation,199.402
872830d2cffffff,Wholesale,100.633
872830d2dffffff,Art/Culture,6.561
872830d2dffffff,Business Support,5.306
872830d2dffffff,Construction,3.774
872830d2dffffff,Corporate,0.077
872830d2dffffff,Education,15.793
872830d2dffffff,Energy,1.108
872830d2dffffff,Financial,2.705
872830d2dffffff,Health,25.277
872830d2dffffff,Hospitality,29.256
872830d2dffffff,Information,2.561
872830d2dffffff,Manufacturing,7.699
872830d2dffffff,Professional Service,8.421
872830d2dffffff,Public Administration,6.164
872830d2dffffff,Real Estate,2.554
872830d2dffffff,Retail,6.055
872830d2dffffff,Transportation,6.437
872830d2dffffff,Wholesale,1.756
872830d31ffffff,Art/Culture,6.784
872830d31ffffff,Business Support,18.199
872830d31ffffff,Construction,7.903
872830d31ffffff,Corporate,0.295
872830d31ffffff,Education,13.558
872830d31ffffff,Energy,4.198
872830d31ffffff,Financial,10.178
872830d31ffffff,Health,25.675
872830d31ffffff,Hospitality,29.266
872830d31ffffff,Information,4.48
872830d31ffffff,Manufacturing,21.128
872830d31ffffff,Professional Service,21.977
872830d31ffffff,Public Administration,7.03
872830d31ffffff,Real Estate,6.712
872830d31ffffff,Retail,24.812
872830d31ffffff,Transportation,11.368
872830d31ffffff,Wholesale,7.841
872830d34ffffff,Art/Culture,32.803
872830d34ffffff,Business Support,25.779
872830d34ffffff,Construction,63.747
872830d34ffffff,Education,118.85
872830d34ffffff,Energy,26.679
872830d34ffffff,Financial,8.572
872830d34ffffff,Health,209.265
872830d34ffffff,Hospitality,83.365
872830d34ffffff,Information,7.829
872830d34ffffff,Manufacturing,79.709
872830d34ffffff,Professional Service,47.202
872830d34ffffff,Public Administration,43.032
872830d34ffffff,Real Estate,13.995
872830d34ffffff,Retail,45.75
872830d34ffffff,Transportation,33.562
872830d34ffffff,Wholesale,15.027
872830d36ffffff,Art/Culture,2.691
872830d36ffffff,Business Support,0.015
872830d36ffffff,Construction,2.745
872830d36ffffff,Education,2.629
872830d36ffffff,Energy,0.482
872830d36ffffff,Financial,0.015
872830d36ffffff,Health,2.465
872830d36ffffff,Hospitality,7.181
872830d36ffffff,Manufacturing,1.147
872830d36ffffff,Professional Service,0.524
872830d36ffffff,Public Administration,0.828
872830d36ffffff,Real Estate,0.524
872830d36ffffff,Retail,5.27
872830d36ffffff,Transportation,1.274
872830d36ffffff,Wholesale,1.599
872830d40ffffff,Art/Culture,179.835
872830d40ffffff,Business Support,169.933
872830d40ffffff,Construction,291.199
872830d40ffffff,Corporate,8.726
872830d40ffffff,Education,306.584
872830d40ffffff,Energy,49.468
872830d40ffffff,Financial,134.684
872830d40ffffff,Health,624.012
872830d40ffffff,Hospitality,449.948
872830d40ffffff,Information,58.514
872830d40ffffff,Manufacturing,111.599
872830d40ffffff,Professional Service,274.351
872830d40ffffff,Public Administration,214.016
872830d40ffffff,Real Estate,103.439
872830d40ffffff,Retail,212.439
872830d40ffffff,Transportation,164.182
872830d40ffffff,Wholesale,76.496
872830d41ffffff,Art/Culture,17.244
872830d41ffffff,Business Support,46.695
872830d41ffffff,Construction,53.191
872830d41ffffff,Corporate,2.545
872830d41ffffff,Education,49.172
872830d41ffffff,Energy,15.083
872830d41ffffff,Financial,27.539
872830d41ffffff,Health,102.053
872830d41ffffff,Hospitality,49.906
872830d41ffffff,Information,12.341
872830d41ffffff,Manufacturing,18.999
872830d41ffffff,Professional Service,52.979
872830d41ffffff,Public Administration,21.496
872830d41ffffff,Real Estate,22.503
872830d41ffffff,Retail,31.718
872830d41ffffff,Transportation,23.421
872830d41ffffff,Wholesale,9.187
872830d43ffffff,Art/Culture,12.327
872830d43ffffff,Business Support,14.341
872830d43ffffff,Construction,33.769
872830d43ffffff,Corporate,0.508
872830d43ffffff,Education,61.234
872830d43ffffff,Energy,2.642
872830d43ffffff,Financial,8.486
872830d43ffffff,Health,111.812
872830d43ffffff,Hospitality,28.404
872830d43ffffff,Information,4.467
872830d43ffffff,Manufacturing,29.356
872830d43ffffff,Professional Service,19.278
872830d43ffffff,Public Administration,17.154
872830d43ffffff,Real Estate,8.867
872830d43ffffff,Retail,25.518
872830d43ffffff,Transportation,8.25
872830d43ffffff,Wholesale,5.912
872830d46ffffff,Art/Culture,31.806
872830d46ffffff,Business Support,130.211
872830d46ffffff,Construction,133.203
872830d46ffffff,Corporate,4.162
872830d46ffffff,Education,146.634
872830d46ffffff,Energy,21.929
872830d46ffffff,Financial,43.502
872830d46ffffff,Health,273.709
872830d46ffffff,Hospitality,108.892
872830d46ffffff,Information,43.576
872830d46ffffff,Manufacturing,70.329
872830d46ffffff,Professional Service,143.243
872830d46ffffff,Public Administration,68.976
872830d46ffffff,Real Estate,55.249
872830d46ffffff,Retail,125.97
872830d46ffffff,Transportation,100.726
872830d46ffffff,Wholesale,66.19
872830d48ffffff,Art/Culture,1.465
872830d48ffffff,Business Support,13.179
872830d48ffffff,Construction,17.313
872830d48ffffff,Corporate,0.383
872830d48ffffff,Education,23.071
872830d48ffffff,Energy,2.684
872830d48ffffff,Financial,4.193
872830d48ffffff,Health,38.995
872830d48ffffff,Hospitality,5.101
872830d48ffffff,Information,2.404
872830d48ffffff,Manufacturing,3.556
872830d48ffffff,Professional Service,13.495
872830d48ffffff,Public Administration,11.024
872830d48ffffff,Real Estate,3.81
872830d48ffffff,Retail,3.81
872830d48ffffff,Transportation,2.556
872830d48ffffff,Wholesale,0.895
872830d49ffffff,Art/Culture,2.264
872830d49ffffff,Business Support,13.119
872830d49ffffff,Construction,20.114
872830d49ffffff,Corporate,0.008
872830d49ffffff,Education,67.204
872830d49ffffff,Energy,0.85
872830d49ffffff,Financial,1.929
872830d49ffffff,Health,118.71
872830d49ffffff,Hospitality,2.828
872830d49ffffff,Information,0.431
872830d49ffffff,Manufacturing,1.401
872830d49ffffff,Professional Service,6.72
872830d49ffffff,Public Administration,7.88
872830d49ffffff,Real Estate,2.078
872830d49ffffff,Retail,6.125
872830d49ffffff,Transportation,0.91
872830d49ffffff,Wholesale,0.038
872830d4dffffff,Art/Culture,23.536
872830d4dffffff,Business Support,0.293
872830d4dffffff,Construction,26.601
872830d4dffffff,Corporate,0.728
872830d4dffffff,Education,204.274
872830d4dffffff,Energy,1.528
872830d4dffffff,Financial,2.979
872830d4dffffff,Health,228.478
872830d4dffffff,Hospitality,44.203
872830d4dffffff,Information,3.625
872830d4dffffff,Manufacturing,16.465
872830d4dffffff,Professional Service,6.15
872830d4dffffff,Public Administration,0.768
872830d4dffffff,Real Estate,1.54
872830d4dffffff,Retail,5.111
872830d4dffffff,Transportation,7.196
872830d4dffffff,Wholesale,3.589
872830d4effffff,Art/Culture,54.355
872830d4effffff,Business Support,113.712
872830d4effffff,Construction,94.144
872830d4effffff,Corporate,3.071
872830d4effffff,Education,402.335
872830d4effffff,Energy,43.428
872830d4effffff,Financial,56.033
872830d4effffff,Health,701.594
872830d4effffff,Hospitality,144.132
872830d4effffff,Information,24.378
872830d4effffff,Manufacturing,46.001
872830d4effffff,Professional Service,105.546
872830d4effffff,Public Administration,34.241
872830d4effffff,Real Estate,48.355
872830d4effffff,Retail,161.714
872830d4effffff,Transportation,204.666
872830d4effffff,Wholesale,79.067
872830d51ffffff,Art/Culture,10.139
872830d51ffffff,Business Support,3.685
872830d51ffffff,Construction,5.667
872830d51ffffff,Corporate,0.434
872830d51ffffff,Education,7.823
872830d51ffffff,Energy,0.063
872830d51ffffff,Financial,2.837
872830d51ffffff,Health,16.742
872830d51ffffff,Hospitality,19.406
872830d51ffffff,Information,1.451
872830d51ffffff,Manufacturing,4.364
872830d51ffffff,Professional Service,5.897
872830d51ffffff,Public Administration,3.007
872830d51ffffff,Real Estate,1.662
872830d51ffffff,Retail,3.791
872830d51ffffff,Transportation,1.991
872830d51ffffff,Wholesale,1.906
872830d54ffffff,Art/Culture,17.655
872830d54ffffff,Business Support,22.171
872830d54ffffff,Construction,130.136
872830d54ffffff,Corporate,0.774
872830d54ffffff,Education,184.48
872830d54ffffff,Energy,7.132
872830d54ffffff,Financial,52.949
872830d54ffffff,Health,359.184
872830d54ffffff,Hospitality,72.719
872830d54ffffff,Information,16.743
872830d54ffffff,Manufacturing,32.749
872830d54ffffff,Professional Service,65.254
872830d54ffffff,Public Administration,33.624
872830d54ffffff,Real Estate,21.076
872830d54ffffff,Retail,62.488
872830d54ffffff,Transportation,21.755
872830d54ffffff,Wholesale,24.867
872830d59ffffff,Art/Culture,10.981
872830d59ffffff,Business Support,1.246
872830d59ffffff,Construction,47.631
872830d59ffffff,Corporate,0.299
872830d59ffffff,Education,20.41
872830d59ffffff,Energy,0.989
872830d59ffffff,Financial,2.989
872830d59ffffff,Health,44.503
872830d59ffffff,Hospitality,16.364
872830d59ffffff,Information,1.108
872830d59ffffff,Manufacturing,9.945
872830d59ffffff,Professional Service,6.083
872830d59ffffff,Public Administration,4.655
872830d59ffffff,Real Estate,4.025
872830d59ffffff,Retail,8.113
872830d59ffffff,Transportation,1.89
872830d59ffffff,Wholesale,1.306
872830d5effffff,Art/Culture,34.067
872830d5effffff,Business Support,11.355
872830d5effffff,Construction,55.001
872830d5effffff,Corporate,2.713
872830d5effffff,Education,47.579
872830d5effffff,Energy,0.106
872830d5effffff,Financial,8.203
872830d5effffff,Health,119.83
872830d5effffff,Hospitality,53.728
872830d5effffff,Information,5.249
872830d5effffff,Manufacturing,15.416
872830d5effffff,Professional Service,25.141
872830d5effffff,Public Administration,6.686
872830d5effffff,Real Estate,15.417
872830d5effffff,Retail,9.165
872830d5effffff,Transportation,1.679
872830d5effffff,Wholesale,3.235
872830d62ffffff,Art/Culture,29.335
872830d62ffffff,Business Support,38.268
872830d62ffffff,Construction,65.886
872830d62ffffff,Corporate,1.138
872830d62ffffff,Education,74.55
872830d62ffffff,Energy,10.684
872830d62ffffff,Financial,26.698
872830d62ffffff,Health,138.181
872830d62ffffff,Hospitality,82.494
872830d62ffffff,Information,12.474
872830d62ffffff,Manufacturing,33.425
872830d62ffffff,Professional Service,59.302
872830d62ffffff,Public Administration,69.836
872830d62ffffff,Real Estate,24.494
872830d62ffffff,Retail,43.53
872830d62ffffff,Transportation,40.601
872830d62ffffff,Wholesale,15.604
872830d66ffffff,Art/Culture,45.913
872830d66ffffff,Business Support,26.134
872830d66ffffff,Construction,39.797
872830d66ffffff,Corporate,2.433
872830d66ffffff,Education,80.168
872830d66ffffff,Energy,11.512
872830d66ffffff,Financial,17.179
872830d66ffffff,Health,133.312
872830d66ffffff,Hospitality,137.178
872830d66ffffff,Information,19.022
872830d66ffffff,Manufacturing,15.683
872830d66ffffff,Professional Service,69.3
872830d66ffffff,Public Administration,30.35
872830d66ffffff,Real Estate,18.981
872830d66ffffff,Retail,18.446
872830d66ffffff,Transportation,31.156
872830d66ffffff,Wholesale,18.735
872830d69ffffff,Art/Culture,32.54
872830d69ffffff,Business Support,19.253
872830d69ffffff,Construction,27.42
872830d69ffffff,Corporate,2.192
872830d69ffffff,Education,115.731
872830d69ffffff,Energy,9.672
872830d69ffffff,Financial,13.762
872830d69ffffff,Health,160.836
872830d69ffffff,Hospitality,41.428
872830d69ffffff,Information,6.154
872830d69ffffff,Manufacturing,9.46
872830d69ffffff,Professional Service,43.309
872830d69ffffff,Public Administration,15.123
872830d69ffffff,Real Estate,10.101
872830d69ffffff,Retail,21.056
872830d69ffffff,Transportation,10.163
872830d69ffffff,Wholesale,5.217
872830d70ffffff,Art/Culture,138.358
872830d70ffffff,Business Support,1086.296
872830d70ffffff,Construction,418.546
872830d70ffffff,Corporate,57.556
872830d70ffffff,Education,371.189
872830d70ffffff,Energy,59.915
872830d70ffffff,Financial,576.791
872830d70ffffff,Health,636.682
872830d70ffffff,Hospitality,413.67
872830d70ffffff,Information,346.674
872830d70ffffff,Manufacturing,367.887
872830d70ffffff,Professional Service,1448.67
872830d70ffffff,Public Administration,77.424
872830d70ffffff,Real Estate,511.871
872830d70ffffff,Retail,381.998
872830d70ffffff,Transportation,344.37
872830d70ffffff,Wholesale,180.681
872830d71ffffff,Art/Culture,96.663
872830d71ffffff,Business Support,393.416
872830d71ffffff,Construction,288.219
872830d71ffffff,Corporate,15.76
872830d71ffffff,Education,269.794
872830d71ffffff,Energy,47.441
872830d71ffffff,Financial,189.259
872830d71ffffff,Health,476.705
872830d71ffffff,Hospitality,286.38
872830d71ffffff,Information,122.548
872830d71ffffff,Manufacturing,182.213
872830d71ffffff,Professional Service,487.264
872830d71ffffff,Public Administration,151.007
872830d71ffffff,Real Estate,180.714
872830d71ffffff,Retail,217.853
872830d71ffffff,Transportation,209.047
872830d71ffffff,Wholesale,106.006
872830d72ffffff,Art/Culture,33.562
872830d72ffffff,Business Support,18.442
872830d72ffffff,Construction,54.018
872830d72ffffff,Corporate,0.345
872830d72ffffff,Education,50.47
872830d72ffffff,Energy,9.13
872830d72ffffff,Financial,8.944
872830d72ffffff,Health,74.224
872830d72ffffff,Hospitality,110.605
872830d72ffffff,Information,25.219
872830d72ffffff,Manufacturing,63.169
872830d72ffffff,Professional Service,36.661
872830d72ffffff,Public Administration,13.872
872830d72ffffff,Real Estate,11.228
872830d72ffffff,Retail,62.088
872830d72ffffff,Transportation,53.902
872830d72ffffff,Wholesale,29.772
872830d74ffffff,Art/Culture,51.245
872830d74ffffff,Business Support,306.681
872830d74ffffff,Construction,903.278
872830d74ffffff,Corporate,6.41
872830d74ffffff,Education,159.042
872830d74ffffff,Energy,62.913
872830d74ffffff,Financial,159.139
872830d74ffffff,Health,276.847
872830d74ffffff,Hospitality,168.675
872830d74ffffff,Information,72.81
872830d74ffffff,Manufacturing,640.833
872830d74ffffff,Professional Service,361.061
872830d74ffffff,Public Administration,74.366
872830d74ffffff,Real Estate,146.148
872830d74ffffff,Retail,201.409
872830d74ffffff,Transportation,204.116
872830d74ffffff,Wholesale,125.729
872830d75ffffff,Art/Culture,58.243
872830d75ffffff,Business Support,356.481
872830d75ffffff,Construction,194.717
872830d75ffffff,Corporate,20.179
872830d75ffffff,Education,170.686
872830d75ffffff,Energy,27.216
872830d75ffffff,Financial,191.436
872830d75ffffff,Health,331.298
872830d75ffffff,Hospitality,175.749
872830d75ffffff,Information,113.899
872830d75ffffff,Manufacturing,187.9
872830d75ffffff,Professional Service,478.393
872830d75ffffff,Public Administration,110.213
872830d75ffffff,Real Estate,170.25
872830d75ffffff,Retail,158.301
872830d75ffffff,Transportation,134.56
872830d75ffffff,Wholesale,68.198
872830d76ffffff,Art/Culture,18.034
872830d76ffffff,Business Support,32.654
872830d76ffffff,Construction,82.614
872830d76ffffff,Corporate,0.706
872830d76ffffff,Education,118.544
872830d76ffffff,Energy,7.84
872830d76ffffff,Financial,15.897
872830d76ffffff,Health,179.788
872830d76ffffff,Hospitality,80.448
872830d76ffffff,Information,13.254
872830d76ffffff,Manufacturing,22.292
872830d76ffffff,Professional Service,69.159
872830d76ffffff,Public Administration,3.858
872830d76ffffff,Real Estate,16.251
872830d76ffffff,Retail,28.961
872830d76ffffff,Transportation,42.822
872830d76ffffff,Wholesale,20.043
872830d8bffffff,Art/Culture,0.4
872830d8bffffff,Construction,3.371
872830d8bffffff,Education,1.447
872830d8bffffff,Energy,0.231
872830d8bffffff,Health,1.647
872830d8bffffff,Hospitality,5.063
872830d8bffffff,Information,0.025
872830d8bffffff,Public Administration,0.362
872830d8bffffff,Real Estate,0.025
872830d8bffffff,Retail,0.954
872830d8bffffff,Transportation,0.412
872830d98ffffff,Business Support,0.011
872830d98ffffff,Construction,0.173
872830d98ffffff,Health,0.07
872830d98ffffff,Hospitality,0.785
872830d98ffffff,Information,0.029
872830d98ffffff,Real Estate,0.029
872830d98ffffff,Transportation,0.059
872830d9dffffff,Art/Culture,0.017
872830d9dffffff,Business Support,0.931
872830d9dffffff,Construction,1.449
872830d9dffffff,Corporate,0.018
872830d9dffffff,Energy,0.026
872830d9dffffff,Financial,0.009
872830d9dffffff,Health,0.987
872830d9dffffff,Hospitality,1.278
872830d9dffffff,Information,0.0
872830d9dffffff,Manufacturing,0.194
872830d9dffffff,Professional Service,0.035
872830d9dffffff,Public Administration,0.009
872830d9dffffff,Real Estate,0.009
872830d9dffffff,Retail,0.088
872830d9dffffff,Transportation,0.036
872830d9dffffff,Wholesale,0.035
872830da1ffffff,Art/Culture,9.945
872830da1ffffff,Business Support,5.564
872830da1ffffff,Construction,17.189
872830da1ffffff,Corporate,0.894
872830da1ffffff,Education,28.765
872830da1ffffff,Energy,1.398
872830da1ffffff,Financial,9.031
872830da1ffffff,Health,59.996
872830da1ffffff,Hospitality,37.059
872830da1ffffff,Information,1.819
872830da1ffffff,Manufacturing,7.602
872830da1ffffff,Professional Service,13.957
872830da1ffffff,Public Administration,4.643
872830da1ffffff,Real Estate,5.684
872830da1ffffff,Retail,27.255
872830da1ffffff,Transportation,2.888
872830da1ffffff,Wholesale,5.002
8728310ecffffff,Construction,0.005
8728310ecffffff,Hospitality,0.002
8728310ecffffff,Real Estate,0.002
8728310f6ffffff,Art/Culture,0.4
8728310f6ffffff,Business Support,0.023
8728310f6ffffff,Construction,2.634
8728310f6ffffff,Education,0.14
8728310f6ffffff,Energy,0.051
8728310f6ffffff,Financial,0.051
8728310f6ffffff,Health,0.405
8728310f6ffffff,Hospitality,1.786
8728310f6ffffff,Information,0.101
8728310f6ffffff,Manufacturing,0.163
8728310f6ffffff,Professional Service,0.023
8728310f6ffffff,Public Administration,0.101
8728310f6ffffff,Real Estate,0.955
8728310f6ffffff,Retail,0.172
87283118cffffff,Construction,0.027
87283118cffffff,Hospitality,0.804
87283118cffffff,Real Estate,0.014
872831406ffffff,Art/Culture,0.142
872831406ffffff,Construction,0.448
872831406ffffff,Education,0.435
872831406ffffff,Energy,0.207
872831406ffffff,Financial,0.092
872831406ffffff,Health,0.831
872831406ffffff,Hospitality,1.247
872831406ffffff,Information,0.009
872831406ffffff,Manufacturing,1.105
872831406ffffff,Professional Service,0.142
872831406ffffff,Public Administration,0.577
872831406ffffff,Retail,0.376
872831406ffffff,Transportation,0.372
872831406ffffff,Wholesale,0.088
872831450ffffff,Art/Culture,0.614
872831450ffffff,Construction,0.645
872831450ffffff,Education,1.847
872831450ffffff,Energy,0.003
872831450ffffff,Financial,0.003
872831450ffffff,Health,1.243
872831450ffffff,Hospitality,4.304
872831450ffffff,Information,0.006
872831450ffffff,Manufacturing,3.691
872831450ffffff,Professional Service,0.614
872831450ffffff,Public Administration,2.46
872831450ffffff,Retail,1.23
872831450ffffff,Transportation,1.227
872831455ffffff,Art/Culture,0.213
872831455ffffff,Construction,9.385
872831455ffffff,Education,2.47
872831455ffffff,Energy,0.915
872831455ffffff,Financial,0.915
872831455ffffff,Health,5.003
872831455ffffff,Hospitality,4.249
872831455ffffff,Information,1.83
872831455ffffff,Manufacturing,4.026
872831455ffffff,Professional Service,0.213
872831455ffffff,Public Administration,2.684
872831455ffffff,Real Estate,0.01
872831455ffffff,Retail,1.342
872831455ffffff,Transportation,0.427
87283150effffff,Art/Culture,0.82
87283150effffff,Business Support,1.391
87283150effffff,Construction,1.466
87283150effffff,Education,1.025
87283150effffff,Energy,0.183
87283150effffff,Financial,0.137
87283150effffff,Health,2.682
87283150effffff,Hospitality,5.755
87283150effffff,Information,0.047
87283150effffff,Manufacturing,1.842
87283150effffff,Professional Service,0.978
87283150effffff,Public Administration,0.603
87283150effffff,Real Estate,0.552
87283150effffff,Retail,2.983
87283150effffff,Transportation,0.557
87283150effffff,Wholesale,0.047
872831513ffffff,Art/Culture,1.517
872831513ffffff,Business Support,2.528
872831513ffffff,Construction,5.809
872831513ffffff,Education,1.034
872831513ffffff,Energy,0.29
872831513ffffff,Financial,1.059
872831513ffffff,Health,8.233
872831513ffffff,Hospitality,10.045
872831513ffffff,Manufacturing,3.132
872831513ffffff,Professional Service,1.517
872831513ffffff,Public Administration,1.034
872831513ffffff,Real Estate,1.011
872831513ffffff,Retail,5.884
872831513ffffff,Transportation,1.84
872831513ffffff,Wholesale,0.806
872831515ffffff,Art/Culture,3.301
872831515ffffff,Business Support,5.502
872831515ffffff,Construction,4.744
872831515ffffff,Education,2.257
872831515ffffff,Energy,0.55
872831515ffffff,Financial,0.55
872831515ffffff,Health,6.515
872831515ffffff,Hospitality,19.17
872831515ffffff,Manufacturing,5.008
872831515ffffff,Professional Service,3.301
872831515ffffff,Public Administration,2.257
872831515ffffff,Real Estate,2.201
872831515ffffff,Retail,11.061
872831515ffffff,Transportation,2.257
872831c33ffffff,Art/Culture,4.023
872831c33ffffff,Business Support,1.156
872831c33ffffff,Construction,5.525
872831c33ffffff,Education,2.084
872831c33ffffff,Financial,0.278
872831c33ffffff,Health,2.154
872831c33ffffff,Hospitality,10.411
872831c33ffffff,Information,0.035
872831c33ffffff,Manufacturing,1.007
872831c33ffffff,Professional Service,0.947
872831c33ffffff,Public Administration,0.035
872831c33ffffff,Real Estate,0.212
872831c33ffffff,Retail,1.136
872831c33ffffff,Transportation,0.035
872831c82ffffff,Art/Culture,4.987
872831c82ffffff,Business Support,5.374
872831c82ffffff,Construction,139.641
872831c82ffffff,Corporate,0.14
872831c82ffffff,Education,7.57
872831c82ffffff,Energy,9.405
872831c82ffffff,Financial,2.81
872831c82ffffff,Health,13.812
872831c82ffffff,Hospitality,24.596
872831c82ffffff,Information,0.632
872831c82ffffff,Manufacturing,260.378
872831c82ffffff,Professional Service,4.696
872831c82ffffff,Public Administration,22.277
872831c82ffffff,Real Estate,2.313
872831c82ffffff,Retail,23.502
872831c82ffffff,Transportation,5.3
872831c82ffffff,Wholesale,7.452
872831c86ffffff,Art/Culture,10.745
872831c86ffffff,Business Support,25.481
872831c86ffffff,Construction,144.625
872831c86ffffff,Corporate,0.86
872831c86ffffff,Education,24.989
872831c86ffffff,Energy,7.587
872831c86ffffff,Financial,7.659
872831c86ffffff,Health,34.598
872831c86ffffff,Hospitality,26.357
872831c86ffffff,Information,5.524
872831c86ffffff,Manufacturing,188.569
872831c86ffffff,Professional Service,26.425
872831c86ffffff,Public Administration,17.95
872831c86ffffff,Real Estate,9.23
872831c86ffffff,Retail,38.104
872831c86ffffff,Transportation,12.381
872831c86ffffff,Wholesale,8.54
872831c8effffff,Art/Culture,0.122
872831c8effffff,Business Support,0.085
872831c8effffff,Construction,5.626
872831c8effffff,Education,0.177
872831c8effffff,Energy,0.235
872831c8effffff,Financial,0.04
872831c8effffff,Health,0.331
872831c8effffff,Hospitality,1.167
872831c8effffff,Information,0.036
872831c8effffff,Manufacturing,7.457
872831c8effffff,Professional Service,0.02
872831c8effffff,Public Administration,0.586
872831c8effffff,Real Estate,0.082
872831c8effffff,Retail,1.465
872831c8effffff,Transportation,0.08
872831c8effffff,Wholesale,0.953
872831c93ffffff,Art/Culture,5.757
872831c93ffffff,Business Support,30.279
872831c93ffffff,Construction,57.381
872831c93ffffff,Corporate,0.11
872831c93ffffff,Education,30.783
872831c93ffffff,Energy,4.825
872831c93ffffff,Financial,12.253
872831c93ffffff,Health,64.415
872831c93ffffff,Hospitality,21.314
872831c93ffffff,Information,6.211
872831c93ffffff,Manufacturing,95.003
872831c93ffffff,Professional Service,18.762
872831c93ffffff,Public Administration,8.973
872831c93ffffff,Real Estate,10.14
872831c93ffffff,Retail,34.139
872831c93ffffff,Transportation,13.312
872831c93ffffff,Wholesale,11.748
872831c9dffffff,Business Support,0.075
872831c9dffffff,Construction,4.617
872831c9dffffff,Education,0.953
872831c9dffffff,Energy,0.745
872831c9dffffff,Health,2.934
872831c9dffffff,Hospitality,7.47
872831c9dffffff,Information,0.745
872831c9dffffff,Manufacturing,4.258
872831c9dffffff,Professional Service,0.104
872831c9dffffff,Public Administration,0.745
872831c9dffffff,Retail,3.143
872831c9dffffff,Wholesale,0.907
872831ca0ffffff,Art/Culture,3.376
872831ca0ffffff,Business Support,0.952
872831ca0ffffff,Construction,0.935
872831ca0ffffff,Education,0.369
872831ca0ffffff,Financial,0.041
872831ca0ffffff,Health,0.321
872831ca0ffffff,Hospitality,5.987
872831ca0ffffff,Information,0.005
872831ca0ffffff,Manufacturing,0.206
872831ca0ffffff,Professional Service,0.921
872831ca0ffffff,Public Administration,0.043
872831ca0ffffff,Real Estate,0.091
872831ca0ffffff,Retail,1.023
872831ca0ffffff,Transportation,0.005
872831ca3ffffff,Art/Culture,4.235
872831ca3ffffff,Business Support,13.778
872831ca3ffffff,Construction,33.44
872831ca3ffffff,Corporate,0.306
872831ca3ffffff,Education,14.889
872831ca3ffffff,Energy,1.631
872831ca3ffffff,Financial,3.875
872831ca3ffffff,Health,14.519
872831ca3ffffff,Hospitality,10.254
872831ca3ffffff,Information,3.222
872831ca3ffffff,Manufacturing,39.388
872831ca3ffffff,Professional Service,12.965
872831ca3ffffff,Public Administration,6.162
872831ca3ffffff,Real Estate,6.278
872831ca3ffffff,Retail,14.963
872831ca3ffffff,Transportation,4.751
872831ca3ffffff,Wholesale,4.202
872831cb0ffffff,Art/Culture,12.054
872831cb0ffffff,Business Support,48.216
872831cb0ffffff,Construction,37.707
872831cb0ffffff,Corporate,1.004
872831cb0ffffff,Education,47.211
872831cb0ffffff,Energy,3.516
872831cb0ffffff,Financial,13.561
872831cb0ffffff,Health,36.162
872831cb0ffffff,Hospitality,29.169
872831cb0ffffff,Information,13.561
872831cb0ffffff,Manufacturing,60.384
872831cb0ffffff,Professional Service,44.198
872831cb0ffffff,Public Administration,11.628
872831cb0ffffff,Real Estate,26.619
872831cb0ffffff,Retail,52.234
872831cb0ffffff,Transportation,16.574
872831cb0ffffff,Wholesale,17.579
872831cb2ffffff,Art/Culture,21.593
872831cb2ffffff,Business Support,49.729
872831cb2ffffff,Construction,83.361
872831cb2ffffff,Corporate,0.729
872831cb2ffffff,Education,84.996
872831cb2ffffff,Energy,9.802
872831cb2ffffff,Financial,19.796
872831cb2ffffff,Health,88.032
872831cb2ffffff,Hospitality,84.831
872831cb2ffffff,Information,13.75
872831cb2ffffff,Manufacturing,102.599
872831cb2ffffff,Professional Service,47.613
872831cb2ffffff,Public Administration,27.574
872831cb2ffffff,Real Estate,24.29
872831cb2ffffff,Retail,98.268
872831cb2ffffff,Transportation,28.951
872831cb2ffffff,Wholesale,33.163
872831cb6ffffff,Art/Culture,81.199
872831cb6ffffff,Business Support,134.754
872831cb6ffffff,Construction,243.842
872831cb6ffffff,Corporate,6.403
872831cb6ffffff,Education,259.264
872831cb6ffffff,Energy,35.398
872831cb6ffffff,Financial,60.57
872831cb6ffffff,Health,374.396
872831cb6ffffff,Hospitality,302.963
872831cb6ffffff,Information,48.335
872831cb6ffffff,Manufacturing,297.65
872831cb6ffffff,Professional Service,171.015
872831cb6ffffff,Public Administration,100.76
872831cb6ffffff,Real Estate,69.498
872831cb6ffffff,Retail,269.937
872831cb6ffffff,Transportation,84.295
872831cb6ffffff,Wholesale,90.703
872831cd2ffffff,Art/Culture,0.005
872831cd2ffffff,Business Support,0.757
872831cd2ffffff,Construction,3.497
872831cd2ffffff,Education,0.207
872831cd2ffffff,Energy,0.061
872831cd2ffffff,Health,1.01
872831cd2ffffff,Hospitality,5.163
872831cd2ffffff,Information,0.061
872831cd2ffffff,Manufacturing,0.374
872831cd2ffffff,Public Administration,0.061
872831cd2ffffff,Real Estate,0.005
872831cd2ffffff,Retail,0.328
872831cd2ffffff,Wholesale,0.061
872831cdeffffff,Art/Culture,0.091
872831cdeffffff,Business Support,0.055
872831cdeffffff,Construction,1.907
872831cdeffffff,Education,1.629
872831cdeffffff,Health,0.955
872831cdeffffff,Hospitality,1.146
872831cdeffffff,Manufacturing,0.813
872831cdeffffff,Real Estate,0.004
872831cdeffffff,Retail,0.822
872831cf3ffffff,Art/Culture,1.632
872831cf3ffffff,Construction,1.214
872831cf3ffffff,Education,0.163
872831cf3ffffff,Health,1.621
872831cf3ffffff,Hospitality,0.122
872831cf3ffffff,Manufacturing,0.051
872831cf3ffffff,Real Estate,0.071
872831cf3ffffff,Retail,0.236
872831cf4ffffff,Art/Culture,1.135
872831cf4ffffff,Business Support,0.085
872831cf4ffffff,Construction,4.322
872831cf4ffffff,Education,0.775
872831cf4ffffff,Health,0.248
872831cf4ffffff,Hospitality,1.321
872831cf4ffffff,Manufacturing,0.124
872831cf4ffffff,Professional Service,0.04
872831cf4ffffff,Real Estate,0.771
872831cf4ffffff,Retail,2.418
872831cf4ffffff,Wholesale,0.061
872831d90ffffff,Art/Culture,26.646
872831d90ffffff,Business Support,45.364
872831d90ffffff,Construction,198.345
872831d90ffffff,Corporate,0.454
872831d90ffffff,Education,27.354
872831d90ffffff,Energy,10.437
872831d90ffffff,Financial,17.675
872831d90ffffff,Health,53.882
872831d90ffffff,Hospitality,71.471
872831d90ffffff,Information,17.275
872831d90ffffff,Manufacturing,104.384
872831d90ffffff,Professional Service,53.61
872831d90ffffff,Public Administration,57.211
872831d90ffffff,Real Estate,17.915
872831d90ffffff,Retail,47.199
872831d90ffffff,Transportation,26.478
872831d90ffffff,Wholesale,24.668
872831d99ffffff,Art/Culture,6.337
872831d99ffffff,Business Support,29.596
872831d99ffffff,Construction,102.907
872831d99ffffff,Corporate,0.019
872831d99ffffff,Education,55.072
872831d99ffffff,Energy,0.207
872831d99ffffff,Financial,8.338
872831d99ffffff,Health,59.191
872831d99ffffff,Hospitality,9.238
872831d99ffffff,Information,2.914
872831d99ffffff,Manufacturing,47.839
872831d99ffffff,Professional Service,24.455
872831d99ffffff,Public Administration,8.565
872831d99ffffff,Real Estate,7.383
872831d99ffffff,Retail,10.236
872831d99ffffff,Transportation,2.888
872831d99ffffff,Wholesale,1.709
8728339aeffffff,Construction,0.094
8728339aeffffff,Health,0.03
8728339aeffffff,Manufacturing,0.06
8728339aeffffff,Professional Service,0.03
8728339aeffffff,Public Administration,0.03
872834082ffffff,Art/Culture,30.061
872834082ffffff,Business Support,17.823
872834082ffffff,Construction,42.545
872834082ffffff,Corporate,1.156
872834082ffffff,Education,61.907
872834082ffffff,Energy,2.869
872834082ffffff,Financial,7.286
872834082ffffff,Health,88.107
872834082ffffff,Hospitality,77.794
872834082ffffff,Information,12.168
872834082ffffff,Manufacturing,38.138
872834082ffffff,Professional Service,37.226
872834082ffffff,Public Administration,24.241
872834082ffffff,Real Estate,8.571
872834082ffffff,Retail,22.237
872834082ffffff,Transportation,12.242
872834082ffffff,Wholesale,10.91
872834089ffffff,Art/Culture,27.215
872834089ffffff,Business Support,17.221
872834089ffffff,Construction,26.434
872834089ffffff,Corporate,0.789
872834089ffffff,Education,61.994
872834089ffffff,Energy,2.95
872834089ffffff,Financial,8.051
872834089ffffff,Health,70.034
872834089ffffff,Hospitality,134.338
872834089ffffff,Information,23.418
872834089ffffff,Manufacturing,34.17
872834089ffffff,Professional Service,41.732
872834089ffffff,Public Administration,13.435
872834089ffffff,Real Estate,12.389
872834089ffffff,Retail,11.02
872834089ffffff,Transportation,6.347
872834089ffffff,Wholesale,7.381
87283408affffff,Art/Culture,14.53
87283408affffff,Business Support,11.416
87283408affffff,Construction,72.778
87283408affffff,Corporate,0.628
87283408affffff,Education,76.14
87283408affffff,Energy,0.349
87283408affffff,Financial,2.376
87283408affffff,Health,139.84
87283408affffff,Hospitality,46.032
87283408affffff,Information,20.755
87283408affffff,Manufacturing,18.121
87283408affffff,Professional Service,21.834
87283408affffff,Public Administration,13.509
87283408affffff,Real Estate,5.251
87283408affffff,Retail,22.802
87283408affffff,Transportation,8.985
87283408affffff,Wholesale,4.329
87283408effffff,Art/Culture,92.632
87283408effffff,Business Support,46.153
87283408effffff,Construction,76.621
87283408effffff,Corporate,3.605
87283408effffff,Education,116.389
87283408effffff,Energy,6.584
87283408effffff,Financial,22.272
87283408effffff,Health,157.425
87283408effffff,Hospitality,239.001
87283408effffff,Information,40.142
87283408effffff,Manufacturing,55.802
87283408effffff,Professional Service,107.246
87283408effffff,Public Administration,58.073
87283408effffff,Real Estate,24.499
87283408effffff,Retail,72.424
87283408effffff,Transportation,28.094
87283408effffff,Wholesale,34.627
872834092ffffff,Art/Culture,32.059
872834092ffffff,Business Support,11.909
872834092ffffff,Construction,80.124
872834092ffffff,Corporate,0.8
872834092ffffff,Education,96.106
872834092ffffff,Energy,7.464
872834092ffffff,Financial,7.883
872834092ffffff,Health,122.717
872834092ffffff,Hospitality,78.587
872834092ffffff,Information,11.161
872834092ffffff,Manufacturing,25.58
872834092ffffff,Professional Service,33.299
872834092ffffff,Public Administration,18.875
872834092ffffff,Real Estate,10.973
872834092ffffff,Retail,36.103
872834092ffffff,Transportation,37.347
872834092ffffff,Wholesale,18.449
872834093ffffff,Art/Culture,19.548
872834093ffffff,Business Support,10.017
872834093ffffff,Construction,33.392
872834093ffffff,Education,54.621
872834093ffffff,Energy,2.018
872834093ffffff,Financial,12.53
872834093ffffff,Health,73.419
872834093ffffff,Hospitality,66.998
872834093ffffff,Information,2.704
872834093ffffff,Manufacturing,13.108
872834093ffffff,Professional Service,20.941
872834093ffffff,Public Administration,19.534
872834093ffffff,Real Estate,5.98
872834093ffffff,Retail,19.357
872834093ffffff,Transportation,13.144
872834093ffffff,Wholesale,8.366
872834096ffffff,Art/Culture,0.629
872834096ffffff,Business Support,0.004
872834096ffffff,Construction,6.715
872834096ffffff,Corporate,0.124
872834096ffffff,Education,4.849
872834096ffffff,Energy,0.004
872834096ffffff,Financial,0.905
872834096ffffff,Health,7.917
872834096ffffff,Hospitality,7.517
872834096ffffff,Information,0.124
872834096ffffff,Manufacturing,3.61
872834096ffffff,Professional Service,0.753
872834096ffffff,Public Administration,0.249
872834096ffffff,Real Estate,0.625
872834096ffffff,Retail,0.521
872834098ffffff,Art/Culture,41.777
872834098ffffff,Business Support,84.031
872834098ffffff,Construction,110.135
872834098ffffff,Corporate,3.413
872834098ffffff,Education,945.643
872834098ffffff,Energy,21.311
872834098ffffff,Financial,34.08
872834098ffffff,Health,1512.387
872834098ffffff,Hospitality,138.782
872834098ffffff,Information,44.309
872834098ffffff,Manufacturing,693.853
872834098ffffff,Professional Service,135.878
872834098ffffff,Public Administration,67.819
872834098ffffff,Real Estate,52.184
872834098ffffff,Retail,172.901
872834098ffffff,Transportation,115.926
872834098ffffff,Wholesale,72.205
872834099ffffff,Art/Culture,65.685
872834099ffffff,Business Support,195.272
872834099ffffff,Construction,151.912
872834099ffffff,Corporate,36.697
872834099ffffff,Education,290.796
872834099ffffff,Energy,1.853
872834099ffffff,Financial,83.399
872834099ffffff,Health,421.738
872834099ffffff,Hospitality,184.017
872834099ffffff,Information,104.136
872834099ffffff,Manufacturing,453.045
872834099ffffff,Professional Service,363.583
872834099ffffff,Public Administration,97.107
872834099ffffff,Real Estate,104.625
872834099ffffff,Retail,47.812
872834099ffffff,Transportation,15.929
872834099ffffff,Wholesale,13.503
87283409affffff,Art/Culture,30.933
87283409affffff,Business Support,26.644
87283409affffff,Construction,117.729
87283409affffff,Corporate,1.01
87283409affffff,Education,424.43
87283409affffff,Energy,9.601
87283409affffff,Financial,15.217
87283409affffff,Health,677.299
87283409affffff,Hospitality,84.233
87283409affffff,Information,20.196
87283409affffff,Manufacturing,341.359
87283409affffff,Professional Service,53.642
87283409affffff,Public Administration,27.378
87283409affffff,Real Estate,13.984
87283409affffff,Retail,68.213
87283409affffff,Transportation,53.082
87283409affffff,Wholesale,27.214
87283409bffffff,Art/Culture,329.371
87283409bffffff,Business Support,512.939
87283409bffffff,Construction,1818.962
87283409bffffff,Corporate,22.226
87283409bffffff,Education,1352.18
87283409bffffff,Energy,50.916
87283409bffffff,Financial,218.477
87283409bffffff,Health,2085.517
87283409bffffff,Hospitality,1183.096
87283409bffffff,Information,328.214
87283409bffffff,Manufacturing,1054.804
87283409bffffff,Professional Service,1040.601
87283409bffffff,Public Administration,283.02
87283409bffffff,Real Estate,214.594
87283409bffffff,Retail,693.68
87283409bffffff,Transportation,383.413
87283409bffffff,Wholesale,237.517
87283409cffffff,Art/Culture,0.014
87283409cffffff,Business Support,0.652
87283409cffffff,Construction,2.509
87283409cffffff,Corporate,0.001
87283409cffffff,Education,4.451
87283409cffffff,Energy,0.115
87283409cffffff,Financial,0.115
87283409cffffff,Health,6.548
87283409cffffff,Hospitality,0.392
87283409cffffff,Information,0.117
87283409cffffff,Manufacturing,3.113
87283409cffffff,Professional Service,0.766
87283409cffffff,Public Administration,0.754
87283409cffffff,Real Estate,0.232
87283409cffffff,Retail,0.22
87283409cffffff,Transportation,0.493
87283409cffffff,Wholesale,0.052
87283409dffffff,Art/Culture,137.56
87283409dffffff,Business Support,95.956
87283409dffffff,Construction,131.585
87283409dffffff,Corporate,11.999
87283409dffffff,Education,214.262
87283409dffffff,Energy,14.11
87283409dffffff,Financial,43.826
87283409dffffff,Health,323.16
87283409dffffff,Hospitality,364.346
87283409dffffff,Information,66.547
87283409dffffff,Manufacturing,113.822
87283409dffffff,Professional Service,198.417
87283409dffffff,Public Administration,109.463
87283409dffffff,Real Estate,56.322
87283409dffffff,Retail,144.635
87283409dffffff,Transportation,78.672
87283409dffffff,Wholesale,70.615
87283409effffff,Art/Culture,13.849
87283409effffff,Business Support,8.116
87283409effffff,Construction,112.829
87283409effffff,Education,78.251
87283409effffff,Energy,1.811
87283409effffff,Financial,2.185
87283409effffff,Health,164.902
87283409effffff,Hospitality,61.677
87283409effffff,Information,5.875
87283409effffff,Manufacturing,15.885
87283409effffff,Professional Service,9.169
87283409effffff,Public Administration,1.543
87283409effffff,Real Estate,2.772
87283409effffff,Retail,17.001
87283409effffff,Transportation,13.078
87283409effffff,Wholesale,5.973
8728340d6ffffff,Art/Culture,2.001
8728340d6ffffff,Business Support,4.284
8728340d6ffffff,Construction,6.742
8728340d6ffffff,Corporate,0.047
8728340d6ffffff,Education,23.056
8728340d6ffffff,Energy,0.368
8728340d6ffffff,Financial,2.119
8728340d6ffffff,Health,33.103
8728340d6ffffff,Hospitality,15.816
8728340d6ffffff,Information,3.078
8728340d6ffffff,Manufacturing,18.097
8728340d6ffffff,Professional Service,11.847
8728340d6ffffff,Public Administration,1.592
8728340d6ffffff,Real Estate,1.991
8728340d6ffffff,Retail,2.565
8728340d6ffffff,Transportation,1.441
8728340d6ffffff,Wholesale,1.008
8728340ddffffff,Art/Culture,25.138
8728340ddffffff,Business Support,14.128
8728340ddffffff,Construction,220.437
8728340ddffffff,Corporate,0.057
8728340ddffffff,Education,170.109
8728340ddffffff,Energy,2.799
8728340ddffffff,Financial,4.668
8728340ddffffff,Health,313.361
8728340ddffffff,Hospitality,95.16
8728340ddffffff,Information,6.307
8728340ddffffff,Manufacturing,49.143
8728340ddffffff,Professional Service,35.057
8728340ddffffff,Public Administration,23.693
8728340ddffffff,Real Estate,9.708
8728340ddffffff,Retail,28.8
8728340ddffffff,Transportation,12.642
8728340ddffffff,Wholesale,13.164
872834290ffffff,Art/Culture,41.417
872834290ffffff,Business Support,54.33
872834290ffffff,Construction,96.982
872834290ffffff,Corporate,13.843
872834290ffffff,Education,123.934
872834290ffffff,Energy,3.114
872834290ffffff,Financial,26.973
872834290ffffff,Health,200.3
872834290ffffff,Hospitality,199.383
872834290ffffff,Information,23.563
872834290ffffff,Manufacturing,5.364
872834290ffffff,Professional Service,127.397
872834290ffffff,Public Administration,26.744
872834290ffffff,Real Estate,31.377
872834290ffffff,Retail,111.795
872834290ffffff,Transportation,102.559
872834290ffffff,Wholesale,37.305
872834291ffffff,Art/Culture,22.905
872834291ffffff,Business Support,20.973
872834291ffffff,Construction,34.555
872834291ffffff,Corporate,1.304
872834291ffffff,Education,31.216
872834291ffffff,Energy,5.98
872834291ffffff,Financial,12.294
872834291ffffff,Health,93.556
872834291ffffff,Hospitality,126.904
872834291ffffff,Information,6.602
872834291ffffff,Manufacturing,8.982
872834291ffffff,Professional Service,36.977
872834291ffffff,Public Administration,19.157
872834291ffffff,Real Estate,12.386
872834291ffffff,Retail,79.272
872834291ffffff,Transportation,54.587
872834291ffffff,Wholesale,32.302
872834294ffffff,Art/Culture,0.566
872834294ffffff,Business Support,0.497
872834294ffffff,Construction,3.0
872834294ffffff,Corporate,0.038
872834294ffffff,Education,1.559
872834294ffffff,Financial,0.295
872834294ffffff,Health,3.531
872834294ffffff,Hospitality,1.089
872834294ffffff,Information,0.603
872834294ffffff,Manufacturing,0.164
872834294ffffff,Professional Service,0.837
872834294ffffff,Public Administration,0.019
872834294ffffff,Real Estate,0.411
872834294ffffff,Retail,0.512
872834294ffffff,Transportation,0.113
872834295ffffff,Art/Culture,6.741
872834295ffffff,Business Support,10.24
872834295ffffff,Construction,34.486
872834295ffffff,Corporate,0.304
872834295ffffff,Education,32.745
872834295ffffff,Energy,1.686
872834295ffffff,Financial,4.846
872834295ffffff,Health,54.169
872834295ffffff,Hospitality,13.753
872834295ffffff,Information,7.28
872834295ffffff,Manufacturing,4.311
872834295ffffff,Professional Service,13.089
872834295ffffff,Public Administration,0.843
872834295ffffff,Real Estate,7.1
872834295ffffff,Retail,3.7
872834295ffffff,Transportation,0.304
872834295ffffff,Wholesale,1.147
872834296ffffff,Art/Culture,174.632
872834296ffffff,Business Support,782.8
872834296ffffff,Construction,660.25
872834296ffffff,Corporate,37.032
872834296ffffff,Education,1014.237
872834296ffffff,Energy,58.746
872834296ffffff,Financial,430.227
872834296ffffff,Health,1814.714
872834296ffffff,Hospitality,768.842
872834296ffffff,Information,556.369
872834296ffffff,Manufacturing,549.421
872834296ffffff,Professional Service,1562.22
872834296ffffff,Public Administration,788.759
872834296ffffff,Real Estate,327.374
872834296ffffff,Retail,712.519
872834296ffffff,Transportation,580.038
872834296ffffff,Wholesale,177.403
872834298ffffff,Art/Culture,2.869
872834298ffffff,Business Support,0.574
872834298ffffff,Construction,11.763
872834298ffffff,Corporate,0.287
872834298ffffff,Education,13.484
872834298ffffff,Energy,4.017
872834298ffffff,Financial,0.574
872834298ffffff,Health,23.812
872834298ffffff,Hospitality,5.164
872834298ffffff,Information,0.574
872834298ffffff,Manufacturing,1.434
872834298ffffff,Professional Service,3.443
872834298ffffff,Public Administration,1.148
872834298ffffff,Retail,6.025
872834298ffffff,Transportation,10.041
872834298ffffff,Wholesale,2.008
87283429affffff,Art/Culture,29.689
87283429affffff,Business Support,155.8
87283429affffff,Construction,98.317
87283429affffff,Corporate,7.259
87283429affffff,Education,98.131
87283429affffff,Energy,14.819
87283429affffff,Financial,108.662
87283429affffff,Health,169.669
87283429affffff,Hospitality,121.196
87283429affffff,Information,113.492
87283429affffff,Manufacturing,365.834
87283429affffff,Professional Service,380.316
87283429affffff,Public Administration,30.995
87283429affffff,Real Estate,82.811
87283429affffff,Retail,100.785
87283429affffff,Transportation,190.72
87283429affffff,Wholesale,41.566
87283429bffffff,Art/Culture,0.867
87283429bffffff,Business Support,0.128
87283429bffffff,Construction,29.431
87283429bffffff,Education,10.776
87283429bffffff,Energy,0.862
87283429bffffff,Financial,1.272
87283429bffffff,Health,20.002
87283429bffffff,Hospitality,9.094
87283429bffffff,Information,0.246
87283429bffffff,Manufacturing,16.482
87283429bffffff,Professional Service,6.374
87283429bffffff,Public Administration,0.043
87283429bffffff,Real Estate,0.114
87283429bffffff,Retail,12.035
87283429bffffff,Transportation,7.963
87283429bffffff,Wholesale,1.736
87283429effffff,Art/Culture,8.126
87283429effffff,Business Support,35.874
87283429effffff,Construction,22.009
87283429effffff,Corporate,3.259
87283429effffff,Education,38.88
87283429effffff,Energy,5.934
87283429effffff,Financial,21.519
87283429effffff,Health,64.907
87283429effffff,Hospitality,23.14
87283429effffff,Information,26.863
87283429effffff,Manufacturing,69.976
87283429effffff,Professional Service,82.451
87283429effffff,Public Administration,16.063
87283429effffff,Real Estate,18.418
87283429effffff,Retail,28.567
87283429effffff,Transportation,45.707
87283429effffff,Wholesale,15.979
8728342a0ffffff,Art/Culture,96.704
8728342a0ffffff,Business Support,94.147
8728342a0ffffff,Construction,280.209
8728342a0ffffff,Corporate,6.969
8728342a0ffffff,Education,134.295
8728342a0ffffff,Energy,4.477
8728342a0ffffff,Financial,70.422
8728342a0ffffff,Health,232.823
8728342a0ffffff,Hospitality,216.841
8728342a0ffffff,Information,31.185
8728342a0ffffff,Manufacturing,41.985
8728342a0ffffff,Professional Service,172.9
8728342a0ffffff,Public Administration,101.935
8728342a0ffffff,Real Estate,53.216
8728342a0ffffff,Retail,139.951
8728342a0ffffff,Transportation,61.838
8728342a0ffffff,Wholesale,36.929
8728342a9ffffff,Art/Culture,22.536
8728342a9ffffff,Business Support,40.025
8728342a9ffffff,Construction,185.907
8728342a9ffffff,Corporate,1.47
8728342a9ffffff,Education,26.364
8728342a9ffffff,Energy,10.133
8728342a9ffffff,Financial,15.514
8728342a9ffffff,Health,55.286
8728342a9ffffff,Hospitality,110.699
8728342a9ffffff,Information,7.069
8728342a9ffffff,Manufacturing,32.3
8728342a9ffffff,Professional Service,40.966
8728342a9ffffff,Public Administration,20.987
8728342a9ffffff,Real Estate,11.339
8728342a9ffffff,Retail,55.328
8728342a9ffffff,Transportation,45.254
8728342a9ffffff,Wholesale,23.36
8728342b5ffffff,Art/Culture,0.175
8728342b5ffffff,Business Support,0.216
8728342b5ffffff,Construction,0.626
8728342b5ffffff,Corporate,0.016
8728342b5ffffff,Education,0.294
8728342b5ffffff,Energy,0.011
8728342b5ffffff,Financial,0.159
8728342b5ffffff,Health,0.469
8728342b5ffffff,Hospitality,0.401
8728342b5ffffff,Information,0.064
8728342b5ffffff,Manufacturing,0.089
8728342b5ffffff,Professional Service,0.392
8728342b5ffffff,Public Administration,0.237
8728342b5ffffff,Real Estate,0.121
8728342b5ffffff,Retail,0.317
8728342b5ffffff,Transportation,0.148
8728342b5ffffff,Wholesale,0.087
8728342c3ffffff,Art/Culture,1.0
8728342c3ffffff,Business Support,0.295
8728342c3ffffff,Construction,2.094
8728342c3ffffff,Corporate,0.002
8728342c3ffffff,Education,0.385
8728342c3ffffff,Energy,0.149
8728342c3ffffff,Financial,0.171
8728342c3ffffff,Health,0.898
8728342c3ffffff,Hospitality,3.532
8728342c3ffffff,Information,0.012
8728342c3ffffff,Manufacturing,0.224
8728342c3ffffff,Professional Service,0.305
8728342c3ffffff,Public Administration,0.349
8728342c3ffffff,Real Estate,0.112
8728342c3ffffff,Retail,0.629
8728342c3ffffff,Transportation,1.046
8728342c3ffffff,Wholesale,0.366
8728342daffffff,Art/Culture,0.255
8728342daffffff,Business Support,0.79
8728342daffffff,Construction,4.051
8728342daffffff,Corporate,0.025
8728342daffffff,Education,0.204
8728342daffffff,Energy,0.28
8728342daffffff,Financial,0.255
8728342daffffff,Health,0.459
8728342daffffff,Hospitality,2.497
8728342daffffff,Information,0.127
8728342daffffff,Manufacturing,0.815
8728342daffffff,Professional Service,0.637
8728342daffffff,Public Administration,0.331
8728342daffffff,Real Estate,0.153
8728342daffffff,Retail,1.223
8728342daffffff,Transportation,0.994
8728342daffffff,Wholesale,0.51
8728342f3ffffff,Art/Culture,37.79
8728342f3ffffff,Business Support,10.017
8728342f3ffffff,Construction,73.585
8728342f3ffffff,Corporate,0.053
8728342f3ffffff,Education,14.395
8728342f3ffffff,Energy,5.237
8728342f3ffffff,Financial,6.116
8728342f3ffffff,Health,33.553
8728342f3ffffff,Hospitality,130.924
8728342f3ffffff,Information,0.263
8728342f3ffffff,Manufacturing,7.275
8728342f3ffffff,Professional Service,10.633
8728342f3ffffff,Public Administration,12.795
8728342f3ffffff,Real Estate,4.042
8728342f3ffffff,Retail,22.091
8728342f3ffffff,Transportation,38.386
8728342f3ffffff,Wholesale,13.164
8728343acffffff,Art/Culture,0.968
8728343acffffff,Business Support,0.604
8728343acffffff,Construction,9.318
8728343acffffff,Corporate,0.013
8728343acffffff,Education,3.546
8728343acffffff,Energy,0.081
8728343acffffff,Financial,0.235
8728343acffffff,Health,7.717
8728343acffffff,Hospitality,3.595
8728343acffffff,Information,0.123
8728343acffffff,Manufacturing,1.763
8728343acffffff,Professional Service,1.248
8728343acffffff,Public Administration,0.801
8728343acffffff,Real Estate,0.384
8728343acffffff,Retail,1.224
8728343acffffff,Transportation,0.478
8728343acffffff,Wholesale,0.177
872834424ffffff,Art/Culture,1.183
872834424ffffff,Business Support,2.617
872834424ffffff,Construction,3.059
872834424ffffff,Education,2.624
872834424ffffff,Energy,0.236
872834424ffffff,Financial,0.477
872834424ffffff,Health,4.27
872834424ffffff,Hospitality,6.871
872834424ffffff,Information,0.667
872834424ffffff,Manufacturing,6.793
872834424ffffff,Professional Service,1.478
872834424ffffff,Public Administration,0.511
872834424ffffff,Real Estate,0.685
872834424ffffff,Retail,4.602
872834424ffffff,Transportation,1.188
872834424ffffff,Wholesale,0.85
872834426ffffff,Art/Culture,1.748
872834426ffffff,Business Support,1.332
872834426ffffff,Construction,2.897
872834426ffffff,Education,1.821
872834426ffffff,Financial,0.257
872834426ffffff,Health,0.513
872834426ffffff,Hospitality,9.766
872834426ffffff,Information,0.562
872834426ffffff,Manufacturing,4.875
872834426ffffff,Professional Service,0.257
872834426ffffff,Public Administration,0.746
872834426ffffff,Real Estate,0.257
872834426ffffff,Retail,4.363
872834426ffffff,Transportation,1.515
872834426ffffff,Wholesale,1.026
872834441ffffff,Art/Culture,10.118
872834441ffffff,Business Support,45.332
872834441ffffff,Construction,42.184
872834441ffffff,Corporate,0.708
872834441ffffff,Education,230.453
872834441ffffff,Energy,4.448
872834441ffffff,Financial,0.708
872834441ffffff,Health,404.579
872834441ffffff,Hospitality,121.871
872834441ffffff,Information,2.986
872834441ffffff,Manufacturing,136.398
872834441ffffff,Professional Service,17.78
872834441ffffff,Public Administration,26.769
872834441ffffff,Real Estate,15.422
872834441ffffff,Retail,81.044
872834441ffffff,Transportation,64.895
872834441ffffff,Wholesale,33.288
872834442ffffff,Art/Culture,3.695
872834442ffffff,Business Support,5.339
872834442ffffff,Construction,72.03
872834442ffffff,Corporate,0.673
872834442ffffff,Education,49.963
872834442ffffff,Energy,0.498
872834442ffffff,Financial,2.431
872834442ffffff,Health,89.539
872834442ffffff,Hospitality,28.176
872834442ffffff,Information,3.96
872834442ffffff,Manufacturing,9.681
872834442ffffff,Professional Service,16.846
872834442ffffff,Public Administration,12.461
872834442ffffff,Real Estate,4.569
872834442ffffff,Retail,11.178
872834442ffffff,Transportation,3.613
872834442ffffff,Wholesale,2.446
872834443ffffff,Art/Culture,53.666
872834443ffffff,Business Support,41.751
872834443ffffff,Construction,127.108
872834443ffffff,Corporate,2.035
872834443ffffff,Education,210.682
872834443ffffff,Energy,3.028
872834443ffffff,Financial,8.19
872834443ffffff,Health,431.741
872834443ffffff,Hospitality,208.746
872834443ffffff,Information,10.059
872834443ffffff,Manufacturing,25.439
872834443ffffff,Professional Service,46.18
872834443ffffff,Public Administration,19.591
872834443ffffff,Real Estate,8.485
872834443ffffff,Retail,56.497
872834443ffffff,Transportation,42.651
872834443ffffff,Wholesale,20.089
872834444ffffff,Art/Culture,41.546
872834444ffffff,Business Support,71.661
872834444ffffff,Construction,131.862
872834444ffffff,Corporate,1.084
872834444ffffff,Education,292.539
872834444ffffff,Energy,7.91
872834444ffffff,Financial,23.909
872834444ffffff,Health,129.033
872834444ffffff,Hospitality,150.796
872834444ffffff,Information,20.496
872834444ffffff,Manufacturing,513.249
872834444ffffff,Professional Service,87.89
872834444ffffff,Public Administration,21.289
872834444ffffff,Real Estate,33.751
872834444ffffff,Retail,125.831
872834444ffffff,Transportation,109.646
872834444ffffff,Wholesale,41.933
872834445ffffff,Art/Culture,25.842
872834445ffffff,Business Support,25.389
872834445ffffff,Construction,158.388
872834445ffffff,Education,190.167
872834445ffffff,Energy,3.495
872834445ffffff,Financial,5.799
872834445ffffff,Health,298.835
872834445ffffff,Hospitality,132.397
872834445ffffff,Information,7.636
872834445ffffff,Manufacturing,38.519
872834445ffffff,Professional Service,45.037
872834445ffffff,Public Administration,14.442
872834445ffffff,Real Estate,12.739
872834445ffffff,Retail,52.172
872834445ffffff,Transportation,49.658
872834445ffffff,Wholesale,27.545
872834446ffffff,Art/Culture,28.928
872834446ffffff,Business Support,205.467
872834446ffffff,Construction,359.367
872834446ffffff,Corporate,1.941
872834446ffffff,Education,187.886
872834446ffffff,Energy,17.695
872834446ffffff,Financial,72.623
872834446ffffff,Health,294.748
872834446ffffff,Hospitality,232.38
872834446ffffff,Information,71.803
872834446ffffff,Manufacturing,2260.412
872834446ffffff,Professional Service,286.971
872834446ffffff,Public Administration,34.768
872834446ffffff,Real Estate,59.857
872834446ffffff,Retail,189.461
872834446ffffff,Transportation,118.406
872834446ffffff,Wholesale,70.42
872834448ffffff,Art/Culture,96.128
872834448ffffff,Business Support,156.075
872834448ffffff,Construction,1339.567
872834448ffffff,Corporate,1.685
872834448ffffff,Education,368.669
872834448ffffff,Energy,53.189
872834448ffffff,Financial,44.547
872834448ffffff,Health,627.118
872834448ffffff,Hospitality,524.181
872834448ffffff,Information,39.827
872834448ffffff,Manufacturing,543.289
872834448ffffff,Professional Service,127.097
872834448ffffff,Public Administration,122.899
872834448ffffff,Real Estate,34.85
872834448ffffff,Retail,647.233
872834448ffffff,Transportation,483.029
872834448ffffff,Wholesale,284.439
872834449ffffff,Art/Culture,142.726
872834449ffffff,Business Support,219.42
872834449ffffff,Construction,409.11
872834449ffffff,Corporate,5.967
872834449ffffff,Education,1363.254
872834449ffffff,Energy,34.964
872834449ffffff,Financial,77.754
872834449ffffff,Health,1856.893
872834449ffffff,Hospitality,698.959
872834449ffffff,Information,72.33
872834449ffffff,Manufacturing,197.631
872834449ffffff,Professional Service,247.747
872834449ffffff,Public Administration,638.718
872834449ffffff,Real Estate,52.733
872834449ffffff,Retail,260.712
872834449ffffff,Transportation,193.631
872834449ffffff,Wholesale,89.565
87283444affffff,Art/Culture,39.434
87283444affffff,Business Support,51.929
87283444affffff,Construction,186.26
87283444affffff,Corporate,1.123
87283444affffff,Education,264.2
87283444affffff,Energy,11.513
87283444affffff,Financial,7.646
87283444affffff,Health,475.465
87283444affffff,Hospitality,267.84
87283444affffff,Information,6.675
87283444affffff,Manufacturing,28.154
87283444affffff,Professional Service,28.626
87283444affffff,Public Administration,35.631
87283444affffff,Real Estate,8.552
87283444affffff,Retail,137.999
87283444affffff,Transportation,133.684
87283444affffff,Wholesale,91.019
87283444bffffff,Art/Culture,40.641
87283444bffffff,Business Support,62.725
87283444bffffff,Construction,476.369
87283444bffffff,Corporate,2.43
87283444bffffff,Education,238.489
87283444bffffff,Energy,17.627
87283444bffffff,Financial,9.876
87283444bffffff,Health,327.115
87283444bffffff,Hospitality,324.777
87283444bffffff,Information,11.709
87283444bffffff,Manufacturing,180.572
87283444bffffff,Professional Service,48.439
87283444bffffff,Public Administration,45.9
87283444bffffff,Real Estate,11.144
87283444bffffff,Retail,185.844
87283444bffffff,Transportation,124.003
87283444bffffff,Wholesale,63.831
87283444cffffff,Art/Culture,55.201
87283444cffffff,Business Support,140.493
87283444cffffff,Construction,666.819
87283444cffffff,Corporate,3.805
87283444cffffff,Education,215.143
87283444cffffff,Energy,32.186
87283444cffffff,Financial,54.509
87283444cffffff,Health,372.7
87283444cffffff,Hospitality,329.136
87283444cffffff,Information,37.051
87283444cffffff,Manufacturing,490.872
87283444cffffff,Professional Service,121.438
87283444cffffff,Public Administration,103.856
87283444cffffff,Real Estate,29.771
87283444cffffff,Retail,332.578
87283444cffffff,Transportation,250.408
87283444cffffff,Wholesale,157.903
87283444dffffff,Art/Culture,122.286
87283444dffffff,Business Support,150.949
87283444dffffff,Construction,1523.612
87283444dffffff,Corporate,6.398
87283444dffffff,Education,275.821
87283444dffffff,Energy,38.348
87283444dffffff,Financial,54.578
87283444dffffff,Health,338.532
87283444dffffff,Hospitality,484.588
87283444dffffff,Information,55.626
87283444dffffff,Manufacturing,765.506
87283444dffffff,Professional Service,221.484
87283444dffffff,Public Administration,133.698
87283444dffffff,Real Estate,35.159
87283444dffffff,Retail,371.58
87283444dffffff,Transportation,288.885
87283444dffffff,Wholesale,192.419
87283444effffff,Art/Culture,92.735
87283444effffff,Business Support,107.571
87283444effffff,Construction,201.795
87283444effffff,Corporate,1.781
87283444effffff,Education,302.388
87283444effffff,Energy,23.069
87283444effffff,Financial,14.529
87283444effffff,Health,592.888
87283444effffff,Hospitality,473.248
87283444effffff,Information,27.311
87283444effffff,Manufacturing,65.785
87283444effffff,Professional Service,86.796
87283444effffff,Public Administration,40.331
87283444effffff,Real Estate,15.022
87283444effffff,Retail,242.662
87283444effffff,Transportation,175.282
87283444effffff,Wholesale,137.667
872834450ffffff,Art/Culture,15.36
872834450ffffff,Business Support,7.77
872834450ffffff,Construction,37.285
872834450ffffff,Education,134.552
872834450ffffff,Energy,0.412
872834450ffffff,Financial,1.59
872834450ffffff,Health,225.113
872834450ffffff,Hospitality,96.555
872834450ffffff,Information,1.47
872834450ffffff,Manufacturing,74.324
872834450ffffff,Professional Service,38.456
872834450ffffff,Public Administration,30.659
872834450ffffff,Real Estate,5.002
872834450ffffff,Retail,20.335
872834450ffffff,Transportation,18.686
872834450ffffff,Wholesale,8.914
872834454ffffff,Art/Culture,0.933
872834454ffffff,Business Support,1.584
872834454ffffff,Construction,38.058
872834454ffffff,Education,17.59
872834454ffffff,Energy,0.326
872834454ffffff,Financial,0.993
872834454ffffff,Health,40.324
872834454ffffff,Hospitality,13.164
872834454ffffff,Information,2.866
872834454ffffff,Manufacturing,3.011
872834454ffffff,Professional Service,9.5
872834454ffffff,Public Administration,9.012
872834454ffffff,Real Estate,2.501
872834454ffffff,Retail,6.748
872834454ffffff,Transportation,2.877
872834454ffffff,Wholesale,3.489
872834458ffffff,Art/Culture,1.945
872834458ffffff,Business Support,21.372
872834458ffffff,Construction,25.997
872834458ffffff,Education,73.862
872834458ffffff,Energy,2.034
872834458ffffff,Financial,3.256
872834458ffffff,Health,115.382
872834458ffffff,Hospitality,9.921
872834458ffffff,Information,4.767
872834458ffffff,Manufacturing,24.144
872834458ffffff,Professional Service,14.198
872834458ffffff,Public Administration,3.701
872834458ffffff,Real Estate,3.287
872834458ffffff,Retail,4.642
872834458ffffff,Transportation,9.756
872834458ffffff,Wholesale,5.42
872834459ffffff,Art/Culture,24.028
872834459ffffff,Business Support,41.137
872834459ffffff,Construction,104.186
872834459ffffff,Education,169.238
872834459ffffff,Energy,3.399
872834459ffffff,Financial,1.637
872834459ffffff,Health,371.533
872834459ffffff,Hospitality,63.301
872834459ffffff,Information,8.38
872834459ffffff,Manufacturing,41.005
872834459ffffff,Professional Service,23.107
872834459ffffff,Public Administration,18.227
872834459ffffff,Real Estate,4.939
872834459ffffff,Retail,56.474
872834459ffffff,Transportation,30.004
872834459ffffff,Wholesale,29.014
87283445affffff,Art/Culture,0.72
87283445affffff,Business Support,7.564
87283445affffff,Construction,37.1
87283445affffff,Education,1.081
87283445affffff,Energy,2.882
87283445affffff,Financial,0.36
87283445affffff,Health,1.081
87283445affffff,Hospitality,7.564
87283445affffff,Manufacturing,4.322
87283445affffff,Professional Service,2.521
87283445affffff,Public Administration,5.763
87283445affffff,Retail,1.801
87283445affffff,Wholesale,0.36
87283445cffffff,Art/Culture,13.146
87283445cffffff,Business Support,24.12
87283445cffffff,Construction,77.998
87283445cffffff,Corporate,1.506
87283445cffffff,Education,158.31
87283445cffffff,Energy,1.904
87283445cffffff,Financial,7.975
87283445cffffff,Health,245.634
87283445cffffff,Hospitality,102.414
87283445cffffff,Information,3.482
87283445cffffff,Manufacturing,29.82
87283445cffffff,Professional Service,49.419
87283445cffffff,Public Administration,12.075
87283445cffffff,Real Estate,7.934
87283445cffffff,Retail,31.184
87283445cffffff,Transportation,22.269
87283445cffffff,Wholesale,12.194
87283445dffffff,Art/Culture,78.436
87283445dffffff,Business Support,58.613
87283445dffffff,Construction,36.878
87283445dffffff,Corporate,1.124
87283445dffffff,Education,188.491
87283445dffffff,Energy,11.707
87283445dffffff,Financial,9.7
87283445dffffff,Health,392.75
87283445dffffff,Hospitality,417.682
87283445dffffff,Information,14.619
87283445dffffff,Manufacturing,71.717
87283445dffffff,Professional Service,54.959
87283445dffffff,Public Administration,31.27
87283445dffffff,Real Estate,14.108
87283445dffffff,Retail,184.791
87283445dffffff,Transportation,166.424
87283445dffffff,Wholesale,84.654
87283445effffff,Art/Culture,2.893
87283445effffff,Business Support,4.382
87283445effffff,Construction,12.891
87283445effffff,Education,63.041
87283445effffff,Energy,0.632
87283445effffff,Financial,0.155
87283445effffff,Health,89.976
87283445effffff,Hospitality,23.349
87283445effffff,Information,2.004
87283445effffff,Manufacturing,12.143
87283445effffff,Professional Service,6.649
87283445effffff,Public Administration,5.22
87283445effffff,Real Estate,1.1
87283445effffff,Retail,2.089
87283445effffff,Transportation,2.061
87283445effffff,Wholesale,1.209
872834462ffffff,Art/Culture,46.306
872834462ffffff,Business Support,78.352
872834462ffffff,Construction,114.82
872834462ffffff,Corporate,2.303
872834462ffffff,Education,800.374
872834462ffffff,Energy,8.725
872834462ffffff,Financial,31.771
872834462ffffff,Health,2031.404
872834462ffffff,Hospitality,147.154
872834462ffffff,Information,34.295
872834462ffffff,Manufacturing,928.494
872834462ffffff,Professional Service,103.978
872834462ffffff,Public Administration,35.693
872834462ffffff,Real Estate,51.861
872834462ffffff,Retail,177.554
872834462ffffff,Transportation,96.171
872834462ffffff,Wholesale,64.796
872834463ffffff,Art/Culture,15.242
872834463ffffff,Business Support,21.369
872834463ffffff,Construction,117.769
872834463ffffff,Education,200.115
872834463ffffff,Energy,12.177
872834463ffffff,Financial,8.131
872834463ffffff,Health,321.014
872834463ffffff,Hospitality,91.096
872834463ffffff,Information,7.092
872834463ffffff,Manufacturing,24.479
872834463ffffff,Professional Service,27.034
872834463ffffff,Public Administration,20.671
872834463ffffff,Real Estate,22.07
872834463ffffff,Retail,93.666
872834463ffffff,Transportation,63.081
872834463ffffff,Wholesale,26.954
872834465ffffff,Art/Culture,14.442
872834465ffffff,Business Support,4.656
872834465ffffff,Construction,20.119
872834465ffffff,Corporate,0.076
872834465ffffff,Education,48.917
872834465ffffff,Energy,4.164
872834465ffffff,Financial,5.393
872834465ffffff,Health,64.547
872834465ffffff,Hospitality,22.832
872834465ffffff,Information,5.248
872834465ffffff,Manufacturing,3.204
872834465ffffff,Professional Service,16.066
872834465ffffff,Public Administration,1.102
872834465ffffff,Real Estate,1.799
872834465ffffff,Retail,15.701
872834465ffffff,Transportation,20.2
872834465ffffff,Wholesale,11.577
872834468ffffff,Art/Culture,83.847
872834468ffffff,Business Support,75.252
872834468ffffff,Construction,108.553
872834468ffffff,Corporate,2.002
872834468ffffff,Education,190.797
872834468ffffff,Energy,36.739
872834468ffffff,Financial,32.011
872834468ffffff,Health,379.381
872834468ffffff,Hospitality,374.991
872834468ffffff,Information,15.366
872834468ffffff,Manufacturing,57.518
872834468ffffff,Professional Service,90.342
872834468ffffff,Public Administration,58.38
872834468ffffff,Real Estate,30.664
872834468ffffff,Retail,275.987
872834468ffffff,Transportation,290.937
872834468ffffff,Wholesale,134.123
872834469ffffff,Art/Culture,24.76
872834469ffffff,Business Support,36.763
872834469ffffff,Construction,124.077
872834469ffffff,Corporate,0.774
872834469ffffff,Education,200.507
872834469ffffff,Energy,11.014
872834469ffffff,Financial,13.869
872834469ffffff,Health,249.707
872834469ffffff,Hospitality,105.601
872834469ffffff,Information,19.154
872834469ffffff,Manufacturing,33.195
872834469ffffff,Professional Service,57.441
872834469ffffff,Public Administration,42.654
872834469ffffff,Real Estate,11.338
872834469ffffff,Retail,88.196
872834469ffffff,Transportation,66.732
872834469ffffff,Wholesale,38.059
87283446affffff,Art/Culture,55.059
87283446affffff,Business Support,51.367
87283446affffff,Construction,89.71
87283446affffff,Corporate,0.0
87283446affffff,Education,178.998
87283446affffff,Energy,9.684
87283446affffff,Financial,18.929
87283446affffff,Health,277.399
87283446affffff,Hospitality,137.676
87283446affffff,Information,7.473
87283446affffff,Manufacturing,152.914
87283446affffff,Professional Service,44.383
87283446affffff,Public Administration,66.487
87283446affffff,Real Estate,10.962
87283446affffff,Retail,109.554
87283446affffff,Transportation,99.785
87283446affffff,Wholesale,24.622
87283446bffffff,Art/Culture,35.347
87283446bffffff,Business Support,56.838
87283446bffffff,Construction,191.669
87283446bffffff,Corporate,0.486
87283446bffffff,Education,310.633
87283446bffffff,Energy,16.826
87283446bffffff,Financial,14.643
87283446bffffff,Health,351.385
87283446bffffff,Hospitality,209.904
87283446bffffff,Information,14.947
87283446bffffff,Manufacturing,65.648
87283446bffffff,Professional Service,53.183
87283446bffffff,Public Administration,106.502
87283446bffffff,Real Estate,9.044
87283446bffffff,Retail,214.671
87283446bffffff,Transportation,199.015
87283446bffffff,Wholesale,66.59
87283446dffffff,Art/Culture,71.073
87283446dffffff,Business Support,36.849
87283446dffffff,Construction,77.871
87283446dffffff,Corporate,0.02
87283446dffffff,Education,220.869
87283446dffffff,Energy,22.04
87283446dffffff,Financial,23.551
87283446dffffff,Health,344.665
87283446dffffff,Hospitality,293.864
87283446dffffff,Information,21.074
87283446dffffff,Manufacturing,60.491
87283446dffffff,Professional Service,68.046
87283446dffffff,Public Administration,24.508
87283446dffffff,Real Estate,25.497
87283446dffffff,Retail,115.995
87283446dffffff,Transportation,195.075
87283446dffffff,Wholesale,103.287
87283446effffff,Art/Culture,130.629
87283446effffff,Business Support,127.426
87283446effffff,Construction,112.321
87283446effffff,Corporate,3.562
87283446effffff,Education,226.158
87283446effffff,Energy,35.386
87283446effffff,Financial,25.015
87283446effffff,Health,390.112
87283446effffff,Hospitality,484.572
87283446effffff,Information,29.758
87283446effffff,Manufacturing,36.446
87283446effffff,Professional Service,109.274
87283446effffff,Public Administration,51.881
87283446effffff,Real Estate,24.908
87283446effffff,Retail,352.326
87283446effffff,Transportation,251.647
87283446effffff,Wholesale,146.076
872834475ffffff,Art/Culture,35.326
872834475ffffff,Business Support,97.324
872834475ffffff,Construction,113.864
872834475ffffff,Corporate,3.673
872834475ffffff,Education,157.278
872834475ffffff,Energy,15.576
872834475ffffff,Financial,39.577
872834475ffffff,Health,311.86
872834475ffffff,Hospitality,115.504
872834475ffffff,Information,51.754
872834475ffffff,Manufacturing,578.839
872834475ffffff,Professional Service,133.218
872834475ffffff,Public Administration,37.16
872834475ffffff,Real Estate,33.499
872834475ffffff,Retail,112.372
872834475ffffff,Transportation,66.274
872834475ffffff,Wholesale,47.835
872834500ffffff,Art/Culture,0.744
872834500ffffff,Business Support,0.418
872834500ffffff,Construction,3.679
872834500ffffff,Education,3.14
872834500ffffff,Financial,0.035
872834500ffffff,Health,2.34
872834500ffffff,Hospitality,4.985
872834500ffffff,Information,0.184
872834500ffffff,Manufacturing,2.097
872834500ffffff,Professional Service,0.984
872834500ffffff,Public Administration,1.049
872834500ffffff,Real Estate,0.034
872834500ffffff,Retail,1.807
872834500ffffff,Transportation,0.649
872834500ffffff,Wholesale,0.291
872834504ffffff,Art/Culture,0.059
872834504ffffff,Construction,0.954
872834504ffffff,Education,0.177
872834504ffffff,Health,2.329
872834504ffffff,Hospitality,0.177
872834504ffffff,Manufacturing,0.118
872834504ffffff,Professional Service,1.553
872834504ffffff,Public Administration,0.836
872834504ffffff,Retail,0.292
87283450affffff,Art/Culture,0.918
87283450affffff,Business Support,1.526
87283450affffff,Construction,2.174
87283450affffff,Education,3.329
87283450affffff,Energy,0.311
87283450affffff,Health,7.099
87283450affffff,Hospitality,7.159
87283450affffff,Information,0.311
87283450affffff,Manufacturing,4.163
87283450affffff,Professional Service,1.057
87283450affffff,Public Administration,0.621
87283450affffff,Real Estate,0.621
87283450affffff,Retail,1.553
87283450affffff,Transportation,3.302
87283450bffffff,Art/Culture,1.199
87283450bffffff,Business Support,2.397
87283450bffffff,Construction,0.421
87283450bffffff,Education,1.439
87283450bffffff,Financial,0.479
87283450bffffff,Health,5.756
87283450bffffff,Hospitality,4.795
87283450bffffff,Manufacturing,0.9
87283450bffffff,Professional Service,1.438
87283450bffffff,Transportation,0.961
872834510ffffff,Art/Culture,0.358
872834510ffffff,Business Support,2.638
872834510ffffff,Construction,2.548
872834510ffffff,Education,2.716
872834510ffffff,Energy,0.144
872834510ffffff,Financial,0.79
872834510ffffff,Health,1.5
872834510ffffff,Hospitality,4.109
872834510ffffff,Information,0.269
872834510ffffff,Manufacturing,2.254
872834510ffffff,Professional Service,1.417
872834510ffffff,Public Administration,2.13
872834510ffffff,Real Estate,0.312
872834510ffffff,Retail,2.135
872834510ffffff,Transportation,0.826
872834510ffffff,Wholesale,0.073
872834519ffffff,Art/Culture,0.393
872834519ffffff,Business Support,1.223
872834519ffffff,Construction,3.26
872834519ffffff,Education,2.131
872834519ffffff,Energy,0.31
872834519ffffff,Financial,0.031
872834519ffffff,Health,0.929
872834519ffffff,Hospitality,1.656
872834519ffffff,Information,1.129
872834519ffffff,Manufacturing,3.095
872834519ffffff,Professional Service,0.65
872834519ffffff,Public Administration,0.723
872834519ffffff,Real Estate,0.619
872834519ffffff,Retail,2.482
872834519ffffff,Transportation,0.042
87283452dffffff,Art/Culture,0.47
87283452dffffff,Business Support,0.124
87283452dffffff,Construction,0.326
87283452dffffff,Education,0.121
87283452dffffff,Energy,0.123
87283452dffffff,Health,2.128
87283452dffffff,Hospitality,1.413
87283452dffffff,Information,0.001
87283452dffffff,Manufacturing,0.41
87283452dffffff,Professional Service,0.786
87283452dffffff,Public Administration,0.22
87283452dffffff,Real Estate,0.123
87283452dffffff,Retail,2.183
87283452dffffff,Transportation,0.186
87283452dffffff,Wholesale,0.001
872834530ffffff,Art/Culture,1.016
872834530ffffff,Business Support,1.244
872834530ffffff,Construction,4.066
872834530ffffff,Education,2.296
872834530ffffff,Health,6.566
872834530ffffff,Hospitality,3.245
872834530ffffff,Information,0.361
872834530ffffff,Manufacturing,1.778
872834530ffffff,Professional Service,1.744
872834530ffffff,Public Administration,0.258
872834530ffffff,Real Estate,0.018
872834530ffffff,Retail,2.445
872834530ffffff,Transportation,1.104
872834530ffffff,Wholesale,0.378
872834531ffffff,Art/Culture,0.01
872834531ffffff,Business Support,0.045
872834531ffffff,Construction,0.203
872834531ffffff,Education,0.125
872834531ffffff,Health,2.466
872834531ffffff,Hospitality,1.234
872834531ffffff,Information,0.558
872834531ffffff,Manufacturing,0.054
872834531ffffff,Professional Service,1.631
872834531ffffff,Public Administration,1.877
872834531ffffff,Real Estate,0.0
872834531ffffff,Retail,1.093
872834531ffffff,Transportation,0.01
872834531ffffff,Wholesale,1.485
872834534ffffff,Art/Culture,0.991
872834534ffffff,Business Support,0.509
872834534ffffff,Construction,1.759
872834534ffffff,Education,3.117
872834534ffffff,Health,2.46
872834534ffffff,Hospitality,1.082
872834534ffffff,Information,0.674
872834534ffffff,Manufacturing,1.02
872834534ffffff,Professional Service,0.002
872834534ffffff,Public Administration,0.294
872834534ffffff,Real Estate,0.01
872834534ffffff,Retail,2.027
872834534ffffff,Transportation,1.039
872834534ffffff,Wholesale,0.029
872834535ffffff,Art/Culture,0.805
872834535ffffff,Business Support,0.019
872834535ffffff,Construction,0.47
872834535ffffff,Education,1.996
872834535ffffff,Health,7.936
872834535ffffff,Hospitality,2.482
872834535ffffff,Information,0.365
872834535ffffff,Manufacturing,0.834
872834535ffffff,Professional Service,0.795
872834535ffffff,Public Administration,0.56
872834535ffffff,Real Estate,0.01
872834535ffffff,Retail,0.862
872834535ffffff,Transportation,0.853
872834535ffffff,Wholesale,0.029
87283454effffff,Art/Culture,154.262
87283454effffff,Business Support,105.981
87283454effffff,Construction,155.975
87283454effffff,Corporate,3.005
87283454effffff,Education,274.787
87283454effffff,Energy,50.475
87283454effffff,Financial,29.125
87283454effffff,Health,421.855
87283454effffff,Hospitality,452.073
87283454effffff,Information,28.251
87283454effffff,Manufacturing,120.181
87283454effffff,Professional Service,105.455
87283454effffff,Public Administration,86.135
87283454effffff,Real Estate,33.294
87283454effffff,Retail,440.424
87283454effffff,Transportation,318.975
87283454effffff,Wholesale,209.246
872834556ffffff,Art/Culture,0.769
872834556ffffff,Business Support,2.234
872834556ffffff,Construction,2.485
872834556ffffff,Education,1.489
872834556ffffff,Financial,0.488
872834556ffffff,Health,2.712
872834556ffffff,Hospitality,4.235
872834556ffffff,Information,0.463
872834556ffffff,Manufacturing,5.29
872834556ffffff,Professional Service,1.001
872834556ffffff,Real Estate,0.232
872834556ffffff,Retail,2.548
872834556ffffff,Transportation,0.793
872834556ffffff,Wholesale,0.927
87283455bffffff,Art/Culture,0.414
87283455bffffff,Business Support,2.128
87283455bffffff,Construction,11.924
87283455bffffff,Education,2.092
87283455bffffff,Energy,0.338
87283455bffffff,Financial,0.887
87283455bffffff,Health,7.241
87283455bffffff,Hospitality,3.09
87283455bffffff,Information,0.892
87283455bffffff,Manufacturing,5.834
87283455bffffff,Professional Service,3.328
87283455bffffff,Public Administration,2.071
87283455bffffff,Real Estate,1.519
87283455bffffff,Retail,3.832
87283455bffffff,Transportation,3.263
87283455bffffff,Wholesale,1.491
87283456affffff,Art/Culture,2.579
87283456affffff,Business Support,2.808
87283456affffff,Construction,4.039
87283456affffff,Corporate,0.106
87283456affffff,Education,10.452
87283456affffff,Energy,0.259
87283456affffff,Financial,1.257
87283456affffff,Health,13.837
87283456affffff,Hospitality,9.103
87283456affffff,Information,2.429
87283456affffff,Manufacturing,5.093
87283456affffff,Professional Service,5.465
87283456affffff,Public Administration,1.833
87283456affffff,Real Estate,1.471
87283456affffff,Retail,3.402
87283456affffff,Transportation,0.881
87283456affffff,Wholesale,1.155
872834601ffffff,Art/Culture,22.694
872834601ffffff,Business Support,73.29
872834601ffffff,Construction,57.818
872834601ffffff,Corporate,2.89
872834601ffffff,Education,79.81
872834601ffffff,Energy,18.319
872834601ffffff,Financial,24.596
872834601ffffff,Health,146.434
872834601ffffff,Hospitality,312.609
872834601ffffff,Information,35.784
872834601ffffff,Manufacturing,453.021
872834601ffffff,Professional Service,130.621
872834601ffffff,Public Administration,19.155
872834601ffffff,Real Estate,31.159
872834601ffffff,Retail,215.765
872834601ffffff,Transportation,184.193
872834601ffffff,Wholesale,93.57
872834602ffffff,Art/Culture,5.143
872834602ffffff,Business Support,52.653
872834602ffffff,Construction,92.89
872834602ffffff,Corporate,0.876
872834602ffffff,Education,121.092
872834602ffffff,Energy,27.105
872834602ffffff,Financial,12.316
872834602ffffff,Health,223.39
872834602ffffff,Hospitality,131.101
872834602ffffff,Information,14.024
872834602ffffff,Manufacturing,332.061
872834602ffffff,Professional Service,86.734
872834602ffffff,Public Administration,17.519
872834602ffffff,Real Estate,17.935
872834602ffffff,Retail,52.421
872834602ffffff,Transportation,73.056
872834602ffffff,Wholesale,24.046
872834603ffffff,Art/Culture,20.479
872834603ffffff,Business Support,30.328
872834603ffffff,Construction,63.567
872834603ffffff,Corporate,1.079
872834603ffffff,Education,97.35
872834603ffffff,Energy,6.609
872834603ffffff,Financial,11.589
872834603ffffff,Health,205.979
872834603ffffff,Hospitality,142.36
872834603ffffff,Information,21.501
872834603ffffff,Manufacturing,284.117
872834603ffffff,Professional Service,75.751
872834603ffffff,Public Administration,13.243
872834603ffffff,Real Estate,19.649
872834603ffffff,Retail,104.748
872834603ffffff,Transportation,72.834
872834603ffffff,Wholesale,49.602
872834604ffffff,Art/Culture,149.024
872834604ffffff,Business Support,1215.276
872834604ffffff,Construction,2613.807
872834604ffffff,Corporate,52.806
872834604ffffff,Education,547.472
872834604ffffff,Energy,210.142
872834604ffffff,Financial,492.488
872834604ffffff,Health,966.37
872834604ffffff,Hospitality,1032.292
872834604ffffff,Information,522.178
872834604ffffff,Manufacturing,13089.993
872834604ffffff,Professional Service,1952.182
872834604ffffff,Public Administration,248.539
872834604ffffff,Real Estate,267.268
872834604ffffff,Retail,1334.099
872834604ffffff,Transportation,1665.562
872834604ffffff,Wholesale,880.896
872834608ffffff,Art/Culture,0.286
872834608ffffff,Business Support,3.82
872834608ffffff,Construction,5.045
872834608ffffff,Corporate,0.005
872834608ffffff,Education,6.142
872834608ffffff,Energy,0.299
872834608ffffff,Financial,1.205
872834608ffffff,Health,17.777
872834608ffffff,Hospitality,4.412
872834608ffffff,Information,0.554
872834608ffffff,Manufacturing,4.886
872834608ffffff,Professional Service,4.746
872834608ffffff,Public Administration,3.481
872834608ffffff,Real Estate,1.397
872834608ffffff,Retail,5.242
872834608ffffff,Transportation,4.788
872834608ffffff,Wholesale,2.147
87283460affffff,Art/Culture,41.528
87283460affffff,Business Support,107.062
87283460affffff,Construction,127.837
87283460affffff,Corporate,1.354
87283460affffff,Education,190.764
87283460affffff,Energy,8.274
87283460affffff,Financial,33.011
87283460affffff,Health,470.578
87283460affffff,Hospitality,198.875
87283460affffff,Information,30.799
87283460affffff,Manufacturing,134.314
87283460affffff,Professional Service,191.068
87283460affffff,Public Administration,108.049
87283460affffff,Real Estate,42.999
87283460affffff,Retail,183.827
87283460affffff,Transportation,174.784
87283460affffff,Wholesale,71.027
87283460bffffff,Art/Culture,24.843
87283460bffffff,Business Support,60.936
87283460bffffff,Construction,105.865
87283460bffffff,Corporate,0.222
87283460bffffff,Education,132.946
87283460bffffff,Energy,8.708
87283460bffffff,Financial,37.808
87283460bffffff,Health,331.852
87283460bffffff,Hospitality,212.047
87283460bffffff,Information,22.315
87283460bffffff,Manufacturing,214.896
87283460bffffff,Professional Service,306.772
87283460bffffff,Public Administration,48.131
87283460bffffff,Real Estate,19.101
87283460bffffff,Retail,79.816
87283460bffffff,Transportation,39.118
87283460bffffff,Wholesale,15.323
87283460dffffff,Art/Culture,4.009
87283460dffffff,Business Support,175.062
87283460dffffff,Construction,75.239
87283460dffffff,Corporate,10.511
87283460dffffff,Education,51.949
87283460dffffff,Energy,2.722
87283460dffffff,Financial,60.854
87283460dffffff,Health,125.669
87283460dffffff,Hospitality,31.064
87283460dffffff,Information,83.045
87283460dffffff,Manufacturing,659.956
87283460dffffff,Professional Service,294.108
87283460dffffff,Public Administration,8.616
87283460dffffff,Real Estate,59.186
87283460dffffff,Retail,71.678
87283460dffffff,Transportation,67.342
87283460dffffff,Wholesale,24.531
87283460effffff,Art/Culture,13.628
87283460effffff,Business Support,71.322
87283460effffff,Construction,157.764
87283460effffff,Corporate,3.413
87283460effffff,Education,65.524
87283460effffff,Energy,24.245
87283460effffff,Financial,20.474
87283460effffff,Health,140.931
87283460effffff,Hospitality,164.315
87283460effffff,Information,14.056
87283460effffff,Manufacturing,331.198
87283460effffff,Professional Service,104.292
87283460effffff,Public Administration,37.821
87283460effffff,Real Estate,22.929
87283460effffff,Retail,158.109
87283460effffff,Transportation,200.066
87283460effffff,Wholesale,90.311
872834611ffffff,Art/Culture,5.146
872834611ffffff,Business Support,26.98
872834611ffffff,Construction,40.827
872834611ffffff,Corporate,2.051
872834611ffffff,Education,68.746
872834611ffffff,Energy,4.813
872834611ffffff,Financial,8.571
872834611ffffff,Health,130.371
872834611ffffff,Hospitality,23.078
872834611ffffff,Information,16.357
872834611ffffff,Manufacturing,47.32
872834611ffffff,Professional Service,100.604
872834611ffffff,Public Administration,13.556
872834611ffffff,Real Estate,14.154
872834611ffffff,Retail,10.65
872834611ffffff,Transportation,8.54
872834611ffffff,Wholesale,10.484
872834612ffffff,Art/Culture,27.781
872834612ffffff,Business Support,18.867
872834612ffffff,Construction,21.551
872834612ffffff,Corporate,0.949
872834612ffffff,Education,178.811
872834612ffffff,Energy,3.579
872834612ffffff,Financial,6.852
872834612ffffff,Health,322.229
872834612ffffff,Hospitality,84.937
872834612ffffff,Information,11.285
872834612ffffff,Manufacturing,34.66
872834612ffffff,Professional Service,68.236
872834612ffffff,Public Administration,13.799
872834612ffffff,Real Estate,8.585
872834612ffffff,Retail,19.332
872834612ffffff,Transportation,9.977
872834612ffffff,Wholesale,9.345
872834615ffffff,Art/Culture,41.969
872834615ffffff,Business Support,6.249
872834615ffffff,Construction,7.192
872834615ffffff,Corporate,4.425
872834615ffffff,Education,45.832
872834615ffffff,Energy,36.023
872834615ffffff,Financial,12.154
872834615ffffff,Health,156.089
872834615ffffff,Hospitality,250.94
872834615ffffff,Information,2.507
872834615ffffff,Manufacturing,2160.159
872834615ffffff,Professional Service,348.606
872834615ffffff,Public Administration,55.73
872834615ffffff,Real Estate,297.623
872834615ffffff,Retail,226.261
872834615ffffff,Transportation,234.96
872834615ffffff,Wholesale,4.062
872834618ffffff,Art/Culture,21.146
872834618ffffff,Business Support,121.739
872834618ffffff,Construction,48.104
872834618ffffff,Corporate,16.437
872834618ffffff,Education,803.381
872834618ffffff,Energy,11.591
872834618ffffff,Financial,58.401
872834618ffffff,Health,1665.851
872834618ffffff,Hospitality,76.02
872834618ffffff,Information,47.301
872834618ffffff,Manufacturing,118.616
872834618ffffff,Professional Service,328.634
872834618ffffff,Public Administration,89.328
872834618ffffff,Real Estate,42.874
872834618ffffff,Retail,71.083
872834618ffffff,Transportation,65.32
872834618ffffff,Wholesale,13.729
872834619ffffff,Art/Culture,3.006
872834619ffffff,Business Support,28.079
872834619ffffff,Construction,20.424
872834619ffffff,Corporate,2.334
872834619ffffff,Education,116.465
872834619ffffff,Energy,1.999
872834619ffffff,Financial,15.599
872834619ffffff,Health,251.113
872834619ffffff,Hospitality,10.122
872834619ffffff,Information,12.833
872834619ffffff,Manufacturing,23.705
872834619ffffff,Professional Service,75.587
872834619ffffff,Public Administration,9.728
872834619ffffff,Real Estate,6.242
872834619ffffff,Retail,22.33
872834619ffffff,Transportation,21.722
872834619ffffff,Wholesale,3.965
87283461cffffff,Art/Culture,37.949
87283461cffffff,Business Support,149.455
87283461cffffff,Construction,127.592
87283461cffffff,Corporate,6.633
87283461cffffff,Education,285.014
87283461cffffff,Energy,19.986
87283461cffffff,Financial,39.35
87283461cffffff,Health,497.599
87283461cffffff,Hospitality,257.013
87283461cffffff,Information,54.428
87283461cffffff,Manufacturing,112.939
87283461cffffff,Professional Service,249.795
87283461cffffff,Public Administration,60.929
87283461cffffff,Real Estate,39.408
87283461cffffff,Retail,72.236
87283461cffffff,Transportation,90.82
87283461cffffff,Wholesale,20.854
87283461dffffff,Art/Culture,122.218
87283461dffffff,Business Support,518.675
87283461dffffff,Construction,215.158
87283461dffffff,Corporate,20.84
87283461dffffff,Education,1068.19
87283461dffffff,Energy,41.064
87283461dffffff,Financial,242.866
87283461dffffff,Health,2321.444
87283461dffffff,Hospitality,852.41
87283461dffffff,Information,201.719
87283461dffffff,Manufacturing,216.238
87283461dffffff,Professional Service,1069.642
87283461dffffff,Public Administration,216.754
87283461dffffff,Real Estate,223.382
87283461dffffff,Retail,394.4
87283461dffffff,Transportation,435.707
87283461dffffff,Wholesale,227.318
872834620ffffff,Art/Culture,139.327
872834620ffffff,Business Support,1995.676
872834620ffffff,Construction,896.931
872834620ffffff,Corporate,97.485
872834620ffffff,Education,235.29
872834620ffffff,Energy,89.377
872834620ffffff,Financial,1011.053
872834620ffffff,Health,388.364
872834620ffffff,Hospitality,742.575
872834620ffffff,Information,1471.162
872834620ffffff,Manufacturing,8129.627
872834620ffffff,Professional Service,4861.362
872834620ffffff,Public Administration,143.421
872834620ffffff,Real Estate,784.994
872834620ffffff,Retail,1250.697
872834620ffffff,Transportation,734.957
872834620ffffff,Wholesale,432.981
87283462affffff,Art/Culture,5.955
87283462affffff,Business Support,85.369
87283462affffff,Construction,151.357
87283462affffff,Corporate,2.853
87283462affffff,Education,15.933
87283462affffff,Energy,16.449
87283462affffff,Financial,31.353
87283462affffff,Health,47.777
87283462affffff,Hospitality,37.475
87283462affffff,Information,25.874
87283462affffff,Manufacturing,594.621
87283462affffff,Professional Service,118.878
87283462affffff,Public Administration,13.613
87283462affffff,Real Estate,25.735
87283462affffff,Retail,172.723
87283462affffff,Transportation,208.421
87283462affffff,Wholesale,89.182
872834632ffffff,Art/Culture,48.025
872834632ffffff,Business Support,19.423
872834632ffffff,Construction,131.572
872834632ffffff,Corporate,0.546
872834632ffffff,Education,93.399
872834632ffffff,Energy,6.689
872834632ffffff,Financial,11.85
872834632ffffff,Health,123.03
872834632ffffff,Hospitality,95.609
872834632ffffff,Information,18.316
872834632ffffff,Manufacturing,302.429
872834632ffffff,Professional Service,99.699
872834632ffffff,Public Administration,19.01
872834632ffffff,Real Estate,12.115
872834632ffffff,Retail,42.429
872834632ffffff,Transportation,39.479
872834632ffffff,Wholesale,20.727
872834636ffffff,Art/Culture,24.983
872834636ffffff,Business Support,89.068
872834636ffffff,Construction,198.903
872834636ffffff,Corporate,15.201
872834636ffffff,Education,225.538
872834636ffffff,Energy,13.531
872834636ffffff,Financial,33.115
872834636ffffff,Health,437.138
872834636ffffff,Hospitality,201.379
872834636ffffff,Information,53.011
872834636ffffff,Manufacturing,391.534
872834636ffffff,Professional Service,195.95
872834636ffffff,Public Administration,62.564
872834636ffffff,Real Estate,32.802
872834636ffffff,Retail,134.352
872834636ffffff,Transportation,131.659
872834636ffffff,Wholesale,51.899
872834650ffffff,Art/Culture,13.071
872834650ffffff,Business Support,78.852
872834650ffffff,Construction,164.212
872834650ffffff,Corporate,0.802
872834650ffffff,Education,50.301
872834650ffffff,Energy,17.558
872834650ffffff,Financial,31.031
872834650ffffff,Health,136.882
872834650ffffff,Hospitality,57.444
872834650ffffff,Information,19.2
872834650ffffff,Manufacturing,350.413
872834650ffffff,Professional Service,126.345
872834650ffffff,Public Administration,51.268
872834650ffffff,Real Estate,34.364
872834650ffffff,Retail,220.197
872834650ffffff,Transportation,212.198
872834650ffffff,Wholesale,65.414
872834651ffffff,Art/Culture,70.424
872834651ffffff,Business Support,934.774
872834651ffffff,Construction,2471.04
872834651ffffff,Corporate,17.693
872834651ffffff,Education,284.707
872834651ffffff,Energy,201.737
872834651ffffff,Financial,354.125
872834651ffffff,Health,750.117
872834651ffffff,Hospitality,524.094
872834651ffffff,Information,217.791
872834651ffffff,Manufacturing,4085.32
872834651ffffff,Professional Service,833.09
872834651ffffff,Public Administration,124.767
872834651ffffff,Real Estate,344.058
872834651ffffff,Retail,944.823
872834651ffffff,Transportation,1686.469
872834651ffffff,Wholesale,689.147
872834652ffffff,Art/Culture,47.583
872834652ffffff,Business Support,287.601
872834652ffffff,Construction,385.204
872834652ffffff,Corporate,8.997
872834652ffffff,Education,208.053
872834652ffffff,Energy,49.12
872834652ffffff,Financial,97.767
872834652ffffff,Health,504.838
872834652ffffff,Hospitality,459.644
872834652ffffff,Information,56.269
872834652ffffff,Manufacturing,1197.146
872834652ffffff,Professional Service,264.329
872834652ffffff,Public Administration,50.658
872834652ffffff,Real Estate,105.115
872834652ffffff,Retail,365.571
872834652ffffff,Transportation,640.205
872834652ffffff,Wholesale,260.198
872834654ffffff,Art/Culture,19.546
872834654ffffff,Business Support,124.054
872834654ffffff,Construction,264.932
872834654ffffff,Corporate,3.138
872834654ffffff,Education,125.285
872834654ffffff,Energy,20.399
872834654ffffff,Financial,97.187
872834654ffffff,Health,356.896
872834654ffffff,Hospitality,168.061
872834654ffffff,Information,51.401
872834654ffffff,Manufacturing,823.234
872834654ffffff,Professional Service,341.468
872834654ffffff,Public Administration,50.616
872834654ffffff,Real Estate,33.167
872834654ffffff,Retail,227.789
872834654ffffff,Transportation,236.782
872834654ffffff,Wholesale,77.759
87283465affffff,Art/Culture,4.845
87283465affffff,Business Support,59.014
87283465affffff,Construction,153.422
87283465affffff,Corporate,1.262
87283465affffff,Education,13.873
87283465affffff,Energy,11.555
87283465affffff,Financial,22.262
87283465affffff,Health,45.657
87283465affffff,Hospitality,24.919
87283465affffff,Information,13.048
87283465affffff,Manufacturing,234.128
87283465affffff,Professional Service,51.525
87283465affffff,Public Administration,6.69
87283465affffff,Real Estate,21.432
87283465affffff,Retail,57.075
87283465affffff,Transportation,95.586
87283465affffff,Wholesale,37.649
872834668ffffff,Art/Culture,4.51
872834668ffffff,Business Support,7.362
872834668ffffff,Construction,1.098
872834668ffffff,Corporate,0.062
872834668ffffff,Education,10.045
872834668ffffff,Energy,0.044
872834668ffffff,Financial,3.996
872834668ffffff,Health,34.688
872834668ffffff,Hospitality,4.098
872834668ffffff,Information,6.044
872834668ffffff,Manufacturing,35.839
872834668ffffff,Professional Service,8.602
872834668ffffff,Public Administration,10.443
872834668ffffff,Real Estate,4.773
872834668ffffff,Retail,14.428
872834668ffffff,Transportation,10.451
872834668ffffff,Wholesale,3.686
872834669ffffff,Art/Culture,40.415
872834669ffffff,Business Support,277.942
872834669ffffff,Construction,114.021
872834669ffffff,Corporate,11.258
872834669ffffff,Education,96.743
872834669ffffff,Energy,7.397
872834669ffffff,Financial,181.709
872834669ffffff,Health,162.346
872834669ffffff,Hospitality,167.024
872834669ffffff,Information,185.687
872834669ffffff,Manufacturing,439.921
872834669ffffff,Professional Service,628.469
872834669ffffff,Public Administration,31.891
872834669ffffff,Real Estate,141.879
872834669ffffff,Retail,139.315
872834669ffffff,Transportation,74.645
872834669ffffff,Wholesale,40.34
87283466cffffff,Art/Culture,44.931
87283466cffffff,Business Support,385.031
87283466cffffff,Construction,285.076
87283466cffffff,Corporate,22.521
87283466cffffff,Education,352.801
87283466cffffff,Energy,18.046
87283466cffffff,Financial,219.675
87283466cffffff,Health,620.394
87283466cffffff,Hospitality,128.723
87283466cffffff,Information,256.739
87283466cffffff,Manufacturing,704.343
87283466cffffff,Professional Service,856.098
87283466cffffff,Public Administration,107.156
87283466cffffff,Real Estate,150.566
87283466cffffff,Retail,271.601
87283466cffffff,Transportation,234.979
87283466cffffff,Wholesale,92.325
87283466dffffff,Art/Culture,187.36
87283466dffffff,Business Support,1062.014
87283466dffffff,Construction,244.834
87283466dffffff,Corporate,62.989
87283466dffffff,Education,412.512
87283466dffffff,Energy,51.887
87283466dffffff,Financial,651.229
87283466dffffff,Health,641.754
87283466dffffff,Hospitality,613.982
87283466dffffff,Information,782.262
87283466dffffff,Manufacturing,757.034
87283466dffffff,Professional Service,2380.466
87283466dffffff,Public Administration,156.708
87283466dffffff,Real Estate,537.728
87283466dffffff,Retail,598.96
87283466dffffff,Transportation,364.8
87283466dffffff,Wholesale,199.077
872834676ffffff,Art/Culture,4.079
872834676ffffff,Business Support,39.721
872834676ffffff,Construction,101.779
872834676ffffff,Corporate,1.608
872834676ffffff,Education,17.744
872834676ffffff,Energy,7.211
872834676ffffff,Financial,15.471
872834676ffffff,Health,29.807
872834676ffffff,Hospitality,28.986
872834676ffffff,Information,14.912
872834676ffffff,Manufacturing,439.418
872834676ffffff,Professional Service,47.343
872834676ffffff,Public Administration,12.284
872834676ffffff,Real Estate,0.184
872834676ffffff,Retail,40.057
872834676ffffff,Transportation,54.679
872834676ffffff,Wholesale,32.123
87283468bffffff,Art/Culture,53.731
87283468bffffff,Business Support,127.182
87283468bffffff,Construction,279.359
87283468bffffff,Corporate,2.698
87283468bffffff,Education,250.794
87283468bffffff,Energy,13.509
87283468bffffff,Financial,48.209
87283468bffffff,Health,452.86
87283468bffffff,Hospitality,138.266
87283468bffffff,Information,28.679
87283468bffffff,Manufacturing,162.732
87283468bffffff,Professional Service,184.341
87283468bffffff,Public Administration,138.489
87283468bffffff,Real Estate,59.085
87283468bffffff,Retail,112.085
87283468bffffff,Transportation,94.655
87283468bffffff,Wholesale,37.232
872834691ffffff,Art/Culture,4.776
872834691ffffff,Business Support,4.577
872834691ffffff,Construction,14.828
872834691ffffff,Corporate,0.036
872834691ffffff,Education,4.259
872834691ffffff,Energy,0.702
872834691ffffff,Financial,9.088
872834691ffffff,Health,5.571
872834691ffffff,Hospitality,10.463
872834691ffffff,Information,4.966
872834691ffffff,Manufacturing,11.415
872834691ffffff,Professional Service,21.637
872834691ffffff,Public Administration,8.313
872834691ffffff,Real Estate,2.717
872834691ffffff,Retail,3.503
872834691ffffff,Transportation,4.728
872834691ffffff,Wholesale,2.024
872834698ffffff,Art/Culture,9.217
872834698ffffff,Business Support,5.319
872834698ffffff,Construction,41.008
872834698ffffff,Corporate,0.021
872834698ffffff,Education,23.929
872834698ffffff,Energy,3.907
872834698ffffff,Financial,5.779
872834698ffffff,Health,36.519
872834698ffffff,Hospitality,16.892
872834698ffffff,Information,1.642
872834698ffffff,Manufacturing,28.829
872834698ffffff,Professional Service,23.744
872834698ffffff,Public Administration,22.631
872834698ffffff,Real Estate,2.968
872834698ffffff,Retail,17.352
872834698ffffff,Transportation,20.405
872834698ffffff,Wholesale,9.911
872834699ffffff,Art/Culture,5.018
872834699ffffff,Business Support,29.493
872834699ffffff,Construction,110.1
872834699ffffff,Corporate,0.959
872834699ffffff,Education,70.349
872834699ffffff,Energy,6.639
872834699ffffff,Financial,17.28
872834699ffffff,Health,131.294
872834699ffffff,Hospitality,38.943
872834699ffffff,Information,14.577
872834699ffffff,Manufacturing,48.937
872834699ffffff,Professional Service,54.889
872834699ffffff,Public Administration,13.979
872834699ffffff,Real Estate,20.155
872834699ffffff,Retail,17.287
872834699ffffff,Transportation,12.532
872834699ffffff,Wholesale,11.528
87283469affffff,Art/Culture,61.493
87283469affffff,Business Support,23.814
87283469affffff,Construction,80.236
87283469affffff,Education,205.095
87283469affffff,Energy,19.592
87283469affffff,Financial,13.151
87283469affffff,Health,371.9
87283469affffff,Hospitality,138.406
87283469affffff,Information,4.78
87283469affffff,Manufacturing,22.425
87283469affffff,Professional Service,54.317
87283469affffff,Public Administration,38.31
87283469affffff,Real Estate,10.916
87283469affffff,Retail,87.798
87283469affffff,Transportation,68.147
87283469affffff,Wholesale,25.316
87283469bffffff,Art/Culture,18.099
87283469bffffff,Business Support,7.94
87283469bffffff,Construction,48.321
87283469bffffff,Corporate,0.078
87283469bffffff,Education,110.35
87283469bffffff,Energy,7.134
87283469bffffff,Financial,5.501
87283469bffffff,Health,211.355
87283469bffffff,Hospitality,30.44
87283469bffffff,Information,2.622
87283469bffffff,Manufacturing,25.553
87283469bffffff,Professional Service,19.962
87283469bffffff,Public Administration,9.914
87283469bffffff,Real Estate,6.745
87283469bffffff,Retail,18.789
87283469bffffff,Transportation,18.402
87283469bffffff,Wholesale,6.91
8728346acffffff,Art/Culture,6.158
8728346acffffff,Business Support,0.614
8728346acffffff,Construction,8.078
8728346acffffff,Corporate,0.09
8728346acffffff,Education,9.868
8728346acffffff,Energy,1.781
8728346acffffff,Financial,0.466
8728346acffffff,Health,19.815
8728346acffffff,Hospitality,13.592
8728346acffffff,Information,0.79
8728346acffffff,Manufacturing,2.559
8728346acffffff,Professional Service,4.104
8728346acffffff,Public Administration,0.764
8728346acffffff,Real Estate,0.359
8728346acffffff,Retail,6.674
8728346acffffff,Transportation,2.834
8728346acffffff,Wholesale,1.25
8728346c9ffffff,Art/Culture,0.021
8728346c9ffffff,Business Support,0.007
8728346c9ffffff,Construction,0.077
8728346c9ffffff,Education,0.049
8728346c9ffffff,Energy,0.002
8728346c9ffffff,Financial,0.001
8728346c9ffffff,Health,0.089
8728346c9ffffff,Hospitality,0.033
8728346c9ffffff,Manufacturing,0.006
8728346c9ffffff,Professional Service,0.007
8728346c9ffffff,Public Administration,0.003
8728346c9ffffff,Real Estate,0.002
8728346c9ffffff,Retail,0.007
8728346c9ffffff,Transportation,0.01
8728346c9ffffff,Wholesale,0.003
8728346ccffffff,Art/Culture,0.762
8728346ccffffff,Business Support,2.221
8728346ccffffff,Construction,17.224
8728346ccffffff,Education,15.963
8728346ccffffff,Energy,0.065
8728346ccffffff,Financial,0.439
8728346ccffffff,Health,34.25
8728346ccffffff,Hospitality,13.337
8728346ccffffff,Information,1.687
8728346ccffffff,Manufacturing,5.974
8728346ccffffff,Professional Service,10.479
8728346ccffffff,Public Administration,4.45
8728346ccffffff,Real Estate,5.649
8728346ccffffff,Retail,2.794
8728346ccffffff,Transportation,1.854
8728346ccffffff,Wholesale,11.325
8728346cdffffff,Art/Culture,0.209
8728346cdffffff,Business Support,0.558
8728346cdffffff,Construction,1.906
8728346cdffffff,Corporate,0.002
8728346cdffffff,Education,3.727
8728346cdffffff,Energy,0.039
8728346cdffffff,Financial,0.007
8728346cdffffff,Health,9.75
8728346cdffffff,Hospitality,2.792
8728346cdffffff,Information,0.574
8728346cdffffff,Manufacturing,0.947
8728346cdffffff,Professional Service,1.923
8728346cdffffff,Public Administration,0.804
8728346cdffffff,Real Estate,0.256
8728346cdffffff,Retail,1.491
8728346cdffffff,Transportation,0.854
8728346cdffffff,Wholesale,4.339
8728346ceffffff,Art/Culture,22.79
8728346ceffffff,Business Support,18.193
8728346ceffffff,Construction,60.456
8728346ceffffff,Corporate,0.315
8728346ceffffff,Education,80.6
8728346ceffffff,Energy,5.818
8728346ceffffff,Financial,1.722
8728346ceffffff,Health,165.168
8728346ceffffff,Hospitality,93.127
8728346ceffffff,Information,1.697
8728346ceffffff,Manufacturing,25.774
8728346ceffffff,Professional Service,11.934
8728346ceffffff,Public Administration,19.156
8728346ceffffff,Real Estate,7.752
8728346ceffffff,Retail,24.724
8728346ceffffff,Transportation,13.708
8728346ceffffff,Wholesale,18.926
8728346d0ffffff,Art/Culture,110.154
8728346d0ffffff,Business Support,417.506
8728346d0ffffff,Construction,252.994
8728346d0ffffff,Corporate,29.791
8728346d0ffffff,Education,197.04
8728346d0ffffff,Energy,53.536
8728346d0ffffff,Financial,233.021
8728346d0ffffff,Health,298.681
8728346d0ffffff,Hospitality,341.623
8728346d0ffffff,Information,169.854
8728346d0ffffff,Manufacturing,428.251
8728346d0ffffff,Professional Service,724.729
8728346d0ffffff,Public Administration,111.939
8728346d0ffffff,Real Estate,231.455
8728346d0ffffff,Retail,290.641
8728346d0ffffff,Transportation,317.698
8728346d0ffffff,Wholesale,156.766
8728346d2ffffff,Art/Culture,131.048
8728346d2ffffff,Business Support,830.211
8728346d2ffffff,Construction,340.954
8728346d2ffffff,Corporate,60.894
8728346d2ffffff,Education,772.705
8728346d2ffffff,Energy,72.801
8728346d2ffffff,Financial,464.472
8728346d2ffffff,Health,1407.044
8728346d2ffffff,Hospitality,498.578
8728346d2ffffff,Information,320.211
8728346d2ffffff,Manufacturing,865.206
8728346d2ffffff,Professional Service,1337.057
8728346d2ffffff,Public Administration,183.227
8728346d2ffffff,Real Estate,392.703
8728346d2ffffff,Retail,424.795
8728346d2ffffff,Transportation,349.722
8728346d2ffffff,Wholesale,156.271
8728346d3ffffff,Art/Culture,77.854
8728346d3ffffff,Business Support,486.588
8728346d3ffffff,Construction,207.252
8728346d3ffffff,Corporate,33.752
8728346d3ffffff,Education,217.967
8728346d3ffffff,Energy,72.438
8728346d3ffffff,Financial,305.254
8728346d3ffffff,Health,329.931
8728346d3ffffff,Hospitality,302.966
8728346d3ffffff,Information,231.116
8728346d3ffffff,Manufacturing,453.048
8728346d3ffffff,Professional Service,926.219
8728346d3ffffff,Public Administration,65.757
8728346d3ffffff,Real Estate,292.415
8728346d3ffffff,Retail,370.233
8728346d3ffffff,Transportation,434.284
8728346d3ffffff,Wholesale,218.999
8728346d5ffffff,Art/Culture,53.651
8728346d5ffffff,Business Support,5.086
8728346d5ffffff,Construction,135.238
8728346d5ffffff,Corporate,2.302
8728346d5ffffff,Education,32.355
8728346d5ffffff,Energy,28.792
8728346d5ffffff,Financial,2.562
8728346d5ffffff,Health,33.838
8728346d5ffffff,Hospitality,104.272
8728346d5ffffff,Information,4.892
8728346d5ffffff,Manufacturing,11.377
8728346d5ffffff,Professional Service,13.256
8728346d5ffffff,Public Administration,8.283
8728346d5ffffff,Real Estate,3.47
8728346d5ffffff,Retail,61.075
8728346d5ffffff,Transportation,28.677
8728346d5ffffff,Wholesale,15.357
8728346d6ffffff,Art/Culture,105.989
8728346d6ffffff,Business Support,187.917
8728346d6ffffff,Construction,184.522
8728346d6ffffff,Corporate,5.003
8728346d6ffffff,Education,136.686
8728346d6ffffff,Energy,13.289
8728346d6ffffff,Financial,72.946
8728346d6ffffff,Health,249.014
8728346d6ffffff,Hospitality,245.164
8728346d6ffffff,Information,43.357
8728346d6ffffff,Manufacturing,241.54
8728346d6ffffff,Professional Service,248.238
8728346d6ffffff,Public Administration,124.507
8728346d6ffffff,Real Estate,90.421
8728346d6ffffff,Retail,122.621
8728346d6ffffff,Transportation,109.6
8728346d6ffffff,Wholesale,51.119
8728346d9ffffff,Art/Culture,12.876
8728346d9ffffff,Business Support,8.696
8728346d9ffffff,Construction,46.433
8728346d9ffffff,Corporate,1.648
8728346d9ffffff,Education,78.809
8728346d9ffffff,Energy,6.769
8728346d9ffffff,Financial,5.914
8728346d9ffffff,Health,85.702
8728346d9ffffff,Hospitality,55.089
8728346d9ffffff,Information,2.588
8728346d9ffffff,Manufacturing,11.857
8728346d9ffffff,Professional Service,18.026
8728346d9ffffff,Public Administration,8.973
8728346d9ffffff,Real Estate,10.945
8728346d9ffffff,Retail,40.869
8728346d9ffffff,Transportation,35.513
8728346d9ffffff,Wholesale,4.761
8728346deffffff,Art/Culture,36.927
8728346deffffff,Business Support,53.622
8728346deffffff,Construction,491.118
8728346deffffff,Corporate,2.117
8728346deffffff,Education,108.372
8728346deffffff,Energy,16.573
8728346deffffff,Financial,32.76
8728346deffffff,Health,146.035
8728346deffffff,Hospitality,50.515
8728346deffffff,Information,37.52
8728346deffffff,Manufacturing,42.639
8728346deffffff,Professional Service,101.163
8728346deffffff,Public Administration,14.019
8728346deffffff,Real Estate,20.917
8728346deffffff,Retail,71.531
8728346deffffff,Transportation,57.508
8728346deffffff,Wholesale,25.194
8728346e0ffffff,Art/Culture,9.453
8728346e0ffffff,Business Support,69.71
8728346e0ffffff,Construction,84.957
8728346e0ffffff,Corporate,2.044
8728346e0ffffff,Education,58.222
8728346e0ffffff,Energy,8.264
8728346e0ffffff,Financial,26.111
8728346e0ffffff,Health,157.126
8728346e0ffffff,Hospitality,81.084
8728346e0ffffff,Information,23.338
8728346e0ffffff,Manufacturing,293.517
8728346e0ffffff,Professional Service,123.386
8728346e0ffffff,Public Administration,14.243
8728346e0ffffff,Real Estate,19.043
8728346e0ffffff,Retail,31.043
8728346e0ffffff,Transportation,70.04
8728346e0ffffff,Wholesale,42.937
8728346e1ffffff,Art/Culture,56.232
8728346e1ffffff,Business Support,455.616
8728346e1ffffff,Construction,779.611
8728346e1ffffff,Corporate,17.787
8728346e1ffffff,Education,210.746
8728346e1ffffff,Energy,106.999
8728346e1ffffff,Financial,117.843
8728346e1ffffff,Health,487.343
8728346e1ffffff,Hospitality,669.588
8728346e1ffffff,Information,86.191
8728346e1ffffff,Manufacturing,2454.909
8728346e1ffffff,Professional Service,353.187
8728346e1ffffff,Public Administration,116.504
8728346e1ffffff,Real Estate,121.554
8728346e1ffffff,Retail,518.479
8728346e1ffffff,Transportation,987.613
8728346e1ffffff,Wholesale,441.102
8728346e4ffffff,Art/Culture,31.919
8728346e4ffffff,Business Support,84.221
8728346e4ffffff,Construction,59.737
8728346e4ffffff,Corporate,1.08
8728346e4ffffff,Education,92.907
8728346e4ffffff,Energy,6.456
8728346e4ffffff,Financial,39.105
8728346e4ffffff,Health,246.302
8728346e4ffffff,Hospitality,196.08
8728346e4ffffff,Information,40.847
8728346e4ffffff,Manufacturing,220.922
8728346e4ffffff,Professional Service,188.312
8728346e4ffffff,Public Administration,44.808
8728346e4ffffff,Real Estate,21.08
8728346e4ffffff,Retail,83.921
8728346e4ffffff,Transportation,94.78
8728346e4ffffff,Wholesale,46.527
8728346e5ffffff,Art/Culture,32.776
8728346e5ffffff,Business Support,220.503
8728346e5ffffff,Construction,253.029
8728346e5ffffff,Corporate,8.379
8728346e5ffffff,Education,241.96
8728346e5ffffff,Energy,16.533
8728346e5ffffff,Financial,68.984
8728346e5ffffff,Health,548.707
8728346e5ffffff,Hospitality,195.5
8728346e5ffffff,Information,45.678
8728346e5ffffff,Manufacturing,769.895
8728346e5ffffff,Professional Service,316.876
8728346e5ffffff,Public Administration,54.839
8728346e5ffffff,Real Estate,68.846
8728346e5ffffff,Retail,192.672
8728346e5ffffff,Transportation,242.914
8728346e5ffffff,Wholesale,85.385
8728346e8ffffff,Art/Culture,10.446
8728346e8ffffff,Business Support,67.039
8728346e8ffffff,Construction,135.97
8728346e8ffffff,Corporate,0.248
8728346e8ffffff,Education,101.503
8728346e8ffffff,Energy,6.466
8728346e8ffffff,Financial,6.694
8728346e8ffffff,Health,198.836
8728346e8ffffff,Hospitality,150.145
8728346e8ffffff,Information,3.0
8728346e8ffffff,Manufacturing,93.009
8728346e8ffffff,Professional Service,24.279
8728346e8ffffff,Public Administration,17.711
8728346e8ffffff,Real Estate,13.197
8728346e8ffffff,Retail,59.852
8728346e8ffffff,Transportation,57.495
8728346e8ffffff,Wholesale,42.296
8728346e9ffffff,Art/Culture,30.361
8728346e9ffffff,Business Support,116.165
8728346e9ffffff,Construction,203.936
8728346e9ffffff,Education,70.645
8728346e9ffffff,Energy,14.452
8728346e9ffffff,Financial,21.644
8728346e9ffffff,Health,276.453
8728346e9ffffff,Hospitality,103.371
8728346e9ffffff,Information,20.981
8728346e9ffffff,Manufacturing,141.583
8728346e9ffffff,Professional Service,47.809
8728346e9ffffff,Public Administration,58.69
8728346e9ffffff,Real Estate,31.712
8728346e9ffffff,Retail,86.675
8728346e9ffffff,Transportation,117.139
8728346e9ffffff,Wholesale,47.258
8728346eaffffff,Art/Culture,24.103
8728346eaffffff,Business Support,13.036
8728346eaffffff,Construction,38.506
8728346eaffffff,Corporate,0.055
8728346eaffffff,Education,331.703
8728346eaffffff,Energy,0.762
8728346eaffffff,Financial,0.551
8728346eaffffff,Health,600.421
8728346eaffffff,Hospitality,114.594
8728346eaffffff,Information,5.641
8728346eaffffff,Manufacturing,25.022
8728346eaffffff,Professional Service,22.354
8728346eaffffff,Public Administration,18.96
8728346eaffffff,Real Estate,11.325
8728346eaffffff,Retail,5.326
8728346eaffffff,Transportation,22.992
8728346eaffffff,Wholesale,12.069
8728346ebffffff,Art/Culture,10.349
8728346ebffffff,Business Support,23.735
8728346ebffffff,Construction,56.783
8728346ebffffff,Education,171.541
8728346ebffffff,Energy,1.256
8728346ebffffff,Financial,0.48
8728346ebffffff,Health,364.525
8728346ebffffff,Hospitality,72.665
8728346ebffffff,Information,12.172
8728346ebffffff,Manufacturing,30.026
8728346ebffffff,Professional Service,36.97
8728346ebffffff,Public Administration,34.328
8728346ebffffff,Real Estate,5.494
8728346ebffffff,Retail,46.802
8728346ebffffff,Transportation,34.533
8728346ebffffff,Wholesale,93.517
8728346edffffff,Art/Culture,11.635
8728346edffffff,Business Support,48.978
8728346edffffff,Construction,46.479
8728346edffffff,Corporate,1.157
8728346edffffff,Education,36.368
8728346edffffff,Energy,3.274
8728346edffffff,Financial,7.906
8728346edffffff,Health,129.989
8728346edffffff,Hospitality,56.697
8728346edffffff,Information,3.697
8728346edffffff,Manufacturing,82.746
8728346edffffff,Professional Service,25.48
8728346edffffff,Public Administration,8.342
8728346edffffff,Real Estate,7.671
8728346edffffff,Retail,50.352
8728346edffffff,Transportation,54.432
8728346edffffff,Wholesale,21.05
8728346eeffffff,Art/Culture,5.071
8728346eeffffff,Business Support,36.975
8728346eeffffff,Construction,43.124
8728346eeffffff,Corporate,0.564
8728346eeffffff,Education,37.464
8728346eeffffff,Energy,2.759
8728346eeffffff,Financial,2.424
8728346eeffffff,Health,128.188
8728346eeffffff,Hospitality,84.881
8728346eeffffff,Information,1.568
8728346eeffffff,Manufacturing,50.305
8728346eeffffff,Professional Service,20.998
8728346eeffffff,Public Administration,7.657
8728346eeffffff,Real Estate,3.204
8728346eeffffff,Retail,29.113
8728346eeffffff,Transportation,17.043
8728346eeffffff,Wholesale,13.385
8728346f1ffffff,Art/Culture,0.693
8728346f1ffffff,Business Support,3.654
8728346f1ffffff,Construction,4.217
8728346f1ffffff,Corporate,0.06
8728346f1ffffff,Education,4.037
8728346f1ffffff,Energy,0.084
8728346f1ffffff,Financial,0.191
8728346f1ffffff,Health,13.591
8728346f1ffffff,Hospitality,9.28
8728346f1ffffff,Information,0.119
8728346f1ffffff,Manufacturing,4.86
8728346f1ffffff,Professional Service,2.149
8728346f1ffffff,Public Administration,0.849
8728346f1ffffff,Real Estate,0.299
8728346f1ffffff,Retail,2.735
8728346f1ffffff,Transportation,1.29
8728346f1ffffff,Wholesale,1.482
8728346f4ffffff,Art/Culture,1.052
8728346f4ffffff,Business Support,7.478
8728346f4ffffff,Construction,7.903
8728346f4ffffff,Corporate,0.362
8728346f4ffffff,Education,19.733
8728346f4ffffff,Energy,0.999
8728346f4ffffff,Financial,3.565
8728346f4ffffff,Health,43.715
8728346f4ffffff,Hospitality,6.264
8728346f4ffffff,Information,3.086
8728346f4ffffff,Manufacturing,24.476
8728346f4ffffff,Professional Service,17.274
8728346f4ffffff,Public Administration,2.073
8728346f4ffffff,Real Estate,1.767
8728346f4ffffff,Retail,2.87
8728346f4ffffff,Transportation,6.115
8728346f4ffffff,Wholesale,3.895
872834700ffffff,Art/Culture,74.72
872834700ffffff,Business Support,44.248
872834700ffffff,Construction,63.249
872834700ffffff,Corporate,0.607
872834700ffffff,Education,334.205
872834700ffffff,Energy,7.846
872834700ffffff,Financial,20.962
872834700ffffff,Health,454.966
872834700ffffff,Hospitality,281.529
872834700ffffff,Information,23.88
872834700ffffff,Manufacturing,68.401
872834700ffffff,Professional Service,60.105
872834700ffffff,Public Administration,66.849
872834700ffffff,Real Estate,18.754
872834700ffffff,Retail,99.796
872834700ffffff,Transportation,55.244
872834700ffffff,Wholesale,24.321
872834701ffffff,Art/Culture,85.488
872834701ffffff,Business Support,29.44
872834701ffffff,Construction,136.608
872834701ffffff,Corporate,1.001
872834701ffffff,Education,289.699
872834701ffffff,Energy,7.997
872834701ffffff,Financial,16.088
872834701ffffff,Health,412.151
872834701ffffff,Hospitality,370.278
872834701ffffff,Information,33.788
872834701ffffff,Manufacturing,52.273
872834701ffffff,Professional Service,143.084
872834701ffffff,Public Administration,30.736
872834701ffffff,Real Estate,21.44
872834701ffffff,Retail,115.341
872834701ffffff,Transportation,134.155
872834701ffffff,Wholesale,57.402
872834702ffffff,Art/Culture,67.313
872834702ffffff,Business Support,502.119
872834702ffffff,Construction,888.734
872834702ffffff,Corporate,22.092
872834702ffffff,Education,116.664
872834702ffffff,Energy,38.583
872834702ffffff,Financial,192.641
872834702ffffff,Health,200.353
872834702ffffff,Hospitality,280.072
872834702ffffff,Information,291.38
872834702ffffff,Manufacturing,3263.995
872834702ffffff,Professional Service,961.673
872834702ffffff,Public Administration,127.259
872834702ffffff,Real Estate,192.995
872834702ffffff,Retail,377.295
872834702ffffff,Transportation,202.777
872834702ffffff,Wholesale,128.621
872834703ffffff,Art/Culture,70.899
872834703ffffff,Business Support,394.516
872834703ffffff,Construction,669.831
872834703ffffff,Corporate,18.699
872834703ffffff,Education,240.344
872834703ffffff,Energy,30.807
872834703ffffff,Financial,158.946
872834703ffffff,Health,403.577
872834703ffffff,Hospitality,348.95
872834703ffffff,Information,238.237
872834703ffffff,Manufacturing,2482.2
872834703ffffff,Professional Service,807.586
872834703ffffff,Public Administration,99.625
872834703ffffff,Real Estate,154.085
872834703ffffff,Retail,298.996
872834703ffffff,Transportation,172.724
872834703ffffff,Wholesale,110.27
872834704ffffff,Art/Culture,65.67
872834704ffffff,Business Support,111.227
872834704ffffff,Construction,140.701
872834704ffffff,Corporate,6.365
872834704ffffff,Education,411.389
872834704ffffff,Energy,36.696
872834704ffffff,Financial,65.297
872834704ffffff,Health,605.142
872834704ffffff,Hospitality,345.425
872834704ffffff,Information,89.055
872834704ffffff,Manufacturing,66.61
872834704ffffff,Professional Service,287.779
872834704ffffff,Public Administration,146.388
872834704ffffff,Real Estate,57.876
872834704ffffff,Retail,275.856
872834704ffffff,Transportation,304.325
872834704ffffff,Wholesale,160.829
872834705ffffff,Art/Culture,82.804
872834705ffffff,Business Support,129.252
872834705ffffff,Construction,271.901
872834705ffffff,Corporate,7.701
872834705ffffff,Education,1365.363
872834705ffffff,Energy,22.476
872834705ffffff,Financial,54.483
872834705ffffff,Health,2078.565
872834705ffffff,Hospitality,228.633
872834705ffffff,Information,102.154
872834705ffffff,Manufacturing,7367.05
872834705ffffff,Professional Service,372.584
872834705ffffff,Public Administration,48.149
872834705ffffff,Real Estate,61.001
872834705ffffff,Retail,275.282
872834705ffffff,Transportation,115.394
872834705ffffff,Wholesale,98.277
872834706ffffff,Art/Culture,31.779
872834706ffffff,Business Support,23.314
872834706ffffff,Construction,84.179
872834706ffffff,Corporate,1.616
872834706ffffff,Education,183.355
872834706ffffff,Energy,13.392
872834706ffffff,Financial,12.465
872834706ffffff,Health,301.297
872834706ffffff,Hospitality,106.11
872834706ffffff,Information,11.62
872834706ffffff,Manufacturing,21.698
872834706ffffff,Professional Service,62.02
872834706ffffff,Public Administration,32.935
872834706ffffff,Real Estate,50.404
872834706ffffff,Retail,111.114
872834706ffffff,Transportation,76.726
872834706ffffff,Wholesale,38.865
872834708ffffff,Art/Culture,64.582
872834708ffffff,Business Support,806.626
872834708ffffff,Construction,194.607
872834708ffffff,Corporate,16.944
872834708ffffff,Education,210.283
872834708ffffff,Energy,21.183
872834708ffffff,Financial,188.473
872834708ffffff,Health,333.005
872834708ffffff,Hospitality,333.83
872834708ffffff,Information,384.297
872834708ffffff,Manufacturing,1425.399
872834708ffffff,Professional Service,1205.587
872834708ffffff,Public Administration,102.101
872834708ffffff,Real Estate,340.761
872834708ffffff,Retail,414.165
872834708ffffff,Transportation,167.641
872834708ffffff,Wholesale,100.666
872834709ffffff,Art/Culture,72.819
872834709ffffff,Business Support,1167.074
872834709ffffff,Construction,305.014
872834709ffffff,Corporate,50.359
872834709ffffff,Education,258.4
872834709ffffff,Energy,36.074
872834709ffffff,Financial,536.182
872834709ffffff,Health,319.922
872834709ffffff,Hospitality,228.307
872834709ffffff,Information,1044.801
872834709ffffff,Manufacturing,1970.543
872834709ffffff,Professional Service,3011.467
872834709ffffff,Public Administration,81.691
872834709ffffff,Real Estate,448.942
872834709ffffff,Retail,499.772
872834709ffffff,Transportation,303.926
872834709ffffff,Wholesale,139.044
87283470affffff,Art/Culture,33.745
87283470affffff,Business Support,118.464
87283470affffff,Construction,173.617
87283470affffff,Corporate,3.004
87283470affffff,Education,66.831
87283470affffff,Energy,8.094
87283470affffff,Financial,44.444
87283470affffff,Health,120.668
87283470affffff,Hospitality,104.068
87283470affffff,Information,63.326
87283470affffff,Manufacturing,631.615
87283470affffff,Professional Service,193.875
87283470affffff,Public Administration,42.844
87283470affffff,Real Estate,73.568
87283470affffff,Retail,185.964
87283470affffff,Transportation,115.574
87283470affffff,Wholesale,75.999
87283470cffffff,Art/Culture,139.743
87283470cffffff,Business Support,150.618
87283470cffffff,Construction,149.991
87283470cffffff,Corporate,5.983
87283470cffffff,Education,518.221
87283470cffffff,Energy,27.078
87283470cffffff,Financial,84.013
87283470cffffff,Health,756.082
87283470cffffff,Hospitality,401.351
87283470cffffff,Information,184.15
87283470cffffff,Manufacturing,358.787
87283470cffffff,Professional Service,565.686
87283470cffffff,Public Administration,143.922
87283470cffffff,Real Estate,145.427
87283470cffffff,Retail,436.781
87283470cffffff,Transportation,286.918
87283470cffffff,Wholesale,173.708
87283470dffffff,Art/Culture,60.781
87283470dffffff,Business Support,134.273
87283470dffffff,Construction,90.113
87283470dffffff,Corporate,4.813
87283470dffffff,Education,542.456
87283470dffffff,Energy,18.851
87283470dffffff,Financial,51.777
87283470dffffff,Health,786.465
87283470dffffff,Hospitality,281.345
87283470dffffff,Information,133.456
87283470dffffff,Manufacturing,364.372
87283470dffffff,Professional Service,395.5
87283470dffffff,Public Administration,153.514
87283470dffffff,Real Estate,42.452
87283470dffffff,Retail,242.56
87283470dffffff,Transportation,129.189
87283470dffffff,Wholesale,86.233
87283470effffff,Art/Culture,89.934
87283470effffff,Business Support,342.621
87283470effffff,Construction,557.547
87283470effffff,Corporate,42.837
87283470effffff,Education,444.874
87283470effffff,Energy,54.746
87283470effffff,Financial,349.066
87283470effffff,Health,654.5
87283470effffff,Hospitality,398.408
87283470effffff,Information,556.11
87283470effffff,Manufacturing,4435.415
87283470effffff,Professional Service,1907.12
87283470effffff,Public Administration,81.249
87283470effffff,Real Estate,165.879
87283470effffff,Retail,694.711
87283470effffff,Transportation,348.889
87283470effffff,Wholesale,236.191
872834711ffffff,Art/Culture,113.308
872834711ffffff,Business Support,758.466
872834711ffffff,Construction,1400.232
872834711ffffff,Corporate,25.094
872834711ffffff,Education,809.834
872834711ffffff,Energy,58.957
872834711ffffff,Financial,299.213
872834711ffffff,Health,1068.523
872834711ffffff,Hospitality,517.176
872834711ffffff,Information,440.657
872834711ffffff,Manufacturing,3708.72
872834711ffffff,Professional Service,1385.016
872834711ffffff,Public Administration,221.104
872834711ffffff,Real Estate,290.324
872834711ffffff,Retail,676.138
872834711ffffff,Transportation,410.548
872834711ffffff,Wholesale,246.227
872834712ffffff,Art/Culture,38.913
872834712ffffff,Business Support,195.669
872834712ffffff,Construction,683.763
872834712ffffff,Corporate,4.66
872834712ffffff,Education,231.679
872834712ffffff,Energy,16.707
872834712ffffff,Financial,52.011
872834712ffffff,Health,447.595
872834712ffffff,Hospitality,159.763
872834712ffffff,Information,60.067
872834712ffffff,Manufacturing,644.269
872834712ffffff,Professional Service,215.519
872834712ffffff,Public Administration,64.455
872834712ffffff,Real Estate,62.534
872834712ffffff,Retail,169.415
872834712ffffff,Transportation,149.477
872834712ffffff,Wholesale,85.935
872834713ffffff,Art/Culture,77.489
872834713ffffff,Business Support,724.134
872834713ffffff,Construction,1483.268
872834713ffffff,Corporate,24.292
872834713ffffff,Education,391.297
872834713ffffff,Energy,63.348
872834713ffffff,Financial,256.787
872834713ffffff,Health,669.753
872834713ffffff,Hospitality,352.947
872834713ffffff,Information,382.196
872834713ffffff,Manufacturing,4573.486
872834713ffffff,Professional Service,1214.175
872834713ffffff,Public Administration,175.81
872834713ffffff,Real Estate,257.872
872834713ffffff,Retail,756.475
872834713ffffff,Transportation,509.464
872834713ffffff,Wholesale,313.271
872834714ffffff,Art/Culture,18.151
872834714ffffff,Business Support,10.385
872834714ffffff,Construction,24.215
872834714ffffff,Corporate,0.112
872834714ffffff,Education,35.22
872834714ffffff,Energy,1.245
872834714ffffff,Financial,3.636
872834714ffffff,Health,45.762
872834714ffffff,Hospitality,37.773
872834714ffffff,Information,2.271
872834714ffffff,Manufacturing,8.151
872834714ffffff,Professional Service,17.704
872834714ffffff,Public Administration,14.018
872834714ffffff,Real Estate,6.596
872834714ffffff,Retail,27.947
872834714ffffff,Transportation,17.972
872834714ffffff,Wholesale,9.139
872834716ffffff,Art/Culture,40.656
872834716ffffff,Business Support,77.561
872834716ffffff,Construction,852.103
872834716ffffff,Corporate,0.798
872834716ffffff,Education,181.184
872834716ffffff,Energy,15.603
872834716ffffff,Financial,19.794
872834716ffffff,Health,310.27
872834716ffffff,Hospitality,135.037
872834716ffffff,Information,20.034
872834716ffffff,Manufacturing,282.295
872834716ffffff,Professional Service,95.503
872834716ffffff,Public Administration,79.73
872834716ffffff,Real Estate,30.335
872834716ffffff,Retail,130.973
872834716ffffff,Transportation,118.848
872834716ffffff,Wholesale,76.807
872834718ffffff,Art/Culture,141.242
872834718ffffff,Business Support,613.558
872834718ffffff,Construction,270.84
872834718ffffff,Corporate,31.683
872834718ffffff,Education,230.984
872834718ffffff,Energy,51.989
872834718ffffff,Financial,327.793
872834718ffffff,Health,354.325
872834718ffffff,Hospitality,586.683
872834718ffffff,Information,524.691
872834718ffffff,Manufacturing,6286.145
872834718ffffff,Professional Service,1922.054
872834718ffffff,Public Administration,43.685
872834718ffffff,Real Estate,234.826
872834718ffffff,Retail,706.31
872834718ffffff,Transportation,298.329
872834718ffffff,Wholesale,192.621
872834719ffffff,Art/Culture,490.653
872834719ffffff,Business Support,1384.873
872834719ffffff,Construction,869.478
872834719ffffff,Corporate,68.859
872834719ffffff,Education,346.187
872834719ffffff,Energy,73.843
872834719ffffff,Financial,660.256
872834719ffffff,Health,498.758
872834719ffffff,Hospitality,2048.182
872834719ffffff,Information,1020.247
872834719ffffff,Manufacturing,7648.416
872834719ffffff,Professional Service,3270.9
872834719ffffff,Public Administration,115.921
872834719ffffff,Real Estate,521.587
872834719ffffff,Retail,597.426
872834719ffffff,Transportation,425.062
872834719ffffff,Wholesale,244.36
87283471affffff,Art/Culture,50.979
87283471affffff,Business Support,574.334
87283471affffff,Construction,558.649
87283471affffff,Corporate,18.407
87283471affffff,Education,176.096
87283471affffff,Energy,43.464
87283471affffff,Financial,254.599
87283471affffff,Health,274.414
87283471affffff,Hospitality,304.483
87283471affffff,Information,411.164
87283471affffff,Manufacturing,3728.776
87283471affffff,Professional Service,1292.561
87283471affffff,Public Administration,80.697
87283471affffff,Real Estate,209.398
87283471affffff,Retail,639.449
87283471affffff,Transportation,372.561
87283471affffff,Wholesale,213.996
87283471cffffff,Art/Culture,110.318
87283471cffffff,Business Support,566.018
87283471cffffff,Construction,1750.253
87283471cffffff,Corporate,22.648
87283471cffffff,Education,238.616
87283471cffffff,Energy,50.43
87283471cffffff,Financial,231.672
87283471cffffff,Health,462.758
87283471cffffff,Hospitality,490.853
87283471cffffff,Information,395.813
87283471cffffff,Manufacturing,4590.925
87283471cffffff,Professional Service,1244.39
87283471cffffff,Public Administration,159.873
87283471cffffff,Real Estate,223.216
87283471cffffff,Retail,445.463
87283471cffffff,Transportation,301.68
87283471cffffff,Wholesale,181.944
87283471effffff,Art/Culture,79.108
87283471effffff,Business Support,901.854
87283471effffff,Construction,1175.169
87283471effffff,Corporate,30.426
87283471effffff,Education,234.693
87283471effffff,Energy,75.658
87283471effffff,Financial,377.62
87283471effffff,Health,405.604
87283471effffff,Hospitality,405.797
87283471effffff,Information,592.762
87283471effffff,Manufacturing,5507.375
87283471effffff,Professional Service,1864.793
87283471effffff,Public Administration,130.651
87283471effffff,Real Estate,345.527
87283471effffff,Retail,893.77
87283471effffff,Transportation,532.573
87283471effffff,Wholesale,330.431
872834720ffffff,Art/Culture,26.088
872834720ffffff,Business Support,47.474
872834720ffffff,Construction,108.691
872834720ffffff,Corporate,1.773
872834720ffffff,Education,299.027
872834720ffffff,Energy,12.216
872834720ffffff,Financial,27.402
872834720ffffff,Health,415.371
872834720ffffff,Hospitality,270.031
872834720ffffff,Information,38.812
872834720ffffff,Manufacturing,49.723
872834720ffffff,Professional Service,139.398
872834720ffffff,Public Administration,45.481
872834720ffffff,Real Estate,29.142
872834720ffffff,Retail,168.247
872834720ffffff,Transportation,81.742
872834720ffffff,Wholesale,60.522
872834721ffffff,Art/Culture,26.867
872834721ffffff,Business Support,39.669
872834721ffffff,Construction,68.174
872834721ffffff,Corporate,0.823
872834721ffffff,Education,201.478
872834721ffffff,Energy,4.94
872834721ffffff,Financial,25.404
872834721ffffff,Health,322.799
872834721ffffff,Hospitality,154.359
872834721ffffff,Information,49.74
872834721ffffff,Manufacturing,30.261
872834721ffffff,Professional Service,174.11
872834721ffffff,Public Administration,22.633
872834721ffffff,Real Estate,27.608
872834721ffffff,Retail,56.684
872834721ffffff,Transportation,45.729
872834721ffffff,Wholesale,26.687
872834722ffffff,Art/Culture,52.856
872834722ffffff,Business Support,98.642
872834722ffffff,Construction,164.711
872834722ffffff,Corporate,1.906
872834722ffffff,Education,412.477
872834722ffffff,Energy,19.073
872834722ffffff,Financial,38.116
872834722ffffff,Health,637.428
872834722ffffff,Hospitality,309.694
872834722ffffff,Information,56.878
872834722ffffff,Manufacturing,46.535
872834722ffffff,Professional Service,192.003
872834722ffffff,Public Administration,56.974
872834722ffffff,Real Estate,30.071
872834722ffffff,Retail,253.561
872834722ffffff,Transportation,117.831
872834722ffffff,Wholesale,80.751
872834723ffffff,Art/Culture,21.983
872834723ffffff,Business Support,76.439
872834723ffffff,Construction,117.107
872834723ffffff,Corporate,6.062
872834723ffffff,Education,343.886
872834723ffffff,Energy,9.181
872834723ffffff,Financial,26.613
872834723ffffff,Health,510.961
872834723ffffff,Hospitality,176.266
872834723ffffff,Information,51.259
872834723ffffff,Manufacturing,56.954
872834723ffffff,Professional Service,177.083
872834723ffffff,Public Administration,30.218
872834723ffffff,Real Estate,32.728
872834723ffffff,Retail,96.768
872834723ffffff,Transportation,75.936
872834723ffffff,Wholesale,33.645
872834724ffffff,Art/Culture,42.006
872834724ffffff,Business Support,27.505
872834724ffffff,Construction,144.386
872834724ffffff,Corporate,2.601
872834724ffffff,Education,323.264
872834724ffffff,Energy,2.636
872834724ffffff,Financial,10.26
872834724ffffff,Health,547.39
872834724ffffff,Hospitality,170.964
872834724ffffff,Information,30.781
872834724ffffff,Manufacturing,45.028
872834724ffffff,Professional Service,65.96
872834724ffffff,Public Administration,48.024
872834724ffffff,Real Estate,19.235
872834724ffffff,Retail,54.171
872834724ffffff,Transportation,18.887
872834724ffffff,Wholesale,19.837
872834725ffffff,Art/Culture,2.736
872834725ffffff,Business Support,3.425
872834725ffffff,Construction,21.655
872834725ffffff,Corporate,0.339
872834725ffffff,Education,63.44
872834725ffffff,Energy,0.292
872834725ffffff,Financial,1.472
872834725ffffff,Health,99.417
872834725ffffff,Hospitality,13.384
872834725ffffff,Information,4.017
872834725ffffff,Manufacturing,4.267
872834725ffffff,Professional Service,13.975
872834725ffffff,Public Administration,6.487
872834725ffffff,Real Estate,3.847
872834725ffffff,Retail,3.748
872834725ffffff,Transportation,1.624
872834725ffffff,Wholesale,1.921
872834726ffffff,Art/Culture,19.096
872834726ffffff,Business Support,20.79
872834726ffffff,Construction,222.336
872834726ffffff,Corporate,0.127
872834726ffffff,Education,192.434
872834726ffffff,Energy,15.762
872834726ffffff,Financial,13.929
872834726ffffff,Health,269.368
872834726ffffff,Hospitality,202.858
872834726ffffff,Information,17.421
872834726ffffff,Manufacturing,49.733
872834726ffffff,Professional Service,73.238
872834726ffffff,Public Administration,36.673
872834726ffffff,Real Estate,13.663
872834726ffffff,Retail,119.0
872834726ffffff,Transportation,56.768
872834726ffffff,Wholesale,31.205
872834728ffffff,Art/Culture,75.201
872834728ffffff,Business Support,110.451
872834728ffffff,Construction,101.733
872834728ffffff,Corporate,2.456
872834728ffffff,Education,401.206
872834728ffffff,Energy,22.077
872834728ffffff,Financial,50.552
872834728ffffff,Health,700.014
872834728ffffff,Hospitality,327.85
872834728ffffff,Information,109.836
872834728ffffff,Manufacturing,402.085
872834728ffffff,Professional Service,324.958
872834728ffffff,Public Administration,77.337
872834728ffffff,Real Estate,41.312
872834728ffffff,Retail,278.736
872834728ffffff,Transportation,139.15
872834728ffffff,Wholesale,89.521
872834729ffffff,Art/Culture,3.897
872834729ffffff,Business Support,12.725
872834729ffffff,Construction,90.87
872834729ffffff,Corporate,2.965
872834729ffffff,Education,111.496
872834729ffffff,Energy,0.842
872834729ffffff,Financial,5.406
872834729ffffff,Health,187.331
872834729ffffff,Hospitality,29.049
872834729ffffff,Information,10.531
872834729ffffff,Manufacturing,33.009
872834729ffffff,Professional Service,37.208
872834729ffffff,Public Administration,15.13
872834729ffffff,Real Estate,6.587
872834729ffffff,Retail,16.226
872834729ffffff,Transportation,10.584
872834729ffffff,Wholesale,9.141
87283472affffff,Art/Culture,98.385
87283472affffff,Business Support,129.9
87283472affffff,Construction,159.852
87283472affffff,Corporate,17.445
87283472affffff,Education,239.301
87283472affffff,Energy,21.949
87283472affffff,Financial,68.742
87283472affffff,Health,366.166
87283472affffff,Hospitality,326.411
87283472affffff,Information,125.012
87283472affffff,Manufacturing,1803.198
87283472affffff,Professional Service,356.464
87283472affffff,Public Administration,54.133
87283472affffff,Real Estate,67.414
87283472affffff,Retail,323.513
87283472affffff,Transportation,209.625
87283472affffff,Wholesale,98.563
87283472bffffff,Art/Culture,39.717
87283472bffffff,Business Support,17.741
87283472bffffff,Construction,85.068
87283472bffffff,Corporate,4.474
87283472bffffff,Education,595.02
87283472bffffff,Energy,7.547
87283472bffffff,Financial,10.92
87283472bffffff,Health,752.724
87283472bffffff,Hospitality,159.627
87283472bffffff,Information,24.145
87283472bffffff,Manufacturing,53.935
87283472bffffff,Professional Service,76.061
87283472bffffff,Public Administration,30.938
87283472bffffff,Real Estate,15.623
87283472bffffff,Retail,77.568
87283472bffffff,Transportation,62.532
87283472bffffff,Wholesale,26.241
87283472cffffff,Art/Culture,14.911
87283472cffffff,Business Support,59.298
87283472cffffff,Construction,42.346
87283472cffffff,Corporate,0.352
87283472cffffff,Education,233.215
87283472cffffff,Energy,7.456
87283472cffffff,Financial,23.716
87283472cffffff,Health,337.031
87283472cffffff,Hospitality,113.58
87283472cffffff,Information,38.972
87283472cffffff,Manufacturing,141.265
87283472cffffff,Professional Service,119.558
87283472cffffff,Public Administration,15.941
87283472cffffff,Real Estate,18.709
87283472cffffff,Retail,74.484
87283472cffffff,Transportation,63.175
87283472cffffff,Wholesale,32.882
87283472dffffff,Art/Culture,11.913
87283472dffffff,Business Support,15.958
87283472dffffff,Construction,29.378
87283472dffffff,Corporate,0.239
87283472dffffff,Education,122.945
87283472dffffff,Energy,1.565
87283472dffffff,Financial,7.173
87283472dffffff,Health,185.751
87283472dffffff,Hospitality,38.587
87283472dffffff,Information,9.3
87283472dffffff,Manufacturing,87.875
87283472dffffff,Professional Service,26.945
87283472dffffff,Public Administration,7.597
87283472dffffff,Real Estate,3.468
87283472dffffff,Retail,19.583
87283472dffffff,Transportation,19.387
87283472dffffff,Wholesale,7.129
87283472effffff,Art/Culture,144.363
87283472effffff,Business Support,299.964
87283472effffff,Construction,189.705
87283472effffff,Corporate,15.311
87283472effffff,Education,548.11
87283472effffff,Energy,50.563
87283472effffff,Financial,148.26
87283472effffff,Health,950.468
87283472effffff,Hospitality,518.571
87283472effffff,Information,259.806
87283472effffff,Manufacturing,3115.4
87283472effffff,Professional Service,865.236
87283472effffff,Public Administration,106.377
87283472effffff,Real Estate,158.251
87283472effffff,Retail,594.96
87283472effffff,Transportation,365.155
87283472effffff,Wholesale,187.501
872834730ffffff,Art/Culture,65.438
872834730ffffff,Business Support,258.722
872834730ffffff,Construction,351.741
872834730ffffff,Corporate,8.551
872834730ffffff,Education,1812.145
872834730ffffff,Energy,71.389
872834730ffffff,Financial,94.378
872834730ffffff,Health,2804.959
872834730ffffff,Hospitality,416.505
872834730ffffff,Information,157.089
872834730ffffff,Manufacturing,67.963
872834730ffffff,Professional Service,486.1
872834730ffffff,Public Administration,123.269
872834730ffffff,Real Estate,85.497
872834730ffffff,Retail,819.026
872834730ffffff,Transportation,476.018
872834730ffffff,Wholesale,284.698
872834731ffffff,Art/Culture,159.519
872834731ffffff,Business Support,278.852
872834731ffffff,Construction,367.804
872834731ffffff,Corporate,6.536
872834731ffffff,Education,661.936
872834731ffffff,Energy,21.892
872834731ffffff,Financial,96.641
872834731ffffff,Health,1042.336
872834731ffffff,Hospitality,918.619
872834731ffffff,Information,162.917
872834731ffffff,Manufacturing,234.183
872834731ffffff,Professional Service,528.199
872834731ffffff,Public Administration,142.055
872834731ffffff,Real Estate,125.175
872834731ffffff,Retail,353.897
872834731ffffff,Transportation,250.196
872834731ffffff,Wholesale,128.925
872834732ffffff,Art/Culture,33.086
872834732ffffff,Business Support,195.391
872834732ffffff,Construction,512.689
872834732ffffff,Corporate,2.07
872834732ffffff,Education,175.04
872834732ffffff,Energy,14.375
872834732ffffff,Financial,53.576
872834732ffffff,Health,261.743
872834732ffffff,Hospitality,172.453
872834732ffffff,Information,44.403
872834732ffffff,Manufacturing,214.675
872834732ffffff,Professional Service,123.997
872834732ffffff,Public Administration,77.611
872834732ffffff,Real Estate,56.099
872834732ffffff,Retail,270.126
872834732ffffff,Transportation,199.979
872834732ffffff,Wholesale,71.894
872834733ffffff,Art/Culture,30.013
872834733ffffff,Business Support,59.038
872834733ffffff,Construction,156.936
872834733ffffff,Corporate,0.336
872834733ffffff,Education,244.218
872834733ffffff,Energy,15.12
872834733ffffff,Financial,14.442
872834733ffffff,Health,448.977
872834733ffffff,Hospitality,141.159
872834733ffffff,Information,33.646
872834733ffffff,Manufacturing,58.049
872834733ffffff,Professional Service,79.733
872834733ffffff,Public Administration,36.035
872834733ffffff,Real Estate,17.93
872834733ffffff,Retail,118.688
872834733ffffff,Transportation,78.256
872834733ffffff,Wholesale,42.712
872834734ffffff,Art/Culture,93.351
872834734ffffff,Business Support,243.162
872834734ffffff,Construction,315.596
872834734ffffff,Corporate,13.503
872834734ffffff,Education,276.088
872834734ffffff,Energy,20.392
872834734ffffff,Financial,98.596
872834734ffffff,Health,405.441
872834734ffffff,Hospitality,394.195
872834734ffffff,Information,134.99
872834734ffffff,Manufacturing,205.908
872834734ffffff,Professional Service,424.851
872834734ffffff,Public Administration,94.773
872834734ffffff,Real Estate,96.395
872834734ffffff,Retail,325.665
872834734ffffff,Transportation,242.644
872834734ffffff,Wholesale,111.115
872834736ffffff,Art/Culture,38.787
872834736ffffff,Business Support,53.276
872834736ffffff,Construction,30.553
872834736ffffff,Corporate,2.759
872834736ffffff,Education,117.656
872834736ffffff,Energy,4.719
872834736ffffff,Financial,21.328
872834736ffffff,Health,156.837
872834736ffffff,Hospitality,159.574
872834736ffffff,Information,23.5
872834736ffffff,Manufacturing,17.011
872834736ffffff,Professional Service,101.607
872834736ffffff,Public Administration,21.487
872834736ffffff,Real Estate,13.5
872834736ffffff,Retail,90.611
872834736ffffff,Transportation,67.749
872834736ffffff,Wholesale,32.568
872834740ffffff,Art/Culture,49.288
872834740ffffff,Business Support,468.202
872834740ffffff,Construction,75.13
872834740ffffff,Corporate,30.008
872834740ffffff,Education,1058.115
872834740ffffff,Energy,12.355
872834740ffffff,Financial,266.546
872834740ffffff,Health,1385.931
872834740ffffff,Hospitality,179.635
872834740ffffff,Information,371.584
872834740ffffff,Manufacturing,912.579
872834740ffffff,Professional Service,1167.068
872834740ffffff,Public Administration,83.55
872834740ffffff,Real Estate,205.457
872834740ffffff,Retail,146.774
872834740ffffff,Transportation,66.97
872834740ffffff,Wholesale,48.695
872834741ffffff,Art/Culture,34.368
872834741ffffff,Business Support,218.846
872834741ffffff,Construction,89.131
872834741ffffff,Corporate,13.758
872834741ffffff,Education,2235.228
872834741ffffff,Energy,16.479
872834741ffffff,Financial,133.288
872834741ffffff,Health,2258.339
872834741ffffff,Hospitality,125.835
872834741ffffff,Information,192.014
872834741ffffff,Manufacturing,476.265
872834741ffffff,Professional Service,614.055
872834741ffffff,Public Administration,79.447
872834741ffffff,Real Estate,103.153
872834741ffffff,Retail,111.003
872834741ffffff,Transportation,67.907
872834741ffffff,Wholesale,33.958
872834742ffffff,Art/Culture,18.315
872834742ffffff,Business Support,66.328
872834742ffffff,Construction,68.949
872834742ffffff,Corporate,17.099
872834742ffffff,Education,361.836
872834742ffffff,Energy,4.568
872834742ffffff,Financial,39.739
872834742ffffff,Health,362.666
872834742ffffff,Hospitality,77.932
872834742ffffff,Information,67.712
872834742ffffff,Manufacturing,427.015
872834742ffffff,Professional Service,200.865
872834742ffffff,Public Administration,47.791
872834742ffffff,Real Estate,32.219
872834742ffffff,Retail,44.18
872834742ffffff,Transportation,17.93
872834742ffffff,Wholesale,9.673
872834743ffffff,Art/Culture,170.623
872834743ffffff,Business Support,357.562
872834743ffffff,Construction,120.952
872834743ffffff,Corporate,17.276
872834743ffffff,Education,1142.895
872834743ffffff,Energy,15.174
872834743ffffff,Financial,197.228
872834743ffffff,Health,1303.615
872834743ffffff,Hospitality,425.772
872834743ffffff,Information,282.21
872834743ffffff,Manufacturing,173.479
872834743ffffff,Professional Service,856.447
872834743ffffff,Public Administration,108.062
872834743ffffff,Real Estate,142.753
872834743ffffff,Retail,292.825
872834743ffffff,Transportation,125.394
872834743ffffff,Wholesale,79.232
872834745ffffff,Art/Culture,19.955
872834745ffffff,Business Support,393.24
872834745ffffff,Construction,59.313
872834745ffffff,Corporate,25.4
872834745ffffff,Education,832.932
872834745ffffff,Energy,11.777
872834745ffffff,Financial,229.222
872834745ffffff,Health,1146.964
872834745ffffff,Hospitality,109.537
872834745ffffff,Information,321.368
872834745ffffff,Manufacturing,863.603
872834745ffffff,Professional Service,1005.475
872834745ffffff,Public Administration,55.726
872834745ffffff,Real Estate,177.693
872834745ffffff,Retail,123.095
872834745ffffff,Transportation,49.644
872834745ffffff,Wholesale,40.219
872834746ffffff,Art/Culture,20.303
872834746ffffff,Business Support,110.223
872834746ffffff,Construction,35.154
872834746ffffff,Corporate,5.209
872834746ffffff,Education,222.371
872834746ffffff,Energy,3.079
872834746ffffff,Financial,72.999
872834746ffffff,Health,300.633
872834746ffffff,Hospitality,71.11
872834746ffffff,Information,95.902
872834746ffffff,Manufacturing,205.813
872834746ffffff,Professional Service,324.956
872834746ffffff,Public Administration,24.704
872834746ffffff,Real Estate,54.719
872834746ffffff,Retail,72.012
872834746ffffff,Transportation,43.245
872834746ffffff,Wholesale,20.209
872834749ffffff,Art/Culture,0.32
872834749ffffff,Business Support,0.64
872834749ffffff,Construction,14.074
872834749ffffff,Education,4.798
872834749ffffff,Financial,1.279
872834749ffffff,Health,10.556
872834749ffffff,Hospitality,0.64
872834749ffffff,Information,0.32
872834749ffffff,Professional Service,0.64
872834749ffffff,Public Administration,0.96
872834749ffffff,Retail,0.64
872834749ffffff,Transportation,2.239
872834749ffffff,Wholesale,0.64
87283474affffff,Art/Culture,0.899
87283474affffff,Business Support,1.678
87283474affffff,Construction,4.254
87283474affffff,Corporate,0.18
87283474affffff,Education,2.516
87283474affffff,Energy,0.06
87283474affffff,Financial,1.019
87283474affffff,Health,3.535
87283474affffff,Hospitality,3.894
87283474affffff,Information,1.318
87283474affffff,Manufacturing,1.558
87283474affffff,Professional Service,3.535
87283474affffff,Public Administration,0.839
87283474affffff,Real Estate,0.539
87283474affffff,Retail,2.157
87283474affffff,Transportation,2.037
87283474affffff,Wholesale,0.659
87283474bffffff,Art/Culture,44.049
87283474bffffff,Business Support,103.305
87283474bffffff,Construction,294.287
87283474bffffff,Corporate,4.416
87283474bffffff,Education,376.481
87283474bffffff,Energy,18.503
87283474bffffff,Financial,45.683
87283474bffffff,Health,457.991
87283474bffffff,Hospitality,269.572
87283474bffffff,Information,52.81
87283474bffffff,Manufacturing,295.414
87283474bffffff,Professional Service,171.619
87283474bffffff,Public Administration,52.974
87283474bffffff,Real Estate,39.488
87283474bffffff,Retail,162.443
87283474bffffff,Transportation,145.758
87283474bffffff,Wholesale,50.154
87283474cffffff,Art/Culture,16.224
87283474cffffff,Business Support,8.111
87283474cffffff,Construction,25.52
87283474cffffff,Corporate,0.325
87283474cffffff,Education,308.463
87283474cffffff,Energy,4.438
87283474cffffff,Financial,2.839
87283474cffffff,Health,357.57
87283474cffffff,Hospitality,49.32
87283474cffffff,Information,4.568
87283474cffffff,Manufacturing,10.904
87283474cffffff,Professional Service,15.733
87283474cffffff,Public Administration,7.347
87283474cffffff,Real Estate,2.077
87283474cffffff,Retail,51.464
87283474cffffff,Transportation,34.063
87283474cffffff,Wholesale,18.946
87283474effffff,Art/Culture,288.051
87283474effffff,Business Support,291.062
87283474effffff,Construction,357.239
87283474effffff,Corporate,10.722
87283474effffff,Education,3397.207
87283474effffff,Energy,63.854
87283474effffff,Financial,157.593
87283474effffff,Health,4051.563
87283474effffff,Hospitality,875.104
87283474effffff,Information,228.415
87283474effffff,Manufacturing,188.811
87283474effffff,Professional Service,712.331
87283474effffff,Public Administration,148.26
87283474effffff,Real Estate,112.591
87283474effffff,Retail,744.211
87283474effffff,Transportation,489.702
87283474effffff,Wholesale,264.02
872834753ffffff,Art/Culture,149.399
872834753ffffff,Business Support,1919.477
872834753ffffff,Construction,376.597
872834753ffffff,Corporate,123.184
872834753ffffff,Education,477.567
872834753ffffff,Energy,39.765
872834753ffffff,Financial,1018.686
872834753ffffff,Health,535.287
872834753ffffff,Hospitality,864.495
872834753ffffff,Information,1813.435
872834753ffffff,Manufacturing,1608.066
872834753ffffff,Professional Service,5044.868
872834753ffffff,Public Administration,161.932
872834753ffffff,Real Estate,715.861
872834753ffffff,Retail,605.098
872834753ffffff,Transportation,297.055
872834753ffffff,Wholesale,190.283
872834754ffffff,Art/Culture,45.43
872834754ffffff,Business Support,445.564
872834754ffffff,Construction,364.807
872834754ffffff,Corporate,20.277
872834754ffffff,Education,292.584
872834754ffffff,Energy,18.611
872834754ffffff,Financial,234.421
872834754ffffff,Health,409.958
872834754ffffff,Hospitality,175.285
872834754ffffff,Information,437.844
872834754ffffff,Manufacturing,811.983
872834754ffffff,Professional Service,1182.747
872834754ffffff,Public Administration,103.392
872834754ffffff,Real Estate,182.241
872834754ffffff,Retail,212.649
872834754ffffff,Transportation,160.194
872834754ffffff,Wholesale,63.368
872834755ffffff,Art/Culture,108.952
872834755ffffff,Business Support,347.249
872834755ffffff,Construction,437.714
872834755ffffff,Corporate,38.761
872834755ffffff,Education,491.44
872834755ffffff,Energy,31.486
872834755ffffff,Financial,170.491
872834755ffffff,Health,576.549
872834755ffffff,Hospitality,308.029
872834755ffffff,Information,332.915
872834755ffffff,Manufacturing,1149.48
872834755ffffff,Professional Service,940.649
872834755ffffff,Public Administration,160.691
872834755ffffff,Real Estate,124.73
872834755ffffff,Retail,335.868
872834755ffffff,Transportation,260.369
872834755ffffff,Wholesale,111.569
872834756ffffff,Art/Culture,7.994
872834756ffffff,Business Support,110.323
872834756ffffff,Construction,21.161
872834756ffffff,Corporate,6.881
872834756ffffff,Education,20.425
872834756ffffff,Energy,2.252
872834756ffffff,Financial,58.366
872834756ffffff,Health,23.137
872834756ffffff,Hospitality,45.529
872834756ffffff,Information,101.786
872834756ffffff,Manufacturing,78.379
872834756ffffff,Professional Service,286.823
872834756ffffff,Public Administration,7.766
872834756ffffff,Real Estate,41.002
872834756ffffff,Retail,36.596
872834756ffffff,Transportation,18.071
872834756ffffff,Wholesale,11.363
872834758ffffff,Art/Culture,30.433
872834758ffffff,Business Support,80.471
872834758ffffff,Construction,6.323
872834758ffffff,Corporate,0.962
872834758ffffff,Education,190.71
872834758ffffff,Energy,11.369
872834758ffffff,Financial,28.013
872834758ffffff,Health,257.896
872834758ffffff,Hospitality,149.86
872834758ffffff,Information,38.653
872834758ffffff,Manufacturing,27.486
872834758ffffff,Professional Service,113.001
872834758ffffff,Public Administration,24.384
872834758ffffff,Real Estate,54.366
872834758ffffff,Retail,157.909
872834758ffffff,Transportation,124.26
872834758ffffff,Wholesale,121.998
872834759ffffff,Art/Culture,3.023
872834759ffffff,Business Support,7.539
872834759ffffff,Construction,5.912
872834759ffffff,Corporate,0.739
872834759ffffff,Education,15.024
872834759ffffff,Energy,0.742
872834759ffffff,Financial,5.978
872834759ffffff,Health,20.267
872834759ffffff,Hospitality,10.594
872834759ffffff,Information,3.771
872834759ffffff,Manufacturing,1.51
872834759ffffff,Professional Service,23.14
872834759ffffff,Public Administration,5.978
872834759ffffff,Real Estate,3.007
872834759ffffff,Retail,0.051
872834759ffffff,Transportation,2.281
872834759ffffff,Wholesale,1.548
87283475cffffff,Art/Culture,8.897
87283475cffffff,Business Support,135.522
87283475cffffff,Construction,37.257
87283475cffffff,Corporate,7.315
87283475cffffff,Education,37.505
87283475cffffff,Energy,2.75
87283475cffffff,Financial,66.02
87283475cffffff,Health,46.378
87283475cffffff,Hospitality,49.854
87283475cffffff,Information,119.736
87283475cffffff,Manufacturing,57.124
87283475cffffff,Professional Service,335.169
87283475cffffff,Public Administration,9.481
87283475cffffff,Real Estate,50.609
87283475cffffff,Retail,113.932
87283475cffffff,Transportation,42.166
87283475cffffff,Wholesale,29.516
87283475dffffff,Art/Culture,235.467
87283475dffffff,Business Support,533.868
87283475dffffff,Construction,155.292
87283475dffffff,Corporate,17.215
87283475dffffff,Education,357.422
87283475dffffff,Energy,29.228
87283475dffffff,Financial,334.563
87283475dffffff,Health,357.85
87283475dffffff,Hospitality,707.533
87283475dffffff,Information,488.226
87283475dffffff,Manufacturing,159.603
87283475dffffff,Professional Service,1494.389
87283475dffffff,Public Administration,186.033
87283475dffffff,Real Estate,237.653
87283475dffffff,Retail,347.333
87283475dffffff,Transportation,201.451
87283475dffffff,Wholesale,94.851
872834762ffffff,Art/Culture,5.579
872834762ffffff,Business Support,4.518
872834762ffffff,Construction,23.619
872834762ffffff,Education,171.793
872834762ffffff,Energy,1.598
872834762ffffff,Financial,2.652
872834762ffffff,Health,255.872
872834762ffffff,Hospitality,9.558
872834762ffffff,Information,6.909
872834762ffffff,Manufacturing,13.003
872834762ffffff,Professional Service,20.208
872834762ffffff,Public Administration,17.813
872834762ffffff,Real Estate,5.576
872834762ffffff,Retail,9.85
872834762ffffff,Transportation,5.858
872834762ffffff,Wholesale,18.638
872834765ffffff,Art/Culture,3.582
872834765ffffff,Business Support,61.074
872834765ffffff,Construction,14.517
872834765ffffff,Corporate,3.928
872834765ffffff,Education,130.54
872834765ffffff,Energy,1.862
872834765ffffff,Financial,35.515
872834765ffffff,Health,181.402
872834765ffffff,Hospitality,18.924
872834765ffffff,Information,49.736
872834765ffffff,Manufacturing,134.58
872834765ffffff,Professional Service,156.041
872834765ffffff,Public Administration,8.962
872834765ffffff,Real Estate,27.65
872834765ffffff,Retail,19.609
872834765ffffff,Transportation,7.885
872834765ffffff,Wholesale,6.246
872834770ffffff,Art/Culture,19.246
872834770ffffff,Business Support,21.572
872834770ffffff,Construction,28.15
872834770ffffff,Corporate,0.783
872834770ffffff,Education,646.201
872834770ffffff,Energy,6.641
872834770ffffff,Financial,17.934
872834770ffffff,Health,832.142
872834770ffffff,Hospitality,34.116
872834770ffffff,Information,24.637
872834770ffffff,Manufacturing,49.619
872834770ffffff,Professional Service,71.306
872834770ffffff,Public Administration,29.659
872834770ffffff,Real Estate,11.065
872834770ffffff,Retail,55.733
872834770ffffff,Transportation,43.506
872834770ffffff,Wholesale,19.523
872834771ffffff,Art/Culture,16.585
872834771ffffff,Business Support,241.58
872834771ffffff,Construction,62.339
872834771ffffff,Corporate,15.39
872834771ffffff,Education,595.474
872834771ffffff,Energy,7.32
872834771ffffff,Financial,142.625
872834771ffffff,Health,814.833
872834771ffffff,Hospitality,75.865
872834771ffffff,Information,200.151
872834771ffffff,Manufacturing,538.755
872834771ffffff,Professional Service,620.684
872834771ffffff,Public Administration,44.453
872834771ffffff,Real Estate,113.445
872834771ffffff,Retail,76.15
872834771ffffff,Transportation,30.729
872834771ffffff,Wholesale,26.714
872834772ffffff,Art/Culture,37.461
872834772ffffff,Business Support,104.934
872834772ffffff,Construction,64.775
872834772ffffff,Corporate,3.321
872834772ffffff,Education,310.4
872834772ffffff,Energy,10.361
872834772ffffff,Financial,41.91
872834772ffffff,Health,415.034
872834772ffffff,Hospitality,128.916
872834772ffffff,Information,92.102
872834772ffffff,Manufacturing,182.525
872834772ffffff,Professional Service,242.123
872834772ffffff,Public Administration,30.761
872834772ffffff,Real Estate,35.512
872834772ffffff,Retail,97.768
872834772ffffff,Transportation,65.481
872834772ffffff,Wholesale,43.628
872834773ffffff,Art/Culture,32.201
872834773ffffff,Business Support,89.905
872834773ffffff,Construction,27.773
872834773ffffff,Corporate,2.632
872834773ffffff,Education,175.815
872834773ffffff,Energy,20.324
872834773ffffff,Financial,47.189
872834773ffffff,Health,221.527
872834773ffffff,Hospitality,134.813
872834773ffffff,Information,87.949
872834773ffffff,Manufacturing,95.636
872834773ffffff,Professional Service,257.106
872834773ffffff,Public Administration,51.735
872834773ffffff,Real Estate,27.218
872834773ffffff,Retail,211.908
872834773ffffff,Transportation,166.438
872834773ffffff,Wholesale,62.534
872834774ffffff,Art/Culture,16.774
872834774ffffff,Business Support,2.788
872834774ffffff,Construction,36.706
872834774ffffff,Corporate,0.071
872834774ffffff,Education,76.799
872834774ffffff,Energy,0.461
872834774ffffff,Financial,2.248
872834774ffffff,Health,97.149
872834774ffffff,Hospitality,35.034
872834774ffffff,Information,3.051
872834774ffffff,Manufacturing,4.798
872834774ffffff,Professional Service,10.325
872834774ffffff,Public Administration,28.081
872834774ffffff,Real Estate,4.053
872834774ffffff,Retail,5.591
872834774ffffff,Transportation,2.822
872834774ffffff,Wholesale,4.018
872834776ffffff,Art/Culture,54.493
872834776ffffff,Business Support,36.122
872834776ffffff,Construction,76.573
872834776ffffff,Corporate,1.896
872834776ffffff,Education,878.699
872834776ffffff,Energy,11.558
872834776ffffff,Financial,28.822
872834776ffffff,Health,1181.599
872834776ffffff,Hospitality,213.52
872834776ffffff,Information,22.774
872834776ffffff,Manufacturing,48.564
872834776ffffff,Professional Service,112.557
872834776ffffff,Public Administration,27.057
872834776ffffff,Real Estate,21.291
872834776ffffff,Retail,99.86
872834776ffffff,Transportation,77.764
872834776ffffff,Wholesale,48.536
87283478cffffff,Art/Culture,22.891
87283478cffffff,Business Support,24.66
87283478cffffff,Construction,73.151
87283478cffffff,Corporate,0.016
87283478cffffff,Education,68.913
87283478cffffff,Energy,0.063
87283478cffffff,Financial,3.136
87283478cffffff,Health,125.355
87283478cffffff,Hospitality,117.097
87283478cffffff,Information,9.964
87283478cffffff,Manufacturing,49.81
87283478cffffff,Professional Service,41.927
87283478cffffff,Public Administration,19.001
87283478cffffff,Real Estate,2.883
87283478cffffff,Retail,10.519
87283478cffffff,Transportation,7.344
87283478cffffff,Wholesale,0.488
8728347a0ffffff,Art/Culture,36.063
8728347a0ffffff,Business Support,85.657
8728347a0ffffff,Construction,150.937
8728347a0ffffff,Education,293.157
8728347a0ffffff,Energy,8.213
8728347a0ffffff,Financial,4.799
8728347a0ffffff,Health,478.391
8728347a0ffffff,Hospitality,225.061
8728347a0ffffff,Information,16.37
8728347a0ffffff,Manufacturing,85.468
8728347a0ffffff,Professional Service,43.283
8728347a0ffffff,Public Administration,38.734
8728347a0ffffff,Real Estate,21.947
8728347a0ffffff,Retail,160.581
8728347a0ffffff,Transportation,113.47
8728347a0ffffff,Wholesale,40.211
8728347a1ffffff,Art/Culture,18.888
8728347a1ffffff,Business Support,54.767
8728347a1ffffff,Construction,155.461
8728347a1ffffff,Education,270.875
8728347a1ffffff,Energy,7.28
8728347a1ffffff,Financial,9.104
8728347a1ffffff,Health,519.234
8728347a1ffffff,Hospitality,153.379
8728347a1ffffff,Information,8.462
8728347a1ffffff,Manufacturing,40.361
8728347a1ffffff,Professional Service,35.313
8728347a1ffffff,Public Administration,19.422
8728347a1ffffff,Real Estate,12.734
8728347a1ffffff,Retail,99.437
8728347a1ffffff,Transportation,90.257
8728347a1ffffff,Wholesale,26.851
8728347a3ffffff,Art/Culture,2.591
8728347a3ffffff,Business Support,12.916
8728347a3ffffff,Construction,41.96
8728347a3ffffff,Education,62.495
8728347a3ffffff,Energy,0.147
8728347a3ffffff,Financial,2.887
8728347a3ffffff,Health,119.201
8728347a3ffffff,Hospitality,14.828
8728347a3ffffff,Information,3.988
8728347a3ffffff,Manufacturing,22.601
8728347a3ffffff,Professional Service,9.067
8728347a3ffffff,Public Administration,3.247
8728347a3ffffff,Real Estate,3.093
8728347a3ffffff,Retail,13.281
8728347a3ffffff,Transportation,12.414
8728347a3ffffff,Wholesale,2.903
8728347a4ffffff,Art/Culture,34.541
8728347a4ffffff,Business Support,97.233
8728347a4ffffff,Construction,197.368
8728347a4ffffff,Corporate,5.054
8728347a4ffffff,Education,304.09
8728347a4ffffff,Energy,7.258
8728347a4ffffff,Financial,14.283
8728347a4ffffff,Health,620.187
8728347a4ffffff,Hospitality,245.391
8728347a4ffffff,Information,17.775
8728347a4ffffff,Manufacturing,69.513
8728347a4ffffff,Professional Service,49.391
8728347a4ffffff,Public Administration,52.074
8728347a4ffffff,Real Estate,28.98
8728347a4ffffff,Retail,181.585
8728347a4ffffff,Transportation,164.751
8728347a4ffffff,Wholesale,74.548
8728347a5ffffff,Art/Culture,36.642
8728347a5ffffff,Business Support,119.562
8728347a5ffffff,Construction,450.766
8728347a5ffffff,Corporate,3.516
8728347a5ffffff,Education,939.079
8728347a5ffffff,Energy,27.788
8728347a5ffffff,Financial,18.432
8728347a5ffffff,Health,1758.679
8728347a5ffffff,Hospitality,245.99
8728347a5ffffff,Information,20.867
8728347a5ffffff,Manufacturing,343.47
8728347a5ffffff,Professional Service,69.96
8728347a5ffffff,Public Administration,67.431
8728347a5ffffff,Real Estate,13.535
8728347a5ffffff,Retail,209.817
8728347a5ffffff,Transportation,189.277
8728347a5ffffff,Wholesale,92.733
8728347a8ffffff,Art/Culture,119.047
8728347a8ffffff,Business Support,181.046
8728347a8ffffff,Construction,813.284
8728347a8ffffff,Corporate,8.071
8728347a8ffffff,Education,309.115
8728347a8ffffff,Energy,71.437
8728347a8ffffff,Financial,62.148
8728347a8ffffff,Health,718.643
8728347a8ffffff,Hospitality,320.223
8728347a8ffffff,Information,82.012
8728347a8ffffff,Manufacturing,1598.6
8728347a8ffffff,Professional Service,287.718
8728347a8ffffff,Public Administration,133.644
8728347a8ffffff,Real Estate,69.77
8728347a8ffffff,Retail,455.943
8728347a8ffffff,Transportation,409.674
8728347a8ffffff,Wholesale,240.629
8728347a9ffffff,Art/Culture,111.544
8728347a9ffffff,Business Support,246.454
8728347a9ffffff,Construction,439.859
8728347a9ffffff,Corporate,6.889
8728347a9ffffff,Education,278.042
8728347a9ffffff,Energy,43.538
8728347a9ffffff,Financial,76.996
8728347a9ffffff,Health,382.719
8728347a9ffffff,Hospitality,672.011
8728347a9ffffff,Information,87.363
8728347a9ffffff,Manufacturing,1181.086
8728347a9ffffff,Professional Service,327.139
8728347a9ffffff,Public Administration,149.904
8728347a9ffffff,Real Estate,58.345
8728347a9ffffff,Retail,415.194
8728347a9ffffff,Transportation,313.841
8728347a9ffffff,Wholesale,118.849
8728347abffffff,Art/Culture,29.172
8728347abffffff,Business Support,79.608
8728347abffffff,Construction,109.668
8728347abffffff,Corporate,1.112
8728347abffffff,Education,184.648
8728347abffffff,Energy,9.986
8728347abffffff,Financial,19.389
8728347abffffff,Health,382.515
8728347abffffff,Hospitality,218.338
8728347abffffff,Information,40.871
8728347abffffff,Manufacturing,201.344
8728347abffffff,Professional Service,128.809
8728347abffffff,Public Administration,52.567
8728347abffffff,Real Estate,32.744
8728347abffffff,Retail,101.868
8728347abffffff,Transportation,110.819
8728347abffffff,Wholesale,40.841
8728347acffffff,Art/Culture,49.071
8728347acffffff,Business Support,180.771
8728347acffffff,Construction,387.691
8728347acffffff,Corporate,4.783
8728347acffffff,Education,204.611
8728347acffffff,Energy,27.109
8728347acffffff,Financial,45.683
8728347acffffff,Health,365.181
8728347acffffff,Hospitality,179.229
8728347acffffff,Information,62.503
8728347acffffff,Manufacturing,2494.544
8728347acffffff,Professional Service,204.149
8728347acffffff,Public Administration,88.494
8728347acffffff,Real Estate,41.817
8728347acffffff,Retail,455.09
8728347acffffff,Transportation,336.525
8728347acffffff,Wholesale,191.104
8728347adffffff,Art/Culture,72.54
8728347adffffff,Business Support,667.79
8728347adffffff,Construction,986.451
8728347adffffff,Corporate,17.439
8728347adffffff,Education,379.247
8728347adffffff,Energy,53.606
8728347adffffff,Financial,185.257
8728347adffffff,Health,491.717
8728347adffffff,Hospitality,447.751
8728347adffffff,Information,282.492
8728347adffffff,Manufacturing,3066.076
8728347adffffff,Professional Service,885.821
8728347adffffff,Public Administration,169.408
8728347adffffff,Real Estate,187.96
8728347adffffff,Retail,610.994
8728347adffffff,Transportation,432.707
8728347adffffff,Wholesale,213.872
8728347aeffffff,Art/Culture,4.634
8728347aeffffff,Business Support,25.128
8728347aeffffff,Construction,38.154
8728347aeffffff,Corporate,0.813
8728347aeffffff,Education,151.052
8728347aeffffff,Energy,3.154
8728347aeffffff,Financial,8.0
8728347aeffffff,Health,349.727
8728347aeffffff,Hospitality,27.717
8728347aeffffff,Information,2.842
8728347aeffffff,Manufacturing,30.947
8728347aeffffff,Professional Service,24.489
8728347aeffffff,Public Administration,6.477
8728347aeffffff,Real Estate,1.549
8728347aeffffff,Retail,39.122
8728347aeffffff,Transportation,25.455
8728347aeffffff,Wholesale,7.742
8728347b5ffffff,Art/Culture,9.275
8728347b5ffffff,Business Support,24.614
8728347b5ffffff,Construction,225.225
8728347b5ffffff,Education,115.024
8728347b5ffffff,Energy,1.597
8728347b5ffffff,Financial,4.682
8728347b5ffffff,Health,242.707
8728347b5ffffff,Hospitality,75.771
8728347b5ffffff,Information,6.398
8728347b5ffffff,Manufacturing,25.07
8728347b5ffffff,Professional Service,21.943
8728347b5ffffff,Public Administration,23.249
8728347b5ffffff,Real Estate,9.753
8728347b5ffffff,Retail,29.072
8728347b5ffffff,Transportation,18.949
8728347b5ffffff,Wholesale,8.318
87283626dffffff,Business Support,0.093
87283626dffffff,Construction,0.361
87283626dffffff,Financial,0.28
87283626dffffff,Public Administration,0.347
87283626dffffff,Retail,0.186
87283626dffffff,Transportation,0.28
87283636dffffff,Business Support,0.0
87283636dffffff,Construction,0.0
87283636dffffff,Health,0.0
87283636dffffff,Hospitality,0.0
872836a4dffffff,Art/Culture,0.739
872836a4dffffff,Business Support,0.049
872836a4dffffff,Construction,1.737
872836a4dffffff,Corporate,0.009
872836a4dffffff,Education,0.291
872836a4dffffff,Energy,0.029
872836a4dffffff,Financial,0.035
872836a4dffffff,Health,0.535
872836a4dffffff,Hospitality,3.843
872836a4dffffff,Manufacturing,0.639
872836a4dffffff,Professional Service,0.28
872836a4dffffff,Public Administration,0.445
872836a4dffffff,Real Estate,0.266
872836a4dffffff,Retail,2.667
872836a4dffffff,Transportation,0.265
872836a4dffffff,Wholesale,0.511
872836a68ffffff,Art/Culture,4.367
872836a68ffffff,Business Support,0.449
872836a68ffffff,Construction,7.19
872836a68ffffff,Education,1.899
872836a68ffffff,Financial,0.556
872836a68ffffff,Health,5.24
872836a68ffffff,Hospitality,7.607
872836a68ffffff,Information,0.334
872836a68ffffff,Manufacturing,0.222
872836a68ffffff,Professional Service,3.181
872836a68ffffff,Public Administration,1.231
872836a68ffffff,Real Estate,0.834
872836a68ffffff,Retail,1.843
872836a68ffffff,Transportation,0.167
872836a68ffffff,Wholesale,0.949
872836a6bffffff,Art/Culture,1.467
872836a6bffffff,Business Support,0.09
872836a6bffffff,Construction,2.641
872836a6bffffff,Corporate,0.001
872836a6bffffff,Education,0.541
872836a6bffffff,Energy,0.001
872836a6bffffff,Financial,0.222
872836a6bffffff,Health,1.128
872836a6bffffff,Hospitality,4.671
872836a6bffffff,Information,0.133
872836a6bffffff,Manufacturing,0.953
872836a6bffffff,Professional Service,0.946
872836a6bffffff,Public Administration,0.062
872836a6bffffff,Real Estate,0.53
872836a6bffffff,Retail,3.095
872836a6bffffff,Transportation,0.496
872836a6bffffff,Wholesale,0.898
872836b08ffffff,Art/Culture,0.361
872836b08ffffff,Business Support,4.312
872836b08ffffff,Construction,14.057
872836b08ffffff,Corporate,1.812
872836b08ffffff,Education,0.392
872836b08ffffff,Energy,2.749
872836b08ffffff,Financial,2.46
872836b08ffffff,Health,5.889
872836b08ffffff,Hospitality,6.518
872836b08ffffff,Information,0.895
872836b08ffffff,Manufacturing,20.624
872836b08ffffff,Professional Service,6.701
872836b08ffffff,Public Administration,1.055
872836b08ffffff,Real Estate,1.385
872836b08ffffff,Retail,9.335
872836b08ffffff,Transportation,4.103
872836b08ffffff,Wholesale,3.624
8729a924dffffff,Art/Culture,0.903
8729a924dffffff,Business Support,1.882
8729a924dffffff,Construction,11.381
8729a924dffffff,Education,0.925
8729a924dffffff,Financial,0.043
8729a924dffffff,Health,1.821
8729a924dffffff,Hospitality,8.755
8729a924dffffff,Information,1.741
8729a924dffffff,Manufacturing,3.514
8729a924dffffff,Professional Service,0.053
8729a924dffffff,Public Administration,2.697
8729a924dffffff,Real Estate,0.87
8729a924dffffff,Retail,6.192
8729a924dffffff,Transportation,5.255
8729a924dffffff,Wholesale,2.611
8729a9254ffffff,Art/Culture,7.49
8729a9254ffffff,Business Support,21.714
8729a9254ffffff,Construction,58.816
8729a9254ffffff,Corporate,0.022
8729a9254ffffff,Education,28.015
8729a9254ffffff,Energy,2.086
8729a9254ffffff,Financial,6.037
8729a9254ffffff,Health,51.191
8729a9254ffffff,Hospitality,46.046
8729a9254ffffff,Information,6.437
8729a9254ffffff,Manufacturing,201.648
8729a9254ffffff,Professional Service,30.927
8729a9254ffffff,Public Administration,10.315
8729a9254ffffff,Real Estate,5.426
8729a9254ffffff,Retail,14.256
8729a9254ffffff,Transportation,10.582
8729a9254ffffff,Wholesale,4.75
