geomid,naics,workers
8729a0362ffffff,Agriculture,2
8729a0362ffffff,Business Support,19
8729a0362ffffff,Construction,16
8729a0362ffffff,Energy,2
8729a0362ffffff,Financial,9
8729a0362ffffff,Hospitality,3
8729a0362ffffff,Information,1
8729a0362ffffff,Manufacturing,45
8729a0362ffffff,Professional Service,11
8729a0362ffffff,Public Administration,9
8729a0362ffffff,Retail,4
8729a0362ffffff,Transportation,7
8729a0362ffffff,Wholesale,25
8729a0364ffffff,Agriculture,16
8729a0364ffffff,Art/Culture,65
8729a0364ffffff,Business Support,146
8729a0364ffffff,Construction,241
8729a0364ffffff,Corporate,1
8729a0364ffffff,Education,320
8729a0364ffffff,Energy,92
8729a0364ffffff,Financial,183
8729a0364ffffff,Health,320
8729a0364ffffff,Hospitality,260
8729a0364ffffff,Information,35
8729a0364ffffff,Manufacturing,101
8729a0364ffffff,Professional Service,191
8729a0364ffffff,Public Administration,176
8729a0364ffffff,Real Estate,78
8729a0364ffffff,Retail,420
8729a0364ffffff,Transportation,190
8729a0364ffffff,Wholesale,114
8729a0365ffffff,Agriculture,29
8729a0365ffffff,Art/Culture,54
8729a0365ffffff,Business Support,142
8729a0365ffffff,Construction,406
8729a0365ffffff,Corporate,1
8729a0365ffffff,Education,351
8729a0365ffffff,Energy,7
8729a0365ffffff,Financial,77
8729a0365ffffff,Health,391
8729a0365ffffff,Hospitality,273
8729a0365ffffff,Information,23
8729a0365ffffff,Manufacturing,121
8729a0365ffffff,Professional Service,300
8729a0365ffffff,Public Administration,82
8729a0365ffffff,Real Estate,131
8729a0365ffffff,Retail,187
8729a0365ffffff,Transportation,93
8729a0365ffffff,Wholesale,41
8729a0366ffffff,Agriculture,11
8729a0366ffffff,Art/Culture,29
8729a0366ffffff,Business Support,20
8729a0366ffffff,Construction,45
8729a0366ffffff,Education,203
8729a0366ffffff,Energy,2
8729a0366ffffff,Financial,101
8729a0366ffffff,Health,181
8729a0366ffffff,Hospitality,31
8729a0366ffffff,Information,3
8729a0366ffffff,Manufacturing,51
8729a0366ffffff,Professional Service,38
8729a0366ffffff,Public Administration,40
8729a0366ffffff,Real Estate,108
8729a0366ffffff,Retail,32
8729a0366ffffff,Transportation,27
8729a0366ffffff,Wholesale,128
8729a0374ffffff,Agriculture,3
8729a0374ffffff,Business Support,33
8729a0374ffffff,Construction,134
8729a0374ffffff,Education,170
8729a0374ffffff,Energy,1
8729a0374ffffff,Financial,50
8729a0374ffffff,Health,121
8729a0374ffffff,Hospitality,74
8729a0374ffffff,Information,9
8729a0374ffffff,Manufacturing,28
8729a0374ffffff,Professional Service,96
8729a0374ffffff,Public Administration,22
8729a0374ffffff,Real Estate,23
8729a0374ffffff,Retail,49
8729a0374ffffff,Transportation,20
8729a0374ffffff,Wholesale,13
8729a0a40ffffff,Agriculture,18
8729a0a40ffffff,Art/Culture,15
8729a0a40ffffff,Business Support,36
8729a0a40ffffff,Construction,81
8729a0a40ffffff,Corporate,14
8729a0a40ffffff,Education,146
8729a0a40ffffff,Energy,2
8729a0a40ffffff,Financial,73
8729a0a40ffffff,Health,150
8729a0a40ffffff,Hospitality,52
8729a0a40ffffff,Information,30
8729a0a40ffffff,Manufacturing,40
8729a0a40ffffff,Professional Service,59
8729a0a40ffffff,Public Administration,37
8729a0a40ffffff,Real Estate,57
8729a0a40ffffff,Retail,76
8729a0a40ffffff,Transportation,45
8729a0a40ffffff,Wholesale,44
8729a0a41ffffff,Agriculture,1
8729a0a41ffffff,Art/Culture,23
8729a0a41ffffff,Construction,14
8729a0a41ffffff,Corporate,3
8729a0a41ffffff,Education,4
8729a0a41ffffff,Energy,3
8729a0a41ffffff,Financial,3
8729a0a41ffffff,Health,18
8729a0a41ffffff,Hospitality,43
8729a0a41ffffff,Information,3
8729a0a41ffffff,Manufacturing,42
8729a0a41ffffff,Professional Service,38
8729a0a41ffffff,Real Estate,4
8729a0a41ffffff,Retail,10
8729a0a41ffffff,Transportation,6
8729a0a41ffffff,Wholesale,15
8729a0a43ffffff,Art/Culture,4
8729a0a43ffffff,Business Support,7
8729a0a43ffffff,Construction,30
8729a0a43ffffff,Corporate,1
8729a0a43ffffff,Education,14
8729a0a43ffffff,Energy,1
8729a0a43ffffff,Financial,14
8729a0a43ffffff,Health,41
8729a0a43ffffff,Hospitality,6
8729a0a43ffffff,Information,10
8729a0a43ffffff,Manufacturing,8
8729a0a43ffffff,Professional Service,21
8729a0a43ffffff,Public Administration,36
8729a0a43ffffff,Real Estate,18
8729a0a43ffffff,Retail,9
8729a0a43ffffff,Transportation,9
8729a0a43ffffff,Wholesale,11
8729a0a48ffffff,Agriculture,19
8729a0a48ffffff,Art/Culture,54
8729a0a48ffffff,Business Support,121
8729a0a48ffffff,Construction,183
8729a0a48ffffff,Education,283
8729a0a48ffffff,Energy,48
8729a0a48ffffff,Financial,74
8729a0a48ffffff,Health,392
8729a0a48ffffff,Hospitality,269
8729a0a48ffffff,Information,35
8729a0a48ffffff,Manufacturing,82
8729a0a48ffffff,Professional Service,168
8729a0a48ffffff,Public Administration,50
8729a0a48ffffff,Real Estate,27
8729a0a48ffffff,Retail,153
8729a0a48ffffff,Transportation,101
8729a0a48ffffff,Wholesale,100
8729a0a4affffff,Agriculture,32
8729a0a4affffff,Art/Culture,71
8729a0a4affffff,Business Support,134
8729a0a4affffff,Construction,174
8729a0a4affffff,Education,140
8729a0a4affffff,Energy,318
8729a0a4affffff,Financial,48
8729a0a4affffff,Health,203
8729a0a4affffff,Hospitality,282
8729a0a4affffff,Information,45
8729a0a4affffff,Manufacturing,2178
8729a0a4affffff,Professional Service,40
8729a0a4affffff,Public Administration,53
8729a0a4affffff,Real Estate,96
8729a0a4affffff,Retail,906
8729a0a4affffff,Transportation,1602
8729a0a4affffff,Wholesale,72
8729a0a4bffffff,Agriculture,25
8729a0a4bffffff,Art/Culture,144
8729a0a4bffffff,Business Support,177
8729a0a4bffffff,Construction,108
8729a0a4bffffff,Education,182
8729a0a4bffffff,Energy,10
8729a0a4bffffff,Financial,95
8729a0a4bffffff,Health,928
8729a0a4bffffff,Hospitality,269
8729a0a4bffffff,Information,152
8729a0a4bffffff,Manufacturing,2381
8729a0a4bffffff,Professional Service,87
8729a0a4bffffff,Public Administration,64
8729a0a4bffffff,Real Estate,21
8729a0a4bffffff,Retail,981
8729a0a4bffffff,Transportation,63
8729a0a4bffffff,Wholesale,572
8729a0a4cffffff,Agriculture,1
8729a0a4cffffff,Art/Culture,5
8729a0a4cffffff,Business Support,46
8729a0a4cffffff,Construction,33
8729a0a4cffffff,Education,28
8729a0a4cffffff,Energy,1
8729a0a4cffffff,Financial,38
8729a0a4cffffff,Health,50
8729a0a4cffffff,Hospitality,40
8729a0a4cffffff,Information,14
8729a0a4cffffff,Manufacturing,12
8729a0a4cffffff,Professional Service,25
8729a0a4cffffff,Public Administration,41
8729a0a4cffffff,Real Estate,9
8729a0a4cffffff,Retail,49
8729a0a4cffffff,Transportation,27
8729a0a4cffffff,Wholesale,11
8729a0a4dffffff,Health,9
8729a0a4dffffff,Public Administration,9
8729a0a4dffffff,Transportation,11
8729a0a4effffff,Agriculture,2
8729a0a4effffff,Art/Culture,32
8729a0a4effffff,Business Support,27
8729a0a4effffff,Construction,36
8729a0a4effffff,Education,130
8729a0a4effffff,Energy,7
8729a0a4effffff,Financial,33
8729a0a4effffff,Health,329
8729a0a4effffff,Hospitality,27
8729a0a4effffff,Information,25
8729a0a4effffff,Manufacturing,19
8729a0a4effffff,Professional Service,91
8729a0a4effffff,Public Administration,27
8729a0a4effffff,Real Estate,5
8729a0a4effffff,Retail,40
8729a0a4effffff,Transportation,31
8729a0a4effffff,Wholesale,21
8729a0a53ffffff,Agriculture,42
8729a0a53ffffff,Art/Culture,84
8729a0a53ffffff,Business Support,110
8729a0a53ffffff,Construction,47
8729a0a53ffffff,Corporate,1
8729a0a53ffffff,Education,183
8729a0a53ffffff,Energy,6
8729a0a53ffffff,Financial,101
8729a0a53ffffff,Health,660
8729a0a53ffffff,Hospitality,130
8729a0a53ffffff,Information,23
8729a0a53ffffff,Manufacturing,93
8729a0a53ffffff,Professional Service,143
8729a0a53ffffff,Public Administration,100
8729a0a53ffffff,Real Estate,124
8729a0a53ffffff,Retail,203
8729a0a53ffffff,Transportation,21
8729a0a53ffffff,Wholesale,68
8729a0a58ffffff,Agriculture,10
8729a0a58ffffff,Art/Culture,2
8729a0a58ffffff,Business Support,14
8729a0a58ffffff,Construction,119
8729a0a58ffffff,Corporate,6
8729a0a58ffffff,Education,187
8729a0a58ffffff,Energy,160
8729a0a58ffffff,Financial,4
8729a0a58ffffff,Health,273
8729a0a58ffffff,Hospitality,294
8729a0a58ffffff,Information,4
8729a0a58ffffff,Manufacturing,1764
8729a0a58ffffff,Professional Service,148
8729a0a58ffffff,Public Administration,226
8729a0a58ffffff,Real Estate,11
8729a0a58ffffff,Retail,816
8729a0a58ffffff,Transportation,2148
8729a0a58ffffff,Wholesale,739
8729a0a59ffffff,Agriculture,5
8729a0a59ffffff,Art/Culture,100
8729a0a59ffffff,Business Support,32
8729a0a59ffffff,Construction,159
8729a0a59ffffff,Education,164
8729a0a59ffffff,Energy,31
8729a0a59ffffff,Financial,44
8729a0a59ffffff,Health,316
8729a0a59ffffff,Hospitality,141
8729a0a59ffffff,Information,7
8729a0a59ffffff,Manufacturing,219
8729a0a59ffffff,Professional Service,66
8729a0a59ffffff,Public Administration,116
8729a0a59ffffff,Real Estate,86
8729a0a59ffffff,Retail,162
8729a0a59ffffff,Transportation,291
8729a0a59ffffff,Wholesale,48
8729a0a5affffff,Agriculture,15
8729a0a5affffff,Art/Culture,72
8729a0a5affffff,Business Support,71
8729a0a5affffff,Construction,218
8729a0a5affffff,Corporate,1
8729a0a5affffff,Education,416
8729a0a5affffff,Energy,13
8729a0a5affffff,Financial,74
8729a0a5affffff,Health,593
8729a0a5affffff,Hospitality,224
8729a0a5affffff,Information,60
8729a0a5affffff,Manufacturing,72
8729a0a5affffff,Professional Service,234
8729a0a5affffff,Public Administration,142
8729a0a5affffff,Real Estate,59
8729a0a5affffff,Retail,395
8729a0a5affffff,Transportation,207
8729a0a5affffff,Wholesale,105
8729a0a5bffffff,Agriculture,8
8729a0a5bffffff,Art/Culture,204
8729a0a5bffffff,Business Support,123
8729a0a5bffffff,Construction,60
8729a0a5bffffff,Corporate,2
8729a0a5bffffff,Education,131
8729a0a5bffffff,Energy,45
8729a0a5bffffff,Financial,124
8729a0a5bffffff,Health,155
8729a0a5bffffff,Hospitality,408
8729a0a5bffffff,Information,76
8729a0a5bffffff,Manufacturing,79
8729a0a5bffffff,Professional Service,243
8729a0a5bffffff,Public Administration,80
8729a0a5bffffff,Real Estate,29
8729a0a5bffffff,Retail,361
8729a0a5bffffff,Transportation,277
8729a0a5bffffff,Wholesale,160
8729a0a5cffffff,Agriculture,35
8729a0a5cffffff,Art/Culture,309
8729a0a5cffffff,Business Support,189
8729a0a5cffffff,Construction,913
8729a0a5cffffff,Corporate,16
8729a0a5cffffff,Education,290
8729a0a5cffffff,Energy,62
8729a0a5cffffff,Financial,539
8729a0a5cffffff,Health,677
8729a0a5cffffff,Hospitality,1003
8729a0a5cffffff,Information,390
8729a0a5cffffff,Manufacturing,475
8729a0a5cffffff,Professional Service,533
8729a0a5cffffff,Public Administration,238
8729a0a5cffffff,Real Estate,118
8729a0a5cffffff,Retail,928
8729a0a5cffffff,Transportation,298
8729a0a5cffffff,Wholesale,253
8729a0a5dffffff,Agriculture,20
8729a0a5dffffff,Art/Culture,367
8729a0a5dffffff,Business Support,711
8729a0a5dffffff,Construction,108
8729a0a5dffffff,Corporate,27
8729a0a5dffffff,Education,358
8729a0a5dffffff,Energy,149
8729a0a5dffffff,Financial,442
8729a0a5dffffff,Health,569
8729a0a5dffffff,Hospitality,1055
8729a0a5dffffff,Information,32
8729a0a5dffffff,Manufacturing,2168
8729a0a5dffffff,Professional Service,626
8729a0a5dffffff,Public Administration,182
8729a0a5dffffff,Real Estate,268
8729a0a5dffffff,Retail,2030
8729a0a5dffffff,Transportation,522
8729a0a5dffffff,Wholesale,759
8729a0a5effffff,Agriculture,25
8729a0a5effffff,Art/Culture,112
8729a0a5effffff,Business Support,275
8729a0a5effffff,Construction,696
8729a0a5effffff,Corporate,6
8729a0a5effffff,Education,219
8729a0a5effffff,Energy,161
8729a0a5effffff,Financial,356
8729a0a5effffff,Health,443
8729a0a5effffff,Hospitality,516
8729a0a5effffff,Information,43
8729a0a5effffff,Manufacturing,1555
8729a0a5effffff,Professional Service,384
8729a0a5effffff,Public Administration,240
8729a0a5effffff,Real Estate,105
8729a0a5effffff,Retail,1109
8729a0a5effffff,Transportation,476
8729a0a5effffff,Wholesale,374
8729a0a68ffffff,Agriculture,9
8729a0a68ffffff,Art/Culture,165
8729a0a68ffffff,Business Support,68
8729a0a68ffffff,Construction,215
8729a0a68ffffff,Education,343
8729a0a68ffffff,Energy,71
8729a0a68ffffff,Financial,74
8729a0a68ffffff,Health,497
8729a0a68ffffff,Hospitality,414
8729a0a68ffffff,Information,18
8729a0a68ffffff,Manufacturing,116
8729a0a68ffffff,Professional Service,121
8729a0a68ffffff,Public Administration,211
8729a0a68ffffff,Real Estate,68
8729a0a68ffffff,Retail,523
8729a0a68ffffff,Transportation,475
8729a0a68ffffff,Wholesale,308
8729a0a69ffffff,Agriculture,14
8729a0a69ffffff,Art/Culture,52
8729a0a69ffffff,Business Support,94
8729a0a69ffffff,Construction,185
8729a0a69ffffff,Corporate,8
8729a0a69ffffff,Education,372
8729a0a69ffffff,Energy,24
8729a0a69ffffff,Financial,109
8729a0a69ffffff,Health,447
8729a0a69ffffff,Hospitality,307
8729a0a69ffffff,Information,37
8729a0a69ffffff,Manufacturing,82
8729a0a69ffffff,Professional Service,112
8729a0a69ffffff,Public Administration,108
8729a0a69ffffff,Real Estate,59
8729a0a69ffffff,Retail,309
8729a0a69ffffff,Transportation,188
8729a0a69ffffff,Wholesale,108
8729a0a6affffff,Agriculture,5
8729a0a6affffff,Art/Culture,95
8729a0a6affffff,Business Support,102
8729a0a6affffff,Construction,149
8729a0a6affffff,Corporate,3
8729a0a6affffff,Education,302
8729a0a6affffff,Energy,16
8729a0a6affffff,Financial,95
8729a0a6affffff,Health,340
8729a0a6affffff,Hospitality,138
8729a0a6affffff,Information,83
8729a0a6affffff,Manufacturing,101
8729a0a6affffff,Professional Service,127
8729a0a6affffff,Public Administration,194
8729a0a6affffff,Real Estate,74
8729a0a6affffff,Retail,285
8729a0a6affffff,Transportation,113
8729a0a6affffff,Wholesale,110
8729a0a6bffffff,Agriculture,2
8729a0a6bffffff,Art/Culture,87
8729a0a6bffffff,Business Support,68
8729a0a6bffffff,Construction,151
8729a0a6bffffff,Education,544
8729a0a6bffffff,Energy,41
8729a0a6bffffff,Financial,75
8729a0a6bffffff,Health,885
8729a0a6bffffff,Hospitality,335
8729a0a6bffffff,Information,69
8729a0a6bffffff,Manufacturing,32
8729a0a6bffffff,Professional Service,134
8729a0a6bffffff,Public Administration,51
8729a0a6bffffff,Real Estate,38
8729a0a6bffffff,Retail,327
8729a0a6bffffff,Transportation,54
8729a0a6bffffff,Wholesale,61
8729a0a6cffffff,Agriculture,3
8729a0a6cffffff,Art/Culture,72
8729a0a6cffffff,Business Support,114
8729a0a6cffffff,Construction,204
8729a0a6cffffff,Corporate,1
8729a0a6cffffff,Education,699
8729a0a6cffffff,Energy,18
8729a0a6cffffff,Financial,281
8729a0a6cffffff,Health,723
8729a0a6cffffff,Hospitality,391
8729a0a6cffffff,Information,76
8729a0a6cffffff,Manufacturing,104
8729a0a6cffffff,Professional Service,165
8729a0a6cffffff,Public Administration,68
8729a0a6cffffff,Real Estate,46
8729a0a6cffffff,Retail,458
8729a0a6cffffff,Transportation,170
8729a0a6cffffff,Wholesale,118
8729a0a6dffffff,Agriculture,2
8729a0a6dffffff,Art/Culture,76
8729a0a6dffffff,Business Support,63
8729a0a6dffffff,Construction,178
8729a0a6dffffff,Corporate,12
8729a0a6dffffff,Education,382
8729a0a6dffffff,Energy,25
8729a0a6dffffff,Financial,102
8729a0a6dffffff,Health,646
8729a0a6dffffff,Hospitality,167
8729a0a6dffffff,Information,50
8729a0a6dffffff,Manufacturing,68
8729a0a6dffffff,Professional Service,158
8729a0a6dffffff,Public Administration,204
8729a0a6dffffff,Real Estate,45
8729a0a6dffffff,Retail,226
8729a0a6dffffff,Transportation,101
8729a0a6dffffff,Wholesale,83
8729a0ac0ffffff,Agriculture,11
8729a0ac0ffffff,Art/Culture,90
8729a0ac0ffffff,Business Support,100
8729a0ac0ffffff,Construction,271
8729a0ac0ffffff,Education,374
8729a0ac0ffffff,Energy,45
8729a0ac0ffffff,Financial,98
8729a0ac0ffffff,Health,643
8729a0ac0ffffff,Hospitality,352
8729a0ac0ffffff,Information,37
8729a0ac0ffffff,Manufacturing,57
8729a0ac0ffffff,Professional Service,84
8729a0ac0ffffff,Public Administration,86
8729a0ac0ffffff,Real Estate,64
8729a0ac0ffffff,Retail,506
8729a0ac0ffffff,Transportation,271
8729a0ac0ffffff,Wholesale,222
8729a0ac1ffffff,Agriculture,10
8729a0ac1ffffff,Art/Culture,10
8729a0ac1ffffff,Business Support,65
8729a0ac1ffffff,Construction,141
8729a0ac1ffffff,Education,128
8729a0ac1ffffff,Energy,45
8729a0ac1ffffff,Financial,50
8729a0ac1ffffff,Health,175
8729a0ac1ffffff,Hospitality,51
8729a0ac1ffffff,Information,10
8729a0ac1ffffff,Manufacturing,366
8729a0ac1ffffff,Professional Service,39
8729a0ac1ffffff,Public Administration,75
8729a0ac1ffffff,Real Estate,9
8729a0ac1ffffff,Retail,291
8729a0ac1ffffff,Transportation,435
8729a0ac1ffffff,Wholesale,112
8729a0ac2ffffff,Agriculture,84
8729a0ac2ffffff,Art/Culture,66
8729a0ac2ffffff,Business Support,222
8729a0ac2ffffff,Construction,654
8729a0ac2ffffff,Corporate,1
8729a0ac2ffffff,Education,373
8729a0ac2ffffff,Energy,81
8729a0ac2ffffff,Financial,115
8729a0ac2ffffff,Health,640
8729a0ac2ffffff,Hospitality,209
8729a0ac2ffffff,Information,46
8729a0ac2ffffff,Manufacturing,926
8729a0ac2ffffff,Professional Service,162
8729a0ac2ffffff,Public Administration,258
8729a0ac2ffffff,Real Estate,55
8729a0ac2ffffff,Retail,613
8729a0ac2ffffff,Transportation,658
8729a0ac2ffffff,Wholesale,293
8729a0ac3ffffff,Agriculture,67
8729a0ac3ffffff,Art/Culture,217
8729a0ac3ffffff,Business Support,471
8729a0ac3ffffff,Construction,612
8729a0ac3ffffff,Corporate,11
8729a0ac3ffffff,Education,1384
8729a0ac3ffffff,Energy,80
8729a0ac3ffffff,Financial,291
8729a0ac3ffffff,Health,2013
8729a0ac3ffffff,Hospitality,496
8729a0ac3ffffff,Information,128
8729a0ac3ffffff,Manufacturing,510
8729a0ac3ffffff,Professional Service,424
8729a0ac3ffffff,Public Administration,746
8729a0ac3ffffff,Real Estate,140
8729a0ac3ffffff,Retail,1010
8729a0ac3ffffff,Transportation,547
8729a0ac3ffffff,Wholesale,231
8729a0ac6ffffff,Agriculture,70
8729a0ac6ffffff,Art/Culture,21
8729a0ac6ffffff,Business Support,209
8729a0ac6ffffff,Construction,1170
8729a0ac6ffffff,Corporate,3
8729a0ac6ffffff,Education,172
8729a0ac6ffffff,Energy,68
8729a0ac6ffffff,Financial,121
8729a0ac6ffffff,Health,257
8729a0ac6ffffff,Hospitality,272
8729a0ac6ffffff,Information,31
8729a0ac6ffffff,Manufacturing,831
8729a0ac6ffffff,Professional Service,157
8729a0ac6ffffff,Public Administration,62
8729a0ac6ffffff,Real Estate,74
8729a0ac6ffffff,Retail,1016
8729a0ac6ffffff,Transportation,665
8729a0ac6ffffff,Wholesale,392
8729a0ac8ffffff,Agriculture,2
8729a0ac8ffffff,Art/Culture,4
8729a0ac8ffffff,Business Support,29
8729a0ac8ffffff,Construction,40
8729a0ac8ffffff,Education,110
8729a0ac8ffffff,Energy,1
8729a0ac8ffffff,Financial,18
8729a0ac8ffffff,Health,101
8729a0ac8ffffff,Hospitality,35
8729a0ac8ffffff,Information,4
8729a0ac8ffffff,Manufacturing,31
8729a0ac8ffffff,Professional Service,51
8729a0ac8ffffff,Public Administration,4
8729a0ac8ffffff,Real Estate,5
8729a0ac8ffffff,Retail,73
8729a0ac8ffffff,Transportation,4
8729a0ac9ffffff,Agriculture,18
8729a0ac9ffffff,Art/Culture,18
8729a0ac9ffffff,Business Support,87
8729a0ac9ffffff,Construction,166
8729a0ac9ffffff,Corporate,6
8729a0ac9ffffff,Education,385
8729a0ac9ffffff,Energy,36
8729a0ac9ffffff,Financial,91
8729a0ac9ffffff,Health,591
8729a0ac9ffffff,Hospitality,92
8729a0ac9ffffff,Information,21
8729a0ac9ffffff,Manufacturing,241
8729a0ac9ffffff,Professional Service,139
8729a0ac9ffffff,Public Administration,105
8729a0ac9ffffff,Real Estate,35
8729a0ac9ffffff,Retail,205
8729a0ac9ffffff,Transportation,80
8729a0ac9ffffff,Wholesale,128
8729a0acaffffff,Agriculture,42
8729a0acaffffff,Art/Culture,167
8729a0acaffffff,Business Support,183
8729a0acaffffff,Construction,899
8729a0acaffffff,Corporate,2
8729a0acaffffff,Education,624
8729a0acaffffff,Energy,102
8729a0acaffffff,Financial,153
8729a0acaffffff,Health,1059
8729a0acaffffff,Hospitality,422
8729a0acaffffff,Information,67
8729a0acaffffff,Manufacturing,964
8729a0acaffffff,Professional Service,249
8729a0acaffffff,Public Administration,112
8729a0acaffffff,Real Estate,94
8729a0acaffffff,Retail,733
8729a0acaffffff,Transportation,450
8729a0acaffffff,Wholesale,230
8729a0acbffffff,Agriculture,36
8729a0acbffffff,Art/Culture,133
8729a0acbffffff,Business Support,589
8729a0acbffffff,Construction,866
8729a0acbffffff,Corporate,10
8729a0acbffffff,Education,372
8729a0acbffffff,Energy,77
8729a0acbffffff,Financial,560
8729a0acbffffff,Health,423
8729a0acbffffff,Hospitality,407
8729a0acbffffff,Information,190
8729a0acbffffff,Manufacturing,1550
8729a0acbffffff,Professional Service,721
8729a0acbffffff,Public Administration,276
8729a0acbffffff,Real Estate,237
8729a0acbffffff,Retail,527
8729a0acbffffff,Transportation,435
8729a0acbffffff,Wholesale,218
8729a0accffffff,Agriculture,76
8729a0accffffff,Art/Culture,352
8729a0accffffff,Business Support,502
8729a0accffffff,Construction,1021
8729a0accffffff,Corporate,1
8729a0accffffff,Education,1853
8729a0accffffff,Energy,86
8729a0accffffff,Financial,441
8729a0accffffff,Health,3227
8729a0accffffff,Hospitality,1291
8729a0accffffff,Information,227
8729a0accffffff,Manufacturing,1842
8729a0accffffff,Professional Service,668
8729a0accffffff,Public Administration,600
8729a0accffffff,Real Estate,176
8729a0accffffff,Retail,2356
8729a0accffffff,Transportation,1042
8729a0accffffff,Wholesale,352
8729a0acdffffff,Agriculture,10
8729a0acdffffff,Art/Culture,72
8729a0acdffffff,Business Support,102
8729a0acdffffff,Construction,120
8729a0acdffffff,Corporate,1
8729a0acdffffff,Education,297
8729a0acdffffff,Energy,5
8729a0acdffffff,Financial,138
8729a0acdffffff,Health,314
8729a0acdffffff,Hospitality,234
8729a0acdffffff,Information,42
8729a0acdffffff,Manufacturing,156
8729a0acdffffff,Professional Service,202
8729a0acdffffff,Public Administration,118
8729a0acdffffff,Real Estate,53
8729a0acdffffff,Retail,312
8729a0acdffffff,Transportation,102
8729a0acdffffff,Wholesale,106
8729a0aceffffff,Agriculture,19
8729a0aceffffff,Art/Culture,39
8729a0aceffffff,Business Support,135
8729a0aceffffff,Construction,203
8729a0aceffffff,Education,354
8729a0aceffffff,Energy,12
8729a0aceffffff,Financial,78
8729a0aceffffff,Health,626
8729a0aceffffff,Hospitality,283
8729a0aceffffff,Information,17
8729a0aceffffff,Manufacturing,322
8729a0aceffffff,Professional Service,110
8729a0aceffffff,Public Administration,126
8729a0aceffffff,Real Estate,33
8729a0aceffffff,Retail,459
8729a0aceffffff,Transportation,161
8729a0aceffffff,Wholesale,294
8729a0ad8ffffff,Agriculture,19
8729a0ad8ffffff,Art/Culture,127
8729a0ad8ffffff,Business Support,180
8729a0ad8ffffff,Construction,329
8729a0ad8ffffff,Education,842
8729a0ad8ffffff,Energy,48
8729a0ad8ffffff,Financial,158
8729a0ad8ffffff,Health,1249
8729a0ad8ffffff,Hospitality,524
8729a0ad8ffffff,Information,75
8729a0ad8ffffff,Manufacturing,581
8729a0ad8ffffff,Professional Service,218
8729a0ad8ffffff,Public Administration,286
8729a0ad8ffffff,Real Estate,117
8729a0ad8ffffff,Retail,450
8729a0ad8ffffff,Transportation,321
8729a0ad8ffffff,Wholesale,161
8729a0ad9ffffff,Agriculture,35
8729a0ad9ffffff,Art/Culture,270
8729a0ad9ffffff,Business Support,307
8729a0ad9ffffff,Construction,474
8729a0ad9ffffff,Corporate,2
8729a0ad9ffffff,Education,1118
8729a0ad9ffffff,Energy,73
8729a0ad9ffffff,Financial,328
8729a0ad9ffffff,Health,1342
8729a0ad9ffffff,Hospitality,865
8729a0ad9ffffff,Information,99
8729a0ad9ffffff,Manufacturing,798
8729a0ad9ffffff,Professional Service,377
8729a0ad9ffffff,Public Administration,473
8729a0ad9ffffff,Real Estate,175
8729a0ad9ffffff,Retail,1049
8729a0ad9ffffff,Transportation,447
8729a0ad9ffffff,Wholesale,306
8729a0adaffffff,Agriculture,61
8729a0adaffffff,Art/Culture,541
8729a0adaffffff,Business Support,422
8729a0adaffffff,Construction,1076
8729a0adaffffff,Corporate,10
8729a0adaffffff,Education,3742
8729a0adaffffff,Energy,75
8729a0adaffffff,Financial,386
8729a0adaffffff,Health,3462
8729a0adaffffff,Hospitality,1624
8729a0adaffffff,Information,183
8729a0adaffffff,Manufacturing,475
8729a0adaffffff,Professional Service,801
8729a0adaffffff,Public Administration,371
8729a0adaffffff,Real Estate,170
8729a0adaffffff,Retail,1396
8729a0adaffffff,Transportation,548
8729a0adaffffff,Wholesale,283
8729a0adbffffff,Agriculture,5
8729a0adbffffff,Art/Culture,62
8729a0adbffffff,Business Support,85
8729a0adbffffff,Construction,68
8729a0adbffffff,Education,407
8729a0adbffffff,Energy,44
8729a0adbffffff,Financial,87
8729a0adbffffff,Health,341
8729a0adbffffff,Hospitality,52
8729a0adbffffff,Information,20
8729a0adbffffff,Manufacturing,49
8729a0adbffffff,Professional Service,157
8729a0adbffffff,Public Administration,101
8729a0adbffffff,Real Estate,33
8729a0adbffffff,Retail,203
8729a0adbffffff,Transportation,175
8729a0adbffffff,Wholesale,90
8729a0adcffffff,Agriculture,27
8729a0adcffffff,Art/Culture,57
8729a0adcffffff,Business Support,171
8729a0adcffffff,Construction,88
8729a0adcffffff,Corporate,1
8729a0adcffffff,Education,862
8729a0adcffffff,Energy,29
8729a0adcffffff,Financial,91
8729a0adcffffff,Health,2030
8729a0adcffffff,Hospitality,222
8729a0adcffffff,Information,21
8729a0adcffffff,Manufacturing,201
8729a0adcffffff,Professional Service,108
8729a0adcffffff,Public Administration,177
8729a0adcffffff,Real Estate,60
8729a0adcffffff,Retail,433
8729a0adcffffff,Transportation,241
8729a0adcffffff,Wholesale,78
8729a0addffffff,Agriculture,17
8729a0addffffff,Art/Culture,134
8729a0addffffff,Business Support,91
8729a0addffffff,Construction,298
8729a0addffffff,Corporate,4
8729a0addffffff,Education,1089
8729a0addffffff,Energy,16
8729a0addffffff,Financial,97
8729a0addffffff,Health,622
8729a0addffffff,Hospitality,236
8729a0addffffff,Information,16
8729a0addffffff,Manufacturing,217
8729a0addffffff,Professional Service,121
8729a0addffffff,Public Administration,111
8729a0addffffff,Real Estate,29
8729a0addffffff,Retail,192
8729a0addffffff,Transportation,247
8729a0addffffff,Wholesale,48
8729a0adeffffff,Agriculture,7
8729a0adeffffff,Art/Culture,74
8729a0adeffffff,Business Support,222
8729a0adeffffff,Construction,453
8729a0adeffffff,Corporate,6
8729a0adeffffff,Education,681
8729a0adeffffff,Energy,26
8729a0adeffffff,Financial,188
8729a0adeffffff,Health,810
8729a0adeffffff,Hospitality,283
8729a0adeffffff,Information,67
8729a0adeffffff,Manufacturing,208
8729a0adeffffff,Professional Service,493
8729a0adeffffff,Public Administration,124
8729a0adeffffff,Real Estate,99
8729a0adeffffff,Retail,384
8729a0adeffffff,Transportation,166
8729a0adeffffff,Wholesale,118
8729a0ae1ffffff,Agriculture,3
8729a0ae1ffffff,Business Support,34
8729a0ae1ffffff,Construction,17
8729a0ae1ffffff,Corporate,1
8729a0ae1ffffff,Education,106
8729a0ae1ffffff,Energy,1
8729a0ae1ffffff,Financial,5
8729a0ae1ffffff,Health,76
8729a0ae1ffffff,Hospitality,13
8729a0ae1ffffff,Information,8
8729a0ae1ffffff,Manufacturing,27
8729a0ae1ffffff,Professional Service,74
8729a0ae1ffffff,Public Administration,52
8729a0ae1ffffff,Real Estate,40
8729a0ae1ffffff,Retail,20
8729a0ae1ffffff,Transportation,33
8729a0ae1ffffff,Wholesale,25
8729a0ae8ffffff,Agriculture,51
8729a0ae8ffffff,Art/Culture,62
8729a0ae8ffffff,Business Support,91
8729a0ae8ffffff,Construction,587
8729a0ae8ffffff,Corporate,2
8729a0ae8ffffff,Education,90
8729a0ae8ffffff,Energy,65
8729a0ae8ffffff,Financial,91
8729a0ae8ffffff,Health,47
8729a0ae8ffffff,Hospitality,257
8729a0ae8ffffff,Information,23
8729a0ae8ffffff,Manufacturing,487
8729a0ae8ffffff,Professional Service,135
8729a0ae8ffffff,Public Administration,149
8729a0ae8ffffff,Real Estate,92
8729a0ae8ffffff,Retail,847
8729a0ae8ffffff,Transportation,556
8729a0ae8ffffff,Wholesale,407
8729a0ae9ffffff,Agriculture,2
8729a0ae9ffffff,Art/Culture,15
8729a0ae9ffffff,Business Support,44
8729a0ae9ffffff,Construction,18
8729a0ae9ffffff,Education,174
8729a0ae9ffffff,Energy,8
8729a0ae9ffffff,Financial,19
8729a0ae9ffffff,Health,233
8729a0ae9ffffff,Hospitality,29
8729a0ae9ffffff,Information,7
8729a0ae9ffffff,Manufacturing,44
8729a0ae9ffffff,Professional Service,85
8729a0ae9ffffff,Public Administration,48
8729a0ae9ffffff,Real Estate,50
8729a0ae9ffffff,Retail,70
8729a0ae9ffffff,Transportation,49
8729a0ae9ffffff,Wholesale,33
8729a0aeaffffff,Agriculture,51
8729a0aeaffffff,Art/Culture,284
8729a0aeaffffff,Business Support,643
8729a0aeaffffff,Construction,509
8729a0aeaffffff,Corporate,1
8729a0aeaffffff,Education,1046
8729a0aeaffffff,Energy,95
8729a0aeaffffff,Financial,650
8729a0aeaffffff,Health,1212
8729a0aeaffffff,Hospitality,1120
8729a0aeaffffff,Information,369
8729a0aeaffffff,Manufacturing,471
8729a0aeaffffff,Professional Service,1086
8729a0aeaffffff,Public Administration,271
8729a0aeaffffff,Real Estate,409
8729a0aeaffffff,Retail,1438
8729a0aeaffffff,Transportation,540
8729a0aeaffffff,Wholesale,553
8729a0aebffffff,Agriculture,82
8729a0aebffffff,Art/Culture,659
8729a0aebffffff,Business Support,689
8729a0aebffffff,Construction,976
8729a0aebffffff,Corporate,2
8729a0aebffffff,Education,2967
8729a0aebffffff,Energy,64
8729a0aebffffff,Financial,604
8729a0aebffffff,Health,3485
8729a0aebffffff,Hospitality,2666
8729a0aebffffff,Information,314
8729a0aebffffff,Manufacturing,1098
8729a0aebffffff,Professional Service,1285
8729a0aebffffff,Public Administration,687
8729a0aebffffff,Real Estate,296
8729a0aebffffff,Retail,3679
8729a0aebffffff,Transportation,1028
8729a0aebffffff,Wholesale,836
8729a0aecffffff,Agriculture,29
8729a0aecffffff,Art/Culture,65
8729a0aecffffff,Business Support,583
8729a0aecffffff,Construction,166
8729a0aecffffff,Corporate,22
8729a0aecffffff,Education,216
8729a0aecffffff,Energy,27
8729a0aecffffff,Financial,621
8729a0aecffffff,Health,378
8729a0aecffffff,Hospitality,256
8729a0aecffffff,Information,206
8729a0aecffffff,Manufacturing,409
8729a0aecffffff,Professional Service,854
8729a0aecffffff,Public Administration,555
8729a0aecffffff,Real Estate,284
8729a0aecffffff,Retail,324
8729a0aecffffff,Transportation,187
8729a0aecffffff,Wholesale,207
8729a0aeeffffff,Agriculture,25
8729a0aeeffffff,Art/Culture,66
8729a0aeeffffff,Business Support,181
8729a0aeeffffff,Construction,177
8729a0aeeffffff,Corporate,1
8729a0aeeffffff,Education,269
8729a0aeeffffff,Energy,20
8729a0aeeffffff,Financial,230
8729a0aeeffffff,Health,488
8729a0aeeffffff,Hospitality,211
8729a0aeeffffff,Information,69
8729a0aeeffffff,Manufacturing,55
8729a0aeeffffff,Professional Service,390
8729a0aeeffffff,Public Administration,147
8729a0aeeffffff,Real Estate,100
8729a0aeeffffff,Retail,309
8729a0aeeffffff,Transportation,147
8729a0aeeffffff,Wholesale,110
8729a1020ffffff,Agriculture,7
8729a1020ffffff,Art/Culture,73
8729a1020ffffff,Business Support,32
8729a1020ffffff,Construction,68
8729a1020ffffff,Education,98
8729a1020ffffff,Energy,16
8729a1020ffffff,Financial,48
8729a1020ffffff,Health,86
8729a1020ffffff,Hospitality,114
8729a1020ffffff,Information,52
8729a1020ffffff,Manufacturing,61
8729a1020ffffff,Professional Service,48
8729a1020ffffff,Public Administration,61
8729a1020ffffff,Real Estate,17
8729a1020ffffff,Retail,165
8729a1020ffffff,Transportation,81
8729a1020ffffff,Wholesale,20
8729a1024ffffff,Agriculture,50
8729a1024ffffff,Art/Culture,173
8729a1024ffffff,Business Support,158
8729a1024ffffff,Construction,148
8729a1024ffffff,Corporate,1
8729a1024ffffff,Education,329
8729a1024ffffff,Energy,14
8729a1024ffffff,Financial,60
8729a1024ffffff,Health,484
8729a1024ffffff,Hospitality,467
8729a1024ffffff,Information,74
8729a1024ffffff,Manufacturing,176
8729a1024ffffff,Professional Service,179
8729a1024ffffff,Public Administration,175
8729a1024ffffff,Real Estate,52
8729a1024ffffff,Retail,299
8729a1024ffffff,Transportation,163
8729a1024ffffff,Wholesale,70
8729a1025ffffff,Agriculture,9
8729a1025ffffff,Art/Culture,80
8729a1025ffffff,Business Support,191
8729a1025ffffff,Construction,631
8729a1025ffffff,Education,180
8729a1025ffffff,Energy,34
8729a1025ffffff,Financial,74
8729a1025ffffff,Health,249
8729a1025ffffff,Hospitality,72
8729a1025ffffff,Information,121
8729a1025ffffff,Manufacturing,191
8729a1025ffffff,Professional Service,221
8729a1025ffffff,Public Administration,192
8729a1025ffffff,Real Estate,50
8729a1025ffffff,Retail,195
8729a1025ffffff,Transportation,75
8729a1025ffffff,Wholesale,49
8729a102cffffff,Agriculture,7
8729a102cffffff,Art/Culture,54
8729a102cffffff,Business Support,29
8729a102cffffff,Construction,172
8729a102cffffff,Education,153
8729a102cffffff,Energy,16
8729a102cffffff,Financial,131
8729a102cffffff,Health,136
8729a102cffffff,Hospitality,75
8729a102cffffff,Information,161
8729a102cffffff,Manufacturing,114
8729a102cffffff,Professional Service,227
8729a102cffffff,Public Administration,114
8729a102cffffff,Real Estate,38
8729a102cffffff,Retail,139
8729a102cffffff,Transportation,59
8729a102cffffff,Wholesale,11
8729a102dffffff,Agriculture,10
8729a102dffffff,Art/Culture,20
8729a102dffffff,Education,100
8729a102dffffff,Energy,2
8729a102dffffff,Health,215
8729a102dffffff,Manufacturing,33
8729a102dffffff,Public Administration,51
8729a102dffffff,Transportation,3
8729a102dffffff,Wholesale,7
8729a1034ffffff,Agriculture,3
8729a1034ffffff,Art/Culture,13
8729a1034ffffff,Business Support,12
8729a1034ffffff,Construction,11
8729a1034ffffff,Education,40
8729a1034ffffff,Energy,11
8729a1034ffffff,Financial,23
8729a1034ffffff,Health,75
8729a1034ffffff,Hospitality,14
8729a1034ffffff,Information,23
8729a1034ffffff,Manufacturing,29
8729a1034ffffff,Professional Service,40
8729a1034ffffff,Public Administration,13
8729a1034ffffff,Real Estate,3
8729a1034ffffff,Retail,49
8729a1034ffffff,Transportation,23
8729a1034ffffff,Wholesale,16
8729a1035ffffff,Agriculture,7
8729a1035ffffff,Business Support,9
8729a1035ffffff,Construction,152
8729a1035ffffff,Education,43
8729a1035ffffff,Energy,4
8729a1035ffffff,Financial,29
8729a1035ffffff,Health,82
8729a1035ffffff,Hospitality,14
8729a1035ffffff,Information,21
8729a1035ffffff,Manufacturing,10
8729a1035ffffff,Professional Service,48
8729a1035ffffff,Public Administration,25
8729a1035ffffff,Real Estate,1
8729a1035ffffff,Retail,40
8729a1035ffffff,Transportation,12
8729a1035ffffff,Wholesale,12
8729a1096ffffff,Art/Culture,39
8729a1096ffffff,Business Support,69
8729a1096ffffff,Construction,20
8729a1096ffffff,Corporate,2
8729a1096ffffff,Education,247
8729a1096ffffff,Energy,2
8729a1096ffffff,Financial,19
8729a1096ffffff,Health,187
8729a1096ffffff,Hospitality,107
8729a1096ffffff,Information,14
8729a1096ffffff,Manufacturing,15
8729a1096ffffff,Professional Service,35
8729a1096ffffff,Public Administration,85
8729a1096ffffff,Real Estate,12
8729a1096ffffff,Retail,78
8729a1096ffffff,Transportation,43
8729a1096ffffff,Wholesale,23
8729a1104ffffff,Agriculture,43
8729a1104ffffff,Art/Culture,113
8729a1104ffffff,Business Support,148
8729a1104ffffff,Construction,503
8729a1104ffffff,Corporate,1
8729a1104ffffff,Education,657
8729a1104ffffff,Energy,24
8729a1104ffffff,Financial,64
8729a1104ffffff,Health,531
8729a1104ffffff,Hospitality,186
8729a1104ffffff,Information,71
8729a1104ffffff,Manufacturing,145
8729a1104ffffff,Professional Service,124
8729a1104ffffff,Public Administration,115
8729a1104ffffff,Real Estate,41
8729a1104ffffff,Retail,483
8729a1104ffffff,Transportation,148
8729a1104ffffff,Wholesale,103
8729a1105ffffff,Agriculture,12
8729a1105ffffff,Art/Culture,14
8729a1105ffffff,Business Support,50
8729a1105ffffff,Construction,228
8729a1105ffffff,Education,38
8729a1105ffffff,Energy,13
8729a1105ffffff,Financial,37
8729a1105ffffff,Health,104
8729a1105ffffff,Hospitality,24
8729a1105ffffff,Information,23
8729a1105ffffff,Manufacturing,248
8729a1105ffffff,Professional Service,43
8729a1105ffffff,Public Administration,149
8729a1105ffffff,Real Estate,24
8729a1105ffffff,Retail,110
8729a1105ffffff,Transportation,49
8729a1105ffffff,Wholesale,26
8729a1109ffffff,Agriculture,3
8729a1109ffffff,Art/Culture,42
8729a1109ffffff,Business Support,124
8729a1109ffffff,Construction,61
8729a1109ffffff,Education,280
8729a1109ffffff,Energy,5
8729a1109ffffff,Financial,58
8729a1109ffffff,Health,430
8729a1109ffffff,Hospitality,151
8729a1109ffffff,Information,67
8729a1109ffffff,Manufacturing,78
8729a1109ffffff,Professional Service,90
8729a1109ffffff,Public Administration,67
8729a1109ffffff,Real Estate,28
8729a1109ffffff,Retail,204
8729a1109ffffff,Transportation,49
8729a1109ffffff,Wholesale,35
8729a110affffff,Agriculture,2
8729a110affffff,Art/Culture,67
8729a110affffff,Business Support,65
8729a110affffff,Construction,163
8729a110affffff,Education,59
8729a110affffff,Energy,5
8729a110affffff,Financial,118
8729a110affffff,Health,60
8729a110affffff,Hospitality,272
8729a110affffff,Information,19
8729a110affffff,Manufacturing,23
8729a110affffff,Professional Service,115
8729a110affffff,Public Administration,15
8729a110affffff,Real Estate,52
8729a110affffff,Retail,210
8729a110affffff,Transportation,23
8729a110affffff,Wholesale,38
8729a110bffffff,Agriculture,13
8729a110bffffff,Art/Culture,136
8729a110bffffff,Business Support,54
8729a110bffffff,Construction,339
8729a110bffffff,Corporate,2
8729a110bffffff,Education,120
8729a110bffffff,Energy,19
8729a110bffffff,Financial,25
8729a110bffffff,Health,283
8729a110bffffff,Hospitality,207
8729a110bffffff,Information,42
8729a110bffffff,Manufacturing,139
8729a110bffffff,Professional Service,124
8729a110bffffff,Public Administration,168
8729a110bffffff,Real Estate,38
8729a110bffffff,Retail,172
8729a110bffffff,Transportation,52
8729a110bffffff,Wholesale,18
8729a111bffffff,Agriculture,5
8729a111bffffff,Art/Culture,29
8729a111bffffff,Business Support,8
8729a111bffffff,Construction,212
8729a111bffffff,Education,125
8729a111bffffff,Energy,5
8729a111bffffff,Financial,31
8729a111bffffff,Health,126
8729a111bffffff,Hospitality,19
8729a111bffffff,Information,42
8729a111bffffff,Manufacturing,13
8729a111bffffff,Professional Service,66
8729a111bffffff,Public Administration,29
8729a111bffffff,Real Estate,9
8729a111bffffff,Retail,89
8729a111bffffff,Transportation,22
8729a111bffffff,Wholesale,10
8729a1120ffffff,Agriculture,51
8729a1120ffffff,Art/Culture,53
8729a1120ffffff,Business Support,110
8729a1120ffffff,Construction,845
8729a1120ffffff,Education,1317
8729a1120ffffff,Energy,23
8729a1120ffffff,Financial,75
8729a1120ffffff,Health,2355
8729a1120ffffff,Hospitality,220
8729a1120ffffff,Information,121
8729a1120ffffff,Manufacturing,145
8729a1120ffffff,Professional Service,228
8729a1120ffffff,Public Administration,220
8729a1120ffffff,Real Estate,80
8729a1120ffffff,Retail,473
8729a1120ffffff,Transportation,165
8729a1120ffffff,Wholesale,92
8729a1121ffffff,Agriculture,19
8729a1121ffffff,Art/Culture,48
8729a1121ffffff,Business Support,54
8729a1121ffffff,Construction,81
8729a1121ffffff,Corporate,14
8729a1121ffffff,Education,228
8729a1121ffffff,Energy,11
8729a1121ffffff,Financial,68
8729a1121ffffff,Health,213
8729a1121ffffff,Hospitality,82
8729a1121ffffff,Information,47
8729a1121ffffff,Manufacturing,86
8729a1121ffffff,Professional Service,178
8729a1121ffffff,Public Administration,112
8729a1121ffffff,Real Estate,36
8729a1121ffffff,Retail,146
8729a1121ffffff,Transportation,31
8729a1121ffffff,Wholesale,21
8729a1122ffffff,Agriculture,65
8729a1122ffffff,Art/Culture,128
8729a1122ffffff,Business Support,283
8729a1122ffffff,Construction,492
8729a1122ffffff,Corporate,15
8729a1122ffffff,Education,533
8729a1122ffffff,Energy,66
8729a1122ffffff,Financial,131
8729a1122ffffff,Health,785
8729a1122ffffff,Hospitality,388
8729a1122ffffff,Information,129
8729a1122ffffff,Manufacturing,491
8729a1122ffffff,Professional Service,160
8729a1122ffffff,Public Administration,218
8729a1122ffffff,Real Estate,76
8729a1122ffffff,Retail,615
8729a1122ffffff,Transportation,302
8729a1122ffffff,Wholesale,140
8729a1123ffffff,Agriculture,151
8729a1123ffffff,Art/Culture,47
8729a1123ffffff,Business Support,182
8729a1123ffffff,Construction,1384
8729a1123ffffff,Education,259
8729a1123ffffff,Energy,82
8729a1123ffffff,Financial,97
8729a1123ffffff,Health,370
8729a1123ffffff,Hospitality,145
8729a1123ffffff,Information,79
8729a1123ffffff,Manufacturing,3368
8729a1123ffffff,Professional Service,140
8729a1123ffffff,Public Administration,76
8729a1123ffffff,Real Estate,53
8729a1123ffffff,Retail,921
8729a1123ffffff,Transportation,410
8729a1123ffffff,Wholesale,215
8729a1124ffffff,Agriculture,18
8729a1124ffffff,Art/Culture,63
8729a1124ffffff,Business Support,256
8729a1124ffffff,Construction,383
8729a1124ffffff,Corporate,1
8729a1124ffffff,Education,350
8729a1124ffffff,Energy,22
8729a1124ffffff,Financial,191
8729a1124ffffff,Health,575
8729a1124ffffff,Hospitality,229
8729a1124ffffff,Information,116
8729a1124ffffff,Manufacturing,170
8729a1124ffffff,Professional Service,265
8729a1124ffffff,Public Administration,129
8729a1124ffffff,Real Estate,73
8729a1124ffffff,Retail,260
8729a1124ffffff,Transportation,199
8729a1124ffffff,Wholesale,72
8729a1125ffffff,Agriculture,26
8729a1125ffffff,Art/Culture,76
8729a1125ffffff,Business Support,105
8729a1125ffffff,Construction,272
8729a1125ffffff,Corporate,1
8729a1125ffffff,Education,468
8729a1125ffffff,Energy,60
8729a1125ffffff,Financial,240
8729a1125ffffff,Health,737
8729a1125ffffff,Hospitality,270
8729a1125ffffff,Information,118
8729a1125ffffff,Manufacturing,101
8729a1125ffffff,Professional Service,177
8729a1125ffffff,Public Administration,169
8729a1125ffffff,Real Estate,58
8729a1125ffffff,Retail,616
8729a1125ffffff,Transportation,247
8729a1125ffffff,Wholesale,158
8729a1126ffffff,Agriculture,39
8729a1126ffffff,Art/Culture,68
8729a1126ffffff,Business Support,161
8729a1126ffffff,Construction,323
8729a1126ffffff,Corporate,3
8729a1126ffffff,Education,359
8729a1126ffffff,Energy,23
8729a1126ffffff,Financial,101
8729a1126ffffff,Health,736
8729a1126ffffff,Hospitality,173
8729a1126ffffff,Information,100
8729a1126ffffff,Manufacturing,298
8729a1126ffffff,Professional Service,135
8729a1126ffffff,Public Administration,202
8729a1126ffffff,Real Estate,48
8729a1126ffffff,Retail,449
8729a1126ffffff,Transportation,249
8729a1126ffffff,Wholesale,118
8729a112cffffff,Agriculture,4
8729a112cffffff,Art/Culture,2
8729a112cffffff,Business Support,13
8729a112cffffff,Construction,20
8729a112cffffff,Education,145
8729a112cffffff,Energy,4
8729a112cffffff,Financial,8
8729a112cffffff,Health,221
8729a112cffffff,Hospitality,4
8729a112cffffff,Information,28
8729a112cffffff,Manufacturing,46
8729a112cffffff,Professional Service,59
8729a112cffffff,Public Administration,41
8729a112cffffff,Real Estate,9
8729a112cffffff,Retail,25
8729a112cffffff,Transportation,12
8729a112cffffff,Wholesale,6
8729a112effffff,Agriculture,28
8729a112effffff,Business Support,38
8729a112effffff,Construction,81
8729a112effffff,Corporate,1
8729a112effffff,Education,47
8729a112effffff,Energy,23
8729a112effffff,Financial,14
8729a112effffff,Health,80
8729a112effffff,Hospitality,40
8729a112effffff,Information,17
8729a112effffff,Manufacturing,1048
8729a112effffff,Professional Service,43
8729a112effffff,Public Administration,118
8729a112effffff,Real Estate,7
8729a112effffff,Retail,195
8729a112effffff,Transportation,103
8729a112effffff,Wholesale,175
8729a1130ffffff,Agriculture,11
8729a1130ffffff,Art/Culture,1
8729a1130ffffff,Business Support,69
8729a1130ffffff,Construction,126
8729a1130ffffff,Education,59
8729a1130ffffff,Energy,9
8729a1130ffffff,Financial,12
8729a1130ffffff,Health,100
8729a1130ffffff,Hospitality,76
8729a1130ffffff,Information,18
8729a1130ffffff,Manufacturing,118
8729a1130ffffff,Professional Service,32
8729a1130ffffff,Public Administration,59
8729a1130ffffff,Real Estate,11
8729a1130ffffff,Retail,249
8729a1130ffffff,Transportation,71
8729a1130ffffff,Wholesale,18
8729a1131ffffff,Agriculture,96
8729a1131ffffff,Art/Culture,245
8729a1131ffffff,Business Support,411
8729a1131ffffff,Construction,1280
8729a1131ffffff,Corporate,9
8729a1131ffffff,Education,820
8729a1131ffffff,Energy,102
8729a1131ffffff,Financial,252
8729a1131ffffff,Health,1442
8729a1131ffffff,Hospitality,947
8729a1131ffffff,Information,191
8729a1131ffffff,Manufacturing,1357
8729a1131ffffff,Professional Service,446
8729a1131ffffff,Public Administration,326
8729a1131ffffff,Real Estate,206
8729a1131ffffff,Retail,1806
8729a1131ffffff,Transportation,949
8729a1131ffffff,Wholesale,396
8729a1134ffffff,Agriculture,34
8729a1134ffffff,Art/Culture,29
8729a1134ffffff,Business Support,167
8729a1134ffffff,Construction,676
8729a1134ffffff,Corporate,1
8729a1134ffffff,Education,456
8729a1134ffffff,Energy,13
8729a1134ffffff,Financial,48
8729a1134ffffff,Health,828
8729a1134ffffff,Hospitality,162
8729a1134ffffff,Information,90
8729a1134ffffff,Manufacturing,281
8729a1134ffffff,Professional Service,120
8729a1134ffffff,Public Administration,137
8729a1134ffffff,Real Estate,25
8729a1134ffffff,Retail,177
8729a1134ffffff,Transportation,162
8729a1134ffffff,Wholesale,20
8729a1135ffffff,Agriculture,90
8729a1135ffffff,Art/Culture,101
8729a1135ffffff,Business Support,354
8729a1135ffffff,Construction,726
8729a1135ffffff,Corporate,8
8729a1135ffffff,Education,510
8729a1135ffffff,Energy,130
8729a1135ffffff,Financial,169
8729a1135ffffff,Health,988
8729a1135ffffff,Hospitality,355
8729a1135ffffff,Information,177
8729a1135ffffff,Manufacturing,2119
8729a1135ffffff,Professional Service,271
8729a1135ffffff,Public Administration,275
8729a1135ffffff,Real Estate,92
8729a1135ffffff,Retail,1373
8729a1135ffffff,Transportation,549
8729a1135ffffff,Wholesale,339
8729a1146ffffff,Agriculture,4
8729a1146ffffff,Art/Culture,177
8729a1146ffffff,Construction,1
8729a1146ffffff,Education,447
8729a1146ffffff,Financial,5
8729a1146ffffff,Health,106
8729a1146ffffff,Hospitality,164
8729a1146ffffff,Information,15
8729a1146ffffff,Manufacturing,12
8729a1146ffffff,Professional Service,3
8729a1146ffffff,Public Administration,209
8729a1146ffffff,Real Estate,4
8729a1146ffffff,Retail,45
8729a1146ffffff,Transportation,1
8729a1146ffffff,Wholesale,13
8729a114affffff,Construction,1
8729a114affffff,Education,28
8729a114affffff,Financial,17
8729a114affffff,Health,42
8729a114affffff,Public Administration,22
8729a114affffff,Transportation,17
8729a1150ffffff,Agriculture,30
8729a1150ffffff,Art/Culture,224
8729a1150ffffff,Business Support,131
8729a1150ffffff,Construction,388
8729a1150ffffff,Corporate,2
8729a1150ffffff,Education,335
8729a1150ffffff,Energy,95
8729a1150ffffff,Financial,85
8729a1150ffffff,Health,642
8729a1150ffffff,Hospitality,502
8729a1150ffffff,Information,132
8729a1150ffffff,Manufacturing,112
8729a1150ffffff,Professional Service,219
8729a1150ffffff,Public Administration,406
8729a1150ffffff,Real Estate,49
8729a1150ffffff,Retail,731
8729a1150ffffff,Transportation,650
8729a1150ffffff,Wholesale,277
8729a1151ffffff,Agriculture,54
8729a1151ffffff,Art/Culture,306
8729a1151ffffff,Business Support,141
8729a1151ffffff,Construction,1015
8729a1151ffffff,Education,388
8729a1151ffffff,Energy,180
8729a1151ffffff,Financial,117
8729a1151ffffff,Health,185
8729a1151ffffff,Hospitality,470
8729a1151ffffff,Information,605
8729a1151ffffff,Manufacturing,5018
8729a1151ffffff,Professional Service,256
8729a1151ffffff,Public Administration,140
8729a1151ffffff,Real Estate,403
8729a1151ffffff,Retail,1049
8729a1151ffffff,Transportation,94
8729a1151ffffff,Wholesale,434
8729a1152ffffff,Agriculture,9
8729a1152ffffff,Art/Culture,97
8729a1152ffffff,Business Support,51
8729a1152ffffff,Construction,117
8729a1152ffffff,Education,201
8729a1152ffffff,Energy,30
8729a1152ffffff,Financial,63
8729a1152ffffff,Health,265
8729a1152ffffff,Hospitality,279
8729a1152ffffff,Information,49
8729a1152ffffff,Manufacturing,106
8729a1152ffffff,Professional Service,156
8729a1152ffffff,Public Administration,107
8729a1152ffffff,Real Estate,20
8729a1152ffffff,Retail,210
8729a1152ffffff,Transportation,79
8729a1152ffffff,Wholesale,37
8729a1153ffffff,Agriculture,1
8729a1153ffffff,Art/Culture,75
8729a1153ffffff,Business Support,43
8729a1153ffffff,Construction,130
8729a1153ffffff,Education,237
8729a1153ffffff,Energy,29
8729a1153ffffff,Financial,64
8729a1153ffffff,Health,252
8729a1153ffffff,Hospitality,11
8729a1153ffffff,Information,57
8729a1153ffffff,Manufacturing,98
8729a1153ffffff,Professional Service,174
8729a1153ffffff,Public Administration,75
8729a1153ffffff,Real Estate,37
8729a1153ffffff,Retail,87
8729a1153ffffff,Transportation,96
8729a1153ffffff,Wholesale,50
8729a1154ffffff,Agriculture,28
8729a1154ffffff,Art/Culture,43
8729a1154ffffff,Business Support,199
8729a1154ffffff,Construction,186
8729a1154ffffff,Education,613
8729a1154ffffff,Energy,62
8729a1154ffffff,Financial,81
8729a1154ffffff,Health,1332
8729a1154ffffff,Hospitality,104
8729a1154ffffff,Information,70
8729a1154ffffff,Manufacturing,108
8729a1154ffffff,Professional Service,274
8729a1154ffffff,Public Administration,320
8729a1154ffffff,Real Estate,63
8729a1154ffffff,Retail,366
8729a1154ffffff,Transportation,432
8729a1154ffffff,Wholesale,223
8729a1155ffffff,Agriculture,61
8729a1155ffffff,Art/Culture,1406
8729a1155ffffff,Business Support,1172
8729a1155ffffff,Construction,701
8729a1155ffffff,Corporate,12
8729a1155ffffff,Education,2074
8729a1155ffffff,Energy,109
8729a1155ffffff,Financial,783
8729a1155ffffff,Health,2769
8729a1155ffffff,Hospitality,2687
8729a1155ffffff,Information,767
8729a1155ffffff,Manufacturing,1247
8729a1155ffffff,Professional Service,1283
8729a1155ffffff,Public Administration,552
8729a1155ffffff,Real Estate,533
8729a1155ffffff,Retail,3566
8729a1155ffffff,Transportation,1030
8729a1155ffffff,Wholesale,661
8729a1156ffffff,Agriculture,2
8729a1156ffffff,Art/Culture,64
8729a1156ffffff,Business Support,6
8729a1156ffffff,Construction,13
8729a1156ffffff,Education,206
8729a1156ffffff,Energy,39
8729a1156ffffff,Financial,63
8729a1156ffffff,Health,13
8729a1156ffffff,Hospitality,97
8729a1156ffffff,Information,76
8729a1156ffffff,Manufacturing,113
8729a1156ffffff,Professional Service,15
8729a1156ffffff,Public Administration,50
8729a1156ffffff,Real Estate,44
8729a1156ffffff,Retail,247
8729a1156ffffff,Transportation,42
8729a1156ffffff,Wholesale,1
8729a1158ffffff,Public Administration,17
8729a1159ffffff,Art/Culture,17
8729a1159ffffff,Business Support,7
8729a1159ffffff,Construction,29
8729a1159ffffff,Education,38
8729a1159ffffff,Health,23
8729a1159ffffff,Hospitality,5
8729a1159ffffff,Information,9
8729a1159ffffff,Manufacturing,9
8729a1159ffffff,Professional Service,24
8729a1159ffffff,Public Administration,38
8729a1159ffffff,Real Estate,2
8729a1159ffffff,Retail,69
8729a1159ffffff,Transportation,12
8729a1159ffffff,Wholesale,12
8729a115dffffff,Agriculture,6
8729a115dffffff,Art/Culture,48
8729a115dffffff,Business Support,61
8729a115dffffff,Construction,90
8729a115dffffff,Education,102
8729a115dffffff,Financial,70
8729a115dffffff,Health,114
8729a115dffffff,Hospitality,169
8729a115dffffff,Information,37
8729a115dffffff,Manufacturing,63
8729a115dffffff,Professional Service,50
8729a115dffffff,Public Administration,195
8729a115dffffff,Real Estate,18
8729a115dffffff,Retail,100
8729a115dffffff,Transportation,21
8729a115dffffff,Wholesale,3
8729a1171ffffff,Agriculture,6
8729a1171ffffff,Business Support,2
8729a1171ffffff,Construction,9
8729a1171ffffff,Education,28
8729a1171ffffff,Energy,3
8729a1171ffffff,Financial,5
8729a1171ffffff,Health,46
8729a1171ffffff,Information,21
8729a1171ffffff,Manufacturing,23
8729a1171ffffff,Professional Service,143
8729a1171ffffff,Public Administration,106
8729a1171ffffff,Retail,33
8729a1171ffffff,Transportation,9
8729a1171ffffff,Wholesale,7
8729a1172ffffff,Agriculture,15
8729a1172ffffff,Art/Culture,261
8729a1172ffffff,Business Support,187
8729a1172ffffff,Construction,451
8729a1172ffffff,Corporate,2
8729a1172ffffff,Education,590
8729a1172ffffff,Energy,38
8729a1172ffffff,Financial,165
8729a1172ffffff,Health,835
8729a1172ffffff,Hospitality,297
8729a1172ffffff,Information,111
8729a1172ffffff,Manufacturing,221
8729a1172ffffff,Professional Service,257
8729a1172ffffff,Public Administration,254
8729a1172ffffff,Real Estate,88
8729a1172ffffff,Retail,411
8729a1172ffffff,Transportation,151
8729a1172ffffff,Wholesale,120
8729a1173ffffff,Agriculture,14
8729a1173ffffff,Art/Culture,255
8729a1173ffffff,Business Support,204
8729a1173ffffff,Construction,235
8729a1173ffffff,Corporate,4
8729a1173ffffff,Education,823
8729a1173ffffff,Energy,51
8729a1173ffffff,Financial,176
8729a1173ffffff,Health,978
8729a1173ffffff,Hospitality,601
8729a1173ffffff,Information,215
8729a1173ffffff,Manufacturing,264
8729a1173ffffff,Professional Service,226
8729a1173ffffff,Public Administration,121
8729a1173ffffff,Real Estate,65
8729a1173ffffff,Retail,933
8729a1173ffffff,Transportation,228
8729a1173ffffff,Wholesale,171
8729a1176ffffff,Agriculture,6
8729a1176ffffff,Art/Culture,9
8729a1176ffffff,Business Support,7
8729a1176ffffff,Construction,8
8729a1176ffffff,Education,17
8729a1176ffffff,Energy,1
8729a1176ffffff,Financial,10
8729a1176ffffff,Health,12
8729a1176ffffff,Hospitality,16
8729a1176ffffff,Information,6
8729a1176ffffff,Manufacturing,16
8729a1176ffffff,Professional Service,11
8729a1176ffffff,Public Administration,12
8729a1176ffffff,Real Estate,6
8729a1176ffffff,Retail,18
8729a1176ffffff,Transportation,1
8729a1176ffffff,Wholesale,9
8729a142cffffff,Art/Culture,32
8729a142cffffff,Construction,4
8729a142cffffff,Education,358
8729a142cffffff,Energy,8
8729a142cffffff,Health,217
8729a142cffffff,Hospitality,86
8729a142cffffff,Manufacturing,31
8729a142cffffff,Professional Service,18
8729a142cffffff,Public Administration,40
8729a142cffffff,Retail,97
8729a142cffffff,Transportation,21
8729a142dffffff,Agriculture,1
8729a142dffffff,Art/Culture,18
8729a142dffffff,Business Support,35
8729a142dffffff,Construction,113
8729a142dffffff,Corporate,1
8729a142dffffff,Education,43
8729a142dffffff,Energy,30
8729a142dffffff,Financial,53
8729a142dffffff,Health,181
8729a142dffffff,Hospitality,48
8729a142dffffff,Information,20
8729a142dffffff,Manufacturing,38
8729a142dffffff,Professional Service,34
8729a142dffffff,Public Administration,25
8729a142dffffff,Real Estate,6
8729a142dffffff,Retail,297
8729a142dffffff,Transportation,208
8729a142dffffff,Wholesale,32
8729a154affffff,Agriculture,1
8729a154affffff,Art/Culture,8
8729a154affffff,Business Support,46
8729a154affffff,Construction,31
8729a154affffff,Education,115
8729a154affffff,Energy,10
8729a154affffff,Financial,3
8729a154affffff,Health,96
8729a154affffff,Hospitality,151
8729a154affffff,Information,3
8729a154affffff,Manufacturing,27
8729a154affffff,Professional Service,14
8729a154affffff,Public Administration,48
8729a154affffff,Real Estate,10
8729a154affffff,Retail,123
8729a154affffff,Transportation,10
8729a154affffff,Wholesale,18
8729a154bffffff,Agriculture,1
8729a154bffffff,Art/Culture,24
8729a154bffffff,Business Support,55
8729a154bffffff,Construction,109
8729a154bffffff,Education,308
8729a154bffffff,Energy,7
8729a154bffffff,Financial,4
8729a154bffffff,Health,418
8729a154bffffff,Hospitality,87
8729a154bffffff,Information,6
8729a154bffffff,Manufacturing,17
8729a154bffffff,Professional Service,52
8729a154bffffff,Public Administration,132
8729a154bffffff,Real Estate,4
8729a154bffffff,Retail,52
8729a154bffffff,Transportation,29
8729a154bffffff,Wholesale,12
8729a1556ffffff,Construction,4
8729a1556ffffff,Financial,1
8729a1556ffffff,Professional Service,3
8729a1556ffffff,Retail,5
8729a1558ffffff,Agriculture,3
8729a1558ffffff,Art/Culture,73
8729a1558ffffff,Business Support,81
8729a1558ffffff,Construction,155
8729a1558ffffff,Education,427
8729a1558ffffff,Energy,28
8729a1558ffffff,Financial,50
8729a1558ffffff,Health,658
8729a1558ffffff,Hospitality,329
8729a1558ffffff,Information,36
8729a1558ffffff,Manufacturing,65
8729a1558ffffff,Professional Service,36
8729a1558ffffff,Public Administration,155
8729a1558ffffff,Real Estate,19
8729a1558ffffff,Retail,361
8729a1558ffffff,Transportation,257
8729a1558ffffff,Wholesale,52
8729a1559ffffff,Agriculture,19
8729a1559ffffff,Art/Culture,74
8729a1559ffffff,Business Support,200
8729a1559ffffff,Construction,273
8729a1559ffffff,Corporate,2
8729a1559ffffff,Education,471
8729a1559ffffff,Energy,35
8729a1559ffffff,Financial,60
8729a1559ffffff,Health,751
8729a1559ffffff,Hospitality,287
8729a1559ffffff,Information,52
8729a1559ffffff,Manufacturing,165
8729a1559ffffff,Professional Service,61
8729a1559ffffff,Public Administration,419
8729a1559ffffff,Real Estate,56
8729a1559ffffff,Retail,420
8729a1559ffffff,Transportation,288
8729a1559ffffff,Wholesale,74
8729a155affffff,Art/Culture,23
8729a155affffff,Business Support,18
8729a155affffff,Construction,51
8729a155affffff,Education,167
8729a155affffff,Energy,19
8729a155affffff,Financial,16
8729a155affffff,Health,198
8729a155affffff,Hospitality,67
8729a155affffff,Information,11
8729a155affffff,Manufacturing,74
8729a155affffff,Professional Service,19
8729a155affffff,Public Administration,59
8729a155affffff,Real Estate,13
8729a155affffff,Retail,77
8729a155affffff,Transportation,75
8729a155affffff,Wholesale,43
8729a155cffffff,Agriculture,43
8729a155cffffff,Art/Culture,17
8729a155cffffff,Business Support,45
8729a155cffffff,Construction,136
8729a155cffffff,Education,54
8729a155cffffff,Energy,16
8729a155cffffff,Financial,64
8729a155cffffff,Health,95
8729a155cffffff,Hospitality,105
8729a155cffffff,Information,16
8729a155cffffff,Manufacturing,1526
8729a155cffffff,Professional Service,30
8729a155cffffff,Public Administration,127
8729a155cffffff,Real Estate,15
8729a155cffffff,Retail,75
8729a155cffffff,Transportation,48
8729a155cffffff,Wholesale,12
8729a155dffffff,Art/Culture,3
8729a155dffffff,Business Support,73
8729a155dffffff,Construction,38
8729a155dffffff,Education,120
8729a155dffffff,Energy,8
8729a155dffffff,Financial,39
8729a155dffffff,Health,116
8729a155dffffff,Hospitality,17
8729a155dffffff,Information,51
8729a155dffffff,Manufacturing,19
8729a155dffffff,Professional Service,34
8729a155dffffff,Public Administration,65
8729a155dffffff,Real Estate,13
8729a155dffffff,Retail,59
8729a155dffffff,Transportation,68
8729a155dffffff,Wholesale,31
8729a155effffff,Agriculture,3
8729a155effffff,Art/Culture,17
8729a155effffff,Business Support,30
8729a155effffff,Construction,58
8729a155effffff,Education,173
8729a155effffff,Energy,6
8729a155effffff,Financial,27
8729a155effffff,Health,298
8729a155effffff,Hospitality,91
8729a155effffff,Information,24
8729a155effffff,Manufacturing,458
8729a155effffff,Professional Service,37
8729a155effffff,Public Administration,111
8729a155effffff,Real Estate,14
8729a155effffff,Retail,95
8729a155effffff,Transportation,55
8729a155effffff,Wholesale,10
8729a180affffff,Agriculture,2
8729a180affffff,Art/Culture,193
8729a180affffff,Business Support,225
8729a180affffff,Construction,216
8729a180affffff,Corporate,1
8729a180affffff,Education,295
8729a180affffff,Energy,16
8729a180affffff,Financial,355
8729a180affffff,Health,114
8729a180affffff,Hospitality,434
8729a180affffff,Information,266
8729a180affffff,Manufacturing,174
8729a180affffff,Professional Service,441
8729a180affffff,Public Administration,32
8729a180affffff,Real Estate,42
8729a180affffff,Retail,345
8729a180affffff,Transportation,108
8729a180affffff,Wholesale,121
8729a1818ffffff,Agriculture,2
8729a1818ffffff,Art/Culture,58
8729a1818ffffff,Business Support,13
8729a1818ffffff,Construction,45
8729a1818ffffff,Education,136
8729a1818ffffff,Energy,1
8729a1818ffffff,Financial,20
8729a1818ffffff,Health,135
8729a1818ffffff,Hospitality,10
8729a1818ffffff,Information,50
8729a1818ffffff,Manufacturing,45
8729a1818ffffff,Professional Service,65
8729a1818ffffff,Public Administration,100
8729a1818ffffff,Real Estate,15
8729a1818ffffff,Retail,66
8729a1818ffffff,Transportation,27
8729a1818ffffff,Wholesale,17
8729a1819ffffff,Agriculture,54
8729a1819ffffff,Art/Culture,151
8729a1819ffffff,Business Support,372
8729a1819ffffff,Construction,504
8729a1819ffffff,Corporate,4
8729a1819ffffff,Education,331
8729a1819ffffff,Energy,19
8729a1819ffffff,Financial,370
8729a1819ffffff,Health,760
8729a1819ffffff,Hospitality,390
8729a1819ffffff,Information,310
8729a1819ffffff,Manufacturing,129
8729a1819ffffff,Professional Service,782
8729a1819ffffff,Public Administration,162
8729a1819ffffff,Real Estate,199
8729a1819ffffff,Retail,527
8729a1819ffffff,Transportation,224
8729a1819ffffff,Wholesale,85
8729a181bffffff,Agriculture,53
8729a181bffffff,Art/Culture,285
8729a181bffffff,Business Support,2228
8729a181bffffff,Construction,690
8729a181bffffff,Corporate,57
8729a181bffffff,Education,1806
8729a181bffffff,Energy,80
8729a181bffffff,Financial,2479
8729a181bffffff,Health,4642
8729a181bffffff,Hospitality,660
8729a181bffffff,Information,1829
8729a181bffffff,Manufacturing,1317
8729a181bffffff,Professional Service,3042
8729a181bffffff,Public Administration,287
8729a181bffffff,Real Estate,998
8729a181bffffff,Retail,952
8729a181bffffff,Transportation,437
8729a181bffffff,Wholesale,328
8729a181dffffff,Education,66
8729a181dffffff,Energy,1
8729a181dffffff,Health,278
8729a181dffffff,Manufacturing,11
8729a181dffffff,Public Administration,18
8729a181dffffff,Transportation,5
8729a181dffffff,Wholesale,8
8729a181effffff,Art/Culture,22
8729a181effffff,Education,8
8729a181effffff,Hospitality,3
8729a181effffff,Manufacturing,5
8729a181effffff,Public Administration,5
8729a181effffff,Retail,2
8729a181effffff,Wholesale,11
8729a1832ffffff,Agriculture,11
8729a1832ffffff,Art/Culture,176
8729a1832ffffff,Business Support,75
8729a1832ffffff,Construction,251
8729a1832ffffff,Corporate,3
8729a1832ffffff,Education,287
8729a1832ffffff,Energy,6
8729a1832ffffff,Financial,96
8729a1832ffffff,Health,121
8729a1832ffffff,Hospitality,387
8729a1832ffffff,Information,147
8729a1832ffffff,Manufacturing,57
8729a1832ffffff,Professional Service,579
8729a1832ffffff,Public Administration,71
8729a1832ffffff,Real Estate,181
8729a1832ffffff,Retail,313
8729a1832ffffff,Transportation,30
8729a1832ffffff,Wholesale,67
8729a1836ffffff,Art/Culture,76
8729a1836ffffff,Business Support,25
8729a1836ffffff,Energy,2
8729a1836ffffff,Financial,32
8729a1836ffffff,Hospitality,11
8729a1836ffffff,Information,44
8729a1836ffffff,Manufacturing,8
8729a1836ffffff,Professional Service,80
8729a1836ffffff,Real Estate,18
8729a1836ffffff,Retail,48
8729a1836ffffff,Transportation,12
8729a1836ffffff,Wholesale,17
8729a1844ffffff,Art/Culture,137
8729a1844ffffff,Business Support,73
8729a1844ffffff,Construction,131
8729a1844ffffff,Corporate,4
8729a1844ffffff,Education,6
8729a1844ffffff,Energy,14
8729a1844ffffff,Financial,8
8729a1844ffffff,Health,230
8729a1844ffffff,Hospitality,66
8729a1844ffffff,Information,444
8729a1844ffffff,Manufacturing,39
8729a1844ffffff,Professional Service,137
8729a1844ffffff,Public Administration,22
8729a1844ffffff,Real Estate,222
8729a1844ffffff,Retail,147
8729a1844ffffff,Transportation,41
8729a1845ffffff,Agriculture,59
8729a1845ffffff,Art/Culture,366
8729a1845ffffff,Business Support,1072
8729a1845ffffff,Construction,593
8729a1845ffffff,Corporate,12
8729a1845ffffff,Education,466
8729a1845ffffff,Energy,67
8729a1845ffffff,Financial,1384
8729a1845ffffff,Health,561
8729a1845ffffff,Hospitality,528
8729a1845ffffff,Information,361
8729a1845ffffff,Manufacturing,1015
8729a1845ffffff,Professional Service,2345
8729a1845ffffff,Public Administration,329
8729a1845ffffff,Real Estate,432
8729a1845ffffff,Retail,673
8729a1845ffffff,Transportation,312
8729a1845ffffff,Wholesale,245
8729a1846ffffff,Agriculture,96
8729a1846ffffff,Art/Culture,276
8729a1846ffffff,Business Support,170
8729a1846ffffff,Construction,511
8729a1846ffffff,Corporate,31
8729a1846ffffff,Education,350
8729a1846ffffff,Energy,33
8729a1846ffffff,Financial,347
8729a1846ffffff,Health,274
8729a1846ffffff,Hospitality,511
8729a1846ffffff,Information,209
8729a1846ffffff,Manufacturing,310
8729a1846ffffff,Professional Service,581
8729a1846ffffff,Public Administration,178
8729a1846ffffff,Real Estate,318
8729a1846ffffff,Retail,575
8729a1846ffffff,Transportation,322
8729a1846ffffff,Wholesale,104
8729a1854ffffff,Agriculture,1
8729a1854ffffff,Art/Culture,51
8729a1854ffffff,Business Support,61
8729a1854ffffff,Construction,4
8729a1854ffffff,Corporate,3
8729a1854ffffff,Education,24
8729a1854ffffff,Financial,89
8729a1854ffffff,Health,19
8729a1854ffffff,Hospitality,12
8729a1854ffffff,Information,57
8729a1854ffffff,Manufacturing,26
8729a1854ffffff,Professional Service,150
8729a1854ffffff,Public Administration,15
8729a1854ffffff,Real Estate,65
8729a1854ffffff,Retail,36
8729a1854ffffff,Transportation,18
8729a1854ffffff,Wholesale,11
8729a1855ffffff,Agriculture,1
8729a1855ffffff,Art/Culture,1
8729a1855ffffff,Business Support,6
8729a1855ffffff,Construction,43
8729a1855ffffff,Financial,10
8729a1855ffffff,Hospitality,11
8729a1855ffffff,Information,21
8729a1855ffffff,Manufacturing,6
8729a1855ffffff,Professional Service,31
8729a1855ffffff,Real Estate,12
8729a1855ffffff,Retail,15
8729a1855ffffff,Transportation,7
8729a1855ffffff,Wholesale,4
8729a1856ffffff,Agriculture,1
8729a1856ffffff,Business Support,11
8729a1856ffffff,Education,71
8729a1856ffffff,Energy,1
8729a1856ffffff,Health,86
8729a1856ffffff,Information,12
8729a1856ffffff,Manufacturing,21
8729a1856ffffff,Professional Service,26
8729a1856ffffff,Public Administration,27
8729a1856ffffff,Transportation,14
8729a1856ffffff,Wholesale,10
8729a1872ffffff,Agriculture,22
8729a1872ffffff,Art/Culture,182
8729a1872ffffff,Business Support,250
8729a1872ffffff,Construction,137
8729a1872ffffff,Corporate,14
8729a1872ffffff,Education,176
8729a1872ffffff,Energy,5
8729a1872ffffff,Financial,406
8729a1872ffffff,Health,244
8729a1872ffffff,Hospitality,167
8729a1872ffffff,Information,278
8729a1872ffffff,Manufacturing,244
8729a1872ffffff,Professional Service,347
8729a1872ffffff,Public Administration,162
8729a1872ffffff,Real Estate,5
8729a1872ffffff,Retail,266
8729a1872ffffff,Transportation,2
8729a1872ffffff,Wholesale,49
8729a1880ffffff,Agriculture,22
8729a1880ffffff,Art/Culture,278
8729a1880ffffff,Business Support,286
8729a1880ffffff,Construction,883
8729a1880ffffff,Corporate,4
8729a1880ffffff,Education,516
8729a1880ffffff,Energy,64
8729a1880ffffff,Financial,253
8729a1880ffffff,Health,934
8729a1880ffffff,Hospitality,490
8729a1880ffffff,Information,412
8729a1880ffffff,Manufacturing,260
8729a1880ffffff,Professional Service,551
8729a1880ffffff,Public Administration,794
8729a1880ffffff,Real Estate,194
8729a1880ffffff,Retail,1022
8729a1880ffffff,Transportation,547
8729a1880ffffff,Wholesale,254
8729a1881ffffff,Agriculture,48
8729a1881ffffff,Art/Culture,353
8729a1881ffffff,Business Support,514
8729a1881ffffff,Construction,841
8729a1881ffffff,Corporate,12
8729a1881ffffff,Education,1431
8729a1881ffffff,Energy,68
8729a1881ffffff,Financial,361
8729a1881ffffff,Health,2862
8729a1881ffffff,Hospitality,659
8729a1881ffffff,Information,498
8729a1881ffffff,Manufacturing,527
8729a1881ffffff,Professional Service,813
8729a1881ffffff,Public Administration,373
8729a1881ffffff,Real Estate,343
8729a1881ffffff,Retail,1352
8729a1881ffffff,Transportation,672
8729a1881ffffff,Wholesale,409
8729a1882ffffff,Agriculture,37
8729a1882ffffff,Art/Culture,399
8729a1882ffffff,Business Support,266
8729a1882ffffff,Construction,762
8729a1882ffffff,Corporate,9
8729a1882ffffff,Education,1147
8729a1882ffffff,Energy,37
8729a1882ffffff,Financial,288
8729a1882ffffff,Health,2324
8729a1882ffffff,Hospitality,705
8729a1882ffffff,Information,726
8729a1882ffffff,Manufacturing,317
8729a1882ffffff,Professional Service,411
8729a1882ffffff,Public Administration,213
8729a1882ffffff,Real Estate,165
8729a1882ffffff,Retail,923
8729a1882ffffff,Transportation,475
8729a1882ffffff,Wholesale,170
8729a1883ffffff,Agriculture,27
8729a1883ffffff,Art/Culture,357
8729a1883ffffff,Business Support,676
8729a1883ffffff,Construction,1043
8729a1883ffffff,Corporate,29
8729a1883ffffff,Education,1077
8729a1883ffffff,Energy,65
8729a1883ffffff,Financial,357
8729a1883ffffff,Health,1976
8729a1883ffffff,Hospitality,762
8729a1883ffffff,Information,477
8729a1883ffffff,Manufacturing,596
8729a1883ffffff,Professional Service,703
8729a1883ffffff,Public Administration,354
8729a1883ffffff,Real Estate,263
8729a1883ffffff,Retail,1151
8729a1883ffffff,Transportation,781
8729a1883ffffff,Wholesale,242
8729a1884ffffff,Agriculture,25
8729a1884ffffff,Art/Culture,864
8729a1884ffffff,Business Support,711
8729a1884ffffff,Construction,846
8729a1884ffffff,Corporate,26
8729a1884ffffff,Education,1276
8729a1884ffffff,Energy,88
8729a1884ffffff,Financial,590
8729a1884ffffff,Health,2318
8729a1884ffffff,Hospitality,1435
8729a1884ffffff,Information,1106
8729a1884ffffff,Manufacturing,329
8729a1884ffffff,Professional Service,1383
8729a1884ffffff,Public Administration,432
8729a1884ffffff,Real Estate,423
8729a1884ffffff,Retail,2317
8729a1884ffffff,Transportation,998
8729a1884ffffff,Wholesale,559
8729a1885ffffff,Agriculture,36
8729a1885ffffff,Art/Culture,398
8729a1885ffffff,Business Support,1075
8729a1885ffffff,Construction,1048
8729a1885ffffff,Corporate,20
8729a1885ffffff,Education,866
8729a1885ffffff,Energy,22
8729a1885ffffff,Financial,573
8729a1885ffffff,Health,1100
8729a1885ffffff,Hospitality,650
8729a1885ffffff,Information,1217
8729a1885ffffff,Manufacturing,282
8729a1885ffffff,Professional Service,2183
8729a1885ffffff,Public Administration,271
8729a1885ffffff,Real Estate,526
8729a1885ffffff,Retail,616
8729a1885ffffff,Transportation,348
8729a1885ffffff,Wholesale,214
8729a1886ffffff,Agriculture,48
8729a1886ffffff,Art/Culture,964
8729a1886ffffff,Business Support,551
8729a1886ffffff,Construction,693
8729a1886ffffff,Corporate,14
8729a1886ffffff,Education,1913
8729a1886ffffff,Energy,59
8729a1886ffffff,Financial,497
8729a1886ffffff,Health,1749
8729a1886ffffff,Hospitality,1482
8729a1886ffffff,Information,1306
8729a1886ffffff,Manufacturing,553
8729a1886ffffff,Professional Service,1244
8729a1886ffffff,Public Administration,340
8729a1886ffffff,Real Estate,344
8729a1886ffffff,Retail,1859
8729a1886ffffff,Transportation,557
8729a1886ffffff,Wholesale,316
8729a1888ffffff,Agriculture,36
8729a1888ffffff,Art/Culture,165
8729a1888ffffff,Business Support,721
8729a1888ffffff,Construction,657
8729a1888ffffff,Corporate,15
8729a1888ffffff,Education,604
8729a1888ffffff,Energy,176
8729a1888ffffff,Financial,390
8729a1888ffffff,Health,1177
8729a1888ffffff,Hospitality,409
8729a1888ffffff,Information,386
8729a1888ffffff,Manufacturing,2136
8729a1888ffffff,Professional Service,589
8729a1888ffffff,Public Administration,210
8729a1888ffffff,Real Estate,246
8729a1888ffffff,Retail,1415
8729a1888ffffff,Transportation,899
8729a1888ffffff,Wholesale,495
8729a1889ffffff,Agriculture,17
8729a1889ffffff,Art/Culture,247
8729a1889ffffff,Business Support,274
8729a1889ffffff,Construction,316
8729a1889ffffff,Corporate,11
8729a1889ffffff,Education,848
8729a1889ffffff,Energy,23
8729a1889ffffff,Financial,290
8729a1889ffffff,Health,779
8729a1889ffffff,Hospitality,559
8729a1889ffffff,Information,253
8729a1889ffffff,Manufacturing,470
8729a1889ffffff,Professional Service,459
8729a1889ffffff,Public Administration,118
8729a1889ffffff,Real Estate,123
8729a1889ffffff,Retail,974
8729a1889ffffff,Transportation,304
8729a1889ffffff,Wholesale,104
8729a188affffff,Agriculture,30
8729a188affffff,Art/Culture,107
8729a188affffff,Business Support,376
8729a188affffff,Construction,460
8729a188affffff,Corporate,3
8729a188affffff,Education,910
8729a188affffff,Energy,86
8729a188affffff,Financial,115
8729a188affffff,Health,1872
8729a188affffff,Hospitality,618
8729a188affffff,Information,136
8729a188affffff,Manufacturing,323
8729a188affffff,Professional Service,182
8729a188affffff,Public Administration,149
8729a188affffff,Real Estate,60
8729a188affffff,Retail,1165
8729a188affffff,Transportation,419
8729a188affffff,Wholesale,205
8729a188bffffff,Agriculture,5
8729a188bffffff,Art/Culture,54
8729a188bffffff,Business Support,98
8729a188bffffff,Construction,149
8729a188bffffff,Corporate,1
8729a188bffffff,Education,392
8729a188bffffff,Energy,28
8729a188bffffff,Financial,132
8729a188bffffff,Health,729
8729a188bffffff,Hospitality,142
8729a188bffffff,Information,109
8729a188bffffff,Manufacturing,154
8729a188bffffff,Professional Service,212
8729a188bffffff,Public Administration,113
8729a188bffffff,Real Estate,37
8729a188bffffff,Retail,198
8729a188bffffff,Transportation,137
8729a188bffffff,Wholesale,56
8729a188dffffff,Agriculture,32
8729a188dffffff,Art/Culture,163
8729a188dffffff,Business Support,156
8729a188dffffff,Construction,539
8729a188dffffff,Corporate,1
8729a188dffffff,Education,605
8729a188dffffff,Energy,22
8729a188dffffff,Financial,124
8729a188dffffff,Health,1365
8729a188dffffff,Hospitality,222
8729a188dffffff,Information,158
8729a188dffffff,Manufacturing,212
8729a188dffffff,Professional Service,271
8729a188dffffff,Public Administration,148
8729a188dffffff,Real Estate,78
8729a188dffffff,Retail,471
8729a188dffffff,Transportation,214
8729a188dffffff,Wholesale,117
8729a188effffff,Agriculture,74
8729a188effffff,Art/Culture,234
8729a188effffff,Business Support,623
8729a188effffff,Construction,1595
8729a188effffff,Corporate,1
8729a188effffff,Education,1077
8729a188effffff,Energy,72
8729a188effffff,Financial,344
8729a188effffff,Health,1454
8729a188effffff,Hospitality,600
8729a188effffff,Information,456
8729a188effffff,Manufacturing,2405
8729a188effffff,Professional Service,613
8729a188effffff,Public Administration,502
8729a188effffff,Real Estate,220
8729a188effffff,Retail,1387
8729a188effffff,Transportation,706
8729a188effffff,Wholesale,521
8729a1890ffffff,Agriculture,29
8729a1890ffffff,Art/Culture,172
8729a1890ffffff,Business Support,320
8729a1890ffffff,Construction,310
8729a1890ffffff,Corporate,3
8729a1890ffffff,Education,434
8729a1890ffffff,Energy,41
8729a1890ffffff,Financial,199
8729a1890ffffff,Health,497
8729a1890ffffff,Hospitality,243
8729a1890ffffff,Information,428
8729a1890ffffff,Manufacturing,884
8729a1890ffffff,Professional Service,207
8729a1890ffffff,Public Administration,132
8729a1890ffffff,Real Estate,98
8729a1890ffffff,Retail,979
8729a1890ffffff,Transportation,555
8729a1890ffffff,Wholesale,121
8729a1891ffffff,Agriculture,46
8729a1891ffffff,Art/Culture,154
8729a1891ffffff,Business Support,363
8729a1891ffffff,Construction,1352
8729a1891ffffff,Corporate,10
8729a1891ffffff,Education,716
8729a1891ffffff,Energy,85
8729a1891ffffff,Financial,163
8729a1891ffffff,Health,1505
8729a1891ffffff,Hospitality,339
8729a1891ffffff,Information,236
8729a1891ffffff,Manufacturing,1731
8729a1891ffffff,Professional Service,266
8729a1891ffffff,Public Administration,272
8729a1891ffffff,Real Estate,103
8729a1891ffffff,Retail,1185
8729a1891ffffff,Transportation,553
8729a1891ffffff,Wholesale,307
8729a1892ffffff,Agriculture,47
8729a1892ffffff,Art/Culture,496
8729a1892ffffff,Business Support,4227
8729a1892ffffff,Construction,1376
8729a1892ffffff,Corporate,81
8729a1892ffffff,Education,940
8729a1892ffffff,Energy,90
8729a1892ffffff,Financial,3493
8729a1892ffffff,Health,1963
8729a1892ffffff,Hospitality,830
8729a1892ffffff,Information,3839
8729a1892ffffff,Manufacturing,2675
8729a1892ffffff,Professional Service,7017
8729a1892ffffff,Public Administration,405
8729a1892ffffff,Real Estate,1596
8729a1892ffffff,Retail,1799
8729a1892ffffff,Transportation,1049
8729a1892ffffff,Wholesale,349
8729a1893ffffff,Agriculture,59
8729a1893ffffff,Art/Culture,149
8729a1893ffffff,Business Support,207
8729a1893ffffff,Construction,931
8729a1893ffffff,Corporate,2
8729a1893ffffff,Education,305
8729a1893ffffff,Energy,67
8729a1893ffffff,Financial,98
8729a1893ffffff,Health,650
8729a1893ffffff,Hospitality,424
8729a1893ffffff,Information,129
8729a1893ffffff,Manufacturing,1481
8729a1893ffffff,Professional Service,201
8729a1893ffffff,Public Administration,221
8729a1893ffffff,Real Estate,109
8729a1893ffffff,Retail,710
8729a1893ffffff,Transportation,249
8729a1893ffffff,Wholesale,347
8729a1894ffffff,Agriculture,190
8729a1894ffffff,Art/Culture,1038
8729a1894ffffff,Business Support,652
8729a1894ffffff,Construction,855
8729a1894ffffff,Corporate,4
8729a1894ffffff,Education,657
8729a1894ffffff,Energy,64
8729a1894ffffff,Financial,426
8729a1894ffffff,Health,1042
8729a1894ffffff,Hospitality,1114
8729a1894ffffff,Information,1312
8729a1894ffffff,Manufacturing,685
8729a1894ffffff,Professional Service,1059
8729a1894ffffff,Public Administration,345
8729a1894ffffff,Real Estate,339
8729a1894ffffff,Retail,1004
8729a1894ffffff,Transportation,517
8729a1894ffffff,Wholesale,292
8729a1895ffffff,Agriculture,36
8729a1895ffffff,Art/Culture,427
8729a1895ffffff,Business Support,589
8729a1895ffffff,Construction,483
8729a1895ffffff,Corporate,21
8729a1895ffffff,Education,889
8729a1895ffffff,Energy,70
8729a1895ffffff,Financial,421
8729a1895ffffff,Health,1426
8729a1895ffffff,Hospitality,630
8729a1895ffffff,Information,721
8729a1895ffffff,Manufacturing,297
8729a1895ffffff,Professional Service,729
8729a1895ffffff,Public Administration,255
8729a1895ffffff,Real Estate,298
8729a1895ffffff,Retail,1059
8729a1895ffffff,Transportation,568
8729a1895ffffff,Wholesale,300
8729a1896ffffff,Agriculture,42
8729a1896ffffff,Art/Culture,616
8729a1896ffffff,Business Support,713
8729a1896ffffff,Construction,763
8729a1896ffffff,Corporate,18
8729a1896ffffff,Education,496
8729a1896ffffff,Energy,36
8729a1896ffffff,Financial,529
8729a1896ffffff,Health,692
8729a1896ffffff,Hospitality,488
8729a1896ffffff,Information,898
8729a1896ffffff,Manufacturing,550
8729a1896ffffff,Professional Service,1284
8729a1896ffffff,Public Administration,181
8729a1896ffffff,Real Estate,256
8729a1896ffffff,Retail,880
8729a1896ffffff,Transportation,332
8729a1896ffffff,Wholesale,155
8729a1898ffffff,Agriculture,2
8729a1898ffffff,Art/Culture,26
8729a1898ffffff,Business Support,44
8729a1898ffffff,Construction,329
8729a1898ffffff,Education,246
8729a1898ffffff,Energy,16
8729a1898ffffff,Financial,82
8729a1898ffffff,Health,644
8729a1898ffffff,Hospitality,38
8729a1898ffffff,Information,25
8729a1898ffffff,Manufacturing,270
8729a1898ffffff,Professional Service,58
8729a1898ffffff,Public Administration,93
8729a1898ffffff,Real Estate,8
8729a1898ffffff,Retail,217
8729a1898ffffff,Transportation,167
8729a1898ffffff,Wholesale,93
8729a1899ffffff,Agriculture,14
8729a1899ffffff,Art/Culture,107
8729a1899ffffff,Business Support,233
8729a1899ffffff,Construction,354
8729a1899ffffff,Corporate,1
8729a1899ffffff,Education,447
8729a1899ffffff,Energy,14
8729a1899ffffff,Financial,120
8729a1899ffffff,Health,912
8729a1899ffffff,Hospitality,233
8729a1899ffffff,Information,88
8729a1899ffffff,Manufacturing,145
8729a1899ffffff,Professional Service,88
8729a1899ffffff,Public Administration,108
8729a1899ffffff,Real Estate,67
8729a1899ffffff,Retail,373
8729a1899ffffff,Transportation,142
8729a1899ffffff,Wholesale,87
8729a189bffffff,Agriculture,28
8729a189bffffff,Art/Culture,56
8729a189bffffff,Business Support,72
8729a189bffffff,Construction,288
8729a189bffffff,Corporate,8
8729a189bffffff,Education,318
8729a189bffffff,Energy,59
8729a189bffffff,Financial,39
8729a189bffffff,Health,507
8729a189bffffff,Hospitality,194
8729a189bffffff,Information,68
8729a189bffffff,Manufacturing,460
8729a189bffffff,Professional Service,63
8729a189bffffff,Public Administration,372
8729a189bffffff,Real Estate,34
8729a189bffffff,Retail,545
8729a189bffffff,Transportation,231
8729a189bffffff,Wholesale,227
8729a189cffffff,Agriculture,64
8729a189cffffff,Art/Culture,183
8729a189cffffff,Business Support,358
8729a189cffffff,Construction,886
8729a189cffffff,Corporate,2
8729a189cffffff,Education,555
8729a189cffffff,Energy,47
8729a189cffffff,Financial,233
8729a189cffffff,Health,2422
8729a189cffffff,Hospitality,301
8729a189cffffff,Information,188
8729a189cffffff,Manufacturing,2308
8729a189cffffff,Professional Service,241
8729a189cffffff,Public Administration,284
8729a189cffffff,Real Estate,92
8729a189cffffff,Retail,832
8729a189cffffff,Transportation,482
8729a189cffffff,Wholesale,318
8729a189dffffff,Agriculture,13
8729a189dffffff,Art/Culture,244
8729a189dffffff,Business Support,583
8729a189dffffff,Construction,478
8729a189dffffff,Corporate,6
8729a189dffffff,Education,1437
8729a189dffffff,Energy,37
8729a189dffffff,Financial,181
8729a189dffffff,Health,1383
8729a189dffffff,Hospitality,842
8729a189dffffff,Information,218
8729a189dffffff,Manufacturing,497
8729a189dffffff,Professional Service,344
8729a189dffffff,Public Administration,375
8729a189dffffff,Real Estate,155
8729a189dffffff,Retail,1615
8729a189dffffff,Transportation,557
8729a189dffffff,Wholesale,212
8729a189effffff,Agriculture,30
8729a189effffff,Art/Culture,80
8729a189effffff,Business Support,184
8729a189effffff,Construction,785
8729a189effffff,Education,441
8729a189effffff,Energy,38
8729a189effffff,Financial,122
8729a189effffff,Health,741
8729a189effffff,Hospitality,354
8729a189effffff,Information,161
8729a189effffff,Manufacturing,667
8729a189effffff,Professional Service,240
8729a189effffff,Public Administration,162
8729a189effffff,Real Estate,65
8729a189effffff,Retail,821
8729a189effffff,Transportation,349
8729a189effffff,Wholesale,114
8729a18a0ffffff,Agriculture,2
8729a18a0ffffff,Art/Culture,8
8729a18a0ffffff,Business Support,27
8729a18a0ffffff,Construction,4
8729a18a0ffffff,Corporate,1
8729a18a0ffffff,Education,163
8729a18a0ffffff,Energy,1
8729a18a0ffffff,Financial,43
8729a18a0ffffff,Health,109
8729a18a0ffffff,Hospitality,72
8729a18a0ffffff,Information,42
8729a18a0ffffff,Manufacturing,59
8729a18a0ffffff,Professional Service,59
8729a18a0ffffff,Public Administration,43
8729a18a0ffffff,Real Estate,41
8729a18a0ffffff,Retail,66
8729a18a0ffffff,Transportation,22
8729a18a0ffffff,Wholesale,22
8729a18a1ffffff,Agriculture,8
8729a18a1ffffff,Art/Culture,52
8729a18a1ffffff,Business Support,3
8729a18a1ffffff,Construction,55
8729a18a1ffffff,Education,217
8729a18a1ffffff,Energy,2
8729a18a1ffffff,Financial,14
8729a18a1ffffff,Health,371
8729a18a1ffffff,Hospitality,25
8729a18a1ffffff,Information,7
8729a18a1ffffff,Manufacturing,23
8729a18a1ffffff,Professional Service,19
8729a18a1ffffff,Public Administration,40
8729a18a1ffffff,Real Estate,14
8729a18a1ffffff,Retail,45
8729a18a1ffffff,Transportation,10
8729a18a1ffffff,Wholesale,20
8729a18a2ffffff,Agriculture,1
8729a18a2ffffff,Art/Culture,223
8729a18a2ffffff,Business Support,11
8729a18a2ffffff,Construction,1
8729a18a2ffffff,Education,98
8729a18a2ffffff,Energy,1
8729a18a2ffffff,Financial,14
8729a18a2ffffff,Health,111
8729a18a2ffffff,Hospitality,110
8729a18a2ffffff,Information,62
8729a18a2ffffff,Manufacturing,15
8729a18a2ffffff,Professional Service,78
8729a18a2ffffff,Public Administration,13
8729a18a2ffffff,Real Estate,3
8729a18a2ffffff,Retail,35
8729a18a2ffffff,Transportation,24
8729a18a3ffffff,Agriculture,8
8729a18a3ffffff,Art/Culture,333
8729a18a3ffffff,Business Support,362
8729a18a3ffffff,Construction,165
8729a18a3ffffff,Corporate,5
8729a18a3ffffff,Education,271
8729a18a3ffffff,Energy,2
8729a18a3ffffff,Financial,364
8729a18a3ffffff,Health,245
8729a18a3ffffff,Hospitality,309
8729a18a3ffffff,Information,489
8729a18a3ffffff,Manufacturing,154
8729a18a3ffffff,Professional Service,968
8729a18a3ffffff,Public Administration,158
8729a18a3ffffff,Real Estate,177
8729a18a3ffffff,Retail,146
8729a18a3ffffff,Transportation,105
8729a18a3ffffff,Wholesale,59
8729a18a8ffffff,Agriculture,28
8729a18a8ffffff,Art/Culture,254
8729a18a8ffffff,Business Support,248
8729a18a8ffffff,Construction,411
8729a18a8ffffff,Corporate,3
8729a18a8ffffff,Education,728
8729a18a8ffffff,Energy,25
8729a18a8ffffff,Financial,363
8729a18a8ffffff,Health,1238
8729a18a8ffffff,Hospitality,477
8729a18a8ffffff,Information,432
8729a18a8ffffff,Manufacturing,178
8729a18a8ffffff,Professional Service,711
8729a18a8ffffff,Public Administration,310
8729a18a8ffffff,Real Estate,198
8729a18a8ffffff,Retail,549
8729a18a8ffffff,Transportation,275
8729a18a8ffffff,Wholesale,228
8729a18a9ffffff,Agriculture,35
8729a18a9ffffff,Art/Culture,312
8729a18a9ffffff,Business Support,383
8729a18a9ffffff,Construction,814
8729a18a9ffffff,Corporate,7
8729a18a9ffffff,Education,1519
8729a18a9ffffff,Energy,39
8729a18a9ffffff,Financial,423
8729a18a9ffffff,Health,2676
8729a18a9ffffff,Hospitality,523
8729a18a9ffffff,Information,489
8729a18a9ffffff,Manufacturing,310
8729a18a9ffffff,Professional Service,927
8729a18a9ffffff,Public Administration,298
8729a18a9ffffff,Real Estate,292
8729a18a9ffffff,Retail,760
8729a18a9ffffff,Transportation,404
8729a18a9ffffff,Wholesale,279
8729a18aaffffff,Agriculture,16
8729a18aaffffff,Art/Culture,92
8729a18aaffffff,Business Support,129
8729a18aaffffff,Construction,145
8729a18aaffffff,Corporate,3
8729a18aaffffff,Education,218
8729a18aaffffff,Energy,10
8729a18aaffffff,Financial,66
8729a18aaffffff,Health,337
8729a18aaffffff,Hospitality,106
8729a18aaffffff,Information,175
8729a18aaffffff,Manufacturing,55
8729a18aaffffff,Professional Service,142
8729a18aaffffff,Public Administration,54
8729a18aaffffff,Real Estate,78
8729a18aaffffff,Retail,161
8729a18aaffffff,Transportation,37
8729a18aaffffff,Wholesale,22
8729a18acffffff,Agriculture,24
8729a18acffffff,Art/Culture,28
8729a18acffffff,Business Support,10
8729a18acffffff,Construction,113
8729a18acffffff,Corporate,2
8729a18acffffff,Education,12
8729a18acffffff,Energy,10
8729a18acffffff,Financial,11
8729a18acffffff,Health,43
8729a18acffffff,Hospitality,6
8729a18acffffff,Information,31
8729a18acffffff,Manufacturing,28
8729a18acffffff,Professional Service,102
8729a18acffffff,Public Administration,33
8729a18acffffff,Real Estate,20
8729a18acffffff,Retail,35
8729a18acffffff,Transportation,6
8729a18acffffff,Wholesale,25
8729a18adffffff,Agriculture,6
8729a18adffffff,Art/Culture,129
8729a18adffffff,Business Support,30
8729a18adffffff,Construction,119
8729a18adffffff,Education,79
8729a18adffffff,Energy,6
8729a18adffffff,Financial,83
8729a18adffffff,Health,116
8729a18adffffff,Hospitality,175
8729a18adffffff,Information,77
8729a18adffffff,Manufacturing,10
8729a18adffffff,Professional Service,45
8729a18adffffff,Public Administration,34
8729a18adffffff,Real Estate,43
8729a18adffffff,Retail,49
8729a18adffffff,Transportation,29
8729a18adffffff,Wholesale,73
8729a18aeffffff,Agriculture,50
8729a18aeffffff,Art/Culture,475
8729a18aeffffff,Business Support,1127
8729a18aeffffff,Construction,652
8729a18aeffffff,Corporate,34
8729a18aeffffff,Education,962
8729a18aeffffff,Energy,38
8729a18aeffffff,Financial,1281
8729a18aeffffff,Health,1508
8729a18aeffffff,Hospitality,954
8729a18aeffffff,Information,1255
8729a18aeffffff,Manufacturing,196
8729a18aeffffff,Professional Service,2040
8729a18aeffffff,Public Administration,418
8729a18aeffffff,Real Estate,593
8729a18aeffffff,Retail,725
8729a18aeffffff,Transportation,295
8729a18aeffffff,Wholesale,233
8729a18b0ffffff,Agriculture,14
8729a18b0ffffff,Art/Culture,171
8729a18b0ffffff,Business Support,146
8729a18b0ffffff,Construction,114
8729a18b0ffffff,Corporate,1
8729a18b0ffffff,Education,122
8729a18b0ffffff,Energy,17
8729a18b0ffffff,Financial,137
8729a18b0ffffff,Health,208
8729a18b0ffffff,Hospitality,260
8729a18b0ffffff,Information,133
8729a18b0ffffff,Manufacturing,41
8729a18b0ffffff,Professional Service,428
8729a18b0ffffff,Public Administration,116
8729a18b0ffffff,Real Estate,84
8729a18b0ffffff,Retail,182
8729a18b0ffffff,Transportation,102
8729a18b0ffffff,Wholesale,32
8729a18b1ffffff,Agriculture,5
8729a18b1ffffff,Art/Culture,599
8729a18b1ffffff,Business Support,302
8729a18b1ffffff,Construction,493
8729a18b1ffffff,Corporate,11
8729a18b1ffffff,Education,542
8729a18b1ffffff,Energy,33
8729a18b1ffffff,Financial,312
8729a18b1ffffff,Health,579
8729a18b1ffffff,Hospitality,791
8729a18b1ffffff,Information,813
8729a18b1ffffff,Manufacturing,191
8729a18b1ffffff,Professional Service,620
8729a18b1ffffff,Public Administration,271
8729a18b1ffffff,Real Estate,169
8729a18b1ffffff,Retail,527
8729a18b1ffffff,Transportation,237
8729a18b1ffffff,Wholesale,194
8729a18b2ffffff,Agriculture,29
8729a18b2ffffff,Art/Culture,1229
8729a18b2ffffff,Business Support,1892
8729a18b2ffffff,Construction,535
8729a18b2ffffff,Corporate,61
8729a18b2ffffff,Education,438
8729a18b2ffffff,Energy,111
8729a18b2ffffff,Financial,1446
8729a18b2ffffff,Health,772
8729a18b2ffffff,Hospitality,1669
8729a18b2ffffff,Information,3934
8729a18b2ffffff,Manufacturing,187
8729a18b2ffffff,Professional Service,3405
8729a18b2ffffff,Public Administration,299
8729a18b2ffffff,Real Estate,1497
8729a18b2ffffff,Retail,872
8729a18b2ffffff,Transportation,432
8729a18b2ffffff,Wholesale,217
8729a18b3ffffff,Agriculture,31
8729a18b3ffffff,Art/Culture,678
8729a18b3ffffff,Business Support,493
8729a18b3ffffff,Construction,575
8729a18b3ffffff,Corporate,8
8729a18b3ffffff,Education,867
8729a18b3ffffff,Energy,36
8729a18b3ffffff,Financial,332
8729a18b3ffffff,Health,872
8729a18b3ffffff,Hospitality,748
8729a18b3ffffff,Information,1141
8729a18b3ffffff,Manufacturing,196
8729a18b3ffffff,Professional Service,1223
8729a18b3ffffff,Public Administration,331
8729a18b3ffffff,Real Estate,284
8729a18b3ffffff,Retail,765
8729a18b3ffffff,Transportation,287
8729a18b3ffffff,Wholesale,97
8729a18b4ffffff,Art/Culture,77
8729a18b4ffffff,Business Support,32
8729a18b4ffffff,Construction,63
8729a18b4ffffff,Education,121
8729a18b4ffffff,Energy,4
8729a18b4ffffff,Financial,43
8729a18b4ffffff,Health,158
8729a18b4ffffff,Hospitality,60
8729a18b4ffffff,Information,101
8729a18b4ffffff,Manufacturing,58
8729a18b4ffffff,Professional Service,217
8729a18b4ffffff,Public Administration,60
8729a18b4ffffff,Real Estate,45
8729a18b4ffffff,Retail,49
8729a18b4ffffff,Transportation,6
8729a18b4ffffff,Wholesale,24
8729a18b6ffffff,Agriculture,8
8729a18b6ffffff,Art/Culture,85
8729a18b6ffffff,Business Support,7
8729a18b6ffffff,Construction,32
8729a18b6ffffff,Education,22
8729a18b6ffffff,Energy,2
8729a18b6ffffff,Financial,7
8729a18b6ffffff,Health,247
8729a18b6ffffff,Hospitality,28
8729a18b6ffffff,Information,40
8729a18b6ffffff,Manufacturing,23
8729a18b6ffffff,Professional Service,72
8729a18b6ffffff,Public Administration,30
8729a18b6ffffff,Real Estate,21
8729a18b6ffffff,Retail,99
8729a18b6ffffff,Transportation,14
8729a18b6ffffff,Wholesale,58
8729a18c0ffffff,Agriculture,7
8729a18c0ffffff,Art/Culture,55
8729a18c0ffffff,Business Support,406
8729a18c0ffffff,Construction,1422
8729a18c0ffffff,Corporate,4
8729a18c0ffffff,Education,309
8729a18c0ffffff,Energy,47
8729a18c0ffffff,Financial,442
8729a18c0ffffff,Health,201
8729a18c0ffffff,Hospitality,344
8729a18c0ffffff,Information,332
8729a18c0ffffff,Manufacturing,1534
8729a18c0ffffff,Professional Service,634
8729a18c0ffffff,Public Administration,205
8729a18c0ffffff,Real Estate,137
8729a18c0ffffff,Retail,690
8729a18c0ffffff,Transportation,244
8729a18c0ffffff,Wholesale,167
8729a18c2ffffff,Agriculture,11
8729a18c2ffffff,Art/Culture,103
8729a18c2ffffff,Business Support,125
8729a18c2ffffff,Construction,431
8729a18c2ffffff,Corporate,2
8729a18c2ffffff,Education,509
8729a18c2ffffff,Energy,13
8729a18c2ffffff,Financial,167
8729a18c2ffffff,Health,861
8729a18c2ffffff,Hospitality,219
8729a18c2ffffff,Information,158
8729a18c2ffffff,Manufacturing,120
8729a18c2ffffff,Professional Service,294
8729a18c2ffffff,Public Administration,90
8729a18c2ffffff,Real Estate,79
8729a18c2ffffff,Retail,284
8729a18c2ffffff,Transportation,93
8729a18c2ffffff,Wholesale,63
8729a18c3ffffff,Art/Culture,17
8729a18c3ffffff,Business Support,5
8729a18c3ffffff,Construction,31
8729a18c3ffffff,Education,60
8729a18c3ffffff,Financial,17
8729a18c3ffffff,Health,87
8729a18c3ffffff,Hospitality,8
8729a18c3ffffff,Information,10
8729a18c3ffffff,Manufacturing,31
8729a18c3ffffff,Professional Service,61
8729a18c3ffffff,Public Administration,38
8729a18c3ffffff,Real Estate,2
8729a18c3ffffff,Retail,12
8729a18c3ffffff,Transportation,3
8729a18c3ffffff,Wholesale,3
8729a18c4ffffff,Agriculture,275
8729a18c4ffffff,Art/Culture,78
8729a18c4ffffff,Business Support,309
8729a18c4ffffff,Construction,322
8729a18c4ffffff,Corporate,5
8729a18c4ffffff,Education,487
8729a18c4ffffff,Energy,36
8729a18c4ffffff,Financial,425
8729a18c4ffffff,Health,1043
8729a18c4ffffff,Hospitality,164
8729a18c4ffffff,Information,190
8729a18c4ffffff,Manufacturing,525
8729a18c4ffffff,Professional Service,439
8729a18c4ffffff,Public Administration,149
8729a18c4ffffff,Real Estate,91
8729a18c4ffffff,Retail,383
8729a18c4ffffff,Transportation,246
8729a18c4ffffff,Wholesale,43
8729a18c5ffffff,Art/Culture,18
8729a18c5ffffff,Business Support,4
8729a18c5ffffff,Construction,28
8729a18c5ffffff,Education,24
8729a18c5ffffff,Health,7
8729a18c5ffffff,Hospitality,3
8729a18c5ffffff,Manufacturing,15
8729a18c5ffffff,Professional Service,17
8729a18c5ffffff,Public Administration,19
8729a18c5ffffff,Real Estate,5
8729a18c5ffffff,Retail,7
8729a18c5ffffff,Transportation,1
8729a18c6ffffff,Agriculture,105
8729a18c6ffffff,Art/Culture,219
8729a18c6ffffff,Business Support,714
8729a18c6ffffff,Construction,1863
8729a18c6ffffff,Corporate,15
8729a18c6ffffff,Education,441
8729a18c6ffffff,Energy,205
8729a18c6ffffff,Financial,184
8729a18c6ffffff,Health,345
8729a18c6ffffff,Hospitality,632
8729a18c6ffffff,Information,502
8729a18c6ffffff,Manufacturing,8744
8729a18c6ffffff,Professional Service,980
8729a18c6ffffff,Public Administration,159
8729a18c6ffffff,Real Estate,224
8729a18c6ffffff,Retail,2077
8729a18c6ffffff,Transportation,1008
8729a18c6ffffff,Wholesale,707
8729a18d0ffffff,Agriculture,13
8729a18d0ffffff,Art/Culture,136
8729a18d0ffffff,Business Support,125
8729a18d0ffffff,Construction,203
8729a18d0ffffff,Corporate,1
8729a18d0ffffff,Education,243
8729a18d0ffffff,Energy,30
8729a18d0ffffff,Financial,128
8729a18d0ffffff,Health,229
8729a18d0ffffff,Hospitality,212
8729a18d0ffffff,Information,109
8729a18d0ffffff,Manufacturing,109
8729a18d0ffffff,Professional Service,314
8729a18d0ffffff,Public Administration,61
8729a18d0ffffff,Real Estate,81
8729a18d0ffffff,Retail,215
8729a18d0ffffff,Transportation,93
8729a18d0ffffff,Wholesale,43
8729a18d1ffffff,Agriculture,33
8729a18d1ffffff,Art/Culture,128
8729a18d1ffffff,Business Support,48
8729a18d1ffffff,Construction,237
8729a18d1ffffff,Corporate,2
8729a18d1ffffff,Education,189
8729a18d1ffffff,Energy,40
8729a18d1ffffff,Financial,297
8729a18d1ffffff,Health,228
8729a18d1ffffff,Hospitality,342
8729a18d1ffffff,Information,125
8729a18d1ffffff,Manufacturing,84
8729a18d1ffffff,Professional Service,211
8729a18d1ffffff,Public Administration,247
8729a18d1ffffff,Real Estate,61
8729a18d1ffffff,Retail,453
8729a18d1ffffff,Transportation,220
8729a18d1ffffff,Wholesale,159
8729a18d2ffffff,Agriculture,22
8729a18d2ffffff,Art/Culture,10
8729a18d2ffffff,Business Support,72
8729a18d2ffffff,Construction,246
8729a18d2ffffff,Education,237
8729a18d2ffffff,Energy,31
8729a18d2ffffff,Financial,123
8729a18d2ffffff,Health,525
8729a18d2ffffff,Hospitality,58
8729a18d2ffffff,Information,51
8729a18d2ffffff,Manufacturing,105
8729a18d2ffffff,Professional Service,98
8729a18d2ffffff,Public Administration,160
8729a18d2ffffff,Real Estate,29
8729a18d2ffffff,Retail,127
8729a18d2ffffff,Transportation,127
8729a18d2ffffff,Wholesale,80
8729a18d3ffffff,Agriculture,1
8729a18d3ffffff,Art/Culture,51
8729a18d3ffffff,Business Support,101
8729a18d3ffffff,Construction,46
8729a18d3ffffff,Education,69
8729a18d3ffffff,Energy,19
8729a18d3ffffff,Financial,32
8729a18d3ffffff,Health,75
8729a18d3ffffff,Hospitality,54
8729a18d3ffffff,Information,53
8729a18d3ffffff,Manufacturing,35
8729a18d3ffffff,Professional Service,137
8729a18d3ffffff,Public Administration,26
8729a18d3ffffff,Real Estate,41
8729a18d3ffffff,Retail,70
8729a18d3ffffff,Transportation,46
8729a18d3ffffff,Wholesale,6
8729a18d4ffffff,Agriculture,55
8729a18d4ffffff,Art/Culture,845
8729a18d4ffffff,Business Support,673
8729a18d4ffffff,Construction,1064
8729a18d4ffffff,Corporate,35
8729a18d4ffffff,Education,3106
8729a18d4ffffff,Energy,100
8729a18d4ffffff,Financial,814
8729a18d4ffffff,Health,5250
8729a18d4ffffff,Hospitality,2683
8729a18d4ffffff,Information,727
8729a18d4ffffff,Manufacturing,1955
8729a18d4ffffff,Professional Service,1564
8729a18d4ffffff,Public Administration,703
8729a18d4ffffff,Real Estate,385
8729a18d4ffffff,Retail,3515
8729a18d4ffffff,Transportation,816
8729a18d4ffffff,Wholesale,392
8729a18d5ffffff,Agriculture,7
8729a18d5ffffff,Art/Culture,20
8729a18d5ffffff,Business Support,97
8729a18d5ffffff,Construction,49
8729a18d5ffffff,Education,388
8729a18d5ffffff,Energy,23
8729a18d5ffffff,Financial,18
8729a18d5ffffff,Health,325
8729a18d5ffffff,Hospitality,122
8729a18d5ffffff,Information,74
8729a18d5ffffff,Manufacturing,289
8729a18d5ffffff,Professional Service,85
8729a18d5ffffff,Public Administration,203
8729a18d5ffffff,Real Estate,31
8729a18d5ffffff,Retail,206
8729a18d5ffffff,Transportation,452
8729a18d5ffffff,Wholesale,455
8729a18d6ffffff,Agriculture,42
8729a18d6ffffff,Art/Culture,639
8729a18d6ffffff,Business Support,560
8729a18d6ffffff,Construction,659
8729a18d6ffffff,Corporate,31
8729a18d6ffffff,Education,2425
8729a18d6ffffff,Energy,71
8729a18d6ffffff,Financial,664
8729a18d6ffffff,Health,2334
8729a18d6ffffff,Hospitality,1801
8729a18d6ffffff,Information,535
8729a18d6ffffff,Manufacturing,1248
8729a18d6ffffff,Professional Service,1002
8729a18d6ffffff,Public Administration,324
8729a18d6ffffff,Real Estate,290
8729a18d6ffffff,Retail,2418
8729a18d6ffffff,Transportation,596
8729a18d6ffffff,Wholesale,235
8729a18dcffffff,Agriculture,7
8729a18dcffffff,Business Support,7
8729a18dcffffff,Construction,22
8729a18dcffffff,Education,110
8729a18dcffffff,Energy,7
8729a18dcffffff,Information,39
8729a18dcffffff,Manufacturing,10
8729a18dcffffff,Professional Service,301
8729a18dcffffff,Public Administration,81
8729a18dcffffff,Transportation,5
8729a18dcffffff,Wholesale,4
8729a18e0ffffff,Agriculture,35
8729a18e0ffffff,Art/Culture,290
8729a18e0ffffff,Business Support,71
8729a18e0ffffff,Construction,555
8729a18e0ffffff,Corporate,1
8729a18e0ffffff,Education,745
8729a18e0ffffff,Energy,32
8729a18e0ffffff,Financial,326
8729a18e0ffffff,Health,1474
8729a18e0ffffff,Hospitality,408
8729a18e0ffffff,Information,282
8729a18e0ffffff,Manufacturing,148
8729a18e0ffffff,Professional Service,374
8729a18e0ffffff,Public Administration,83
8729a18e0ffffff,Real Estate,87
8729a18e0ffffff,Retail,872
8729a18e0ffffff,Transportation,333
8729a18e0ffffff,Wholesale,279
8729a18e1ffffff,Agriculture,10
8729a18e1ffffff,Art/Culture,38
8729a18e1ffffff,Business Support,33
8729a18e1ffffff,Construction,59
8729a18e1ffffff,Education,69
8729a18e1ffffff,Energy,1
8729a18e1ffffff,Financial,41
8729a18e1ffffff,Health,71
8729a18e1ffffff,Hospitality,94
8729a18e1ffffff,Information,57
8729a18e1ffffff,Manufacturing,20
8729a18e1ffffff,Professional Service,100
8729a18e1ffffff,Public Administration,11
8729a18e1ffffff,Real Estate,17
8729a18e1ffffff,Retail,72
8729a18e1ffffff,Transportation,34
8729a18e1ffffff,Wholesale,18
8729a18e2ffffff,Agriculture,42
8729a18e2ffffff,Art/Culture,161
8729a18e2ffffff,Business Support,389
8729a18e2ffffff,Construction,682
8729a18e2ffffff,Corporate,3
8729a18e2ffffff,Education,856
8729a18e2ffffff,Energy,24
8729a18e2ffffff,Financial,387
8729a18e2ffffff,Health,1718
8729a18e2ffffff,Hospitality,537
8729a18e2ffffff,Information,297
8729a18e2ffffff,Manufacturing,242
8729a18e2ffffff,Professional Service,592
8729a18e2ffffff,Public Administration,183
8729a18e2ffffff,Real Estate,154
8729a18e2ffffff,Retail,819
8729a18e2ffffff,Transportation,355
8729a18e2ffffff,Wholesale,126
8729a18e3ffffff,Agriculture,5
8729a18e3ffffff,Art/Culture,52
8729a18e3ffffff,Business Support,190
8729a18e3ffffff,Construction,284
8729a18e3ffffff,Corporate,2
8729a18e3ffffff,Education,563
8729a18e3ffffff,Energy,2
8729a18e3ffffff,Financial,110
8729a18e3ffffff,Health,864
8729a18e3ffffff,Hospitality,79
8729a18e3ffffff,Information,175
8729a18e3ffffff,Manufacturing,136
8729a18e3ffffff,Professional Service,426
8729a18e3ffffff,Public Administration,76
8729a18e3ffffff,Real Estate,77
8729a18e3ffffff,Retail,151
8729a18e3ffffff,Transportation,78
8729a18e3ffffff,Wholesale,45
8729a18e4ffffff,Agriculture,8
8729a18e4ffffff,Art/Culture,237
8729a18e4ffffff,Business Support,116
8729a18e4ffffff,Construction,196
8729a18e4ffffff,Corporate,2
8729a18e4ffffff,Education,268
8729a18e4ffffff,Energy,12
8729a18e4ffffff,Financial,149
8729a18e4ffffff,Health,468
8729a18e4ffffff,Hospitality,428
8729a18e4ffffff,Information,282
8729a18e4ffffff,Manufacturing,120
8729a18e4ffffff,Professional Service,510
8729a18e4ffffff,Public Administration,44
8729a18e4ffffff,Real Estate,113
8729a18e4ffffff,Retail,393
8729a18e4ffffff,Transportation,85
8729a18e4ffffff,Wholesale,95
8729a18e5ffffff,Agriculture,8
8729a18e5ffffff,Art/Culture,14
8729a18e5ffffff,Business Support,38
8729a18e5ffffff,Construction,211
8729a18e5ffffff,Education,103
8729a18e5ffffff,Energy,2
8729a18e5ffffff,Financial,111
8729a18e5ffffff,Health,117
8729a18e5ffffff,Hospitality,60
8729a18e5ffffff,Information,83
8729a18e5ffffff,Manufacturing,33
8729a18e5ffffff,Professional Service,158
8729a18e5ffffff,Public Administration,23
8729a18e5ffffff,Real Estate,26
8729a18e5ffffff,Retail,45
8729a18e5ffffff,Transportation,11
8729a18e5ffffff,Wholesale,26
8729a18e6ffffff,Agriculture,47
8729a18e6ffffff,Art/Culture,524
8729a18e6ffffff,Business Support,1729
8729a18e6ffffff,Construction,744
8729a18e6ffffff,Corporate,51
8729a18e6ffffff,Education,698
8729a18e6ffffff,Energy,88
8729a18e6ffffff,Financial,1080
8729a18e6ffffff,Health,1165
8729a18e6ffffff,Hospitality,1483
8729a18e6ffffff,Information,1964
8729a18e6ffffff,Manufacturing,664
8729a18e6ffffff,Professional Service,2621
8729a18e6ffffff,Public Administration,371
8729a18e6ffffff,Real Estate,854
8729a18e6ffffff,Retail,2087
8729a18e6ffffff,Transportation,936
8729a18e6ffffff,Wholesale,606
8729a18eeffffff,Art/Culture,9
8729a18eeffffff,Education,4
8729a18eeffffff,Energy,1
8729a18eeffffff,Health,5
8729a18eeffffff,Manufacturing,8
8729a18eeffffff,Professional Service,1
8729a18eeffffff,Public Administration,4
8729a18eeffffff,Transportation,3
8729a18eeffffff,Wholesale,5
8729a18f0ffffff,Agriculture,24
8729a18f0ffffff,Art/Culture,96
8729a18f0ffffff,Business Support,118
8729a18f0ffffff,Construction,357
8729a18f0ffffff,Corporate,1
8729a18f0ffffff,Education,802
8729a18f0ffffff,Energy,17
8729a18f0ffffff,Financial,222
8729a18f0ffffff,Health,1461
8729a18f0ffffff,Hospitality,194
8729a18f0ffffff,Information,121
8729a18f0ffffff,Manufacturing,165
8729a18f0ffffff,Professional Service,344
8729a18f0ffffff,Public Administration,138
8729a18f0ffffff,Real Estate,103
8729a18f0ffffff,Retail,328
8729a18f0ffffff,Transportation,213
8729a18f0ffffff,Wholesale,107
8729a18f1ffffff,Agriculture,123
8729a18f1ffffff,Art/Culture,101
8729a18f1ffffff,Business Support,168
8729a18f1ffffff,Construction,1450
8729a18f1ffffff,Education,271
8729a18f1ffffff,Energy,56
8729a18f1ffffff,Financial,170
8729a18f1ffffff,Health,503
8729a18f1ffffff,Hospitality,185
8729a18f1ffffff,Information,97
8729a18f1ffffff,Manufacturing,635
8729a18f1ffffff,Professional Service,243
8729a18f1ffffff,Public Administration,141
8729a18f1ffffff,Real Estate,61
8729a18f1ffffff,Retail,803
8729a18f1ffffff,Transportation,346
8729a18f1ffffff,Wholesale,274
8729a18f2ffffff,Agriculture,17
8729a18f2ffffff,Art/Culture,112
8729a18f2ffffff,Business Support,170
8729a18f2ffffff,Construction,706
8729a18f2ffffff,Corporate,2
8729a18f2ffffff,Education,1437
8729a18f2ffffff,Energy,37
8729a18f2ffffff,Financial,158
8729a18f2ffffff,Health,2524
8729a18f2ffffff,Hospitality,332
8729a18f2ffffff,Information,142
8729a18f2ffffff,Manufacturing,351
8729a18f2ffffff,Professional Service,230
8729a18f2ffffff,Public Administration,311
8729a18f2ffffff,Real Estate,49
8729a18f2ffffff,Retail,586
8729a18f2ffffff,Transportation,244
8729a18f2ffffff,Wholesale,236
8729a18f3ffffff,Agriculture,20
8729a18f3ffffff,Art/Culture,468
8729a18f3ffffff,Business Support,718
8729a18f3ffffff,Construction,598
8729a18f3ffffff,Corporate,2
8729a18f3ffffff,Education,420
8729a18f3ffffff,Energy,139
8729a18f3ffffff,Financial,858
8729a18f3ffffff,Health,1034
8729a18f3ffffff,Hospitality,1136
8729a18f3ffffff,Information,425
8729a18f3ffffff,Manufacturing,2044
8729a18f3ffffff,Professional Service,697
8729a18f3ffffff,Public Administration,230
8729a18f3ffffff,Real Estate,455
8729a18f3ffffff,Retail,2488
8729a18f3ffffff,Transportation,1150
8729a18f3ffffff,Wholesale,185
8729a18f4ffffff,Agriculture,67
8729a18f4ffffff,Art/Culture,483
8729a18f4ffffff,Business Support,439
8729a18f4ffffff,Construction,696
8729a18f4ffffff,Corporate,9
8729a18f4ffffff,Education,1109
8729a18f4ffffff,Energy,30
8729a18f4ffffff,Financial,492
8729a18f4ffffff,Health,1497
8729a18f4ffffff,Hospitality,1167
8729a18f4ffffff,Information,509
8729a18f4ffffff,Manufacturing,489
8729a18f4ffffff,Professional Service,1001
8729a18f4ffffff,Public Administration,198
8729a18f4ffffff,Real Estate,370
8729a18f4ffffff,Retail,1827
8729a18f4ffffff,Transportation,428
8729a18f4ffffff,Wholesale,296
8729a18f5ffffff,Agriculture,41
8729a18f5ffffff,Art/Culture,383
8729a18f5ffffff,Business Support,1069
8729a18f5ffffff,Construction,620
8729a18f5ffffff,Corporate,22
8729a18f5ffffff,Education,892
8729a18f5ffffff,Energy,93
8729a18f5ffffff,Financial,858
8729a18f5ffffff,Health,1260
8729a18f5ffffff,Hospitality,902
8729a18f5ffffff,Information,389
8729a18f5ffffff,Manufacturing,1416
8729a18f5ffffff,Professional Service,2127
8729a18f5ffffff,Public Administration,197
8729a18f5ffffff,Real Estate,492
8729a18f5ffffff,Retail,1920
8729a18f5ffffff,Transportation,581
8729a18f5ffffff,Wholesale,341
8729a18f6ffffff,Agriculture,76
8729a18f6ffffff,Art/Culture,284
8729a18f6ffffff,Business Support,349
8729a18f6ffffff,Construction,978
8729a18f6ffffff,Corporate,2
8729a18f6ffffff,Education,865
8729a18f6ffffff,Energy,32
8729a18f6ffffff,Financial,283
8729a18f6ffffff,Health,1742
8729a18f6ffffff,Hospitality,564
8729a18f6ffffff,Information,306
8729a18f6ffffff,Manufacturing,376
8729a18f6ffffff,Professional Service,547
8729a18f6ffffff,Public Administration,394
8729a18f6ffffff,Real Estate,116
8729a18f6ffffff,Retail,966
8729a18f6ffffff,Transportation,339
8729a18f6ffffff,Wholesale,227
8729a1941ffffff,Agriculture,4
8729a1941ffffff,Art/Culture,109
8729a1941ffffff,Business Support,30
8729a1941ffffff,Construction,157
8729a1941ffffff,Corporate,2
8729a1941ffffff,Education,67
8729a1941ffffff,Energy,6
8729a1941ffffff,Financial,38
8729a1941ffffff,Health,107
8729a1941ffffff,Hospitality,103
8729a1941ffffff,Information,30
8729a1941ffffff,Manufacturing,31
8729a1941ffffff,Professional Service,195
8729a1941ffffff,Public Administration,16
8729a1941ffffff,Real Estate,42
8729a1941ffffff,Retail,27
8729a1941ffffff,Transportation,29
8729a1941ffffff,Wholesale,24
8729a194cffffff,Agriculture,3
8729a194cffffff,Art/Culture,89
8729a194cffffff,Business Support,22
8729a194cffffff,Construction,66
8729a194cffffff,Corporate,5
8729a194cffffff,Education,71
8729a194cffffff,Energy,3
8729a194cffffff,Financial,19
8729a194cffffff,Health,116
8729a194cffffff,Hospitality,47
8729a194cffffff,Information,28
8729a194cffffff,Manufacturing,11
8729a194cffffff,Professional Service,110
8729a194cffffff,Public Administration,2
8729a194cffffff,Real Estate,20
8729a194cffffff,Retail,40
8729a194cffffff,Transportation,5
8729a194cffffff,Wholesale,21
8729a1980ffffff,Agriculture,21
8729a1980ffffff,Art/Culture,229
8729a1980ffffff,Business Support,211
8729a1980ffffff,Construction,480
8729a1980ffffff,Corporate,9
8729a1980ffffff,Education,440
8729a1980ffffff,Energy,15
8729a1980ffffff,Financial,189
8729a1980ffffff,Health,380
8729a1980ffffff,Hospitality,283
8729a1980ffffff,Information,323
8729a1980ffffff,Manufacturing,176
8729a1980ffffff,Professional Service,807
8729a1980ffffff,Public Administration,200
8729a1980ffffff,Real Estate,223
8729a1980ffffff,Retail,439
8729a1980ffffff,Transportation,408
8729a1980ffffff,Wholesale,102
8729a1981ffffff,Agriculture,64
8729a1981ffffff,Art/Culture,1709
8729a1981ffffff,Business Support,2400
8729a1981ffffff,Construction,1371
8729a1981ffffff,Corporate,87
8729a1981ffffff,Education,2617
8729a1981ffffff,Energy,141
8729a1981ffffff,Financial,2505
8729a1981ffffff,Health,3537
8729a1981ffffff,Hospitality,2180
8729a1981ffffff,Information,4302
8729a1981ffffff,Manufacturing,2047
8729a1981ffffff,Professional Service,8053
8729a1981ffffff,Public Administration,709
8729a1981ffffff,Real Estate,1635
8729a1981ffffff,Retail,2928
8729a1981ffffff,Transportation,1107
8729a1981ffffff,Wholesale,788
8729a1982ffffff,Agriculture,29
8729a1982ffffff,Art/Culture,633
8729a1982ffffff,Business Support,650
8729a1982ffffff,Construction,490
8729a1982ffffff,Corporate,25
8729a1982ffffff,Education,1158
8729a1982ffffff,Energy,44
8729a1982ffffff,Financial,427
8729a1982ffffff,Health,1386
8729a1982ffffff,Hospitality,562
8729a1982ffffff,Information,754
8729a1982ffffff,Manufacturing,303
8729a1982ffffff,Professional Service,1971
8729a1982ffffff,Public Administration,334
8729a1982ffffff,Real Estate,321
8729a1982ffffff,Retail,810
8729a1982ffffff,Transportation,398
8729a1982ffffff,Wholesale,200
8729a1983ffffff,Agriculture,44
8729a1983ffffff,Art/Culture,973
8729a1983ffffff,Business Support,1688
8729a1983ffffff,Construction,1278
8729a1983ffffff,Corporate,59
8729a1983ffffff,Education,1275
8729a1983ffffff,Energy,142
8729a1983ffffff,Financial,1448
8729a1983ffffff,Health,1647
8729a1983ffffff,Hospitality,1744
8729a1983ffffff,Information,1874
8729a1983ffffff,Manufacturing,983
8729a1983ffffff,Professional Service,3752
8729a1983ffffff,Public Administration,542
8729a1983ffffff,Real Estate,956
8729a1983ffffff,Retail,2622
8729a1983ffffff,Transportation,1232
8729a1983ffffff,Wholesale,913
8729a1984ffffff,Agriculture,74
8729a1984ffffff,Art/Culture,987
8729a1984ffffff,Business Support,983
8729a1984ffffff,Construction,1214
8729a1984ffffff,Corporate,27
8729a1984ffffff,Education,1058
8729a1984ffffff,Energy,88
8729a1984ffffff,Financial,755
8729a1984ffffff,Health,1654
8729a1984ffffff,Hospitality,1482
8729a1984ffffff,Information,1272
8729a1984ffffff,Manufacturing,744
8729a1984ffffff,Professional Service,2374
8729a1984ffffff,Public Administration,423
8729a1984ffffff,Real Estate,616
8729a1984ffffff,Retail,1784
8729a1984ffffff,Transportation,842
8729a1984ffffff,Wholesale,481
8729a1985ffffff,Agriculture,40
8729a1985ffffff,Art/Culture,521
8729a1985ffffff,Business Support,351
8729a1985ffffff,Construction,603
8729a1985ffffff,Corporate,16
8729a1985ffffff,Education,547
8729a1985ffffff,Energy,75
8729a1985ffffff,Financial,378
8729a1985ffffff,Health,708
8729a1985ffffff,Hospitality,737
8729a1985ffffff,Information,701
8729a1985ffffff,Manufacturing,263
8729a1985ffffff,Professional Service,1499
8729a1985ffffff,Public Administration,241
8729a1985ffffff,Real Estate,272
8729a1985ffffff,Retail,851
8729a1985ffffff,Transportation,423
8729a1985ffffff,Wholesale,171
8729a1986ffffff,Agriculture,41
8729a1986ffffff,Art/Culture,498
8729a1986ffffff,Business Support,468
8729a1986ffffff,Construction,726
8729a1986ffffff,Corporate,12
8729a1986ffffff,Education,1126
8729a1986ffffff,Energy,42
8729a1986ffffff,Financial,315
8729a1986ffffff,Health,1480
8729a1986ffffff,Hospitality,846
8729a1986ffffff,Information,514
8729a1986ffffff,Manufacturing,214
8729a1986ffffff,Professional Service,1168
8729a1986ffffff,Public Administration,314
8729a1986ffffff,Real Estate,274
8729a1986ffffff,Retail,759
8729a1986ffffff,Transportation,446
8729a1986ffffff,Wholesale,243
8729a1988ffffff,Agriculture,5
8729a1988ffffff,Art/Culture,158
8729a1988ffffff,Business Support,90
8729a1988ffffff,Construction,160
8729a1988ffffff,Education,266
8729a1988ffffff,Energy,8
8729a1988ffffff,Financial,124
8729a1988ffffff,Health,294
8729a1988ffffff,Hospitality,124
8729a1988ffffff,Information,157
8729a1988ffffff,Manufacturing,68
8729a1988ffffff,Professional Service,338
8729a1988ffffff,Public Administration,267
8729a1988ffffff,Real Estate,98
8729a1988ffffff,Retail,195
8729a1988ffffff,Transportation,64
8729a1988ffffff,Wholesale,60
8729a198affffff,Agriculture,25
8729a198affffff,Art/Culture,970
8729a198affffff,Business Support,685
8729a198affffff,Construction,1032
8729a198affffff,Corporate,29
8729a198affffff,Education,3907
8729a198affffff,Energy,40
8729a198affffff,Financial,641
8729a198affffff,Health,4084
8729a198affffff,Hospitality,1606
8729a198affffff,Information,1200
8729a198affffff,Manufacturing,521
8729a198affffff,Professional Service,2416
8729a198affffff,Public Administration,495
8729a198affffff,Real Estate,648
8729a198affffff,Retail,1108
8729a198affffff,Transportation,342
8729a198affffff,Wholesale,207
8729a198bffffff,Agriculture,9
8729a198bffffff,Art/Culture,279
8729a198bffffff,Business Support,93
8729a198bffffff,Construction,139
8729a198bffffff,Corporate,2
8729a198bffffff,Education,483
8729a198bffffff,Energy,6
8729a198bffffff,Financial,122
8729a198bffffff,Health,475
8729a198bffffff,Hospitality,429
8729a198bffffff,Information,212
8729a198bffffff,Manufacturing,116
8729a198bffffff,Professional Service,427
8729a198bffffff,Public Administration,93
8729a198bffffff,Real Estate,87
8729a198bffffff,Retail,286
8729a198bffffff,Transportation,55
8729a198bffffff,Wholesale,45
8729a198cffffff,Agriculture,23
8729a198cffffff,Art/Culture,646
8729a198cffffff,Business Support,664
8729a198cffffff,Construction,651
8729a198cffffff,Corporate,17
8729a198cffffff,Education,2818
8729a198cffffff,Energy,64
8729a198cffffff,Financial,662
8729a198cffffff,Health,4029
8729a198cffffff,Hospitality,935
8729a198cffffff,Information,1200
8729a198cffffff,Manufacturing,510
8729a198cffffff,Professional Service,2087
8729a198cffffff,Public Administration,459
8729a198cffffff,Real Estate,482
8729a198cffffff,Retail,1339
8729a198cffffff,Transportation,646
8729a198cffffff,Wholesale,367
8729a198dffffff,Agriculture,6
8729a198dffffff,Art/Culture,166
8729a198dffffff,Business Support,127
8729a198dffffff,Construction,141
8729a198dffffff,Corporate,4
8729a198dffffff,Education,274
8729a198dffffff,Energy,5
8729a198dffffff,Financial,72
8729a198dffffff,Health,340
8729a198dffffff,Hospitality,299
8729a198dffffff,Information,205
8729a198dffffff,Manufacturing,35
8729a198dffffff,Professional Service,283
8729a198dffffff,Public Administration,168
8729a198dffffff,Real Estate,87
8729a198dffffff,Retail,186
8729a198dffffff,Transportation,94
8729a198dffffff,Wholesale,68
8729a198effffff,Agriculture,56
8729a198effffff,Art/Culture,843
8729a198effffff,Business Support,1888
8729a198effffff,Construction,1230
8729a198effffff,Corporate,51
8729a198effffff,Education,2601
8729a198effffff,Energy,87
8729a198effffff,Financial,1713
8729a198effffff,Health,5256
8729a198effffff,Hospitality,1275
8729a198effffff,Information,2397
8729a198effffff,Manufacturing,824
8729a198effffff,Professional Service,4515
8729a198effffff,Public Administration,860
8729a198effffff,Real Estate,1074
8729a198effffff,Retail,1377
8729a198effffff,Transportation,574
8729a198effffff,Wholesale,316
8729a1990ffffff,Agriculture,42
8729a1990ffffff,Art/Culture,284
8729a1990ffffff,Business Support,554
8729a1990ffffff,Construction,681
8729a1990ffffff,Corporate,9
8729a1990ffffff,Education,532
8729a1990ffffff,Energy,53
8729a1990ffffff,Financial,312
8729a1990ffffff,Health,852
8729a1990ffffff,Hospitality,813
8729a1990ffffff,Information,403
8729a1990ffffff,Manufacturing,1296
8729a1990ffffff,Professional Service,1018
8729a1990ffffff,Public Administration,181
8729a1990ffffff,Real Estate,263
8729a1990ffffff,Retail,1222
8729a1990ffffff,Transportation,739
8729a1990ffffff,Wholesale,313
8729a1991ffffff,Agriculture,21
8729a1991ffffff,Art/Culture,410
8729a1991ffffff,Business Support,455
8729a1991ffffff,Construction,580
8729a1991ffffff,Corporate,10
8729a1991ffffff,Education,1409
8729a1991ffffff,Energy,34
8729a1991ffffff,Financial,251
8729a1991ffffff,Health,2572
8729a1991ffffff,Hospitality,648
8729a1991ffffff,Information,521
8729a1991ffffff,Manufacturing,519
8729a1991ffffff,Professional Service,1331
8729a1991ffffff,Public Administration,209
8729a1991ffffff,Real Estate,182
8729a1991ffffff,Retail,854
8729a1991ffffff,Transportation,408
8729a1991ffffff,Wholesale,232
8729a1992ffffff,Agriculture,33
8729a1992ffffff,Art/Culture,317
8729a1992ffffff,Business Support,221
8729a1992ffffff,Construction,681
8729a1992ffffff,Corporate,1
8729a1992ffffff,Education,662
8729a1992ffffff,Energy,38
8729a1992ffffff,Financial,131
8729a1992ffffff,Health,890
8729a1992ffffff,Hospitality,556
8729a1992ffffff,Information,219
8729a1992ffffff,Manufacturing,310
8729a1992ffffff,Professional Service,500
8729a1992ffffff,Public Administration,270
8729a1992ffffff,Real Estate,105
8729a1992ffffff,Retail,665
8729a1992ffffff,Transportation,342
8729a1992ffffff,Wholesale,206
8729a1993ffffff,Agriculture,82
8729a1993ffffff,Art/Culture,739
8729a1993ffffff,Business Support,891
8729a1993ffffff,Construction,1596
8729a1993ffffff,Corporate,25
8729a1993ffffff,Education,1354
8729a1993ffffff,Energy,38
8729a1993ffffff,Financial,541
8729a1993ffffff,Health,2763
8729a1993ffffff,Hospitality,1046
8729a1993ffffff,Information,1216
8729a1993ffffff,Manufacturing,325
8729a1993ffffff,Professional Service,2358
8729a1993ffffff,Public Administration,472
8729a1993ffffff,Real Estate,473
8729a1993ffffff,Retail,977
8729a1993ffffff,Transportation,397
8729a1993ffffff,Wholesale,231
8729a1994ffffff,Agriculture,1
8729a1994ffffff,Art/Culture,1
8729a1994ffffff,Business Support,7
8729a1994ffffff,Construction,2
8729a1994ffffff,Education,48
8729a1994ffffff,Energy,9
8729a1994ffffff,Financial,16
8729a1994ffffff,Health,51
8729a1994ffffff,Hospitality,24
8729a1994ffffff,Information,31
8729a1994ffffff,Manufacturing,36
8729a1994ffffff,Professional Service,25
8729a1994ffffff,Public Administration,46
8729a1994ffffff,Real Estate,9
8729a1994ffffff,Retail,58
8729a1994ffffff,Transportation,86
8729a1994ffffff,Wholesale,25
8729a1995ffffff,Agriculture,47
8729a1995ffffff,Art/Culture,788
8729a1995ffffff,Business Support,1898
8729a1995ffffff,Construction,756
8729a1995ffffff,Corporate,50
8729a1995ffffff,Education,1635
8729a1995ffffff,Energy,56
8729a1995ffffff,Financial,1472
8729a1995ffffff,Health,2104
8729a1995ffffff,Hospitality,1123
8729a1995ffffff,Information,2526
8729a1995ffffff,Manufacturing,1807
8729a1995ffffff,Professional Service,4062
8729a1995ffffff,Public Administration,655
8729a1995ffffff,Real Estate,960
8729a1995ffffff,Retail,1220
8729a1995ffffff,Transportation,785
8729a1995ffffff,Wholesale,335
8729a1996ffffff,Agriculture,10
8729a1996ffffff,Art/Culture,140
8729a1996ffffff,Business Support,387
8729a1996ffffff,Construction,372
8729a1996ffffff,Corporate,1
8729a1996ffffff,Education,809
8729a1996ffffff,Energy,34
8729a1996ffffff,Financial,255
8729a1996ffffff,Health,1054
8729a1996ffffff,Hospitality,604
8729a1996ffffff,Information,270
8729a1996ffffff,Manufacturing,460
8729a1996ffffff,Professional Service,513
8729a1996ffffff,Public Administration,296
8729a1996ffffff,Real Estate,150
8729a1996ffffff,Retail,1012
8729a1996ffffff,Transportation,689
8729a1996ffffff,Wholesale,277
8729a1998ffffff,Agriculture,40
8729a1998ffffff,Art/Culture,1739
8729a1998ffffff,Business Support,1687
8729a1998ffffff,Construction,971
8729a1998ffffff,Corporate,180
8729a1998ffffff,Education,791
8729a1998ffffff,Energy,139
8729a1998ffffff,Financial,213
8729a1998ffffff,Health,1216
8729a1998ffffff,Hospitality,3269
8729a1998ffffff,Information,884
8729a1998ffffff,Manufacturing,569
8729a1998ffffff,Professional Service,3105
8729a1998ffffff,Public Administration,577
8729a1998ffffff,Real Estate,668
8729a1998ffffff,Retail,1727
8729a1998ffffff,Transportation,346
8729a1998ffffff,Wholesale,879
8729a1999ffffff,Agriculture,15
8729a1999ffffff,Art/Culture,547
8729a1999ffffff,Business Support,209
8729a1999ffffff,Construction,212
8729a1999ffffff,Corporate,11
8729a1999ffffff,Education,2789
8729a1999ffffff,Energy,18
8729a1999ffffff,Financial,295
8729a1999ffffff,Health,669
8729a1999ffffff,Hospitality,800
8729a1999ffffff,Information,659
8729a1999ffffff,Manufacturing,300
8729a1999ffffff,Professional Service,1081
8729a1999ffffff,Public Administration,275
8729a1999ffffff,Real Estate,192
8729a1999ffffff,Retail,608
8729a1999ffffff,Transportation,142
8729a1999ffffff,Wholesale,117
8729a199bffffff,Agriculture,2
8729a199bffffff,Art/Culture,96
8729a199bffffff,Business Support,33
8729a199bffffff,Construction,116
8729a199bffffff,Education,45
8729a199bffffff,Energy,6
8729a199bffffff,Financial,27
8729a199bffffff,Health,138
8729a199bffffff,Hospitality,192
8729a199bffffff,Information,68
8729a199bffffff,Manufacturing,58
8729a199bffffff,Professional Service,129
8729a199bffffff,Public Administration,72
8729a199bffffff,Real Estate,35
8729a199bffffff,Retail,38
8729a199bffffff,Transportation,13
8729a199bffffff,Wholesale,17
8729a199cffffff,Agriculture,33
8729a199cffffff,Art/Culture,1393
8729a199cffffff,Business Support,5186
8729a199cffffff,Construction,1062
8729a199cffffff,Corporate,67
8729a199cffffff,Education,942
8729a199cffffff,Energy,52
8729a199cffffff,Financial,5106
8729a199cffffff,Health,1609
8729a199cffffff,Hospitality,2705
8729a199cffffff,Information,6823
8729a199cffffff,Manufacturing,461
8729a199cffffff,Professional Service,11160
8729a199cffffff,Public Administration,697
8729a199cffffff,Real Estate,3180
8729a199cffffff,Retail,1414
8729a199cffffff,Transportation,792
8729a199cffffff,Wholesale,390
8729a199dffffff,Agriculture,72
8729a199dffffff,Art/Culture,1892
8729a199dffffff,Business Support,2168
8729a199dffffff,Construction,1377
8729a199dffffff,Corporate,78
8729a199dffffff,Education,10527
8729a199dffffff,Energy,94
8729a199dffffff,Financial,2081
8729a199dffffff,Health,15906
8729a199dffffff,Hospitality,3010
8729a199dffffff,Information,3438
8729a199dffffff,Manufacturing,1210
8729a199dffffff,Professional Service,5797
8729a199dffffff,Public Administration,1343
8729a199dffffff,Real Estate,1246
8729a199dffffff,Retail,2530
8729a199dffffff,Transportation,1117
8729a199dffffff,Wholesale,570
8729a199effffff,Agriculture,81
8729a199effffff,Art/Culture,2173
8729a199effffff,Business Support,1935
8729a199effffff,Construction,1316
8729a199effffff,Corporate,45
8729a199effffff,Education,3389
8729a199effffff,Energy,61
8729a199effffff,Financial,1934
8729a199effffff,Health,4463
8729a199effffff,Hospitality,4241
8729a199effffff,Information,2432
8729a199effffff,Manufacturing,730
8729a199effffff,Professional Service,3891
8729a199effffff,Public Administration,1259
8729a199effffff,Real Estate,745
8729a199effffff,Retail,2791
8729a199effffff,Transportation,1676
8729a199effffff,Wholesale,703
8729a19a0ffffff,Art/Culture,112
8729a19a0ffffff,Business Support,19
8729a19a0ffffff,Construction,43
8729a19a0ffffff,Corporate,1
8729a19a0ffffff,Education,47
8729a19a0ffffff,Energy,1
8729a19a0ffffff,Financial,31
8729a19a0ffffff,Health,55
8729a19a0ffffff,Hospitality,120
8729a19a0ffffff,Information,51
8729a19a0ffffff,Manufacturing,16
8729a19a0ffffff,Professional Service,126
8729a19a0ffffff,Public Administration,23
8729a19a0ffffff,Real Estate,34
8729a19a0ffffff,Retail,35
8729a19a0ffffff,Transportation,2
8729a19a0ffffff,Wholesale,33
8729a19a2ffffff,Agriculture,9
8729a19a2ffffff,Art/Culture,162
8729a19a2ffffff,Business Support,1091
8729a19a2ffffff,Construction,120
8729a19a2ffffff,Corporate,15
8729a19a2ffffff,Education,760
8729a19a2ffffff,Energy,27
8729a19a2ffffff,Financial,214
8729a19a2ffffff,Health,1371
8729a19a2ffffff,Hospitality,176
8729a19a2ffffff,Information,230
8729a19a2ffffff,Manufacturing,345
8729a19a2ffffff,Professional Service,620
8729a19a2ffffff,Public Administration,351
8729a19a2ffffff,Real Estate,100
8729a19a2ffffff,Retail,344
8729a19a2ffffff,Transportation,201
8729a19a2ffffff,Wholesale,217
8729a19a3ffffff,Agriculture,7
8729a19a3ffffff,Art/Culture,787
8729a19a3ffffff,Business Support,455
8729a19a3ffffff,Construction,322
8729a19a3ffffff,Corporate,15
8729a19a3ffffff,Education,483
8729a19a3ffffff,Energy,23
8729a19a3ffffff,Financial,365
8729a19a3ffffff,Health,547
8729a19a3ffffff,Hospitality,1160
8729a19a3ffffff,Information,714
8729a19a3ffffff,Manufacturing,257
8729a19a3ffffff,Professional Service,1081
8729a19a3ffffff,Public Administration,240
8729a19a3ffffff,Real Estate,370
8729a19a3ffffff,Retail,582
8729a19a3ffffff,Transportation,266
8729a19a3ffffff,Wholesale,108
8729a19aaffffff,Agriculture,129
8729a19aaffffff,Art/Culture,2666
8729a19aaffffff,Business Support,1762
8729a19aaffffff,Construction,1424
8729a19aaffffff,Corporate,48
8729a19aaffffff,Education,2937
8729a19aaffffff,Energy,150
8729a19aaffffff,Financial,1773
8729a19aaffffff,Health,2784
8729a19aaffffff,Hospitality,4826
8729a19aaffffff,Information,3146
8729a19aaffffff,Manufacturing,1361
8729a19aaffffff,Professional Service,5613
8729a19aaffffff,Public Administration,1170
8729a19aaffffff,Real Estate,1255
8729a19aaffffff,Retail,3874
8729a19aaffffff,Transportation,1529
8729a19aaffffff,Wholesale,974
8729a19abffffff,Agriculture,11
8729a19abffffff,Art/Culture,503
8729a19abffffff,Business Support,390
8729a19abffffff,Construction,369
8729a19abffffff,Corporate,11
8729a19abffffff,Education,520
8729a19abffffff,Energy,32
8729a19abffffff,Financial,302
8729a19abffffff,Health,723
8729a19abffffff,Hospitality,931
8729a19abffffff,Information,525
8729a19abffffff,Manufacturing,269
8729a19abffffff,Professional Service,1136
8729a19abffffff,Public Administration,490
8729a19abffffff,Real Estate,132
8729a19abffffff,Retail,569
8729a19abffffff,Transportation,196
8729a19abffffff,Wholesale,153
8729a19b0ffffff,Agriculture,35
8729a19b0ffffff,Art/Culture,291
8729a19b0ffffff,Business Support,952
8729a19b0ffffff,Construction,690
8729a19b0ffffff,Corporate,30
8729a19b0ffffff,Education,929
8729a19b0ffffff,Energy,59
8729a19b0ffffff,Financial,613
8729a19b0ffffff,Health,1478
8729a19b0ffffff,Hospitality,1071
8729a19b0ffffff,Information,812
8729a19b0ffffff,Manufacturing,432
8729a19b0ffffff,Professional Service,1608
8729a19b0ffffff,Public Administration,352
8729a19b0ffffff,Real Estate,455
8729a19b0ffffff,Retail,1116
8729a19b0ffffff,Transportation,701
8729a19b0ffffff,Wholesale,361
8729a19b1ffffff,Agriculture,24
8729a19b1ffffff,Art/Culture,664
8729a19b1ffffff,Business Support,287
8729a19b1ffffff,Construction,1009
8729a19b1ffffff,Corporate,75
8729a19b1ffffff,Education,1989
8729a19b1ffffff,Energy,110
8729a19b1ffffff,Financial,1263
8729a19b1ffffff,Health,1669
8729a19b1ffffff,Hospitality,885
8729a19b1ffffff,Information,2124
8729a19b1ffffff,Manufacturing,1585
8729a19b1ffffff,Professional Service,3880
8729a19b1ffffff,Public Administration,317
8729a19b1ffffff,Real Estate,870
8729a19b1ffffff,Retail,1856
8729a19b1ffffff,Transportation,1001
8729a19b1ffffff,Wholesale,569
8729a19b2ffffff,Agriculture,14
8729a19b2ffffff,Art/Culture,178
8729a19b2ffffff,Business Support,322
8729a19b2ffffff,Construction,346
8729a19b2ffffff,Education,754
8729a19b2ffffff,Energy,31
8729a19b2ffffff,Financial,207
8729a19b2ffffff,Health,958
8729a19b2ffffff,Hospitality,409
8729a19b2ffffff,Information,285
8729a19b2ffffff,Manufacturing,374
8729a19b2ffffff,Professional Service,652
8729a19b2ffffff,Public Administration,294
8729a19b2ffffff,Real Estate,137
8729a19b2ffffff,Retail,651
8729a19b2ffffff,Transportation,259
8729a19b2ffffff,Wholesale,109
8729a19b3ffffff,Agriculture,28
8729a19b3ffffff,Art/Culture,896
8729a19b3ffffff,Business Support,1949
8729a19b3ffffff,Construction,1243
8729a19b3ffffff,Corporate,50
8729a19b3ffffff,Education,3028
8729a19b3ffffff,Energy,127
8729a19b3ffffff,Financial,1429
8729a19b3ffffff,Health,4626
8729a19b3ffffff,Hospitality,1547
8729a19b3ffffff,Information,1725
8729a19b3ffffff,Manufacturing,1098
8729a19b3ffffff,Professional Service,4095
8729a19b3ffffff,Public Administration,771
8729a19b3ffffff,Real Estate,927
8729a19b3ffffff,Retail,2995
8729a19b3ffffff,Transportation,1498
8729a19b3ffffff,Wholesale,749
8729a19b5ffffff,Agriculture,25
8729a19b5ffffff,Art/Culture,409
8729a19b5ffffff,Business Support,259
8729a19b5ffffff,Construction,354
8729a19b5ffffff,Corporate,4
8729a19b5ffffff,Education,1301
8729a19b5ffffff,Energy,26
8729a19b5ffffff,Financial,155
8729a19b5ffffff,Health,1179
8729a19b5ffffff,Hospitality,582
8729a19b5ffffff,Information,359
8729a19b5ffffff,Manufacturing,224
8729a19b5ffffff,Professional Service,716
8729a19b5ffffff,Public Administration,162
8729a19b5ffffff,Real Estate,181
8729a19b5ffffff,Retail,729
8729a19b5ffffff,Transportation,1343
8729a19b5ffffff,Wholesale,178
8729a19b6ffffff,Agriculture,25
8729a19b6ffffff,Art/Culture,309
8729a19b6ffffff,Business Support,811
8729a19b6ffffff,Construction,704
8729a19b6ffffff,Corporate,4
8729a19b6ffffff,Education,881
8729a19b6ffffff,Energy,72
8729a19b6ffffff,Financial,336
8729a19b6ffffff,Health,1095
8729a19b6ffffff,Hospitality,1025
8729a19b6ffffff,Information,322
8729a19b6ffffff,Manufacturing,2333
8729a19b6ffffff,Professional Service,645
8729a19b6ffffff,Public Administration,750
8729a19b6ffffff,Real Estate,266
8729a19b6ffffff,Retail,1655
8729a19b6ffffff,Transportation,1133
8729a19b6ffffff,Wholesale,642
8729a1c01ffffff,Agriculture,2
8729a1c01ffffff,Art/Culture,76
8729a1c01ffffff,Business Support,19
8729a1c01ffffff,Construction,55
8729a1c01ffffff,Education,267
8729a1c01ffffff,Energy,10
8729a1c01ffffff,Financial,31
8729a1c01ffffff,Health,169
8729a1c01ffffff,Hospitality,38
8729a1c01ffffff,Information,114
8729a1c01ffffff,Manufacturing,10
8729a1c01ffffff,Professional Service,248
8729a1c01ffffff,Public Administration,90
8729a1c01ffffff,Real Estate,16
8729a1c01ffffff,Retail,50
8729a1c01ffffff,Transportation,35
8729a1c01ffffff,Wholesale,26
8729a1c04ffffff,Agriculture,27
8729a1c04ffffff,Art/Culture,169
8729a1c04ffffff,Business Support,113
8729a1c04ffffff,Construction,218
8729a1c04ffffff,Corporate,15
8729a1c04ffffff,Education,591
8729a1c04ffffff,Energy,47
8729a1c04ffffff,Financial,155
8729a1c04ffffff,Health,867
8729a1c04ffffff,Hospitality,243
8729a1c04ffffff,Information,151
8729a1c04ffffff,Manufacturing,244
8729a1c04ffffff,Professional Service,342
8729a1c04ffffff,Public Administration,150
8729a1c04ffffff,Real Estate,67
8729a1c04ffffff,Retail,232
8729a1c04ffffff,Transportation,108
8729a1c04ffffff,Wholesale,60
8729a1c05ffffff,Agriculture,8
8729a1c05ffffff,Art/Culture,176
8729a1c05ffffff,Business Support,185
8729a1c05ffffff,Construction,218
8729a1c05ffffff,Corporate,1
8729a1c05ffffff,Education,501
8729a1c05ffffff,Energy,25
8729a1c05ffffff,Financial,117
8729a1c05ffffff,Health,679
8729a1c05ffffff,Hospitality,246
8729a1c05ffffff,Information,200
8729a1c05ffffff,Manufacturing,233
8729a1c05ffffff,Professional Service,543
8729a1c05ffffff,Public Administration,229
8729a1c05ffffff,Real Estate,83
8729a1c05ffffff,Retail,303
8729a1c05ffffff,Transportation,87
8729a1c05ffffff,Wholesale,66
8729a1c06ffffff,Art/Culture,1
8729a1c06ffffff,Business Support,13
8729a1c06ffffff,Construction,4
8729a1c06ffffff,Education,67
8729a1c06ffffff,Energy,3
8729a1c06ffffff,Financial,29
8729a1c06ffffff,Health,71
8729a1c06ffffff,Hospitality,1
8729a1c06ffffff,Information,7
8729a1c06ffffff,Manufacturing,8
8729a1c06ffffff,Professional Service,77
8729a1c06ffffff,Public Administration,36
8729a1c06ffffff,Real Estate,20
8729a1c06ffffff,Retail,14
8729a1c06ffffff,Transportation,9
8729a1c06ffffff,Wholesale,6
8729a1c0cffffff,Agriculture,10
8729a1c0cffffff,Art/Culture,31
8729a1c0cffffff,Business Support,4
8729a1c0cffffff,Construction,53
8729a1c0cffffff,Education,36
8729a1c0cffffff,Energy,1
8729a1c0cffffff,Financial,3
8729a1c0cffffff,Health,34
8729a1c0cffffff,Hospitality,4
8729a1c0cffffff,Information,17
8729a1c0cffffff,Manufacturing,32
8729a1c0cffffff,Professional Service,31
8729a1c0cffffff,Public Administration,3
8729a1c0cffffff,Real Estate,2
8729a1c0cffffff,Retail,4
8729a1c0cffffff,Transportation,4
8729a1c0cffffff,Wholesale,14
8729a1c14ffffff,Business Support,6
8729a1c14ffffff,Construction,16
8729a1c14ffffff,Education,10
8729a1c14ffffff,Financial,16
8729a1c14ffffff,Health,24
8729a1c14ffffff,Hospitality,2
8729a1c14ffffff,Information,8
8729a1c14ffffff,Manufacturing,11
8729a1c14ffffff,Professional Service,32
8729a1c14ffffff,Real Estate,5
8729a1c14ffffff,Retail,21
8729a1c14ffffff,Transportation,42
8729a1c14ffffff,Wholesale,12
8729a1c20ffffff,Agriculture,5
8729a1c20ffffff,Art/Culture,239
8729a1c20ffffff,Business Support,329
8729a1c20ffffff,Construction,151
8729a1c20ffffff,Corporate,13
8729a1c20ffffff,Education,1585
8729a1c20ffffff,Energy,41
8729a1c20ffffff,Financial,206
8729a1c20ffffff,Health,2238
8729a1c20ffffff,Hospitality,543
8729a1c20ffffff,Information,309
8729a1c20ffffff,Manufacturing,201
8729a1c20ffffff,Professional Service,813
8729a1c20ffffff,Public Administration,269
8729a1c20ffffff,Real Estate,380
8729a1c20ffffff,Retail,439
8729a1c20ffffff,Transportation,281
8729a1c20ffffff,Wholesale,84
8729a1c21ffffff,Agriculture,105
8729a1c21ffffff,Art/Culture,1501
8729a1c21ffffff,Business Support,2904
8729a1c21ffffff,Construction,1658
8729a1c21ffffff,Corporate,136
8729a1c21ffffff,Education,4578
8729a1c21ffffff,Energy,260
8729a1c21ffffff,Financial,2269
8729a1c21ffffff,Health,6985
8729a1c21ffffff,Hospitality,3490
8729a1c21ffffff,Information,2140
8729a1c21ffffff,Manufacturing,1169
8729a1c21ffffff,Professional Service,4890
8729a1c21ffffff,Public Administration,1760
8729a1c21ffffff,Real Estate,1315
8729a1c21ffffff,Retail,2440
8729a1c21ffffff,Transportation,1150
8729a1c21ffffff,Wholesale,771
8729a1c22ffffff,Agriculture,20
8729a1c22ffffff,Art/Culture,355
8729a1c22ffffff,Business Support,247
8729a1c22ffffff,Construction,453
8729a1c22ffffff,Corporate,11
8729a1c22ffffff,Education,751
8729a1c22ffffff,Energy,77
8729a1c22ffffff,Financial,344
8729a1c22ffffff,Health,1157
8729a1c22ffffff,Hospitality,528
8729a1c22ffffff,Information,270
8729a1c22ffffff,Manufacturing,377
8729a1c22ffffff,Professional Service,750
8729a1c22ffffff,Public Administration,323
8729a1c22ffffff,Real Estate,137
8729a1c22ffffff,Retail,725
8729a1c22ffffff,Transportation,317
8729a1c22ffffff,Wholesale,191
8729a1c23ffffff,Agriculture,109
8729a1c23ffffff,Art/Culture,1291
8729a1c23ffffff,Business Support,1916
8729a1c23ffffff,Construction,1216
8729a1c23ffffff,Corporate,31
8729a1c23ffffff,Education,4156
8729a1c23ffffff,Energy,309
8729a1c23ffffff,Financial,2183
8729a1c23ffffff,Health,5306
8729a1c23ffffff,Hospitality,3384
8729a1c23ffffff,Information,1637
8729a1c23ffffff,Manufacturing,1287
8729a1c23ffffff,Professional Service,4154
8729a1c23ffffff,Public Administration,1111
8729a1c23ffffff,Real Estate,815
8729a1c23ffffff,Retail,3807
8729a1c23ffffff,Transportation,1317
8729a1c23ffffff,Wholesale,693
8729a1c24ffffff,Agriculture,16
8729a1c24ffffff,Art/Culture,248
8729a1c24ffffff,Business Support,299
8729a1c24ffffff,Construction,247
8729a1c24ffffff,Corporate,4
8729a1c24ffffff,Education,564
8729a1c24ffffff,Energy,49
8729a1c24ffffff,Financial,269
8729a1c24ffffff,Health,1059
8729a1c24ffffff,Hospitality,621
8729a1c24ffffff,Information,138
8729a1c24ffffff,Manufacturing,289
8729a1c24ffffff,Professional Service,570
8729a1c24ffffff,Public Administration,210
8729a1c24ffffff,Real Estate,151
8729a1c24ffffff,Retail,463
8729a1c24ffffff,Transportation,234
8729a1c24ffffff,Wholesale,235
8729a1c25ffffff,Agriculture,35
8729a1c25ffffff,Art/Culture,387
8729a1c25ffffff,Business Support,477
8729a1c25ffffff,Construction,645
8729a1c25ffffff,Corporate,21
8729a1c25ffffff,Education,824
8729a1c25ffffff,Energy,42
8729a1c25ffffff,Financial,428
8729a1c25ffffff,Health,987
8729a1c25ffffff,Hospitality,1061
8729a1c25ffffff,Information,328
8729a1c25ffffff,Manufacturing,216
8729a1c25ffffff,Professional Service,975
8729a1c25ffffff,Public Administration,476
8729a1c25ffffff,Real Estate,252
8729a1c25ffffff,Retail,494
8729a1c25ffffff,Transportation,286
8729a1c25ffffff,Wholesale,151
8729a1c26ffffff,Agriculture,5
8729a1c26ffffff,Art/Culture,80
8729a1c26ffffff,Business Support,171
8729a1c26ffffff,Construction,169
8729a1c26ffffff,Corporate,9
8729a1c26ffffff,Education,426
8729a1c26ffffff,Energy,13
8729a1c26ffffff,Financial,265
8729a1c26ffffff,Health,488
8729a1c26ffffff,Hospitality,138
8729a1c26ffffff,Information,156
8729a1c26ffffff,Manufacturing,55
8729a1c26ffffff,Professional Service,511
8729a1c26ffffff,Public Administration,148
8729a1c26ffffff,Real Estate,189
8729a1c26ffffff,Retail,135
8729a1c26ffffff,Transportation,92
8729a1c26ffffff,Wholesale,103
8729a1c28ffffff,Agriculture,1
8729a1c28ffffff,Art/Culture,10
8729a1c28ffffff,Business Support,69
8729a1c28ffffff,Construction,107
8729a1c28ffffff,Corporate,5
8729a1c28ffffff,Education,424
8729a1c28ffffff,Energy,33
8729a1c28ffffff,Financial,63
8729a1c28ffffff,Health,575
8729a1c28ffffff,Hospitality,109
8729a1c28ffffff,Information,56
8729a1c28ffffff,Manufacturing,45
8729a1c28ffffff,Professional Service,116
8729a1c28ffffff,Public Administration,34
8729a1c28ffffff,Real Estate,47
8729a1c28ffffff,Retail,72
8729a1c28ffffff,Transportation,26
8729a1c28ffffff,Wholesale,66
8729a1c29ffffff,Art/Culture,18
8729a1c29ffffff,Business Support,11
8729a1c29ffffff,Construction,13
8729a1c29ffffff,Corporate,1
8729a1c29ffffff,Education,47
8729a1c29ffffff,Energy,3
8729a1c29ffffff,Financial,19
8729a1c29ffffff,Health,119
8729a1c29ffffff,Hospitality,7
8729a1c29ffffff,Information,20
8729a1c29ffffff,Manufacturing,22
8729a1c29ffffff,Professional Service,43
8729a1c29ffffff,Public Administration,28
8729a1c29ffffff,Real Estate,13
8729a1c29ffffff,Retail,8
8729a1c29ffffff,Transportation,4
8729a1c29ffffff,Wholesale,4
8729a1c2affffff,Agriculture,33
8729a1c2affffff,Art/Culture,147
8729a1c2affffff,Business Support,76
8729a1c2affffff,Construction,301
8729a1c2affffff,Corporate,1
8729a1c2affffff,Education,469
8729a1c2affffff,Energy,21
8729a1c2affffff,Financial,106
8729a1c2affffff,Health,1031
8729a1c2affffff,Hospitality,264
8729a1c2affffff,Information,80
8729a1c2affffff,Manufacturing,103
8729a1c2affffff,Professional Service,230
8729a1c2affffff,Public Administration,147
8729a1c2affffff,Real Estate,58
8729a1c2affffff,Retail,162
8729a1c2affffff,Transportation,84
8729a1c2affffff,Wholesale,52
8729a1c2bffffff,Agriculture,17
8729a1c2bffffff,Art/Culture,108
8729a1c2bffffff,Business Support,263
8729a1c2bffffff,Construction,170
8729a1c2bffffff,Corporate,14
8729a1c2bffffff,Education,401
8729a1c2bffffff,Energy,10
8729a1c2bffffff,Financial,393
8729a1c2bffffff,Health,520
8729a1c2bffffff,Hospitality,108
8729a1c2bffffff,Information,346
8729a1c2bffffff,Manufacturing,120
8729a1c2bffffff,Professional Service,766
8729a1c2bffffff,Public Administration,174
8729a1c2bffffff,Real Estate,201
8729a1c2bffffff,Retail,91
8729a1c2bffffff,Transportation,32
8729a1c2bffffff,Wholesale,34
8729a1c2effffff,Agriculture,12
8729a1c2effffff,Art/Culture,206
8729a1c2effffff,Business Support,311
8729a1c2effffff,Construction,402
8729a1c2effffff,Corporate,6
8729a1c2effffff,Education,907
8729a1c2effffff,Energy,50
8729a1c2effffff,Financial,217
8729a1c2effffff,Health,1376
8729a1c2effffff,Hospitality,312
8729a1c2effffff,Information,222
8729a1c2effffff,Manufacturing,285
8729a1c2effffff,Professional Service,485
8729a1c2effffff,Public Administration,362
8729a1c2effffff,Real Estate,124
8729a1c2effffff,Retail,572
8729a1c2effffff,Transportation,274
8729a1c2effffff,Wholesale,133
8729a1c30ffffff,Agriculture,12
8729a1c30ffffff,Art/Culture,186
8729a1c30ffffff,Business Support,89
8729a1c30ffffff,Construction,33
8729a1c30ffffff,Corporate,5
8729a1c30ffffff,Education,553
8729a1c30ffffff,Energy,15
8729a1c30ffffff,Financial,115
8729a1c30ffffff,Health,68
8729a1c30ffffff,Hospitality,547
8729a1c30ffffff,Information,103
8729a1c30ffffff,Manufacturing,31
8729a1c30ffffff,Professional Service,214
8729a1c30ffffff,Public Administration,120
8729a1c30ffffff,Real Estate,118
8729a1c30ffffff,Retail,432
8729a1c30ffffff,Transportation,31
8729a1c30ffffff,Wholesale,65
8729a1c31ffffff,Agriculture,14
8729a1c31ffffff,Art/Culture,269
8729a1c31ffffff,Business Support,416
8729a1c31ffffff,Construction,284
8729a1c31ffffff,Corporate,6
8729a1c31ffffff,Education,671
8729a1c31ffffff,Energy,136
8729a1c31ffffff,Financial,473
8729a1c31ffffff,Health,1336
8729a1c31ffffff,Hospitality,1208
8729a1c31ffffff,Information,255
8729a1c31ffffff,Manufacturing,228
8729a1c31ffffff,Professional Service,868
8729a1c31ffffff,Public Administration,216
8729a1c31ffffff,Real Estate,195
8729a1c31ffffff,Retail,1054
8729a1c31ffffff,Transportation,505
8729a1c31ffffff,Wholesale,430
8729a1c33ffffff,Agriculture,8
8729a1c33ffffff,Art/Culture,213
8729a1c33ffffff,Business Support,137
8729a1c33ffffff,Construction,269
8729a1c33ffffff,Corporate,2
8729a1c33ffffff,Education,399
8729a1c33ffffff,Energy,12
8729a1c33ffffff,Financial,128
8729a1c33ffffff,Health,587
8729a1c33ffffff,Hospitality,181
8729a1c33ffffff,Information,79
8729a1c33ffffff,Manufacturing,92
8729a1c33ffffff,Professional Service,313
8729a1c33ffffff,Public Administration,195
8729a1c33ffffff,Real Estate,84
8729a1c33ffffff,Retail,113
8729a1c33ffffff,Transportation,36
8729a1c33ffffff,Wholesale,70
8729a1c34ffffff,Agriculture,15
8729a1c34ffffff,Art/Culture,189
8729a1c34ffffff,Business Support,111
8729a1c34ffffff,Construction,308
8729a1c34ffffff,Corporate,8
8729a1c34ffffff,Education,655
8729a1c34ffffff,Energy,86
8729a1c34ffffff,Financial,157
8729a1c34ffffff,Health,1070
8729a1c34ffffff,Hospitality,457
8729a1c34ffffff,Information,52
8729a1c34ffffff,Manufacturing,124
8729a1c34ffffff,Professional Service,444
8729a1c34ffffff,Public Administration,225
8729a1c34ffffff,Real Estate,132
8729a1c34ffffff,Retail,391
8729a1c34ffffff,Transportation,139
8729a1c34ffffff,Wholesale,135
8729a1c35ffffff,Agriculture,4
8729a1c35ffffff,Art/Culture,127
8729a1c35ffffff,Business Support,125
8729a1c35ffffff,Construction,250
8729a1c35ffffff,Corporate,9
8729a1c35ffffff,Education,315
8729a1c35ffffff,Energy,32
8729a1c35ffffff,Financial,164
8729a1c35ffffff,Health,761
8729a1c35ffffff,Hospitality,339
8729a1c35ffffff,Information,74
8729a1c35ffffff,Manufacturing,124
8729a1c35ffffff,Professional Service,343
8729a1c35ffffff,Public Administration,118
8729a1c35ffffff,Real Estate,84
8729a1c35ffffff,Retail,325
8729a1c35ffffff,Transportation,342
8729a1c35ffffff,Wholesale,128
8729a1c36ffffff,Agriculture,25
8729a1c36ffffff,Art/Culture,184
8729a1c36ffffff,Business Support,491
8729a1c36ffffff,Construction,828
8729a1c36ffffff,Corporate,3
8729a1c36ffffff,Education,587
8729a1c36ffffff,Energy,41
8729a1c36ffffff,Financial,443
8729a1c36ffffff,Health,1713
8729a1c36ffffff,Hospitality,1212
8729a1c36ffffff,Information,181
8729a1c36ffffff,Manufacturing,200
8729a1c36ffffff,Professional Service,817
8729a1c36ffffff,Public Administration,401
8729a1c36ffffff,Real Estate,231
8729a1c36ffffff,Retail,747
8729a1c36ffffff,Transportation,183
8729a1c36ffffff,Wholesale,172
8729a1c41ffffff,Agriculture,5
8729a1c41ffffff,Art/Culture,11
8729a1c41ffffff,Business Support,45
8729a1c41ffffff,Construction,58
8729a1c41ffffff,Education,120
8729a1c41ffffff,Energy,16
8729a1c41ffffff,Financial,36
8729a1c41ffffff,Health,258
8729a1c41ffffff,Hospitality,89
8729a1c41ffffff,Information,42
8729a1c41ffffff,Manufacturing,30
8729a1c41ffffff,Professional Service,47
8729a1c41ffffff,Public Administration,18
8729a1c41ffffff,Real Estate,9
8729a1c41ffffff,Retail,36
8729a1c41ffffff,Transportation,33
8729a1c41ffffff,Wholesale,16
8729a1c44ffffff,Agriculture,7
8729a1c44ffffff,Art/Culture,62
8729a1c44ffffff,Business Support,73
8729a1c44ffffff,Construction,243
8729a1c44ffffff,Corporate,3
8729a1c44ffffff,Education,202
8729a1c44ffffff,Energy,11
8729a1c44ffffff,Financial,47
8729a1c44ffffff,Health,564
8729a1c44ffffff,Hospitality,112
8729a1c44ffffff,Information,72
8729a1c44ffffff,Manufacturing,81
8729a1c44ffffff,Professional Service,121
8729a1c44ffffff,Public Administration,112
8729a1c44ffffff,Real Estate,29
8729a1c44ffffff,Retail,212
8729a1c44ffffff,Transportation,99
8729a1c44ffffff,Wholesale,78
8729a1c45ffffff,Agriculture,27
8729a1c45ffffff,Art/Culture,95
8729a1c45ffffff,Business Support,120
8729a1c45ffffff,Construction,324
8729a1c45ffffff,Education,367
8729a1c45ffffff,Energy,19
8729a1c45ffffff,Financial,108
8729a1c45ffffff,Health,678
8729a1c45ffffff,Hospitality,184
8729a1c45ffffff,Information,66
8729a1c45ffffff,Manufacturing,98
8729a1c45ffffff,Professional Service,137
8729a1c45ffffff,Public Administration,173
8729a1c45ffffff,Real Estate,24
8729a1c45ffffff,Retail,205
8729a1c45ffffff,Transportation,93
8729a1c45ffffff,Wholesale,51
8729a1c46ffffff,Agriculture,3
8729a1c46ffffff,Art/Culture,8
8729a1c46ffffff,Business Support,6
8729a1c46ffffff,Construction,45
8729a1c46ffffff,Education,22
8729a1c46ffffff,Energy,1
8729a1c46ffffff,Financial,50
8729a1c46ffffff,Health,35
8729a1c46ffffff,Hospitality,9
8729a1c46ffffff,Information,6
8729a1c46ffffff,Manufacturing,2
8729a1c46ffffff,Professional Service,49
8729a1c46ffffff,Public Administration,7
8729a1c46ffffff,Real Estate,2
8729a1c46ffffff,Retail,41
8729a1c46ffffff,Transportation,11
8729a1c46ffffff,Wholesale,1
8729a1c60ffffff,Agriculture,4
8729a1c60ffffff,Art/Culture,19
8729a1c60ffffff,Business Support,1
8729a1c60ffffff,Construction,8
8729a1c60ffffff,Education,21
8729a1c60ffffff,Energy,1
8729a1c60ffffff,Financial,2
8729a1c60ffffff,Health,8
8729a1c60ffffff,Hospitality,9
8729a1c60ffffff,Information,7
8729a1c60ffffff,Manufacturing,14
8729a1c60ffffff,Professional Service,10
8729a1c60ffffff,Public Administration,9
8729a1c60ffffff,Real Estate,2
8729a1c60ffffff,Retail,21
8729a1c60ffffff,Transportation,10
8729a1c60ffffff,Wholesale,3
8729a1c64ffffff,Agriculture,17
8729a1c64ffffff,Art/Culture,649
8729a1c64ffffff,Business Support,971
8729a1c64ffffff,Construction,503
8729a1c64ffffff,Corporate,17
8729a1c64ffffff,Education,769
8729a1c64ffffff,Energy,73
8729a1c64ffffff,Financial,735
8729a1c64ffffff,Health,1331
8729a1c64ffffff,Hospitality,930
8729a1c64ffffff,Information,1023
8729a1c64ffffff,Manufacturing,757
8729a1c64ffffff,Professional Service,1557
8729a1c64ffffff,Public Administration,574
8729a1c64ffffff,Real Estate,603
8729a1c64ffffff,Retail,1114
8729a1c64ffffff,Transportation,455
8729a1c64ffffff,Wholesale,273
8729a1c65ffffff,Agriculture,16
8729a1c65ffffff,Art/Culture,895
8729a1c65ffffff,Business Support,1529
8729a1c65ffffff,Construction,384
8729a1c65ffffff,Corporate,33
8729a1c65ffffff,Education,687
8729a1c65ffffff,Energy,98
8729a1c65ffffff,Financial,1180
8729a1c65ffffff,Health,784
8729a1c65ffffff,Hospitality,1453
8729a1c65ffffff,Information,3657
8729a1c65ffffff,Manufacturing,1104
8729a1c65ffffff,Professional Service,2542
8729a1c65ffffff,Public Administration,121
8729a1c65ffffff,Real Estate,1432
8729a1c65ffffff,Retail,1877
8729a1c65ffffff,Transportation,729
8729a1c65ffffff,Wholesale,460
8729a1c66ffffff,Art/Culture,8
8729a1c66ffffff,Business Support,21
8729a1c66ffffff,Construction,10
8729a1c66ffffff,Education,3
8729a1c66ffffff,Financial,2
8729a1c66ffffff,Hospitality,2
8729a1c66ffffff,Professional Service,32
8729a1c66ffffff,Public Administration,3
8729a1c66ffffff,Real Estate,27
8729a1c66ffffff,Retail,15
8729a1c69ffffff,Agriculture,7
8729a1c69ffffff,Art/Culture,14
8729a1c69ffffff,Business Support,23
8729a1c69ffffff,Construction,66
8729a1c69ffffff,Corporate,1
8729a1c69ffffff,Education,48
8729a1c69ffffff,Energy,1
8729a1c69ffffff,Financial,14
8729a1c69ffffff,Health,50
8729a1c69ffffff,Hospitality,5
8729a1c69ffffff,Information,36
8729a1c69ffffff,Manufacturing,33
8729a1c69ffffff,Professional Service,38
8729a1c69ffffff,Public Administration,14
8729a1c69ffffff,Real Estate,18
8729a1c69ffffff,Retail,42
8729a1c69ffffff,Transportation,11
8729a1c69ffffff,Wholesale,9
8729a1c6affffff,Agriculture,5
8729a1c6affffff,Art/Culture,58
8729a1c6affffff,Business Support,62
8729a1c6affffff,Construction,143
8729a1c6affffff,Education,149
8729a1c6affffff,Energy,16
8729a1c6affffff,Financial,100
8729a1c6affffff,Health,253
8729a1c6affffff,Hospitality,111
8729a1c6affffff,Information,116
8729a1c6affffff,Manufacturing,49
8729a1c6affffff,Professional Service,220
8729a1c6affffff,Public Administration,80
8729a1c6affffff,Real Estate,72
8729a1c6affffff,Retail,118
8729a1c6affffff,Transportation,59
8729a1c6affffff,Wholesale,57
8729a1c6bffffff,Agriculture,5
8729a1c6bffffff,Art/Culture,6
8729a1c6bffffff,Business Support,26
8729a1c6bffffff,Construction,68
8729a1c6bffffff,Education,23
8729a1c6bffffff,Financial,29
8729a1c6bffffff,Health,102
8729a1c6bffffff,Hospitality,5
8729a1c6bffffff,Information,19
8729a1c6bffffff,Manufacturing,74
8729a1c6bffffff,Professional Service,24
8729a1c6bffffff,Public Administration,11
8729a1c6bffffff,Real Estate,14
8729a1c6bffffff,Retail,26
8729a1c6bffffff,Transportation,11
8729a1c6bffffff,Wholesale,13
8729a1c6cffffff,Art/Culture,15
8729a1c6cffffff,Business Support,7
8729a1c6cffffff,Construction,36
8729a1c6cffffff,Corporate,1
8729a1c6cffffff,Education,12
8729a1c6cffffff,Energy,4
8729a1c6cffffff,Financial,19
8729a1c6cffffff,Health,43
8729a1c6cffffff,Hospitality,37
8729a1c6cffffff,Information,16
8729a1c6cffffff,Manufacturing,30
8729a1c6cffffff,Professional Service,35
8729a1c6cffffff,Public Administration,31
8729a1c6cffffff,Real Estate,9
8729a1c6cffffff,Retail,14
8729a1c6cffffff,Transportation,22
8729a1c6cffffff,Wholesale,15
8729a1c6dffffff,Agriculture,126
8729a1c6dffffff,Art/Culture,52
8729a1c6dffffff,Business Support,352
8729a1c6dffffff,Construction,754
8729a1c6dffffff,Corporate,3
8729a1c6dffffff,Education,113
8729a1c6dffffff,Energy,49
8729a1c6dffffff,Financial,187
8729a1c6dffffff,Health,342
8729a1c6dffffff,Hospitality,97
8729a1c6dffffff,Information,230
8729a1c6dffffff,Manufacturing,1126
8729a1c6dffffff,Professional Service,159
8729a1c6dffffff,Public Administration,71
8729a1c6dffffff,Real Estate,105
8729a1c6dffffff,Retail,819
8729a1c6dffffff,Transportation,225
8729a1c6dffffff,Wholesale,131
8729a1c6effffff,Agriculture,2
8729a1c6effffff,Transportation,3
8729a1c70ffffff,Agriculture,19
8729a1c70ffffff,Art/Culture,160
8729a1c70ffffff,Business Support,124
8729a1c70ffffff,Construction,351
8729a1c70ffffff,Corporate,2
8729a1c70ffffff,Education,327
8729a1c70ffffff,Energy,16
8729a1c70ffffff,Financial,110
8729a1c70ffffff,Health,405
8729a1c70ffffff,Hospitality,253
8729a1c70ffffff,Information,132
8729a1c70ffffff,Manufacturing,141
8729a1c70ffffff,Professional Service,258
8729a1c70ffffff,Public Administration,159
8729a1c70ffffff,Real Estate,36
8729a1c70ffffff,Retail,168
8729a1c70ffffff,Transportation,129
8729a1c70ffffff,Wholesale,69
8729a1c71ffffff,Agriculture,12
8729a1c71ffffff,Art/Culture,236
8729a1c71ffffff,Business Support,198
8729a1c71ffffff,Construction,399
8729a1c71ffffff,Corporate,3
8729a1c71ffffff,Education,551
8729a1c71ffffff,Energy,44
8729a1c71ffffff,Financial,202
8729a1c71ffffff,Health,613
8729a1c71ffffff,Hospitality,232
8729a1c71ffffff,Information,203
8729a1c71ffffff,Manufacturing,162
8729a1c71ffffff,Professional Service,495
8729a1c71ffffff,Public Administration,215
8729a1c71ffffff,Real Estate,71
8729a1c71ffffff,Retail,548
8729a1c71ffffff,Transportation,282
8729a1c71ffffff,Wholesale,158
8729a1c72ffffff,Art/Culture,1
8729a1c72ffffff,Business Support,2
8729a1c72ffffff,Construction,2
8729a1c72ffffff,Education,26
8729a1c72ffffff,Financial,8
8729a1c72ffffff,Health,40
8729a1c72ffffff,Hospitality,1
8729a1c72ffffff,Information,1
8729a1c72ffffff,Manufacturing,1
8729a1c72ffffff,Professional Service,5
8729a1c72ffffff,Public Administration,19
8729a1c72ffffff,Real Estate,2
8729a1c72ffffff,Retail,1
8729a1c72ffffff,Transportation,1
8729a1c75ffffff,Agriculture,27
8729a1c75ffffff,Art/Culture,69
8729a1c75ffffff,Business Support,53
8729a1c75ffffff,Construction,447
8729a1c75ffffff,Corporate,2
8729a1c75ffffff,Education,276
8729a1c75ffffff,Energy,7
8729a1c75ffffff,Financial,53
8729a1c75ffffff,Health,427
8729a1c75ffffff,Hospitality,90
8729a1c75ffffff,Information,48
8729a1c75ffffff,Manufacturing,38
8729a1c75ffffff,Professional Service,238
8729a1c75ffffff,Public Administration,72
8729a1c75ffffff,Real Estate,17
8729a1c75ffffff,Retail,62
8729a1c75ffffff,Transportation,25
8729a1c75ffffff,Wholesale,10
8729a1c76ffffff,Agriculture,3
8729a1c76ffffff,Art/Culture,192
8729a1c76ffffff,Business Support,95
8729a1c76ffffff,Construction,269
8729a1c76ffffff,Corporate,1
8729a1c76ffffff,Education,403
8729a1c76ffffff,Energy,39
8729a1c76ffffff,Financial,222
8729a1c76ffffff,Health,548
8729a1c76ffffff,Hospitality,516
8729a1c76ffffff,Information,122
8729a1c76ffffff,Manufacturing,119
8729a1c76ffffff,Professional Service,441
8729a1c76ffffff,Public Administration,209
8729a1c76ffffff,Real Estate,67
8729a1c76ffffff,Retail,490
8729a1c76ffffff,Transportation,306
8729a1c76ffffff,Wholesale,209
8729a1d00ffffff,Agriculture,8
8729a1d00ffffff,Art/Culture,114
8729a1d00ffffff,Business Support,219
8729a1d00ffffff,Construction,101
8729a1d00ffffff,Corporate,5
8729a1d00ffffff,Education,507
8729a1d00ffffff,Energy,39
8729a1d00ffffff,Financial,73
8729a1d00ffffff,Health,842
8729a1d00ffffff,Hospitality,319
8729a1d00ffffff,Information,89
8729a1d00ffffff,Manufacturing,107
8729a1d00ffffff,Professional Service,208
8729a1d00ffffff,Public Administration,167
8729a1d00ffffff,Real Estate,78
8729a1d00ffffff,Retail,365
8729a1d00ffffff,Transportation,351
8729a1d00ffffff,Wholesale,168
8729a1d01ffffff,Agriculture,7
8729a1d01ffffff,Art/Culture,146
8729a1d01ffffff,Business Support,560
8729a1d01ffffff,Construction,145
8729a1d01ffffff,Corporate,6
8729a1d01ffffff,Education,372
8729a1d01ffffff,Energy,31
8729a1d01ffffff,Financial,237
8729a1d01ffffff,Health,569
8729a1d01ffffff,Hospitality,435
8729a1d01ffffff,Information,188
8729a1d01ffffff,Manufacturing,135
8729a1d01ffffff,Professional Service,576
8729a1d01ffffff,Public Administration,171
8729a1d01ffffff,Real Estate,90
8729a1d01ffffff,Retail,451
8729a1d01ffffff,Transportation,295
8729a1d01ffffff,Wholesale,197
8729a1d02ffffff,Agriculture,7
8729a1d02ffffff,Art/Culture,163
8729a1d02ffffff,Business Support,79
8729a1d02ffffff,Construction,22
8729a1d02ffffff,Education,173
8729a1d02ffffff,Energy,85
8729a1d02ffffff,Financial,91
8729a1d02ffffff,Health,291
8729a1d02ffffff,Hospitality,503
8729a1d02ffffff,Information,44
8729a1d02ffffff,Manufacturing,134
8729a1d02ffffff,Professional Service,168
8729a1d02ffffff,Public Administration,74
8729a1d02ffffff,Real Estate,49
8729a1d02ffffff,Retail,776
8729a1d02ffffff,Transportation,346
8729a1d02ffffff,Wholesale,363
8729a1d03ffffff,Agriculture,14
8729a1d03ffffff,Art/Culture,70
8729a1d03ffffff,Business Support,321
8729a1d03ffffff,Construction,256
8729a1d03ffffff,Corporate,7
8729a1d03ffffff,Education,284
8729a1d03ffffff,Energy,21
8729a1d03ffffff,Financial,492
8729a1d03ffffff,Health,766
8729a1d03ffffff,Hospitality,295
8729a1d03ffffff,Information,151
8729a1d03ffffff,Manufacturing,42
8729a1d03ffffff,Professional Service,482
8729a1d03ffffff,Public Administration,120
8729a1d03ffffff,Real Estate,290
8729a1d03ffffff,Retail,384
8729a1d03ffffff,Transportation,126
8729a1d03ffffff,Wholesale,66
8729a1d04ffffff,Agriculture,13
8729a1d04ffffff,Art/Culture,131
8729a1d04ffffff,Business Support,136
8729a1d04ffffff,Construction,161
8729a1d04ffffff,Corporate,3
8729a1d04ffffff,Education,586
8729a1d04ffffff,Energy,38
8729a1d04ffffff,Financial,80
8729a1d04ffffff,Health,869
8729a1d04ffffff,Hospitality,348
8729a1d04ffffff,Information,17
8729a1d04ffffff,Manufacturing,711
8729a1d04ffffff,Professional Service,154
8729a1d04ffffff,Public Administration,226
8729a1d04ffffff,Real Estate,33
8729a1d04ffffff,Retail,450
8729a1d04ffffff,Transportation,372
8729a1d04ffffff,Wholesale,163
8729a1d05ffffff,Agriculture,24
8729a1d05ffffff,Art/Culture,208
8729a1d05ffffff,Business Support,317
8729a1d05ffffff,Construction,545
8729a1d05ffffff,Corporate,13
8729a1d05ffffff,Education,781
8729a1d05ffffff,Energy,82
8729a1d05ffffff,Financial,159
8729a1d05ffffff,Health,1009
8729a1d05ffffff,Hospitality,906
8729a1d05ffffff,Information,56
8729a1d05ffffff,Manufacturing,982
8729a1d05ffffff,Professional Service,299
8729a1d05ffffff,Public Administration,440
8729a1d05ffffff,Real Estate,63
8729a1d05ffffff,Retail,969
8729a1d05ffffff,Transportation,1020
8729a1d05ffffff,Wholesale,375
8729a1d06ffffff,Agriculture,14
8729a1d06ffffff,Art/Culture,25
8729a1d06ffffff,Business Support,71
8729a1d06ffffff,Construction,271
8729a1d06ffffff,Education,160
8729a1d06ffffff,Energy,15
8729a1d06ffffff,Financial,41
8729a1d06ffffff,Health,253
8729a1d06ffffff,Hospitality,137
8729a1d06ffffff,Information,24
8729a1d06ffffff,Manufacturing,402
8729a1d06ffffff,Professional Service,83
8729a1d06ffffff,Public Administration,122
8729a1d06ffffff,Real Estate,18
8729a1d06ffffff,Retail,187
8729a1d06ffffff,Transportation,86
8729a1d06ffffff,Wholesale,94
8729a1d08ffffff,Agriculture,74
8729a1d08ffffff,Art/Culture,86
8729a1d08ffffff,Business Support,160
8729a1d08ffffff,Construction,1520
8729a1d08ffffff,Corporate,5
8729a1d08ffffff,Education,445
8729a1d08ffffff,Energy,37
8729a1d08ffffff,Financial,127
8729a1d08ffffff,Health,1031
8729a1d08ffffff,Hospitality,293
8729a1d08ffffff,Information,106
8729a1d08ffffff,Manufacturing,465
8729a1d08ffffff,Professional Service,371
8729a1d08ffffff,Public Administration,322
8729a1d08ffffff,Real Estate,54
8729a1d08ffffff,Retail,494
8729a1d08ffffff,Transportation,252
8729a1d08ffffff,Wholesale,117
8729a1d09ffffff,Agriculture,31
8729a1d09ffffff,Art/Culture,114
8729a1d09ffffff,Business Support,236
8729a1d09ffffff,Construction,395
8729a1d09ffffff,Corporate,10
8729a1d09ffffff,Education,572
8729a1d09ffffff,Energy,29
8729a1d09ffffff,Financial,126
8729a1d09ffffff,Health,797
8729a1d09ffffff,Hospitality,244
8729a1d09ffffff,Information,125
8729a1d09ffffff,Manufacturing,1028
8729a1d09ffffff,Professional Service,230
8729a1d09ffffff,Public Administration,98
8729a1d09ffffff,Real Estate,77
8729a1d09ffffff,Retail,308
8729a1d09ffffff,Transportation,152
8729a1d09ffffff,Wholesale,97
8729a1d0affffff,Agriculture,17
8729a1d0affffff,Art/Culture,363
8729a1d0affffff,Business Support,439
8729a1d0affffff,Construction,270
8729a1d0affffff,Corporate,8
8729a1d0affffff,Education,873
8729a1d0affffff,Energy,65
8729a1d0affffff,Financial,333
8729a1d0affffff,Health,1747
8729a1d0affffff,Hospitality,1185
8729a1d0affffff,Information,206
8729a1d0affffff,Manufacturing,154
8729a1d0affffff,Professional Service,576
8729a1d0affffff,Public Administration,516
8729a1d0affffff,Real Estate,205
8729a1d0affffff,Retail,744
8729a1d0affffff,Transportation,466
8729a1d0affffff,Wholesale,270
8729a1d0bffffff,Agriculture,110
8729a1d0bffffff,Art/Culture,196
8729a1d0bffffff,Business Support,434
8729a1d0bffffff,Construction,1136
8729a1d0bffffff,Corporate,5
8729a1d0bffffff,Education,938
8729a1d0bffffff,Energy,126
8729a1d0bffffff,Financial,271
8729a1d0bffffff,Health,1384
8729a1d0bffffff,Hospitality,436
8729a1d0bffffff,Information,272
8729a1d0bffffff,Manufacturing,1011
8729a1d0bffffff,Professional Service,579
8729a1d0bffffff,Public Administration,311
8729a1d0bffffff,Real Estate,191
8729a1d0bffffff,Retail,1313
8729a1d0bffffff,Transportation,942
8729a1d0bffffff,Wholesale,629
8729a1d0cffffff,Agriculture,151
8729a1d0cffffff,Art/Culture,811
8729a1d0cffffff,Business Support,1145
8729a1d0cffffff,Construction,1212
8729a1d0cffffff,Corporate,15
8729a1d0cffffff,Education,3619
8729a1d0cffffff,Energy,241
8729a1d0cffffff,Financial,1084
8729a1d0cffffff,Health,4313
8729a1d0cffffff,Hospitality,3491
8729a1d0cffffff,Information,963
8729a1d0cffffff,Manufacturing,1774
8729a1d0cffffff,Professional Service,1788
8729a1d0cffffff,Public Administration,1794
8729a1d0cffffff,Real Estate,347
8729a1d0cffffff,Retail,4593
8729a1d0cffffff,Transportation,1828
8729a1d0cffffff,Wholesale,1190
8729a1d0dffffff,Agriculture,116
8729a1d0dffffff,Art/Culture,799
8729a1d0dffffff,Business Support,1117
8729a1d0dffffff,Construction,1284
8729a1d0dffffff,Corporate,15
8729a1d0dffffff,Education,3228
8729a1d0dffffff,Energy,144
8729a1d0dffffff,Financial,1271
8729a1d0dffffff,Health,4749
8729a1d0dffffff,Hospitality,2895
8729a1d0dffffff,Information,957
8729a1d0dffffff,Manufacturing,1699
8729a1d0dffffff,Professional Service,1938
8729a1d0dffffff,Public Administration,1590
8729a1d0dffffff,Real Estate,459
8729a1d0dffffff,Retail,3520
8729a1d0dffffff,Transportation,1238
8729a1d0dffffff,Wholesale,736
8729a1d0effffff,Agriculture,25
8729a1d0effffff,Art/Culture,405
8729a1d0effffff,Business Support,281
8729a1d0effffff,Construction,230
8729a1d0effffff,Corporate,2
8729a1d0effffff,Education,953
8729a1d0effffff,Energy,64
8729a1d0effffff,Financial,276
8729a1d0effffff,Health,1988
8729a1d0effffff,Hospitality,1087
8729a1d0effffff,Information,124
8729a1d0effffff,Manufacturing,236
8729a1d0effffff,Professional Service,478
8729a1d0effffff,Public Administration,436
8729a1d0effffff,Real Estate,96
8729a1d0effffff,Retail,872
8729a1d0effffff,Transportation,548
8729a1d0effffff,Wholesale,378
8729a1d10ffffff,Agriculture,15
8729a1d10ffffff,Art/Culture,68
8729a1d10ffffff,Business Support,308
8729a1d10ffffff,Construction,462
8729a1d10ffffff,Corporate,3
8729a1d10ffffff,Education,141
8729a1d10ffffff,Energy,67
8729a1d10ffffff,Financial,140
8729a1d10ffffff,Health,187
8729a1d10ffffff,Hospitality,159
8729a1d10ffffff,Information,142
8729a1d10ffffff,Manufacturing,641
8729a1d10ffffff,Professional Service,244
8729a1d10ffffff,Public Administration,103
8729a1d10ffffff,Real Estate,124
8729a1d10ffffff,Retail,668
8729a1d10ffffff,Transportation,352
8729a1d10ffffff,Wholesale,200
8729a1d11ffffff,Agriculture,70
8729a1d11ffffff,Art/Culture,71
8729a1d11ffffff,Business Support,254
8729a1d11ffffff,Construction,1066
8729a1d11ffffff,Corporate,6
8729a1d11ffffff,Education,431
8729a1d11ffffff,Energy,74
8729a1d11ffffff,Financial,97
8729a1d11ffffff,Health,860
8729a1d11ffffff,Hospitality,356
8729a1d11ffffff,Information,60
8729a1d11ffffff,Manufacturing,3920
8729a1d11ffffff,Professional Service,200
8729a1d11ffffff,Public Administration,318
8729a1d11ffffff,Real Estate,91
8729a1d11ffffff,Retail,935
8729a1d11ffffff,Transportation,714
8729a1d11ffffff,Wholesale,480
8729a1d12ffffff,Agriculture,35
8729a1d12ffffff,Art/Culture,65
8729a1d12ffffff,Business Support,171
8729a1d12ffffff,Construction,177
8729a1d12ffffff,Corporate,2
8729a1d12ffffff,Education,859
8729a1d12ffffff,Energy,84
8729a1d12ffffff,Financial,120
8729a1d12ffffff,Health,238
8729a1d12ffffff,Hospitality,544
8729a1d12ffffff,Information,65
8729a1d12ffffff,Manufacturing,1582
8729a1d12ffffff,Professional Service,128
8729a1d12ffffff,Public Administration,129
8729a1d12ffffff,Real Estate,63
8729a1d12ffffff,Retail,773
8729a1d12ffffff,Transportation,703
8729a1d12ffffff,Wholesale,359
8729a1d13ffffff,Agriculture,54
8729a1d13ffffff,Art/Culture,103
8729a1d13ffffff,Business Support,174
8729a1d13ffffff,Construction,316
8729a1d13ffffff,Corporate,2
8729a1d13ffffff,Education,563
8729a1d13ffffff,Energy,118
8729a1d13ffffff,Financial,203
8729a1d13ffffff,Health,1250
8729a1d13ffffff,Hospitality,496
8729a1d13ffffff,Information,40
8729a1d13ffffff,Manufacturing,440
8729a1d13ffffff,Professional Service,233
8729a1d13ffffff,Public Administration,307
8729a1d13ffffff,Real Estate,133
8729a1d13ffffff,Retail,1115
8729a1d13ffffff,Transportation,704
8729a1d13ffffff,Wholesale,445
8729a1d16ffffff,Agriculture,4
8729a1d16ffffff,Art/Culture,3
8729a1d16ffffff,Business Support,84
8729a1d16ffffff,Construction,119
8729a1d16ffffff,Corporate,5
8729a1d16ffffff,Education,313
8729a1d16ffffff,Energy,16
8729a1d16ffffff,Financial,112
8729a1d16ffffff,Health,276
8729a1d16ffffff,Hospitality,90
8729a1d16ffffff,Information,15
8729a1d16ffffff,Manufacturing,439
8729a1d16ffffff,Professional Service,204
8729a1d16ffffff,Public Administration,266
8729a1d16ffffff,Real Estate,58
8729a1d16ffffff,Retail,517
8729a1d16ffffff,Transportation,699
8729a1d16ffffff,Wholesale,1
8729a1d18ffffff,Agriculture,13
8729a1d18ffffff,Art/Culture,163
8729a1d18ffffff,Business Support,259
8729a1d18ffffff,Construction,288
8729a1d18ffffff,Corporate,3
8729a1d18ffffff,Education,629
8729a1d18ffffff,Energy,66
8729a1d18ffffff,Financial,308
8729a1d18ffffff,Health,1222
8729a1d18ffffff,Hospitality,736
8729a1d18ffffff,Information,126
8729a1d18ffffff,Manufacturing,542
8729a1d18ffffff,Professional Service,346
8729a1d18ffffff,Public Administration,181
8729a1d18ffffff,Real Estate,101
8729a1d18ffffff,Retail,571
8729a1d18ffffff,Transportation,459
8729a1d18ffffff,Wholesale,288
8729a1d19ffffff,Agriculture,22
8729a1d19ffffff,Art/Culture,189
8729a1d19ffffff,Business Support,262
8729a1d19ffffff,Construction,404
8729a1d19ffffff,Corporate,5
8729a1d19ffffff,Education,1139
8729a1d19ffffff,Energy,75
8729a1d19ffffff,Financial,260
8729a1d19ffffff,Health,1924
8729a1d19ffffff,Hospitality,665
8729a1d19ffffff,Information,153
8729a1d19ffffff,Manufacturing,559
8729a1d19ffffff,Professional Service,347
8729a1d19ffffff,Public Administration,369
8729a1d19ffffff,Real Estate,133
8729a1d19ffffff,Retail,603
8729a1d19ffffff,Transportation,398
8729a1d19ffffff,Wholesale,295
8729a1d1affffff,Agriculture,10
8729a1d1affffff,Art/Culture,107
8729a1d1affffff,Business Support,283
8729a1d1affffff,Construction,388
8729a1d1affffff,Corporate,12
8729a1d1affffff,Education,398
8729a1d1affffff,Energy,93
8729a1d1affffff,Financial,252
8729a1d1affffff,Health,735
8729a1d1affffff,Hospitality,209
8729a1d1affffff,Information,74
8729a1d1affffff,Manufacturing,405
8729a1d1affffff,Professional Service,343
8729a1d1affffff,Public Administration,166
8729a1d1affffff,Real Estate,134
8729a1d1affffff,Retail,507
8729a1d1affffff,Transportation,260
8729a1d1affffff,Wholesale,270
8729a1d1bffffff,Agriculture,20
8729a1d1bffffff,Art/Culture,154
8729a1d1bffffff,Business Support,168
8729a1d1bffffff,Construction,410
8729a1d1bffffff,Corporate,16
8729a1d1bffffff,Education,391
8729a1d1bffffff,Energy,62
8729a1d1bffffff,Financial,287
8729a1d1bffffff,Health,578
8729a1d1bffffff,Hospitality,421
8729a1d1bffffff,Information,104
8729a1d1bffffff,Manufacturing,161
8729a1d1bffffff,Professional Service,335
8729a1d1bffffff,Public Administration,236
8729a1d1bffffff,Real Estate,127
8729a1d1bffffff,Retail,474
8729a1d1bffffff,Transportation,285
8729a1d1bffffff,Wholesale,219
8729a1d1cffffff,Agriculture,108
8729a1d1cffffff,Art/Culture,124
8729a1d1cffffff,Business Support,572
8729a1d1cffffff,Construction,982
8729a1d1cffffff,Corporate,8
8729a1d1cffffff,Education,522
8729a1d1cffffff,Energy,142
8729a1d1cffffff,Financial,596
8729a1d1cffffff,Health,535
8729a1d1cffffff,Hospitality,436
8729a1d1cffffff,Information,130
8729a1d1cffffff,Manufacturing,1381
8729a1d1cffffff,Professional Service,776
8729a1d1cffffff,Public Administration,327
8729a1d1cffffff,Real Estate,229
8729a1d1cffffff,Retail,1466
8729a1d1cffffff,Transportation,1304
8729a1d1cffffff,Wholesale,679
8729a1d1dffffff,Agriculture,30
8729a1d1dffffff,Art/Culture,314
8729a1d1dffffff,Business Support,251
8729a1d1dffffff,Construction,358
8729a1d1dffffff,Corporate,3
8729a1d1dffffff,Education,633
8729a1d1dffffff,Energy,98
8729a1d1dffffff,Financial,220
8729a1d1dffffff,Health,1196
8729a1d1dffffff,Hospitality,1040
8729a1d1dffffff,Information,94
8729a1d1dffffff,Manufacturing,167
8729a1d1dffffff,Professional Service,300
8729a1d1dffffff,Public Administration,244
8729a1d1dffffff,Real Estate,84
8729a1d1dffffff,Retail,788
8729a1d1dffffff,Transportation,432
8729a1d1dffffff,Wholesale,348
8729a1d1effffff,Agriculture,44
8729a1d1effffff,Art/Culture,115
8729a1d1effffff,Business Support,902
8729a1d1effffff,Construction,348
8729a1d1effffff,Corporate,14
8729a1d1effffff,Education,765
8729a1d1effffff,Energy,80
8729a1d1effffff,Financial,470
8729a1d1effffff,Health,1768
8729a1d1effffff,Hospitality,458
8729a1d1effffff,Information,488
8729a1d1effffff,Manufacturing,1550
8729a1d1effffff,Professional Service,1102
8729a1d1effffff,Public Administration,574
8729a1d1effffff,Real Estate,371
8729a1d1effffff,Retail,959
8729a1d1effffff,Transportation,713
8729a1d1effffff,Wholesale,371
8729a1d20ffffff,Agriculture,20
8729a1d20ffffff,Art/Culture,94
8729a1d20ffffff,Business Support,203
8729a1d20ffffff,Construction,453
8729a1d20ffffff,Corporate,8
8729a1d20ffffff,Education,301
8729a1d20ffffff,Energy,82
8729a1d20ffffff,Financial,433
8729a1d20ffffff,Health,788
8729a1d20ffffff,Hospitality,319
8729a1d20ffffff,Information,46
8729a1d20ffffff,Manufacturing,855
8729a1d20ffffff,Professional Service,235
8729a1d20ffffff,Public Administration,145
8729a1d20ffffff,Real Estate,66
8729a1d20ffffff,Retail,982
8729a1d20ffffff,Transportation,665
8729a1d20ffffff,Wholesale,419
8729a1d22ffffff,Agriculture,13
8729a1d22ffffff,Art/Culture,192
8729a1d22ffffff,Business Support,344
8729a1d22ffffff,Construction,242
8729a1d22ffffff,Corporate,3
8729a1d22ffffff,Education,562
8729a1d22ffffff,Energy,81
8729a1d22ffffff,Financial,213
8729a1d22ffffff,Health,322
8729a1d22ffffff,Hospitality,663
8729a1d22ffffff,Information,79
8729a1d22ffffff,Manufacturing,687
8729a1d22ffffff,Professional Service,129
8729a1d22ffffff,Public Administration,370
8729a1d22ffffff,Real Estate,81
8729a1d22ffffff,Retail,1032
8729a1d22ffffff,Transportation,534
8729a1d22ffffff,Wholesale,320
8729a1d23ffffff,Agriculture,40
8729a1d23ffffff,Art/Culture,170
8729a1d23ffffff,Business Support,249
8729a1d23ffffff,Construction,445
8729a1d23ffffff,Corporate,11
8729a1d23ffffff,Education,125
8729a1d23ffffff,Energy,169
8729a1d23ffffff,Financial,98
8729a1d23ffffff,Health,257
8729a1d23ffffff,Hospitality,511
8729a1d23ffffff,Information,32
8729a1d23ffffff,Manufacturing,3116
8729a1d23ffffff,Professional Service,191
8729a1d23ffffff,Public Administration,295
8729a1d23ffffff,Real Estate,49
8729a1d23ffffff,Retail,1597
8729a1d23ffffff,Transportation,839
8729a1d23ffffff,Wholesale,717
8729a1d24ffffff,Agriculture,27
8729a1d24ffffff,Art/Culture,378
8729a1d24ffffff,Business Support,675
8729a1d24ffffff,Construction,671
8729a1d24ffffff,Corporate,16
8729a1d24ffffff,Education,1199
8729a1d24ffffff,Energy,145
8729a1d24ffffff,Financial,431
8729a1d24ffffff,Health,2298
8729a1d24ffffff,Hospitality,1190
8729a1d24ffffff,Information,251
8729a1d24ffffff,Manufacturing,705
8729a1d24ffffff,Professional Service,622
8729a1d24ffffff,Public Administration,465
8729a1d24ffffff,Real Estate,278
8729a1d24ffffff,Retail,1294
8729a1d24ffffff,Transportation,808
8729a1d24ffffff,Wholesale,749
8729a1d25ffffff,Agriculture,55
8729a1d25ffffff,Art/Culture,208
8729a1d25ffffff,Business Support,357
8729a1d25ffffff,Construction,681
8729a1d25ffffff,Education,291
8729a1d25ffffff,Energy,34
8729a1d25ffffff,Financial,146
8729a1d25ffffff,Health,462
8729a1d25ffffff,Hospitality,587
8729a1d25ffffff,Information,67
8729a1d25ffffff,Manufacturing,612
8729a1d25ffffff,Professional Service,231
8729a1d25ffffff,Public Administration,218
8729a1d25ffffff,Real Estate,100
8729a1d25ffffff,Retail,673
8729a1d25ffffff,Transportation,465
8729a1d25ffffff,Wholesale,295
8729a1d26ffffff,Agriculture,29
8729a1d26ffffff,Art/Culture,79
8729a1d26ffffff,Business Support,121
8729a1d26ffffff,Construction,374
8729a1d26ffffff,Corporate,1
8729a1d26ffffff,Education,281
8729a1d26ffffff,Energy,29
8729a1d26ffffff,Financial,111
8729a1d26ffffff,Health,422
8729a1d26ffffff,Hospitality,237
8729a1d26ffffff,Information,26
8729a1d26ffffff,Manufacturing,169
8729a1d26ffffff,Professional Service,138
8729a1d26ffffff,Public Administration,259
8729a1d26ffffff,Real Estate,58
8729a1d26ffffff,Retail,335
8729a1d26ffffff,Transportation,168
8729a1d26ffffff,Wholesale,111
8729a1d28ffffff,Agriculture,8
8729a1d28ffffff,Art/Culture,321
8729a1d28ffffff,Business Support,524
8729a1d28ffffff,Construction,384
8729a1d28ffffff,Corporate,3
8729a1d28ffffff,Education,278
8729a1d28ffffff,Energy,98
8729a1d28ffffff,Financial,271
8729a1d28ffffff,Health,562
8729a1d28ffffff,Hospitality,464
8729a1d28ffffff,Information,149
8729a1d28ffffff,Manufacturing,1453
8729a1d28ffffff,Professional Service,350
8729a1d28ffffff,Public Administration,315
8729a1d28ffffff,Real Estate,143
8729a1d28ffffff,Retail,1402
8729a1d28ffffff,Transportation,1227
8729a1d28ffffff,Wholesale,940
8729a1d29ffffff,Agriculture,22
8729a1d29ffffff,Art/Culture,112
8729a1d29ffffff,Business Support,160
8729a1d29ffffff,Construction,441
8729a1d29ffffff,Corporate,2
8729a1d29ffffff,Education,921
8729a1d29ffffff,Energy,50
8729a1d29ffffff,Financial,77
8729a1d29ffffff,Health,1676
8729a1d29ffffff,Hospitality,406
8729a1d29ffffff,Information,59
8729a1d29ffffff,Manufacturing,1591
8729a1d29ffffff,Professional Service,118
8729a1d29ffffff,Public Administration,252
8729a1d29ffffff,Real Estate,43
8729a1d29ffffff,Retail,1093
8729a1d29ffffff,Transportation,1215
8729a1d29ffffff,Wholesale,376
8729a1d2affffff,Agriculture,4
8729a1d2affffff,Art/Culture,113
8729a1d2affffff,Business Support,599
8729a1d2affffff,Construction,912
8729a1d2affffff,Corporate,2
8729a1d2affffff,Education,946
8729a1d2affffff,Energy,42
8729a1d2affffff,Financial,150
8729a1d2affffff,Health,2707
8729a1d2affffff,Hospitality,1031
8729a1d2affffff,Information,370
8729a1d2affffff,Manufacturing,900
8729a1d2affffff,Professional Service,561
8729a1d2affffff,Public Administration,393
8729a1d2affffff,Real Estate,340
8729a1d2affffff,Retail,1361
8729a1d2affffff,Transportation,332
8729a1d2affffff,Wholesale,131
8729a1d2bffffff,Agriculture,9
8729a1d2bffffff,Art/Culture,76
8729a1d2bffffff,Business Support,238
8729a1d2bffffff,Construction,297
8729a1d2bffffff,Corporate,5
8729a1d2bffffff,Education,596
8729a1d2bffffff,Energy,10
8729a1d2bffffff,Financial,48
8729a1d2bffffff,Health,1023
8729a1d2bffffff,Hospitality,486
8729a1d2bffffff,Information,13
8729a1d2bffffff,Manufacturing,434
8729a1d2bffffff,Professional Service,169
8729a1d2bffffff,Public Administration,306
8729a1d2bffffff,Real Estate,9
8729a1d2bffffff,Retail,352
8729a1d2bffffff,Transportation,161
8729a1d2bffffff,Wholesale,72
8729a1d2cffffff,Agriculture,102
8729a1d2cffffff,Art/Culture,167
8729a1d2cffffff,Business Support,112
8729a1d2cffffff,Construction,1503
8729a1d2cffffff,Corporate,10
8729a1d2cffffff,Education,140
8729a1d2cffffff,Energy,114
8729a1d2cffffff,Financial,360
8729a1d2cffffff,Health,270
8729a1d2cffffff,Hospitality,363
8729a1d2cffffff,Information,364
8729a1d2cffffff,Manufacturing,2526
8729a1d2cffffff,Professional Service,98
8729a1d2cffffff,Public Administration,667
8729a1d2cffffff,Real Estate,432
8729a1d2cffffff,Retail,1610
8729a1d2cffffff,Transportation,2100
8729a1d2cffffff,Wholesale,598
8729a1d2effffff,Agriculture,36
8729a1d2effffff,Art/Culture,568
8729a1d2effffff,Business Support,713
8729a1d2effffff,Construction,799
8729a1d2effffff,Corporate,4
8729a1d2effffff,Education,481
8729a1d2effffff,Energy,217
8729a1d2effffff,Financial,538
8729a1d2effffff,Health,867
8729a1d2effffff,Hospitality,1751
8729a1d2effffff,Information,80
8729a1d2effffff,Manufacturing,3939
8729a1d2effffff,Professional Service,512
8729a1d2effffff,Public Administration,568
8729a1d2effffff,Real Estate,85
8729a1d2effffff,Retail,3411
8729a1d2effffff,Transportation,2621
8729a1d2effffff,Wholesale,1722
8729a1d30ffffff,Agriculture,66
8729a1d30ffffff,Art/Culture,174
8729a1d30ffffff,Business Support,245
8729a1d30ffffff,Construction,414
8729a1d30ffffff,Corporate,3
8729a1d30ffffff,Education,1188
8729a1d30ffffff,Energy,54
8729a1d30ffffff,Financial,155
8729a1d30ffffff,Health,1954
8729a1d30ffffff,Hospitality,518
8729a1d30ffffff,Information,95
8729a1d30ffffff,Manufacturing,401
8729a1d30ffffff,Professional Service,175
8729a1d30ffffff,Public Administration,317
8729a1d30ffffff,Real Estate,99
8729a1d30ffffff,Retail,511
8729a1d30ffffff,Transportation,449
8729a1d30ffffff,Wholesale,237
8729a1d31ffffff,Agriculture,30
8729a1d31ffffff,Art/Culture,158
8729a1d31ffffff,Business Support,91
8729a1d31ffffff,Construction,280
8729a1d31ffffff,Corporate,1
8729a1d31ffffff,Education,370
8729a1d31ffffff,Energy,35
8729a1d31ffffff,Financial,129
8729a1d31ffffff,Health,619
8729a1d31ffffff,Hospitality,286
8729a1d31ffffff,Information,32
8729a1d31ffffff,Manufacturing,416
8729a1d31ffffff,Professional Service,67
8729a1d31ffffff,Public Administration,230
8729a1d31ffffff,Real Estate,34
8729a1d31ffffff,Retail,283
8729a1d31ffffff,Transportation,226
8729a1d31ffffff,Wholesale,202
8729a1d32ffffff,Agriculture,2
8729a1d32ffffff,Art/Culture,14
8729a1d32ffffff,Business Support,30
8729a1d32ffffff,Construction,15
8729a1d32ffffff,Education,26
8729a1d32ffffff,Energy,2
8729a1d32ffffff,Financial,14
8729a1d32ffffff,Health,223
8729a1d32ffffff,Hospitality,55
8729a1d32ffffff,Information,3
8729a1d32ffffff,Manufacturing,42
8729a1d32ffffff,Professional Service,56
8729a1d32ffffff,Public Administration,11
8729a1d32ffffff,Real Estate,4
8729a1d32ffffff,Retail,46
8729a1d32ffffff,Transportation,32
8729a1d32ffffff,Wholesale,27
8729a1d33ffffff,Agriculture,8
8729a1d33ffffff,Art/Culture,46
8729a1d33ffffff,Business Support,41
8729a1d33ffffff,Construction,37
8729a1d33ffffff,Corporate,1
8729a1d33ffffff,Education,74
8729a1d33ffffff,Energy,15
8729a1d33ffffff,Financial,19
8729a1d33ffffff,Health,713
8729a1d33ffffff,Hospitality,60
8729a1d33ffffff,Information,19
8729a1d33ffffff,Manufacturing,82
8729a1d33ffffff,Professional Service,41
8729a1d33ffffff,Public Administration,94
8729a1d33ffffff,Real Estate,30
8729a1d33ffffff,Retail,96
8729a1d33ffffff,Transportation,119
8729a1d33ffffff,Wholesale,136
8729a1d34ffffff,Agriculture,67
8729a1d34ffffff,Art/Culture,56
8729a1d34ffffff,Business Support,355
8729a1d34ffffff,Construction,437
8729a1d34ffffff,Corporate,3
8729a1d34ffffff,Education,1326
8729a1d34ffffff,Energy,108
8729a1d34ffffff,Financial,107
8729a1d34ffffff,Health,1483
8729a1d34ffffff,Hospitality,287
8729a1d34ffffff,Information,189
8729a1d34ffffff,Manufacturing,2301
8729a1d34ffffff,Professional Service,148
8729a1d34ffffff,Public Administration,340
8729a1d34ffffff,Real Estate,74
8729a1d34ffffff,Retail,924
8729a1d34ffffff,Transportation,1205
8729a1d34ffffff,Wholesale,526
8729a1d35ffffff,Agriculture,31
8729a1d35ffffff,Art/Culture,82
8729a1d35ffffff,Business Support,290
8729a1d35ffffff,Construction,202
8729a1d35ffffff,Corporate,7
8729a1d35ffffff,Education,609
8729a1d35ffffff,Energy,81
8729a1d35ffffff,Financial,315
8729a1d35ffffff,Health,865
8729a1d35ffffff,Hospitality,368
8729a1d35ffffff,Information,108
8729a1d35ffffff,Manufacturing,1671
8729a1d35ffffff,Professional Service,249
8729a1d35ffffff,Public Administration,225
8729a1d35ffffff,Real Estate,190
8729a1d35ffffff,Retail,1332
8729a1d35ffffff,Transportation,843
8729a1d35ffffff,Wholesale,485
8729a1d36ffffff,Agriculture,16
8729a1d36ffffff,Art/Culture,145
8729a1d36ffffff,Business Support,273
8729a1d36ffffff,Construction,174
8729a1d36ffffff,Corporate,6
8729a1d36ffffff,Education,1209
8729a1d36ffffff,Energy,49
8729a1d36ffffff,Financial,274
8729a1d36ffffff,Health,1792
8729a1d36ffffff,Hospitality,459
8729a1d36ffffff,Information,113
8729a1d36ffffff,Manufacturing,202
8729a1d36ffffff,Professional Service,367
8729a1d36ffffff,Public Administration,417
8729a1d36ffffff,Real Estate,159
8729a1d36ffffff,Retail,716
8729a1d36ffffff,Transportation,316
8729a1d36ffffff,Wholesale,251
8729a1d40ffffff,Agriculture,24
8729a1d40ffffff,Art/Culture,695
8729a1d40ffffff,Business Support,304
8729a1d40ffffff,Construction,439
8729a1d40ffffff,Corporate,16
8729a1d40ffffff,Education,648
8729a1d40ffffff,Energy,46
8729a1d40ffffff,Financial,338
8729a1d40ffffff,Health,705
8729a1d40ffffff,Hospitality,612
8729a1d40ffffff,Information,1050
8729a1d40ffffff,Manufacturing,277
8729a1d40ffffff,Professional Service,1333
8729a1d40ffffff,Public Administration,266
8729a1d40ffffff,Real Estate,253
8729a1d40ffffff,Retail,597
8729a1d40ffffff,Transportation,290
8729a1d40ffffff,Wholesale,160
8729a1d41ffffff,Agriculture,34
8729a1d41ffffff,Art/Culture,685
8729a1d41ffffff,Business Support,290
8729a1d41ffffff,Construction,264
8729a1d41ffffff,Corporate,10
8729a1d41ffffff,Education,1150
8729a1d41ffffff,Energy,48
8729a1d41ffffff,Financial,242
8729a1d41ffffff,Health,577
8729a1d41ffffff,Hospitality,823
8729a1d41ffffff,Information,901
8729a1d41ffffff,Manufacturing,315
8729a1d41ffffff,Professional Service,669
8729a1d41ffffff,Public Administration,242
8729a1d41ffffff,Real Estate,199
8729a1d41ffffff,Retail,441
8729a1d41ffffff,Transportation,208
8729a1d41ffffff,Wholesale,173
8729a1d42ffffff,Agriculture,153
8729a1d42ffffff,Art/Culture,239
8729a1d42ffffff,Business Support,421
8729a1d42ffffff,Construction,1411
8729a1d42ffffff,Corporate,13
8729a1d42ffffff,Education,499
8729a1d42ffffff,Energy,60
8729a1d42ffffff,Financial,291
8729a1d42ffffff,Health,799
8729a1d42ffffff,Hospitality,521
8729a1d42ffffff,Information,625
8729a1d42ffffff,Manufacturing,1036
8729a1d42ffffff,Professional Service,676
8729a1d42ffffff,Public Administration,260
8729a1d42ffffff,Real Estate,208
8729a1d42ffffff,Retail,1147
8729a1d42ffffff,Transportation,365
8729a1d42ffffff,Wholesale,276
8729a1d43ffffff,Agriculture,24
8729a1d43ffffff,Art/Culture,438
8729a1d43ffffff,Business Support,245
8729a1d43ffffff,Construction,527
8729a1d43ffffff,Corporate,3
8729a1d43ffffff,Education,639
8729a1d43ffffff,Energy,88
8729a1d43ffffff,Financial,254
8729a1d43ffffff,Health,1264
8729a1d43ffffff,Hospitality,586
8729a1d43ffffff,Information,568
8729a1d43ffffff,Manufacturing,861
8729a1d43ffffff,Professional Service,533
8729a1d43ffffff,Public Administration,235
8729a1d43ffffff,Real Estate,138
8729a1d43ffffff,Retail,1185
8729a1d43ffffff,Transportation,493
8729a1d43ffffff,Wholesale,281
8729a1d44ffffff,Agriculture,17
8729a1d44ffffff,Art/Culture,941
8729a1d44ffffff,Business Support,492
8729a1d44ffffff,Construction,494
8729a1d44ffffff,Corporate,14
8729a1d44ffffff,Education,1202
8729a1d44ffffff,Energy,40
8729a1d44ffffff,Financial,361
8729a1d44ffffff,Health,1835
8729a1d44ffffff,Hospitality,1368
8729a1d44ffffff,Information,854
8729a1d44ffffff,Manufacturing,436
8729a1d44ffffff,Professional Service,1375
8729a1d44ffffff,Public Administration,326
8729a1d44ffffff,Real Estate,225
8729a1d44ffffff,Retail,1050
8729a1d44ffffff,Transportation,391
8729a1d44ffffff,Wholesale,189
8729a1d45ffffff,Agriculture,101
8729a1d45ffffff,Art/Culture,1721
8729a1d45ffffff,Business Support,768
8729a1d45ffffff,Construction,1254
8729a1d45ffffff,Corporate,13
8729a1d45ffffff,Education,5611
8729a1d45ffffff,Energy,107
8729a1d45ffffff,Financial,643
8729a1d45ffffff,Health,10773
8729a1d45ffffff,Hospitality,3297
8729a1d45ffffff,Information,2181
8729a1d45ffffff,Manufacturing,832
8729a1d45ffffff,Professional Service,2078
8729a1d45ffffff,Public Administration,629
8729a1d45ffffff,Real Estate,413
8729a1d45ffffff,Retail,2580
8729a1d45ffffff,Transportation,826
8729a1d45ffffff,Wholesale,422
8729a1d46ffffff,Agriculture,14
8729a1d46ffffff,Art/Culture,314
8729a1d46ffffff,Business Support,115
8729a1d46ffffff,Construction,202
8729a1d46ffffff,Corporate,1
8729a1d46ffffff,Education,205
8729a1d46ffffff,Energy,11
8729a1d46ffffff,Financial,105
8729a1d46ffffff,Health,367
8729a1d46ffffff,Hospitality,213
8729a1d46ffffff,Information,231
8729a1d46ffffff,Manufacturing,239
8729a1d46ffffff,Professional Service,383
8729a1d46ffffff,Public Administration,47
8729a1d46ffffff,Real Estate,65
8729a1d46ffffff,Retail,186
8729a1d46ffffff,Transportation,146
8729a1d46ffffff,Wholesale,58
8729a1d49ffffff,Agriculture,33
8729a1d49ffffff,Art/Culture,1368
8729a1d49ffffff,Business Support,4123
8729a1d49ffffff,Construction,711
8729a1d49ffffff,Corporate,122
8729a1d49ffffff,Education,1352
8729a1d49ffffff,Energy,50
8729a1d49ffffff,Financial,3668
8729a1d49ffffff,Health,1076
8729a1d49ffffff,Hospitality,1728
8729a1d49ffffff,Information,6540
8729a1d49ffffff,Manufacturing,551
8729a1d49ffffff,Professional Service,9243
8729a1d49ffffff,Public Administration,256
8729a1d49ffffff,Real Estate,2357
8729a1d49ffffff,Retail,787
8729a1d49ffffff,Transportation,254
8729a1d49ffffff,Wholesale,193
8729a1d4affffff,Agriculture,43
8729a1d4affffff,Art/Culture,420
8729a1d4affffff,Business Support,665
8729a1d4affffff,Construction,1213
8729a1d4affffff,Corporate,26
8729a1d4affffff,Education,305
8729a1d4affffff,Energy,78
8729a1d4affffff,Financial,610
8729a1d4affffff,Health,579
8729a1d4affffff,Hospitality,323
8729a1d4affffff,Information,884
8729a1d4affffff,Manufacturing,3499
8729a1d4affffff,Professional Service,1325
8729a1d4affffff,Public Administration,133
8729a1d4affffff,Real Estate,404
8729a1d4affffff,Retail,516
8729a1d4affffff,Transportation,458
8729a1d4affffff,Wholesale,189
8729a1d4bffffff,Agriculture,106
8729a1d4bffffff,Art/Culture,1704
8729a1d4bffffff,Business Support,1237
8729a1d4bffffff,Construction,1222
8729a1d4bffffff,Corporate,33
8729a1d4bffffff,Education,885
8729a1d4bffffff,Energy,99
8729a1d4bffffff,Financial,1019
8729a1d4bffffff,Health,1363
8729a1d4bffffff,Hospitality,2567
8729a1d4bffffff,Information,2058
8729a1d4bffffff,Manufacturing,838
8729a1d4bffffff,Professional Service,1546
8729a1d4bffffff,Public Administration,294
8729a1d4bffffff,Real Estate,710
8729a1d4bffffff,Retail,1255
8729a1d4bffffff,Transportation,747
8729a1d4bffffff,Wholesale,310
8729a1d4dffffff,Agriculture,21
8729a1d4dffffff,Art/Culture,742
8729a1d4dffffff,Business Support,1607
8729a1d4dffffff,Construction,332
8729a1d4dffffff,Corporate,63
8729a1d4dffffff,Education,262
8729a1d4dffffff,Energy,25
8729a1d4dffffff,Financial,1194
8729a1d4dffffff,Health,413
8729a1d4dffffff,Hospitality,1313
8729a1d4dffffff,Information,774
8729a1d4dffffff,Manufacturing,107
8729a1d4dffffff,Professional Service,2678
8729a1d4dffffff,Public Administration,308
8729a1d4dffffff,Real Estate,152
8729a1d4dffffff,Retail,208
8729a1d4dffffff,Transportation,82
8729a1d4dffffff,Wholesale,69
8729a1d50ffffff,Agriculture,17
8729a1d50ffffff,Art/Culture,475
8729a1d50ffffff,Business Support,266
8729a1d50ffffff,Construction,411
8729a1d50ffffff,Corporate,1
8729a1d50ffffff,Education,747
8729a1d50ffffff,Energy,20
8729a1d50ffffff,Financial,150
8729a1d50ffffff,Health,1207
8729a1d50ffffff,Hospitality,886
8729a1d50ffffff,Information,458
8729a1d50ffffff,Manufacturing,255
8729a1d50ffffff,Professional Service,849
8729a1d50ffffff,Public Administration,388
8729a1d50ffffff,Real Estate,191
8729a1d50ffffff,Retail,606
8729a1d50ffffff,Transportation,322
8729a1d50ffffff,Wholesale,219
8729a1d51ffffff,Agriculture,8
8729a1d51ffffff,Art/Culture,244
8729a1d51ffffff,Business Support,119
8729a1d51ffffff,Construction,303
8729a1d51ffffff,Corporate,1
8729a1d51ffffff,Education,856
8729a1d51ffffff,Energy,8
8729a1d51ffffff,Financial,193
8729a1d51ffffff,Health,1361
8729a1d51ffffff,Hospitality,420
8729a1d51ffffff,Information,535
8729a1d51ffffff,Manufacturing,156
8729a1d51ffffff,Professional Service,618
8729a1d51ffffff,Public Administration,219
8729a1d51ffffff,Real Estate,183
8729a1d51ffffff,Retail,439
8729a1d51ffffff,Transportation,262
8729a1d51ffffff,Wholesale,124
8729a1d52ffffff,Agriculture,14
8729a1d52ffffff,Art/Culture,113
8729a1d52ffffff,Business Support,52
8729a1d52ffffff,Construction,124
8729a1d52ffffff,Corporate,1
8729a1d52ffffff,Education,417
8729a1d52ffffff,Energy,7
8729a1d52ffffff,Financial,91
8729a1d52ffffff,Health,403
8729a1d52ffffff,Hospitality,89
8729a1d52ffffff,Information,100
8729a1d52ffffff,Manufacturing,111
8729a1d52ffffff,Professional Service,256
8729a1d52ffffff,Public Administration,71
8729a1d52ffffff,Real Estate,40
8729a1d52ffffff,Retail,114
8729a1d52ffffff,Transportation,108
8729a1d52ffffff,Wholesale,27
8729a1d53ffffff,Agriculture,45
8729a1d53ffffff,Art/Culture,224
8729a1d53ffffff,Business Support,179
8729a1d53ffffff,Construction,391
8729a1d53ffffff,Corporate,8
8729a1d53ffffff,Education,870
8729a1d53ffffff,Energy,17
8729a1d53ffffff,Financial,138
8729a1d53ffffff,Health,844
8729a1d53ffffff,Hospitality,386
8729a1d53ffffff,Information,477
8729a1d53ffffff,Manufacturing,142
8729a1d53ffffff,Professional Service,470
8729a1d53ffffff,Public Administration,259
8729a1d53ffffff,Real Estate,119
8729a1d53ffffff,Retail,296
8729a1d53ffffff,Transportation,128
8729a1d53ffffff,Wholesale,93
8729a1d54ffffff,Agriculture,38
8729a1d54ffffff,Art/Culture,137
8729a1d54ffffff,Business Support,44
8729a1d54ffffff,Construction,212
8729a1d54ffffff,Education,424
8729a1d54ffffff,Energy,2
8729a1d54ffffff,Financial,51
8729a1d54ffffff,Health,624
8729a1d54ffffff,Hospitality,131
8729a1d54ffffff,Information,250
8729a1d54ffffff,Manufacturing,105
8729a1d54ffffff,Professional Service,278
8729a1d54ffffff,Public Administration,103
8729a1d54ffffff,Real Estate,56
8729a1d54ffffff,Retail,186
8729a1d54ffffff,Transportation,69
8729a1d54ffffff,Wholesale,32
8729a1d55ffffff,Agriculture,65
8729a1d55ffffff,Art/Culture,80
8729a1d55ffffff,Business Support,35
8729a1d55ffffff,Construction,175
8729a1d55ffffff,Education,255
8729a1d55ffffff,Energy,4
8729a1d55ffffff,Financial,19
8729a1d55ffffff,Health,324
8729a1d55ffffff,Hospitality,126
8729a1d55ffffff,Information,248
8729a1d55ffffff,Manufacturing,215
8729a1d55ffffff,Professional Service,298
8729a1d55ffffff,Public Administration,59
8729a1d55ffffff,Real Estate,34
8729a1d55ffffff,Retail,172
8729a1d55ffffff,Transportation,148
8729a1d55ffffff,Wholesale,46
8729a1d56ffffff,Agriculture,6
8729a1d56ffffff,Art/Culture,77
8729a1d56ffffff,Business Support,138
8729a1d56ffffff,Construction,219
8729a1d56ffffff,Corporate,7
8729a1d56ffffff,Education,252
8729a1d56ffffff,Energy,5
8729a1d56ffffff,Financial,117
8729a1d56ffffff,Health,373
8729a1d56ffffff,Hospitality,87
8729a1d56ffffff,Information,208
8729a1d56ffffff,Manufacturing,118
8729a1d56ffffff,Professional Service,569
8729a1d56ffffff,Public Administration,57
8729a1d56ffffff,Real Estate,94
8729a1d56ffffff,Retail,211
8729a1d56ffffff,Transportation,60
8729a1d56ffffff,Wholesale,68
8729a1d58ffffff,Agriculture,46
8729a1d58ffffff,Art/Culture,867
8729a1d58ffffff,Business Support,1638
8729a1d58ffffff,Construction,1034
8729a1d58ffffff,Corporate,77
8729a1d58ffffff,Education,1815
8729a1d58ffffff,Energy,123
8729a1d58ffffff,Financial,1617
8729a1d58ffffff,Health,3129
8729a1d58ffffff,Hospitality,872
8729a1d58ffffff,Information,2075
8729a1d58ffffff,Manufacturing,1013
8729a1d58ffffff,Professional Service,2887
8729a1d58ffffff,Public Administration,821
8729a1d58ffffff,Real Estate,786
8729a1d58ffffff,Retail,1552
8729a1d58ffffff,Transportation,683
8729a1d58ffffff,Wholesale,385
8729a1d59ffffff,Agriculture,13
8729a1d59ffffff,Art/Culture,412
8729a1d59ffffff,Business Support,264
8729a1d59ffffff,Construction,148
8729a1d59ffffff,Corporate,8
8729a1d59ffffff,Education,491
8729a1d59ffffff,Energy,18
8729a1d59ffffff,Financial,171
8729a1d59ffffff,Health,1129
8729a1d59ffffff,Hospitality,483
8729a1d59ffffff,Information,128
8729a1d59ffffff,Manufacturing,227
8729a1d59ffffff,Professional Service,340
8729a1d59ffffff,Public Administration,237
8729a1d59ffffff,Real Estate,66
8729a1d59ffffff,Retail,252
8729a1d59ffffff,Transportation,64
8729a1d59ffffff,Wholesale,32
8729a1d5affffff,Agriculture,19
8729a1d5affffff,Art/Culture,601
8729a1d5affffff,Business Support,425
8729a1d5affffff,Construction,398
8729a1d5affffff,Corporate,1
8729a1d5affffff,Education,1094
8729a1d5affffff,Energy,33
8729a1d5affffff,Financial,408
8729a1d5affffff,Health,2042
8729a1d5affffff,Hospitality,975
8729a1d5affffff,Information,676
8729a1d5affffff,Manufacturing,499
8729a1d5affffff,Professional Service,980
8729a1d5affffff,Public Administration,363
8729a1d5affffff,Real Estate,138
8729a1d5affffff,Retail,1442
8729a1d5affffff,Transportation,351
8729a1d5affffff,Wholesale,196
8729a1d5cffffff,Agriculture,29
8729a1d5cffffff,Art/Culture,601
8729a1d5cffffff,Business Support,562
8729a1d5cffffff,Construction,602
8729a1d5cffffff,Corporate,7
8729a1d5cffffff,Education,1749
8729a1d5cffffff,Energy,147
8729a1d5cffffff,Financial,569
8729a1d5cffffff,Health,3707
8729a1d5cffffff,Hospitality,1151
8729a1d5cffffff,Information,1051
8729a1d5cffffff,Manufacturing,577
8729a1d5cffffff,Professional Service,1056
8729a1d5cffffff,Public Administration,673
8729a1d5cffffff,Real Estate,291
8729a1d5cffffff,Retail,1877
8729a1d5cffffff,Transportation,963
8729a1d5cffffff,Wholesale,374
8729a1d5dffffff,Agriculture,49
8729a1d5dffffff,Art/Culture,379
8729a1d5dffffff,Business Support,1101
8729a1d5dffffff,Construction,1643
8729a1d5dffffff,Corporate,25
8729a1d5dffffff,Education,1308
8729a1d5dffffff,Energy,237
8729a1d5dffffff,Financial,671
8729a1d5dffffff,Health,2477
8729a1d5dffffff,Hospitality,1067
8729a1d5dffffff,Information,464
8729a1d5dffffff,Manufacturing,2103
8729a1d5dffffff,Professional Service,1802
8729a1d5dffffff,Public Administration,837
8729a1d5dffffff,Real Estate,748
8729a1d5dffffff,Retail,1845
8729a1d5dffffff,Transportation,918
8729a1d5dffffff,Wholesale,732
8729a1d5effffff,Agriculture,8
8729a1d5effffff,Art/Culture,314
8729a1d5effffff,Business Support,177
8729a1d5effffff,Construction,267
8729a1d5effffff,Corporate,4
8729a1d5effffff,Education,1342
8729a1d5effffff,Energy,54
8729a1d5effffff,Financial,123
8729a1d5effffff,Health,2159
8729a1d5effffff,Hospitality,486
8729a1d5effffff,Information,258
8729a1d5effffff,Manufacturing,102
8729a1d5effffff,Professional Service,405
8729a1d5effffff,Public Administration,234
8729a1d5effffff,Real Estate,132
8729a1d5effffff,Retail,747
8729a1d5effffff,Transportation,383
8729a1d5effffff,Wholesale,195
8729a1d60ffffff,Agriculture,86
8729a1d60ffffff,Art/Culture,308
8729a1d60ffffff,Business Support,557
8729a1d60ffffff,Construction,739
8729a1d60ffffff,Corporate,4
8729a1d60ffffff,Education,1075
8729a1d60ffffff,Energy,44
8729a1d60ffffff,Financial,234
8729a1d60ffffff,Health,1773
8729a1d60ffffff,Hospitality,1436
8729a1d60ffffff,Information,258
8729a1d60ffffff,Manufacturing,735
8729a1d60ffffff,Professional Service,491
8729a1d60ffffff,Public Administration,407
8729a1d60ffffff,Real Estate,264
8729a1d60ffffff,Retail,1313
8729a1d60ffffff,Transportation,695
8729a1d60ffffff,Wholesale,332
8729a1d61ffffff,Agriculture,40
8729a1d61ffffff,Art/Culture,770
8729a1d61ffffff,Business Support,1112
8729a1d61ffffff,Construction,1034
8729a1d61ffffff,Corporate,18
8729a1d61ffffff,Education,1853
8729a1d61ffffff,Energy,53
8729a1d61ffffff,Financial,735
8729a1d61ffffff,Health,3818
8729a1d61ffffff,Hospitality,2009
8729a1d61ffffff,Information,1013
8729a1d61ffffff,Manufacturing,376
8729a1d61ffffff,Professional Service,1964
8729a1d61ffffff,Public Administration,425
8729a1d61ffffff,Real Estate,590
8729a1d61ffffff,Retail,1319
8729a1d61ffffff,Transportation,538
8729a1d61ffffff,Wholesale,415
8729a1d62ffffff,Agriculture,276
8729a1d62ffffff,Art/Culture,2524
8729a1d62ffffff,Business Support,10525
8729a1d62ffffff,Construction,2171
8729a1d62ffffff,Corporate,198
8729a1d62ffffff,Education,8803
8729a1d62ffffff,Energy,393
8729a1d62ffffff,Financial,6637
8729a1d62ffffff,Health,14535
8729a1d62ffffff,Hospitality,6817
8729a1d62ffffff,Information,6919
8729a1d62ffffff,Manufacturing,3222
8729a1d62ffffff,Professional Service,10341
8729a1d62ffffff,Public Administration,3578
8729a1d62ffffff,Real Estate,4038
8729a1d62ffffff,Retail,5555
8729a1d62ffffff,Transportation,2541
8729a1d62ffffff,Wholesale,1969
8729a1d63ffffff,Agriculture,126
8729a1d63ffffff,Art/Culture,1166
8729a1d63ffffff,Business Support,2761
8729a1d63ffffff,Construction,2174
8729a1d63ffffff,Corporate,52
8729a1d63ffffff,Education,4150
8729a1d63ffffff,Energy,103
8729a1d63ffffff,Financial,2207
8729a1d63ffffff,Health,7258
8729a1d63ffffff,Hospitality,3342
8729a1d63ffffff,Information,2096
8729a1d63ffffff,Manufacturing,1654
8729a1d63ffffff,Professional Service,4452
8729a1d63ffffff,Public Administration,1757
8729a1d63ffffff,Real Estate,1295
8729a1d63ffffff,Retail,2529
8729a1d63ffffff,Transportation,1030
8729a1d63ffffff,Wholesale,694
8729a1d64ffffff,Agriculture,120
8729a1d64ffffff,Art/Culture,2135
8729a1d64ffffff,Business Support,2190
8729a1d64ffffff,Construction,1855
8729a1d64ffffff,Corporate,52
8729a1d64ffffff,Education,6938
8729a1d64ffffff,Energy,136
8729a1d64ffffff,Financial,1408
8729a1d64ffffff,Health,8390
8729a1d64ffffff,Hospitality,4816
8729a1d64ffffff,Information,2239
8729a1d64ffffff,Manufacturing,2538
8729a1d64ffffff,Professional Service,3608
8729a1d64ffffff,Public Administration,1211
8729a1d64ffffff,Real Estate,928
8729a1d64ffffff,Retail,5358
8729a1d64ffffff,Transportation,2235
8729a1d64ffffff,Wholesale,1055
8729a1d65ffffff,Agriculture,52
8729a1d65ffffff,Art/Culture,188
8729a1d65ffffff,Business Support,320
8729a1d65ffffff,Construction,539
8729a1d65ffffff,Corporate,4
8729a1d65ffffff,Education,878
8729a1d65ffffff,Energy,28
8729a1d65ffffff,Financial,152
8729a1d65ffffff,Health,1425
8729a1d65ffffff,Hospitality,271
8729a1d65ffffff,Information,208
8729a1d65ffffff,Manufacturing,383
8729a1d65ffffff,Professional Service,405
8729a1d65ffffff,Public Administration,268
8729a1d65ffffff,Real Estate,144
8729a1d65ffffff,Retail,431
8729a1d65ffffff,Transportation,241
8729a1d65ffffff,Wholesale,74
8729a1d66ffffff,Agriculture,141
8729a1d66ffffff,Art/Culture,1246
8729a1d66ffffff,Business Support,2238
8729a1d66ffffff,Construction,3085
8729a1d66ffffff,Corporate,30
8729a1d66ffffff,Education,5107
8729a1d66ffffff,Energy,231
8729a1d66ffffff,Financial,745
8729a1d66ffffff,Health,6576
8729a1d66ffffff,Hospitality,4029
8729a1d66ffffff,Information,1521
8729a1d66ffffff,Manufacturing,4610
8729a1d66ffffff,Professional Service,2814
8729a1d66ffffff,Public Administration,1394
8729a1d66ffffff,Real Estate,843
8729a1d66ffffff,Retail,6006
8729a1d66ffffff,Transportation,2221
8729a1d66ffffff,Wholesale,2998
8729a1d68ffffff,Agriculture,83
8729a1d68ffffff,Art/Culture,1472
8729a1d68ffffff,Business Support,1071
8729a1d68ffffff,Construction,1156
8729a1d68ffffff,Corporate,33
8729a1d68ffffff,Education,1245
8729a1d68ffffff,Energy,100
8729a1d68ffffff,Financial,775
8729a1d68ffffff,Health,1854
8729a1d68ffffff,Hospitality,2134
8729a1d68ffffff,Information,1588
8729a1d68ffffff,Manufacturing,918
8729a1d68ffffff,Professional Service,2258
8729a1d68ffffff,Public Administration,609
8729a1d68ffffff,Real Estate,772
8729a1d68ffffff,Retail,2069
8729a1d68ffffff,Transportation,955
8729a1d68ffffff,Wholesale,552
8729a1d69ffffff,Agriculture,49
8729a1d69ffffff,Art/Culture,1620
8729a1d69ffffff,Business Support,750
8729a1d69ffffff,Construction,1023
8729a1d69ffffff,Corporate,24
8729a1d69ffffff,Education,702
8729a1d69ffffff,Energy,86
8729a1d69ffffff,Financial,467
8729a1d69ffffff,Health,975
8729a1d69ffffff,Hospitality,2130
8729a1d69ffffff,Information,1146
8729a1d69ffffff,Manufacturing,621
8729a1d69ffffff,Professional Service,1460
8729a1d69ffffff,Public Administration,600
8729a1d69ffffff,Real Estate,376
8729a1d69ffffff,Retail,1352
8729a1d69ffffff,Transportation,453
8729a1d69ffffff,Wholesale,424
8729a1d6affffff,Agriculture,105
8729a1d6affffff,Art/Culture,2343
8729a1d6affffff,Business Support,1953
8729a1d6affffff,Construction,1000
8729a1d6affffff,Corporate,49
8729a1d6affffff,Education,1964
8729a1d6affffff,Energy,165
8729a1d6affffff,Financial,1219
8729a1d6affffff,Health,2367
8729a1d6affffff,Hospitality,3674
8729a1d6affffff,Information,4853
8729a1d6affffff,Manufacturing,609
8729a1d6affffff,Professional Service,3978
8729a1d6affffff,Public Administration,1013
8729a1d6affffff,Real Estate,1449
8729a1d6affffff,Retail,2735
8729a1d6affffff,Transportation,1036
8729a1d6affffff,Wholesale,734
8729a1d6bffffff,Agriculture,34
8729a1d6bffffff,Art/Culture,1937
8729a1d6bffffff,Business Support,789
8729a1d6bffffff,Construction,555
8729a1d6bffffff,Corporate,11
8729a1d6bffffff,Education,787
8729a1d6bffffff,Energy,143
8729a1d6bffffff,Financial,462
8729a1d6bffffff,Health,1642
8729a1d6bffffff,Hospitality,3104
8729a1d6bffffff,Information,1325
8729a1d6bffffff,Manufacturing,295
8729a1d6bffffff,Professional Service,1542
8729a1d6bffffff,Public Administration,471
8729a1d6bffffff,Real Estate,407
8729a1d6bffffff,Retail,1230
8729a1d6bffffff,Transportation,597
8729a1d6bffffff,Wholesale,309
8729a1d6cffffff,Agriculture,147
8729a1d6cffffff,Art/Culture,937
8729a1d6cffffff,Business Support,1609
8729a1d6cffffff,Construction,1726
8729a1d6cffffff,Corporate,56
8729a1d6cffffff,Education,1173
8729a1d6cffffff,Energy,54
8729a1d6cffffff,Financial,1070
8729a1d6cffffff,Health,1411
8729a1d6cffffff,Hospitality,1267
8729a1d6cffffff,Information,1630
8729a1d6cffffff,Manufacturing,531
8729a1d6cffffff,Professional Service,2096
8729a1d6cffffff,Public Administration,693
8729a1d6cffffff,Real Estate,676
8729a1d6cffffff,Retail,1108
8729a1d6cffffff,Transportation,1066
8729a1d6cffffff,Wholesale,321
8729a1d6dffffff,Agriculture,70
8729a1d6dffffff,Art/Culture,2447
8729a1d6dffffff,Business Support,1555
8729a1d6dffffff,Construction,1119
8729a1d6dffffff,Corporate,23
8729a1d6dffffff,Education,2537
8729a1d6dffffff,Energy,120
8729a1d6dffffff,Financial,1065
8729a1d6dffffff,Health,1709
8729a1d6dffffff,Hospitality,4152
8729a1d6dffffff,Information,1892
8729a1d6dffffff,Manufacturing,1013
8729a1d6dffffff,Professional Service,3051
8729a1d6dffffff,Public Administration,739
8729a1d6dffffff,Real Estate,855
8729a1d6dffffff,Retail,3784
8729a1d6dffffff,Transportation,1319
8729a1d6dffffff,Wholesale,1289
8729a1d6effffff,Agriculture,35
8729a1d6effffff,Art/Culture,611
8729a1d6effffff,Business Support,1351
8729a1d6effffff,Construction,547
8729a1d6effffff,Corporate,38
8729a1d6effffff,Education,869
8729a1d6effffff,Energy,59
8729a1d6effffff,Financial,1170
8729a1d6effffff,Health,1016
8729a1d6effffff,Hospitality,1028
8729a1d6effffff,Information,748
8729a1d6effffff,Manufacturing,296
8729a1d6effffff,Professional Service,2829
8729a1d6effffff,Public Administration,403
8729a1d6effffff,Real Estate,810
8729a1d6effffff,Retail,776
8729a1d6effffff,Transportation,341
8729a1d6effffff,Wholesale,196
8729a1d70ffffff,Agriculture,75
8729a1d70ffffff,Art/Culture,345
8729a1d70ffffff,Business Support,458
8729a1d70ffffff,Construction,1331
8729a1d70ffffff,Corporate,4
8729a1d70ffffff,Education,3457
8729a1d70ffffff,Energy,292
8729a1d70ffffff,Financial,293
8729a1d70ffffff,Health,2593
8729a1d70ffffff,Hospitality,1079
8729a1d70ffffff,Information,222
8729a1d70ffffff,Manufacturing,1219
8729a1d70ffffff,Professional Service,606
8729a1d70ffffff,Public Administration,2010
8729a1d70ffffff,Real Estate,228
8729a1d70ffffff,Retail,2996
8729a1d70ffffff,Transportation,1814
8729a1d70ffffff,Wholesale,1357
8729a1d71ffffff,Agriculture,69
8729a1d71ffffff,Art/Culture,1399
8729a1d71ffffff,Business Support,877
8729a1d71ffffff,Construction,632
8729a1d71ffffff,Corporate,18
8729a1d71ffffff,Education,1689
8729a1d71ffffff,Energy,45
8729a1d71ffffff,Financial,489
8729a1d71ffffff,Health,2254
8729a1d71ffffff,Hospitality,2999
8729a1d71ffffff,Information,717
8729a1d71ffffff,Manufacturing,682
8729a1d71ffffff,Professional Service,2449
8729a1d71ffffff,Public Administration,8403
8729a1d71ffffff,Real Estate,330
8729a1d71ffffff,Retail,3010
8729a1d71ffffff,Transportation,3551
8729a1d71ffffff,Wholesale,459
8729a1d72ffffff,Agriculture,26
8729a1d72ffffff,Art/Culture,154
8729a1d72ffffff,Business Support,198
8729a1d72ffffff,Construction,361
8729a1d72ffffff,Corporate,5
8729a1d72ffffff,Education,2133
8729a1d72ffffff,Energy,45
8729a1d72ffffff,Financial,128
8729a1d72ffffff,Health,7603
8729a1d72ffffff,Hospitality,353
8729a1d72ffffff,Information,187
8729a1d72ffffff,Manufacturing,876
8729a1d72ffffff,Professional Service,296
8729a1d72ffffff,Public Administration,426
8729a1d72ffffff,Real Estate,120
8729a1d72ffffff,Retail,810
8729a1d72ffffff,Transportation,530
8729a1d72ffffff,Wholesale,281
8729a1d73ffffff,Agriculture,37
8729a1d73ffffff,Art/Culture,152
8729a1d73ffffff,Business Support,253
8729a1d73ffffff,Construction,556
8729a1d73ffffff,Corporate,3
8729a1d73ffffff,Education,617
8729a1d73ffffff,Energy,74
8729a1d73ffffff,Financial,121
8729a1d73ffffff,Health,1060
8729a1d73ffffff,Hospitality,419
8729a1d73ffffff,Information,272
8729a1d73ffffff,Manufacturing,726
8729a1d73ffffff,Professional Service,503
8729a1d73ffffff,Public Administration,284
8729a1d73ffffff,Real Estate,72
8729a1d73ffffff,Retail,1300
8729a1d73ffffff,Transportation,746
8729a1d73ffffff,Wholesale,386
8729a1d74ffffff,Agriculture,51
8729a1d74ffffff,Art/Culture,428
8729a1d74ffffff,Business Support,584
8729a1d74ffffff,Construction,407
8729a1d74ffffff,Corporate,9
8729a1d74ffffff,Education,704
8729a1d74ffffff,Energy,150
8729a1d74ffffff,Financial,297
8729a1d74ffffff,Health,1093
8729a1d74ffffff,Hospitality,932
8729a1d74ffffff,Information,458
8729a1d74ffffff,Manufacturing,2690
8729a1d74ffffff,Professional Service,597
8729a1d74ffffff,Public Administration,343
8729a1d74ffffff,Real Estate,63
8729a1d74ffffff,Retail,2413
8729a1d74ffffff,Transportation,1596
8729a1d74ffffff,Wholesale,881
8729a1d75ffffff,Agriculture,365
8729a1d75ffffff,Art/Culture,3723
8729a1d75ffffff,Business Support,6629
8729a1d75ffffff,Construction,10319
8729a1d75ffffff,Corporate,132
8729a1d75ffffff,Education,3182
8729a1d75ffffff,Energy,1072
8729a1d75ffffff,Financial,5075
8729a1d75ffffff,Health,7249
8729a1d75ffffff,Hospitality,10435
8729a1d75ffffff,Information,4981
8729a1d75ffffff,Manufacturing,7618
8729a1d75ffffff,Professional Service,14411
8729a1d75ffffff,Public Administration,14800
8729a1d75ffffff,Real Estate,2576
8729a1d75ffffff,Retail,13961
8729a1d75ffffff,Transportation,5234
8729a1d75ffffff,Wholesale,4446
8729a1d76ffffff,Agriculture,18
8729a1d76ffffff,Art/Culture,114
8729a1d76ffffff,Business Support,163
8729a1d76ffffff,Construction,322
8729a1d76ffffff,Corporate,3
8729a1d76ffffff,Education,1155
8729a1d76ffffff,Energy,40
8729a1d76ffffff,Financial,83
8729a1d76ffffff,Health,1136
8729a1d76ffffff,Hospitality,552
8729a1d76ffffff,Information,97
8729a1d76ffffff,Manufacturing,374
8729a1d76ffffff,Professional Service,219
8729a1d76ffffff,Public Administration,283
8729a1d76ffffff,Real Estate,49
8729a1d76ffffff,Retail,677
8729a1d76ffffff,Transportation,366
8729a1d76ffffff,Wholesale,225
8729a1d81ffffff,Agriculture,11
8729a1d81ffffff,Business Support,15
8729a1d81ffffff,Energy,5
8729a1d81ffffff,Financial,7
8729a1d81ffffff,Information,3
8729a1d81ffffff,Manufacturing,156
8729a1d81ffffff,Professional Service,15
8729a1d81ffffff,Real Estate,149
8729a1d81ffffff,Retail,23
8729a1d81ffffff,Transportation,20
8729a1d81ffffff,Wholesale,19
8729a1d82ffffff,Agriculture,29
8729a1d82ffffff,Art/Culture,95
8729a1d82ffffff,Business Support,171
8729a1d82ffffff,Construction,465
8729a1d82ffffff,Education,418
8729a1d82ffffff,Energy,44
8729a1d82ffffff,Financial,106
8729a1d82ffffff,Health,663
8729a1d82ffffff,Hospitality,399
8729a1d82ffffff,Information,68
8729a1d82ffffff,Manufacturing,500
8729a1d82ffffff,Professional Service,79
8729a1d82ffffff,Public Administration,281
8729a1d82ffffff,Real Estate,90
8729a1d82ffffff,Retail,346
8729a1d82ffffff,Transportation,228
8729a1d82ffffff,Wholesale,192
8729a1d84ffffff,Agriculture,43
8729a1d84ffffff,Art/Culture,36
8729a1d84ffffff,Business Support,159
8729a1d84ffffff,Construction,842
8729a1d84ffffff,Corporate,1
8729a1d84ffffff,Education,562
8729a1d84ffffff,Energy,50
8729a1d84ffffff,Financial,119
8729a1d84ffffff,Health,678
8729a1d84ffffff,Hospitality,88
8729a1d84ffffff,Information,35
8729a1d84ffffff,Manufacturing,732
8729a1d84ffffff,Professional Service,248
8729a1d84ffffff,Public Administration,332
8729a1d84ffffff,Real Estate,149
8729a1d84ffffff,Retail,555
8729a1d84ffffff,Transportation,347
8729a1d84ffffff,Wholesale,546
8729a1d85ffffff,Agriculture,79
8729a1d85ffffff,Art/Culture,37
8729a1d85ffffff,Business Support,192
8729a1d85ffffff,Construction,710
8729a1d85ffffff,Education,281
8729a1d85ffffff,Energy,82
8729a1d85ffffff,Financial,76
8729a1d85ffffff,Health,508
8729a1d85ffffff,Hospitality,142
8729a1d85ffffff,Information,45
8729a1d85ffffff,Manufacturing,1095
8729a1d85ffffff,Professional Service,132
8729a1d85ffffff,Public Administration,130
8729a1d85ffffff,Real Estate,53
8729a1d85ffffff,Retail,399
8729a1d85ffffff,Transportation,322
8729a1d85ffffff,Wholesale,129
8729a1d86ffffff,Agriculture,22
8729a1d86ffffff,Art/Culture,69
8729a1d86ffffff,Business Support,124
8729a1d86ffffff,Construction,234
8729a1d86ffffff,Corporate,4
8729a1d86ffffff,Education,345
8729a1d86ffffff,Energy,84
8729a1d86ffffff,Financial,108
8729a1d86ffffff,Health,564
8729a1d86ffffff,Hospitality,467
8729a1d86ffffff,Information,31
8729a1d86ffffff,Manufacturing,189
8729a1d86ffffff,Professional Service,199
8729a1d86ffffff,Public Administration,181
8729a1d86ffffff,Real Estate,71
8729a1d86ffffff,Retail,727
8729a1d86ffffff,Transportation,411
8729a1d86ffffff,Wholesale,280
8729a1d8affffff,Art/Culture,11
8729a1d8affffff,Construction,1
8729a1d8affffff,Manufacturing,1
8729a1d8affffff,Professional Service,1
8729a1d8affffff,Retail,1
8729a1d8cffffff,Agriculture,26
8729a1d8cffffff,Art/Culture,256
8729a1d8cffffff,Business Support,410
8729a1d8cffffff,Construction,562
8729a1d8cffffff,Corporate,6
8729a1d8cffffff,Education,2140
8729a1d8cffffff,Energy,122
8729a1d8cffffff,Financial,227
8729a1d8cffffff,Health,3813
8729a1d8cffffff,Hospitality,1017
8729a1d8cffffff,Information,152
8729a1d8cffffff,Manufacturing,1088
8729a1d8cffffff,Professional Service,574
8729a1d8cffffff,Public Administration,444
8729a1d8cffffff,Real Estate,259
8729a1d8cffffff,Retail,1463
8729a1d8cffffff,Transportation,582
8729a1d8cffffff,Wholesale,351
8729a1d8dffffff,Agriculture,32
8729a1d8dffffff,Art/Culture,305
8729a1d8dffffff,Business Support,736
8729a1d8dffffff,Construction,830
8729a1d8dffffff,Corporate,38
8729a1d8dffffff,Education,964
8729a1d8dffffff,Energy,97
8729a1d8dffffff,Financial,564
8729a1d8dffffff,Health,1315
8729a1d8dffffff,Hospitality,781
8729a1d8dffffff,Information,333
8729a1d8dffffff,Manufacturing,871
8729a1d8dffffff,Professional Service,824
8729a1d8dffffff,Public Administration,424
8729a1d8dffffff,Real Estate,309
8729a1d8dffffff,Retail,994
8729a1d8dffffff,Transportation,508
8729a1d8dffffff,Wholesale,299
8729a1d8effffff,Agriculture,4
8729a1d8effffff,Art/Culture,14
8729a1d8effffff,Business Support,64
8729a1d8effffff,Construction,270
8729a1d8effffff,Education,255
8729a1d8effffff,Energy,55
8729a1d8effffff,Financial,58
8729a1d8effffff,Health,211
8729a1d8effffff,Hospitality,21
8729a1d8effffff,Information,31
8729a1d8effffff,Manufacturing,370
8729a1d8effffff,Professional Service,301
8729a1d8effffff,Public Administration,42
8729a1d8effffff,Real Estate,23
8729a1d8effffff,Retail,256
8729a1d8effffff,Transportation,48
8729a1d8effffff,Wholesale,32
8729a1d90ffffff,Agriculture,20
8729a1d90ffffff,Art/Culture,148
8729a1d90ffffff,Business Support,128
8729a1d90ffffff,Construction,333
8729a1d90ffffff,Education,616
8729a1d90ffffff,Energy,41
8729a1d90ffffff,Financial,195
8729a1d90ffffff,Health,679
8729a1d90ffffff,Hospitality,256
8729a1d90ffffff,Information,34
8729a1d90ffffff,Manufacturing,374
8729a1d90ffffff,Professional Service,152
8729a1d90ffffff,Public Administration,285
8729a1d90ffffff,Real Estate,95
8729a1d90ffffff,Retail,302
8729a1d90ffffff,Transportation,74
8729a1d90ffffff,Wholesale,179
8729a1d91ffffff,Agriculture,68
8729a1d91ffffff,Art/Culture,517
8729a1d91ffffff,Business Support,669
8729a1d91ffffff,Construction,872
8729a1d91ffffff,Corporate,6
8729a1d91ffffff,Education,4028
8729a1d91ffffff,Energy,133
8729a1d91ffffff,Financial,707
8729a1d91ffffff,Health,4616
8729a1d91ffffff,Hospitality,2563
8729a1d91ffffff,Information,312
8729a1d91ffffff,Manufacturing,1087
8729a1d91ffffff,Professional Service,1104
8729a1d91ffffff,Public Administration,670
8729a1d91ffffff,Real Estate,304
8729a1d91ffffff,Retail,2758
8729a1d91ffffff,Transportation,841
8729a1d91ffffff,Wholesale,778
8729a1d92ffffff,Agriculture,16
8729a1d92ffffff,Art/Culture,37
8729a1d92ffffff,Business Support,127
8729a1d92ffffff,Construction,191
8729a1d92ffffff,Corporate,2
8729a1d92ffffff,Education,312
8729a1d92ffffff,Energy,22
8729a1d92ffffff,Financial,236
8729a1d92ffffff,Health,219
8729a1d92ffffff,Hospitality,286
8729a1d92ffffff,Information,54
8729a1d92ffffff,Manufacturing,101
8729a1d92ffffff,Professional Service,59
8729a1d92ffffff,Public Administration,39
8729a1d92ffffff,Real Estate,70
8729a1d92ffffff,Retail,164
8729a1d92ffffff,Transportation,34
8729a1d92ffffff,Wholesale,46
8729a1d94ffffff,Agriculture,17
8729a1d94ffffff,Art/Culture,37
8729a1d94ffffff,Business Support,86
8729a1d94ffffff,Construction,275
8729a1d94ffffff,Education,497
8729a1d94ffffff,Energy,15
8729a1d94ffffff,Financial,117
8729a1d94ffffff,Health,789
8729a1d94ffffff,Hospitality,184
8729a1d94ffffff,Information,26
8729a1d94ffffff,Manufacturing,94
8729a1d94ffffff,Professional Service,136
8729a1d94ffffff,Public Administration,177
8729a1d94ffffff,Real Estate,89
8729a1d94ffffff,Retail,178
8729a1d94ffffff,Transportation,113
8729a1d94ffffff,Wholesale,61
8729a1d95ffffff,Agriculture,55
8729a1d95ffffff,Art/Culture,77
8729a1d95ffffff,Business Support,170
8729a1d95ffffff,Construction,400
8729a1d95ffffff,Corporate,8
8729a1d95ffffff,Education,440
8729a1d95ffffff,Energy,38
8729a1d95ffffff,Financial,148
8729a1d95ffffff,Health,602
8729a1d95ffffff,Hospitality,170
8729a1d95ffffff,Information,29
8729a1d95ffffff,Manufacturing,374
8729a1d95ffffff,Professional Service,212
8729a1d95ffffff,Public Administration,213
8729a1d95ffffff,Real Estate,86
8729a1d95ffffff,Retail,456
8729a1d95ffffff,Transportation,194
8729a1d95ffffff,Wholesale,240
8729a1d96ffffff,Agriculture,85
8729a1d96ffffff,Art/Culture,185
8729a1d96ffffff,Business Support,359
8729a1d96ffffff,Construction,869
8729a1d96ffffff,Corporate,11
8729a1d96ffffff,Education,373
8729a1d96ffffff,Energy,185
8729a1d96ffffff,Financial,352
8729a1d96ffffff,Health,771
8729a1d96ffffff,Hospitality,518
8729a1d96ffffff,Information,96
8729a1d96ffffff,Manufacturing,521
8729a1d96ffffff,Professional Service,281
8729a1d96ffffff,Public Administration,312
8729a1d96ffffff,Real Estate,108
8729a1d96ffffff,Retail,1392
8729a1d96ffffff,Transportation,688
8729a1d96ffffff,Wholesale,512
8729a1d9cffffff,Agriculture,8
8729a1d9cffffff,Art/Culture,34
8729a1d9cffffff,Business Support,33
8729a1d9cffffff,Construction,44
8729a1d9cffffff,Education,193
8729a1d9cffffff,Energy,1
8729a1d9cffffff,Financial,24
8729a1d9cffffff,Health,196
8729a1d9cffffff,Hospitality,26
8729a1d9cffffff,Information,12
8729a1d9cffffff,Manufacturing,81
8729a1d9cffffff,Professional Service,39
8729a1d9cffffff,Public Administration,70
8729a1d9cffffff,Real Estate,11
8729a1d9cffffff,Retail,72
8729a1d9cffffff,Transportation,218
8729a1d9cffffff,Wholesale,7
8729a1d9dffffff,Agriculture,9
8729a1d9dffffff,Art/Culture,1
8729a1d9dffffff,Business Support,18
8729a1d9dffffff,Construction,19
8729a1d9dffffff,Education,24
8729a1d9dffffff,Energy,2
8729a1d9dffffff,Financial,27
8729a1d9dffffff,Health,8
8729a1d9dffffff,Hospitality,8
8729a1d9dffffff,Information,8
8729a1d9dffffff,Manufacturing,14
8729a1d9dffffff,Professional Service,52
8729a1d9dffffff,Public Administration,4
8729a1d9dffffff,Real Estate,7
8729a1d9dffffff,Retail,46
8729a1d9dffffff,Transportation,5
8729a1da0ffffff,Agriculture,16
8729a1da0ffffff,Art/Culture,83
8729a1da0ffffff,Business Support,118
8729a1da0ffffff,Construction,273
8729a1da0ffffff,Corporate,3
8729a1da0ffffff,Education,432
8729a1da0ffffff,Energy,50
8729a1da0ffffff,Financial,106
8729a1da0ffffff,Health,1767
8729a1da0ffffff,Hospitality,375
8729a1da0ffffff,Information,39
8729a1da0ffffff,Manufacturing,145
8729a1da0ffffff,Professional Service,207
8729a1da0ffffff,Public Administration,155
8729a1da0ffffff,Real Estate,33
8729a1da0ffffff,Retail,542
8729a1da0ffffff,Transportation,350
8729a1da0ffffff,Wholesale,172
8729a1da1ffffff,Agriculture,18
8729a1da1ffffff,Art/Culture,175
8729a1da1ffffff,Business Support,77
8729a1da1ffffff,Construction,629
8729a1da1ffffff,Corporate,2
8729a1da1ffffff,Education,721
8729a1da1ffffff,Energy,133
8729a1da1ffffff,Financial,87
8729a1da1ffffff,Health,3054
8729a1da1ffffff,Hospitality,355
8729a1da1ffffff,Information,31
8729a1da1ffffff,Manufacturing,957
8729a1da1ffffff,Professional Service,117
8729a1da1ffffff,Public Administration,247
8729a1da1ffffff,Real Estate,48
8729a1da1ffffff,Retail,1411
8729a1da1ffffff,Transportation,806
8729a1da1ffffff,Wholesale,590
8729a1da2ffffff,Agriculture,6
8729a1da2ffffff,Art/Culture,168
8729a1da2ffffff,Business Support,367
8729a1da2ffffff,Construction,232
8729a1da2ffffff,Corporate,4
8729a1da2ffffff,Education,603
8729a1da2ffffff,Energy,96
8729a1da2ffffff,Financial,246
8729a1da2ffffff,Health,1031
8729a1da2ffffff,Hospitality,788
8729a1da2ffffff,Information,128
8729a1da2ffffff,Manufacturing,148
8729a1da2ffffff,Professional Service,404
8729a1da2ffffff,Public Administration,567
8729a1da2ffffff,Real Estate,161
8729a1da2ffffff,Retail,952
8729a1da2ffffff,Transportation,819
8729a1da2ffffff,Wholesale,434
8729a1da3ffffff,Agriculture,10
8729a1da3ffffff,Art/Culture,133
8729a1da3ffffff,Business Support,239
8729a1da3ffffff,Construction,329
8729a1da3ffffff,Corporate,1
8729a1da3ffffff,Education,1532
8729a1da3ffffff,Energy,44
8729a1da3ffffff,Financial,208
8729a1da3ffffff,Health,1468
8729a1da3ffffff,Hospitality,434
8729a1da3ffffff,Information,86
8729a1da3ffffff,Manufacturing,256
8729a1da3ffffff,Professional Service,250
8729a1da3ffffff,Public Administration,266
8729a1da3ffffff,Real Estate,119
8729a1da3ffffff,Retail,800
8729a1da3ffffff,Transportation,440
8729a1da3ffffff,Wholesale,219
8729a1da4ffffff,Agriculture,24
8729a1da4ffffff,Art/Culture,94
8729a1da4ffffff,Business Support,401
8729a1da4ffffff,Construction,192
8729a1da4ffffff,Corporate,3
8729a1da4ffffff,Education,396
8729a1da4ffffff,Energy,32
8729a1da4ffffff,Financial,455
8729a1da4ffffff,Health,453
8729a1da4ffffff,Hospitality,627
8729a1da4ffffff,Information,33
8729a1da4ffffff,Manufacturing,1001
8729a1da4ffffff,Professional Service,636
8729a1da4ffffff,Public Administration,271
8729a1da4ffffff,Real Estate,168
8729a1da4ffffff,Retail,1160
8729a1da4ffffff,Transportation,337
8729a1da4ffffff,Wholesale,906
8729a1da5ffffff,Agriculture,51
8729a1da5ffffff,Art/Culture,116
8729a1da5ffffff,Business Support,540
8729a1da5ffffff,Construction,1067
8729a1da5ffffff,Corporate,3
8729a1da5ffffff,Education,420
8729a1da5ffffff,Energy,95
8729a1da5ffffff,Financial,298
8729a1da5ffffff,Health,758
8729a1da5ffffff,Hospitality,414
8729a1da5ffffff,Information,117
8729a1da5ffffff,Manufacturing,3135
8729a1da5ffffff,Professional Service,495
8729a1da5ffffff,Public Administration,155
8729a1da5ffffff,Real Estate,213
8729a1da5ffffff,Retail,1244
8729a1da5ffffff,Transportation,218
8729a1da5ffffff,Wholesale,531
8729a1da6ffffff,Agriculture,8
8729a1da6ffffff,Art/Culture,36
8729a1da6ffffff,Business Support,60
8729a1da6ffffff,Construction,216
8729a1da6ffffff,Education,121
8729a1da6ffffff,Energy,12
8729a1da6ffffff,Financial,47
8729a1da6ffffff,Health,211
8729a1da6ffffff,Hospitality,234
8729a1da6ffffff,Information,8
8729a1da6ffffff,Manufacturing,32
8729a1da6ffffff,Professional Service,52
8729a1da6ffffff,Public Administration,72
8729a1da6ffffff,Real Estate,22
8729a1da6ffffff,Retail,131
8729a1da6ffffff,Transportation,141
8729a1da6ffffff,Wholesale,63
8729a1da8ffffff,Agriculture,21
8729a1da8ffffff,Art/Culture,18
8729a1da8ffffff,Business Support,50
8729a1da8ffffff,Construction,183
8729a1da8ffffff,Education,183
8729a1da8ffffff,Energy,44
8729a1da8ffffff,Financial,45
8729a1da8ffffff,Health,298
8729a1da8ffffff,Hospitality,65
8729a1da8ffffff,Information,12
8729a1da8ffffff,Manufacturing,367
8729a1da8ffffff,Professional Service,73
8729a1da8ffffff,Public Administration,161
8729a1da8ffffff,Real Estate,17
8729a1da8ffffff,Retail,375
8729a1da8ffffff,Transportation,491
8729a1da8ffffff,Wholesale,228
8729a1da9ffffff,Agriculture,5
8729a1da9ffffff,Art/Culture,122
8729a1da9ffffff,Business Support,89
8729a1da9ffffff,Construction,181
8729a1da9ffffff,Education,266
8729a1da9ffffff,Energy,27
8729a1da9ffffff,Financial,104
8729a1da9ffffff,Health,446
8729a1da9ffffff,Hospitality,189
8729a1da9ffffff,Information,57
8729a1da9ffffff,Manufacturing,206
8729a1da9ffffff,Professional Service,272
8729a1da9ffffff,Public Administration,116
8729a1da9ffffff,Real Estate,61
8729a1da9ffffff,Retail,248
8729a1da9ffffff,Transportation,156
8729a1da9ffffff,Wholesale,117
8729a1dabffffff,Agriculture,15
8729a1dabffffff,Art/Culture,47
8729a1dabffffff,Business Support,178
8729a1dabffffff,Construction,1321
8729a1dabffffff,Corporate,2
8729a1dabffffff,Education,260
8729a1dabffffff,Energy,65
8729a1dabffffff,Financial,110
8729a1dabffffff,Health,365
8729a1dabffffff,Hospitality,89
8729a1dabffffff,Information,79
8729a1dabffffff,Manufacturing,1398
8729a1dabffffff,Professional Service,234
8729a1dabffffff,Public Administration,132
8729a1dabffffff,Real Estate,48
8729a1dabffffff,Retail,523
8729a1dabffffff,Transportation,362
8729a1dabffffff,Wholesale,103
8729a1dacffffff,Agriculture,18
8729a1dacffffff,Art/Culture,46
8729a1dacffffff,Business Support,110
8729a1dacffffff,Construction,113
8729a1dacffffff,Corporate,1
8729a1dacffffff,Education,579
8729a1dacffffff,Energy,50
8729a1dacffffff,Financial,93
8729a1dacffffff,Health,710
8729a1dacffffff,Hospitality,115
8729a1dacffffff,Information,49
8729a1dacffffff,Manufacturing,345
8729a1dacffffff,Professional Service,133
8729a1dacffffff,Public Administration,126
8729a1dacffffff,Real Estate,18
8729a1dacffffff,Retail,467
8729a1dacffffff,Transportation,274
8729a1dacffffff,Wholesale,153
8729a1dadffffff,Agriculture,18
8729a1dadffffff,Art/Culture,83
8729a1dadffffff,Business Support,224
8729a1dadffffff,Construction,278
8729a1dadffffff,Corporate,3
8729a1dadffffff,Education,503
8729a1dadffffff,Energy,32
8729a1dadffffff,Financial,103
8729a1dadffffff,Health,829
8729a1dadffffff,Hospitality,383
8729a1dadffffff,Information,73
8729a1dadffffff,Manufacturing,489
8729a1dadffffff,Professional Service,204
8729a1dadffffff,Public Administration,171
8729a1dadffffff,Real Estate,39
8729a1dadffffff,Retail,438
8729a1dadffffff,Transportation,203
8729a1dadffffff,Wholesale,156
8729a1daeffffff,Agriculture,21
8729a1daeffffff,Art/Culture,57
8729a1daeffffff,Business Support,71
8729a1daeffffff,Construction,137
8729a1daeffffff,Corporate,1
8729a1daeffffff,Education,398
8729a1daeffffff,Energy,52
8729a1daeffffff,Financial,42
8729a1daeffffff,Health,651
8729a1daeffffff,Hospitality,289
8729a1daeffffff,Information,18
8729a1daeffffff,Manufacturing,653
8729a1daeffffff,Professional Service,58
8729a1daeffffff,Public Administration,122
8729a1daeffffff,Real Estate,32
8729a1daeffffff,Retail,303
8729a1daeffffff,Transportation,309
8729a1daeffffff,Wholesale,139
8729a1db0ffffff,Agriculture,12
8729a1db0ffffff,Art/Culture,269
8729a1db0ffffff,Business Support,506
8729a1db0ffffff,Construction,300
8729a1db0ffffff,Corporate,13
8729a1db0ffffff,Education,443
8729a1db0ffffff,Energy,75
8729a1db0ffffff,Financial,589
8729a1db0ffffff,Health,529
8729a1db0ffffff,Hospitality,749
8729a1db0ffffff,Information,186
8729a1db0ffffff,Manufacturing,93
8729a1db0ffffff,Professional Service,642
8729a1db0ffffff,Public Administration,256
8729a1db0ffffff,Real Estate,254
8729a1db0ffffff,Retail,805
8729a1db0ffffff,Transportation,414
8729a1db0ffffff,Wholesale,94
8729a1db1ffffff,Agriculture,8
8729a1db1ffffff,Art/Culture,132
8729a1db1ffffff,Business Support,346
8729a1db1ffffff,Construction,165
8729a1db1ffffff,Corporate,2
8729a1db1ffffff,Education,651
8729a1db1ffffff,Energy,66
8729a1db1ffffff,Financial,212
8729a1db1ffffff,Health,898
8729a1db1ffffff,Hospitality,440
8729a1db1ffffff,Information,85
8729a1db1ffffff,Manufacturing,80
8729a1db1ffffff,Professional Service,315
8729a1db1ffffff,Public Administration,296
8729a1db1ffffff,Real Estate,98
8729a1db1ffffff,Retail,910
8729a1db1ffffff,Transportation,511
8729a1db1ffffff,Wholesale,441
8729a1db2ffffff,Agriculture,18
8729a1db2ffffff,Art/Culture,34
8729a1db2ffffff,Business Support,341
8729a1db2ffffff,Construction,91
8729a1db2ffffff,Corporate,2
8729a1db2ffffff,Education,272
8729a1db2ffffff,Energy,28
8729a1db2ffffff,Financial,284
8729a1db2ffffff,Health,483
8729a1db2ffffff,Hospitality,111
8729a1db2ffffff,Information,112
8729a1db2ffffff,Manufacturing,64
8729a1db2ffffff,Professional Service,390
8729a1db2ffffff,Public Administration,169
8729a1db2ffffff,Real Estate,161
8729a1db2ffffff,Retail,84
8729a1db2ffffff,Transportation,89
8729a1db2ffffff,Wholesale,47
8729a1db3ffffff,Agriculture,85
8729a1db3ffffff,Art/Culture,226
8729a1db3ffffff,Business Support,587
8729a1db3ffffff,Construction,684
8729a1db3ffffff,Corporate,2
8729a1db3ffffff,Education,1068
8729a1db3ffffff,Energy,58
8729a1db3ffffff,Financial,335
8729a1db3ffffff,Health,1837
8729a1db3ffffff,Hospitality,466
8729a1db3ffffff,Information,204
8729a1db3ffffff,Manufacturing,486
8729a1db3ffffff,Professional Service,664
8729a1db3ffffff,Public Administration,443
8729a1db3ffffff,Real Estate,254
8729a1db3ffffff,Retail,435
8729a1db3ffffff,Transportation,303
8729a1db3ffffff,Wholesale,155
8729a1db4ffffff,Art/Culture,22
8729a1db4ffffff,Business Support,6
8729a1db4ffffff,Construction,7
8729a1db4ffffff,Education,11
8729a1db4ffffff,Financial,6
8729a1db4ffffff,Health,38
8729a1db4ffffff,Hospitality,20
8729a1db4ffffff,Information,1
8729a1db4ffffff,Manufacturing,2
8729a1db4ffffff,Professional Service,47
8729a1db4ffffff,Public Administration,21
8729a1db4ffffff,Real Estate,3
8729a1db4ffffff,Retail,9
8729a1db4ffffff,Transportation,2
8729a1db4ffffff,Wholesale,5
8729a1db5ffffff,Agriculture,5
8729a1db5ffffff,Art/Culture,23
8729a1db5ffffff,Business Support,21
8729a1db5ffffff,Construction,92
8729a1db5ffffff,Education,246
8729a1db5ffffff,Energy,21
8729a1db5ffffff,Financial,24
8729a1db5ffffff,Health,324
8729a1db5ffffff,Hospitality,163
8729a1db5ffffff,Information,29
8729a1db5ffffff,Manufacturing,30
8729a1db5ffffff,Professional Service,59
8729a1db5ffffff,Public Administration,41
8729a1db5ffffff,Real Estate,15
8729a1db5ffffff,Retail,115
8729a1db5ffffff,Transportation,90
8729a1db5ffffff,Wholesale,30
8729a1db6ffffff,Agriculture,20
8729a1db6ffffff,Art/Culture,157
8729a1db6ffffff,Business Support,141
8729a1db6ffffff,Construction,178
8729a1db6ffffff,Education,601
8729a1db6ffffff,Energy,18
8729a1db6ffffff,Financial,127
8729a1db6ffffff,Health,798
8729a1db6ffffff,Hospitality,568
8729a1db6ffffff,Information,66
8729a1db6ffffff,Manufacturing,231
8729a1db6ffffff,Professional Service,262
8729a1db6ffffff,Public Administration,147
8729a1db6ffffff,Real Estate,58
8729a1db6ffffff,Retail,771
8729a1db6ffffff,Transportation,218
8729a1db6ffffff,Wholesale,199
8729a5600ffffff,Agriculture,49
8729a5600ffffff,Art/Culture,56
8729a5600ffffff,Business Support,307
8729a5600ffffff,Construction,933
8729a5600ffffff,Corporate,5
8729a5600ffffff,Education,467
8729a5600ffffff,Energy,78
8729a5600ffffff,Financial,102
8729a5600ffffff,Health,682
8729a5600ffffff,Hospitality,161
8729a5600ffffff,Information,120
8729a5600ffffff,Manufacturing,636
8729a5600ffffff,Professional Service,212
8729a5600ffffff,Public Administration,376
8729a5600ffffff,Real Estate,130
8729a5600ffffff,Retail,1092
8729a5600ffffff,Transportation,876
8729a5600ffffff,Wholesale,397
8729a5601ffffff,Agriculture,43
8729a5601ffffff,Art/Culture,245
8729a5601ffffff,Business Support,320
8729a5601ffffff,Construction,676
8729a5601ffffff,Corporate,3
8729a5601ffffff,Education,1818
8729a5601ffffff,Energy,42
8729a5601ffffff,Financial,217
8729a5601ffffff,Health,2967
8729a5601ffffff,Hospitality,903
8729a5601ffffff,Information,116
8729a5601ffffff,Manufacturing,859
8729a5601ffffff,Professional Service,403
8729a5601ffffff,Public Administration,340
8729a5601ffffff,Real Estate,128
8729a5601ffffff,Retail,1191
8729a5601ffffff,Transportation,640
8729a5601ffffff,Wholesale,235
8729a5602ffffff,Agriculture,19
8729a5602ffffff,Art/Culture,8
8729a5602ffffff,Business Support,187
8729a5602ffffff,Construction,315
8729a5602ffffff,Corporate,6
8729a5602ffffff,Education,124
8729a5602ffffff,Energy,88
8729a5602ffffff,Financial,75
8729a5602ffffff,Health,172
8729a5602ffffff,Hospitality,130
8729a5602ffffff,Information,64
8729a5602ffffff,Manufacturing,1123
8729a5602ffffff,Professional Service,110
8729a5602ffffff,Public Administration,110
8729a5602ffffff,Real Estate,54
8729a5602ffffff,Retail,1196
8729a5602ffffff,Transportation,815
8729a5602ffffff,Wholesale,366
8729a5603ffffff,Agriculture,14
8729a5603ffffff,Art/Culture,74
8729a5603ffffff,Business Support,131
8729a5603ffffff,Construction,272
8729a5603ffffff,Corporate,2
8729a5603ffffff,Education,302
8729a5603ffffff,Energy,39
8729a5603ffffff,Financial,38
8729a5603ffffff,Health,506
8729a5603ffffff,Hospitality,454
8729a5603ffffff,Information,37
8729a5603ffffff,Manufacturing,663
8729a5603ffffff,Professional Service,125
8729a5603ffffff,Public Administration,153
8729a5603ffffff,Real Estate,64
8729a5603ffffff,Retail,602
8729a5603ffffff,Transportation,633
8729a5603ffffff,Wholesale,172
8729a5605ffffff,Agriculture,8
8729a5605ffffff,Art/Culture,63
8729a5605ffffff,Business Support,113
8729a5605ffffff,Construction,349
8729a5605ffffff,Education,120
8729a5605ffffff,Energy,29
8729a5605ffffff,Financial,75
8729a5605ffffff,Health,85
8729a5605ffffff,Hospitality,138
8729a5605ffffff,Information,20
8729a5605ffffff,Manufacturing,267
8729a5605ffffff,Professional Service,141
8729a5605ffffff,Public Administration,82
8729a5605ffffff,Real Estate,52
8729a5605ffffff,Retail,585
8729a5605ffffff,Transportation,385
8729a5605ffffff,Wholesale,238
8729a5608ffffff,Agriculture,30
8729a5608ffffff,Art/Culture,129
8729a5608ffffff,Business Support,353
8729a5608ffffff,Construction,599
8729a5608ffffff,Corporate,13
8729a5608ffffff,Education,647
8729a5608ffffff,Energy,30
8729a5608ffffff,Financial,171
8729a5608ffffff,Health,1100
8729a5608ffffff,Hospitality,470
8729a5608ffffff,Information,196
8729a5608ffffff,Manufacturing,1228
8729a5608ffffff,Professional Service,396
8729a5608ffffff,Public Administration,372
8729a5608ffffff,Real Estate,121
8729a5608ffffff,Retail,603
8729a5608ffffff,Transportation,298
8729a5608ffffff,Wholesale,338
8729a5609ffffff,Agriculture,47
8729a5609ffffff,Art/Culture,524
8729a5609ffffff,Business Support,1002
8729a5609ffffff,Construction,603
8729a5609ffffff,Corporate,23
8729a5609ffffff,Education,1069
8729a5609ffffff,Energy,25
8729a5609ffffff,Financial,577
8729a5609ffffff,Health,1492
8729a5609ffffff,Hospitality,685
8729a5609ffffff,Information,457
8729a5609ffffff,Manufacturing,1426
8729a5609ffffff,Professional Service,1286
8729a5609ffffff,Public Administration,739
8729a5609ffffff,Real Estate,455
8729a5609ffffff,Retail,1389
8729a5609ffffff,Transportation,911
8729a5609ffffff,Wholesale,251
8729a560affffff,Agriculture,26
8729a560affffff,Art/Culture,106
8729a560affffff,Business Support,321
8729a560affffff,Construction,577
8729a560affffff,Corporate,8
8729a560affffff,Education,1303
8729a560affffff,Energy,52
8729a560affffff,Financial,231
8729a560affffff,Health,2417
8729a560affffff,Hospitality,566
8729a560affffff,Information,218
8729a560affffff,Manufacturing,384
8729a560affffff,Professional Service,468
8729a560affffff,Public Administration,310
8729a560affffff,Real Estate,189
8729a560affffff,Retail,605
8729a560affffff,Transportation,356
8729a560affffff,Wholesale,180
8729a560bffffff,Agriculture,92
8729a560bffffff,Art/Culture,157
8729a560bffffff,Business Support,1277
8729a560bffffff,Construction,957
8729a560bffffff,Corporate,21
8729a560bffffff,Education,428
8729a560bffffff,Energy,210
8729a560bffffff,Financial,859
8729a560bffffff,Health,1115
8729a560bffffff,Hospitality,448
8729a560bffffff,Information,1097
8729a560bffffff,Manufacturing,4601
8729a560bffffff,Professional Service,1602
8729a560bffffff,Public Administration,221
8729a560bffffff,Real Estate,699
8729a560bffffff,Retail,1764
8729a560bffffff,Transportation,2643
8729a560bffffff,Wholesale,934
8729a560cffffff,Agriculture,38
8729a560cffffff,Art/Culture,131
8729a560cffffff,Business Support,327
8729a560cffffff,Construction,541
8729a560cffffff,Corporate,14
8729a560cffffff,Education,644
8729a560cffffff,Energy,26
8729a560cffffff,Financial,211
8729a560cffffff,Health,759
8729a560cffffff,Hospitality,564
8729a560cffffff,Information,158
8729a560cffffff,Manufacturing,410
8729a560cffffff,Professional Service,572
8729a560cffffff,Public Administration,209
8729a560cffffff,Real Estate,195
8729a560cffffff,Retail,546
8729a560cffffff,Transportation,191
8729a560cffffff,Wholesale,120
8729a560dffffff,Agriculture,117
8729a560dffffff,Art/Culture,283
8729a560dffffff,Business Support,533
8729a560dffffff,Construction,1040
8729a560dffffff,Corporate,17
8729a560dffffff,Education,1854
8729a560dffffff,Energy,134
8729a560dffffff,Financial,69
8729a560dffffff,Health,1674
8729a560dffffff,Hospitality,670
8729a560dffffff,Information,285
8729a560dffffff,Manufacturing,5079
8729a560dffffff,Professional Service,842
8729a560dffffff,Public Administration,266
8729a560dffffff,Real Estate,33
8729a560dffffff,Retail,1434
8729a560dffffff,Transportation,1375
8729a560dffffff,Wholesale,629
8729a560effffff,Agriculture,15
8729a560effffff,Art/Culture,63
8729a560effffff,Business Support,149
8729a560effffff,Construction,277
8729a560effffff,Corporate,17
8729a560effffff,Education,469
8729a560effffff,Energy,41
8729a560effffff,Financial,48
8729a560effffff,Health,658
8729a560effffff,Hospitality,196
8729a560effffff,Information,54
8729a560effffff,Manufacturing,814
8729a560effffff,Professional Service,136
8729a560effffff,Public Administration,123
8729a560effffff,Real Estate,37
8729a560effffff,Retail,397
8729a560effffff,Transportation,484
8729a560effffff,Wholesale,232
8729a5610ffffff,Agriculture,22
8729a5610ffffff,Art/Culture,169
8729a5610ffffff,Business Support,499
8729a5610ffffff,Construction,233
8729a5610ffffff,Corporate,22
8729a5610ffffff,Education,1095
8729a5610ffffff,Energy,56
8729a5610ffffff,Financial,224
8729a5610ffffff,Health,2780
8729a5610ffffff,Hospitality,846
8729a5610ffffff,Information,218
8729a5610ffffff,Manufacturing,677
8729a5610ffffff,Professional Service,447
8729a5610ffffff,Public Administration,450
8729a5610ffffff,Real Estate,210
8729a5610ffffff,Retail,969
8729a5610ffffff,Transportation,707
8729a5610ffffff,Wholesale,231
8729a5611ffffff,Agriculture,15
8729a5611ffffff,Art/Culture,118
8729a5611ffffff,Business Support,130
8729a5611ffffff,Construction,223
8729a5611ffffff,Corporate,15
8729a5611ffffff,Education,397
8729a5611ffffff,Energy,22
8729a5611ffffff,Financial,57
8729a5611ffffff,Health,860
8729a5611ffffff,Hospitality,343
8729a5611ffffff,Information,60
8729a5611ffffff,Manufacturing,323
8729a5611ffffff,Professional Service,114
8729a5611ffffff,Public Administration,110
8729a5611ffffff,Real Estate,52
8729a5611ffffff,Retail,532
8729a5611ffffff,Transportation,271
8729a5611ffffff,Wholesale,327
8729a5612ffffff,Agriculture,128
8729a5612ffffff,Art/Culture,186
8729a5612ffffff,Business Support,562
8729a5612ffffff,Construction,3106
8729a5612ffffff,Corporate,24
8729a5612ffffff,Education,399
8729a5612ffffff,Energy,137
8729a5612ffffff,Financial,410
8729a5612ffffff,Health,970
8729a5612ffffff,Hospitality,678
8729a5612ffffff,Information,384
8729a5612ffffff,Manufacturing,1946
8729a5612ffffff,Professional Service,1178
8729a5612ffffff,Public Administration,497
8729a5612ffffff,Real Estate,611
8729a5612ffffff,Retail,1585
8729a5612ffffff,Transportation,1439
8729a5612ffffff,Wholesale,881
8729a5613ffffff,Agriculture,71
8729a5613ffffff,Art/Culture,248
8729a5613ffffff,Business Support,597
8729a5613ffffff,Construction,1542
8729a5613ffffff,Corporate,21
8729a5613ffffff,Education,3284
8729a5613ffffff,Energy,109
8729a5613ffffff,Financial,388
8729a5613ffffff,Health,5634
8729a5613ffffff,Hospitality,868
8729a5613ffffff,Information,284
8729a5613ffffff,Manufacturing,482
8729a5613ffffff,Professional Service,955
8729a5613ffffff,Public Administration,454
8729a5613ffffff,Real Estate,291
8729a5613ffffff,Retail,908
8729a5613ffffff,Transportation,535
8729a5613ffffff,Wholesale,202
8729a5614ffffff,Agriculture,147
8729a5614ffffff,Art/Culture,1073
8729a5614ffffff,Business Support,2023
8729a5614ffffff,Construction,1522
8729a5614ffffff,Corporate,69
8729a5614ffffff,Education,1097
8729a5614ffffff,Energy,258
8729a5614ffffff,Financial,1683
8729a5614ffffff,Health,1946
8729a5614ffffff,Hospitality,2981
8729a5614ffffff,Information,899
8729a5614ffffff,Manufacturing,674
8729a5614ffffff,Professional Service,3371
8729a5614ffffff,Public Administration,2978
8729a5614ffffff,Real Estate,1113
8729a5614ffffff,Retail,2333
8729a5614ffffff,Transportation,1892
8729a5614ffffff,Wholesale,748
8729a5615ffffff,Agriculture,34
8729a5615ffffff,Art/Culture,15
8729a5615ffffff,Business Support,119
8729a5615ffffff,Construction,582
8729a5615ffffff,Corporate,6
8729a5615ffffff,Education,66
8729a5615ffffff,Energy,214
8729a5615ffffff,Financial,89
8729a5615ffffff,Health,64
8729a5615ffffff,Hospitality,283
8729a5615ffffff,Information,21
8729a5615ffffff,Manufacturing,1346
8729a5615ffffff,Professional Service,132
8729a5615ffffff,Public Administration,105
8729a5615ffffff,Real Estate,72
8729a5615ffffff,Retail,1849
8729a5615ffffff,Transportation,1142
8729a5615ffffff,Wholesale,883
8729a5616ffffff,Agriculture,18
8729a5616ffffff,Art/Culture,207
8729a5616ffffff,Business Support,413
8729a5616ffffff,Construction,610
8729a5616ffffff,Corporate,6
8729a5616ffffff,Education,888
8729a5616ffffff,Energy,74
8729a5616ffffff,Financial,276
8729a5616ffffff,Health,1471
8729a5616ffffff,Hospitality,786
8729a5616ffffff,Information,125
8729a5616ffffff,Manufacturing,341
8729a5616ffffff,Professional Service,544
8729a5616ffffff,Public Administration,525
8729a5616ffffff,Real Estate,127
8729a5616ffffff,Retail,1123
8729a5616ffffff,Transportation,665
8729a5616ffffff,Wholesale,270
8729a5618ffffff,Agriculture,54
8729a5618ffffff,Art/Culture,24
8729a5618ffffff,Business Support,513
8729a5618ffffff,Construction,945
8729a5618ffffff,Corporate,6
8729a5618ffffff,Education,107
8729a5618ffffff,Energy,62
8729a5618ffffff,Financial,216
8729a5618ffffff,Health,204
8729a5618ffffff,Hospitality,207
8729a5618ffffff,Information,96
8729a5618ffffff,Manufacturing,1143
8729a5618ffffff,Professional Service,363
8729a5618ffffff,Public Administration,61
8729a5618ffffff,Real Estate,129
8729a5618ffffff,Retail,1085
8729a5618ffffff,Transportation,658
8729a5618ffffff,Wholesale,382
8729a5619ffffff,Agriculture,17
8729a5619ffffff,Art/Culture,164
8729a5619ffffff,Business Support,366
8729a5619ffffff,Construction,370
8729a5619ffffff,Corporate,4
8729a5619ffffff,Education,338
8729a5619ffffff,Energy,70
8729a5619ffffff,Financial,231
8729a5619ffffff,Health,252
8729a5619ffffff,Hospitality,539
8729a5619ffffff,Information,64
8729a5619ffffff,Manufacturing,754
8729a5619ffffff,Professional Service,313
8729a5619ffffff,Public Administration,229
8729a5619ffffff,Real Estate,92
8729a5619ffffff,Retail,841
8729a5619ffffff,Transportation,593
8729a5619ffffff,Wholesale,405
8729a561cffffff,Agriculture,26
8729a561cffffff,Art/Culture,7
8729a561cffffff,Business Support,99
8729a561cffffff,Construction,301
8729a561cffffff,Corporate,1
8729a561cffffff,Education,7
8729a561cffffff,Energy,13
8729a561cffffff,Financial,26
8729a561cffffff,Health,5
8729a561cffffff,Information,16
8729a561cffffff,Manufacturing,756
8729a561cffffff,Professional Service,38
8729a561cffffff,Public Administration,4
8729a561cffffff,Real Estate,6
8729a561cffffff,Retail,349
8729a561cffffff,Transportation,598
8729a561cffffff,Wholesale,48
8729a561dffffff,Agriculture,15
8729a561dffffff,Art/Culture,154
8729a561dffffff,Business Support,529
8729a561dffffff,Construction,432
8729a561dffffff,Corporate,14
8729a561dffffff,Education,432
8729a561dffffff,Energy,74
8729a561dffffff,Financial,163
8729a561dffffff,Health,984
8729a561dffffff,Hospitality,872
8729a561dffffff,Information,111
8729a561dffffff,Manufacturing,1022
8729a561dffffff,Professional Service,417
8729a561dffffff,Public Administration,255
8729a561dffffff,Real Estate,120
8729a561dffffff,Retail,1195
8729a561dffffff,Transportation,881
8729a561dffffff,Wholesale,583
8729a561effffff,Agriculture,36
8729a561effffff,Art/Culture,47
8729a561effffff,Business Support,420
8729a561effffff,Construction,382
8729a561effffff,Corporate,5
8729a561effffff,Education,778
8729a561effffff,Energy,43
8729a561effffff,Financial,243
8729a561effffff,Health,1339
8729a561effffff,Hospitality,112
8729a561effffff,Information,161
8729a561effffff,Manufacturing,605
8729a561effffff,Professional Service,483
8729a561effffff,Public Administration,145
8729a561effffff,Real Estate,151
8729a561effffff,Retail,802
8729a561effffff,Transportation,539
8729a561effffff,Wholesale,136
8729a5620ffffff,Agriculture,20
8729a5620ffffff,Art/Culture,138
8729a5620ffffff,Business Support,125
8729a5620ffffff,Construction,418
8729a5620ffffff,Education,175
8729a5620ffffff,Energy,16
8729a5620ffffff,Financial,148
8729a5620ffffff,Health,249
8729a5620ffffff,Hospitality,274
8729a5620ffffff,Information,109
8729a5620ffffff,Manufacturing,59
8729a5620ffffff,Professional Service,237
8729a5620ffffff,Public Administration,93
8729a5620ffffff,Real Estate,70
8729a5620ffffff,Retail,439
8729a5620ffffff,Transportation,891
8729a5620ffffff,Wholesale,25
8729a5621ffffff,Agriculture,3
8729a5621ffffff,Art/Culture,166
8729a5621ffffff,Business Support,88
8729a5621ffffff,Construction,161
8729a5621ffffff,Education,554
8729a5621ffffff,Energy,14
8729a5621ffffff,Financial,72
8729a5621ffffff,Health,970
8729a5621ffffff,Hospitality,307
8729a5621ffffff,Information,75
8729a5621ffffff,Manufacturing,104
8729a5621ffffff,Professional Service,181
8729a5621ffffff,Public Administration,231
8729a5621ffffff,Real Estate,88
8729a5621ffffff,Retail,266
8729a5621ffffff,Transportation,296
8729a5621ffffff,Wholesale,80
8729a5623ffffff,Agriculture,57
8729a5623ffffff,Art/Culture,181
8729a5623ffffff,Business Support,336
8729a5623ffffff,Construction,661
8729a5623ffffff,Corporate,14
8729a5623ffffff,Education,691
8729a5623ffffff,Energy,48
8729a5623ffffff,Financial,179
8729a5623ffffff,Health,1082
8729a5623ffffff,Hospitality,643
8729a5623ffffff,Information,172
8729a5623ffffff,Manufacturing,152
8729a5623ffffff,Professional Service,359
8729a5623ffffff,Public Administration,473
8729a5623ffffff,Real Estate,151
8729a5623ffffff,Retail,790
8729a5623ffffff,Transportation,605
8729a5623ffffff,Wholesale,298
8729a5625ffffff,Art/Culture,3
8729a5625ffffff,Education,11
8729a5625ffffff,Energy,2
8729a5625ffffff,Financial,8
8729a5625ffffff,Health,30
8729a5625ffffff,Hospitality,1
8729a5625ffffff,Information,13
8729a5625ffffff,Manufacturing,4
8729a5625ffffff,Professional Service,5
8729a5625ffffff,Public Administration,4
8729a5625ffffff,Real Estate,30
8729a5625ffffff,Retail,6
8729a5625ffffff,Transportation,3
8729a5625ffffff,Wholesale,1
8729a5628ffffff,Agriculture,1
8729a5628ffffff,Education,60
8729a5628ffffff,Energy,3
8729a5628ffffff,Health,57
8729a5628ffffff,Manufacturing,10
8729a5628ffffff,Public Administration,20
8729a5628ffffff,Transportation,4
8729a5628ffffff,Wholesale,6
8729a5629ffffff,Agriculture,3
8729a5629ffffff,Art/Culture,109
8729a5629ffffff,Business Support,152
8729a5629ffffff,Construction,31
8729a5629ffffff,Corporate,3
8729a5629ffffff,Education,234
8729a5629ffffff,Energy,10
8729a5629ffffff,Financial,126
8729a5629ffffff,Health,502
8729a5629ffffff,Hospitality,348
8729a5629ffffff,Information,92
8729a5629ffffff,Manufacturing,78
8729a5629ffffff,Professional Service,400
8729a5629ffffff,Public Administration,89
8729a5629ffffff,Real Estate,98
8729a5629ffffff,Retail,184
8729a5629ffffff,Transportation,146
8729a5629ffffff,Wholesale,81
8729a562affffff,Agriculture,8
8729a562affffff,Art/Culture,26
8729a562affffff,Business Support,124
8729a562affffff,Construction,112
8729a562affffff,Corporate,6
8729a562affffff,Education,297
8729a562affffff,Energy,4
8729a562affffff,Financial,35
8729a562affffff,Health,230
8729a562affffff,Hospitality,120
8729a562affffff,Information,41
8729a562affffff,Manufacturing,72
8729a562affffff,Professional Service,154
8729a562affffff,Public Administration,90
8729a562affffff,Real Estate,47
8729a562affffff,Retail,120
8729a562affffff,Transportation,118
8729a562affffff,Wholesale,48
8729a562bffffff,Agriculture,20
8729a562bffffff,Art/Culture,60
8729a562bffffff,Business Support,115
8729a562bffffff,Construction,107
8729a562bffffff,Corporate,9
8729a562bffffff,Education,229
8729a562bffffff,Energy,15
8729a562bffffff,Financial,61
8729a562bffffff,Health,206
8729a562bffffff,Hospitality,165
8729a562bffffff,Information,70
8729a562bffffff,Manufacturing,38
8729a562bffffff,Professional Service,184
8729a562bffffff,Public Administration,96
8729a562bffffff,Real Estate,183
8729a562bffffff,Retail,177
8729a562bffffff,Transportation,81
8729a562bffffff,Wholesale,62
8729a5650ffffff,Agriculture,22
8729a5650ffffff,Art/Culture,353
8729a5650ffffff,Business Support,386
8729a5650ffffff,Construction,1132
8729a5650ffffff,Corporate,5
8729a5650ffffff,Education,493
8729a5650ffffff,Energy,62
8729a5650ffffff,Financial,262
8729a5650ffffff,Health,565
8729a5650ffffff,Hospitality,895
8729a5650ffffff,Information,179
8729a5650ffffff,Manufacturing,586
8729a5650ffffff,Professional Service,894
8729a5650ffffff,Public Administration,216
8729a5650ffffff,Real Estate,198
8729a5650ffffff,Retail,1323
8729a5650ffffff,Transportation,1039
8729a5650ffffff,Wholesale,462
8729a5651ffffff,Agriculture,29
8729a5651ffffff,Art/Culture,341
8729a5651ffffff,Business Support,300
8729a5651ffffff,Construction,502
8729a5651ffffff,Corporate,4
8729a5651ffffff,Education,992
8729a5651ffffff,Energy,22
8729a5651ffffff,Financial,343
8729a5651ffffff,Health,1325
8729a5651ffffff,Hospitality,512
8729a5651ffffff,Information,474
8729a5651ffffff,Manufacturing,402
8729a5651ffffff,Professional Service,1620
8729a5651ffffff,Public Administration,430
8729a5651ffffff,Real Estate,356
8729a5651ffffff,Retail,787
8729a5651ffffff,Transportation,268
8729a5651ffffff,Wholesale,170
8729a5652ffffff,Agriculture,27
8729a5652ffffff,Art/Culture,587
8729a5652ffffff,Business Support,615
8729a5652ffffff,Construction,699
8729a5652ffffff,Corporate,7
8729a5652ffffff,Education,1550
8729a5652ffffff,Energy,49
8729a5652ffffff,Financial,519
8729a5652ffffff,Health,2378
8729a5652ffffff,Hospitality,1760
8729a5652ffffff,Information,445
8729a5652ffffff,Manufacturing,1354
8729a5652ffffff,Professional Service,1201
8729a5652ffffff,Public Administration,545
8729a5652ffffff,Real Estate,244
8729a5652ffffff,Retail,2044
8729a5652ffffff,Transportation,1100
8729a5652ffffff,Wholesale,548
8729a5653ffffff,Agriculture,97
8729a5653ffffff,Art/Culture,190
8729a5653ffffff,Business Support,487
8729a5653ffffff,Construction,783
8729a5653ffffff,Corporate,16
8729a5653ffffff,Education,708
8729a5653ffffff,Energy,78
8729a5653ffffff,Financial,312
8729a5653ffffff,Health,898
8729a5653ffffff,Hospitality,677
8729a5653ffffff,Information,372
8729a5653ffffff,Manufacturing,5025
8729a5653ffffff,Professional Service,985
8729a5653ffffff,Public Administration,371
8729a5653ffffff,Real Estate,232
8729a5653ffffff,Retail,1088
8729a5653ffffff,Transportation,718
8729a5653ffffff,Wholesale,482
8729a5654ffffff,Agriculture,50
8729a5654ffffff,Art/Culture,375
8729a5654ffffff,Business Support,495
8729a5654ffffff,Construction,305
8729a5654ffffff,Corporate,14
8729a5654ffffff,Education,1695
8729a5654ffffff,Energy,169
8729a5654ffffff,Financial,432
8729a5654ffffff,Health,2896
8729a5654ffffff,Hospitality,1466
8729a5654ffffff,Information,270
8729a5654ffffff,Manufacturing,758
8729a5654ffffff,Professional Service,1141
8729a5654ffffff,Public Administration,168
8729a5654ffffff,Real Estate,132
8729a5654ffffff,Retail,1074
8729a5654ffffff,Transportation,953
8729a5654ffffff,Wholesale,722
8729a5655ffffff,Agriculture,30
8729a5655ffffff,Art/Culture,371
8729a5655ffffff,Business Support,195
8729a5655ffffff,Construction,546
8729a5655ffffff,Corporate,10
8729a5655ffffff,Education,733
8729a5655ffffff,Energy,38
8729a5655ffffff,Financial,265
8729a5655ffffff,Health,826
8729a5655ffffff,Hospitality,618
8729a5655ffffff,Information,189
8729a5655ffffff,Manufacturing,240
8729a5655ffffff,Professional Service,931
8729a5655ffffff,Public Administration,406
8729a5655ffffff,Real Estate,347
8729a5655ffffff,Retail,572
8729a5655ffffff,Transportation,422
8729a5655ffffff,Wholesale,219
8729a5656ffffff,Agriculture,36
8729a5656ffffff,Art/Culture,59
8729a5656ffffff,Business Support,572
8729a5656ffffff,Construction,520
8729a5656ffffff,Corporate,12
8729a5656ffffff,Education,476
8729a5656ffffff,Energy,59
8729a5656ffffff,Financial,433
8729a5656ffffff,Health,493
8729a5656ffffff,Hospitality,258
8729a5656ffffff,Information,183
8729a5656ffffff,Manufacturing,1857
8729a5656ffffff,Professional Service,575
8729a5656ffffff,Public Administration,106
8729a5656ffffff,Real Estate,215
8729a5656ffffff,Retail,856
8729a5656ffffff,Transportation,493
8729a5656ffffff,Wholesale,253
8729a5658ffffff,Agriculture,50
8729a5658ffffff,Art/Culture,323
8729a5658ffffff,Business Support,294
8729a5658ffffff,Construction,974
8729a5658ffffff,Corporate,13
8729a5658ffffff,Education,221
8729a5658ffffff,Energy,26
8729a5658ffffff,Financial,343
8729a5658ffffff,Health,324
8729a5658ffffff,Hospitality,403
8729a5658ffffff,Information,424
8729a5658ffffff,Manufacturing,2512
8729a5658ffffff,Professional Service,915
8729a5658ffffff,Public Administration,333
8729a5658ffffff,Real Estate,185
8729a5658ffffff,Retail,498
8729a5658ffffff,Transportation,726
8729a5658ffffff,Wholesale,144
8729a5659ffffff,Agriculture,4
8729a5659ffffff,Art/Culture,15
8729a5659ffffff,Construction,2329
8729a5659ffffff,Education,16
8729a5659ffffff,Energy,970
8729a5659ffffff,Financial,14
8729a5659ffffff,Hospitality,84
8729a5659ffffff,Information,10
8729a5659ffffff,Manufacturing,39
8729a5659ffffff,Professional Service,19
8729a5659ffffff,Public Administration,55
8729a5659ffffff,Real Estate,8
8729a5659ffffff,Retail,570
8729a5659ffffff,Transportation,538
8729a5659ffffff,Wholesale,265
8729a565affffff,Agriculture,60
8729a565affffff,Art/Culture,285
8729a565affffff,Business Support,2610
8729a565affffff,Construction,162
8729a565affffff,Corporate,44
8729a565affffff,Education,569
8729a565affffff,Energy,156
8729a565affffff,Financial,1379
8729a565affffff,Health,44
8729a565affffff,Hospitality,1136
8729a565affffff,Information,3226
8729a565affffff,Manufacturing,9772
8729a565affffff,Professional Service,6979
8729a565affffff,Public Administration,679
8729a565affffff,Real Estate,209
8729a565affffff,Retail,1856
8729a565affffff,Transportation,706
8729a565affffff,Wholesale,29
8729a565cffffff,Agriculture,34
8729a565cffffff,Art/Culture,337
8729a565cffffff,Business Support,133
8729a565cffffff,Construction,309
8729a565cffffff,Corporate,2
8729a565cffffff,Education,411
8729a565cffffff,Energy,20
8729a565cffffff,Financial,269
8729a565cffffff,Health,500
8729a565cffffff,Hospitality,579
8729a565cffffff,Information,225
8729a565cffffff,Manufacturing,171
8729a565cffffff,Professional Service,747
8729a565cffffff,Public Administration,328
8729a565cffffff,Real Estate,160
8729a565cffffff,Retail,254
8729a565cffffff,Transportation,230
8729a565cffffff,Wholesale,130
8729a565effffff,Agriculture,78
8729a565effffff,Art/Culture,854
8729a565effffff,Business Support,2215
8729a565effffff,Construction,2149
8729a565effffff,Corporate,81
8729a565effffff,Education,823
8729a565effffff,Energy,141
8729a565effffff,Financial,2401
8729a565effffff,Health,1869
8729a565effffff,Hospitality,2032
8729a565effffff,Information,413
8729a565effffff,Manufacturing,7634
8729a565effffff,Professional Service,1033
8729a565effffff,Public Administration,1086
8729a565effffff,Real Estate,2053
8729a565effffff,Retail,2213
8729a565effffff,Transportation,2190
8729a565effffff,Wholesale,1441
8729a5670ffffff,Agriculture,6
8729a5670ffffff,Art/Culture,171
8729a5670ffffff,Business Support,143
8729a5670ffffff,Construction,440
8729a5670ffffff,Corporate,55
8729a5670ffffff,Education,97
8729a5670ffffff,Energy,5
8729a5670ffffff,Financial,104
8729a5670ffffff,Health,222
8729a5670ffffff,Hospitality,366
8729a5670ffffff,Information,114
8729a5670ffffff,Manufacturing,91
8729a5670ffffff,Professional Service,381
8729a5670ffffff,Public Administration,57
8729a5670ffffff,Real Estate,133
8729a5670ffffff,Retail,151
8729a5670ffffff,Transportation,125
8729a5670ffffff,Wholesale,95
8729a5672ffffff,Agriculture,15
8729a5672ffffff,Art/Culture,129
8729a5672ffffff,Business Support,263
8729a5672ffffff,Construction,207
8729a5672ffffff,Corporate,6
8729a5672ffffff,Education,1030
8729a5672ffffff,Energy,25
8729a5672ffffff,Financial,548
8729a5672ffffff,Health,3921
8729a5672ffffff,Hospitality,999
8729a5672ffffff,Information,203
8729a5672ffffff,Manufacturing,399
8729a5672ffffff,Professional Service,649
8729a5672ffffff,Public Administration,286
8729a5672ffffff,Real Estate,347
8729a5672ffffff,Retail,579
8729a5672ffffff,Transportation,484
8729a5672ffffff,Wholesale,142
8729a5673ffffff,Agriculture,53
8729a5673ffffff,Art/Culture,202
8729a5673ffffff,Business Support,221
8729a5673ffffff,Construction,321
8729a5673ffffff,Corporate,21
8729a5673ffffff,Education,412
8729a5673ffffff,Energy,44
8729a5673ffffff,Financial,231
8729a5673ffffff,Health,535
8729a5673ffffff,Hospitality,482
8729a5673ffffff,Information,220
8729a5673ffffff,Manufacturing,282
8729a5673ffffff,Professional Service,591
8729a5673ffffff,Public Administration,207
8729a5673ffffff,Real Estate,106
8729a5673ffffff,Retail,249
8729a5673ffffff,Transportation,225
8729a5673ffffff,Wholesale,158
8729a5674ffffff,Agriculture,6
8729a5674ffffff,Art/Culture,40
8729a5674ffffff,Business Support,65
8729a5674ffffff,Construction,81
8729a5674ffffff,Corporate,18
8729a5674ffffff,Education,234
8729a5674ffffff,Energy,7
8729a5674ffffff,Financial,103
8729a5674ffffff,Health,237
8729a5674ffffff,Hospitality,78
8729a5674ffffff,Information,53
8729a5674ffffff,Manufacturing,96
8729a5674ffffff,Professional Service,324
8729a5674ffffff,Public Administration,159
8729a5674ffffff,Real Estate,94
8729a5674ffffff,Retail,202
8729a5674ffffff,Transportation,56
8729a5674ffffff,Wholesale,48
8729a5675ffffff,Art/Culture,2
8729a5675ffffff,Business Support,5
8729a5675ffffff,Construction,6
8729a5675ffffff,Education,5
8729a5675ffffff,Financial,9
8729a5675ffffff,Health,17
8729a5675ffffff,Hospitality,28
8729a5675ffffff,Information,12
8729a5675ffffff,Manufacturing,16
8729a5675ffffff,Professional Service,27
8729a5675ffffff,Public Administration,10
8729a5675ffffff,Real Estate,16
8729a5675ffffff,Retail,15
8729a5675ffffff,Transportation,2
8729a5675ffffff,Wholesale,20
8729a5681ffffff,Agriculture,38
8729a5681ffffff,Art/Culture,217
8729a5681ffffff,Business Support,422
8729a5681ffffff,Construction,564
8729a5681ffffff,Corporate,31
8729a5681ffffff,Education,669
8729a5681ffffff,Energy,41
8729a5681ffffff,Financial,259
8729a5681ffffff,Health,1176
8729a5681ffffff,Hospitality,282
8729a5681ffffff,Information,133
8729a5681ffffff,Manufacturing,196
8729a5681ffffff,Professional Service,405
8729a5681ffffff,Public Administration,388
8729a5681ffffff,Real Estate,130
8729a5681ffffff,Retail,378
8729a5681ffffff,Transportation,359
8729a5681ffffff,Wholesale,133
8729a5682ffffff,Agriculture,28
8729a5682ffffff,Art/Culture,257
8729a5682ffffff,Business Support,578
8729a5682ffffff,Construction,290
8729a5682ffffff,Corporate,22
8729a5682ffffff,Education,985
8729a5682ffffff,Energy,104
8729a5682ffffff,Financial,637
8729a5682ffffff,Health,1571
8729a5682ffffff,Hospitality,723
8729a5682ffffff,Information,347
8729a5682ffffff,Manufacturing,751
8729a5682ffffff,Professional Service,955
8729a5682ffffff,Public Administration,502
8729a5682ffffff,Real Estate,109
8729a5682ffffff,Retail,1470
8729a5682ffffff,Transportation,569
8729a5682ffffff,Wholesale,395
8729a5683ffffff,Agriculture,53
8729a5683ffffff,Art/Culture,592
8729a5683ffffff,Business Support,769
8729a5683ffffff,Construction,819
8729a5683ffffff,Corporate,11
8729a5683ffffff,Education,2318
8729a5683ffffff,Energy,161
8729a5683ffffff,Financial,1017
8729a5683ffffff,Health,4309
8729a5683ffffff,Hospitality,2105
8729a5683ffffff,Information,430
8729a5683ffffff,Manufacturing,1254
8729a5683ffffff,Professional Service,1166
8729a5683ffffff,Public Administration,497
8729a5683ffffff,Real Estate,275
8729a5683ffffff,Retail,2990
8729a5683ffffff,Transportation,1344
8729a5683ffffff,Wholesale,619
8729a5684ffffff,Agriculture,1
8729a5684ffffff,Art/Culture,221
8729a5684ffffff,Business Support,90
8729a5684ffffff,Construction,92
8729a5684ffffff,Corporate,3
8729a5684ffffff,Education,288
8729a5684ffffff,Energy,27
8729a5684ffffff,Financial,66
8729a5684ffffff,Health,493
8729a5684ffffff,Hospitality,272
8729a5684ffffff,Information,64
8729a5684ffffff,Manufacturing,138
8729a5684ffffff,Professional Service,156
8729a5684ffffff,Public Administration,81
8729a5684ffffff,Real Estate,55
8729a5684ffffff,Retail,370
8729a5684ffffff,Transportation,175
8729a5684ffffff,Wholesale,132
8729a5685ffffff,Agriculture,18
8729a5685ffffff,Art/Culture,182
8729a5685ffffff,Business Support,135
8729a5685ffffff,Construction,240
8729a5685ffffff,Corporate,3
8729a5685ffffff,Education,419
8729a5685ffffff,Energy,40
8729a5685ffffff,Financial,100
8729a5685ffffff,Health,757
8729a5685ffffff,Hospitality,594
8729a5685ffffff,Information,68
8729a5685ffffff,Manufacturing,148
8729a5685ffffff,Professional Service,261
8729a5685ffffff,Public Administration,222
8729a5685ffffff,Real Estate,88
8729a5685ffffff,Retail,563
8729a5685ffffff,Transportation,343
8729a5685ffffff,Wholesale,130
8729a5686ffffff,Agriculture,2
8729a5686ffffff,Art/Culture,140
8729a5686ffffff,Business Support,103
8729a5686ffffff,Construction,115
8729a5686ffffff,Corporate,18
8729a5686ffffff,Education,324
8729a5686ffffff,Energy,17
8729a5686ffffff,Financial,84
8729a5686ffffff,Health,617
8729a5686ffffff,Hospitality,309
8729a5686ffffff,Information,67
8729a5686ffffff,Manufacturing,112
8729a5686ffffff,Professional Service,240
8729a5686ffffff,Public Administration,186
8729a5686ffffff,Real Estate,53
8729a5686ffffff,Retail,170
8729a5686ffffff,Transportation,196
8729a5686ffffff,Wholesale,119
8729a5688ffffff,Agriculture,18
8729a5688ffffff,Art/Culture,125
8729a5688ffffff,Business Support,300
8729a5688ffffff,Construction,523
8729a5688ffffff,Corporate,8
8729a5688ffffff,Education,1212
8729a5688ffffff,Energy,42
8729a5688ffffff,Financial,179
8729a5688ffffff,Health,2239
8729a5688ffffff,Hospitality,451
8729a5688ffffff,Information,71
8729a5688ffffff,Manufacturing,404
8729a5688ffffff,Professional Service,283
8729a5688ffffff,Public Administration,268
8729a5688ffffff,Real Estate,163
8729a5688ffffff,Retail,666
8729a5688ffffff,Transportation,502
8729a5688ffffff,Wholesale,395
8729a5689ffffff,Agriculture,27
8729a5689ffffff,Art/Culture,143
8729a5689ffffff,Business Support,395
8729a5689ffffff,Construction,489
8729a5689ffffff,Corporate,4
8729a5689ffffff,Education,494
8729a5689ffffff,Energy,53
8729a5689ffffff,Financial,148
8729a5689ffffff,Health,485
8729a5689ffffff,Hospitality,307
8729a5689ffffff,Information,125
8729a5689ffffff,Manufacturing,1623
8729a5689ffffff,Professional Service,274
8729a5689ffffff,Public Administration,264
8729a5689ffffff,Real Estate,120
8729a5689ffffff,Retail,596
8729a5689ffffff,Transportation,402
8729a5689ffffff,Wholesale,263
8729a568affffff,Agriculture,39
8729a568affffff,Art/Culture,272
8729a568affffff,Business Support,355
8729a568affffff,Construction,703
8729a568affffff,Corporate,17
8729a568affffff,Education,2185
8729a568affffff,Energy,118
8729a568affffff,Financial,262
8729a568affffff,Health,3952
8729a568affffff,Hospitality,785
8729a568affffff,Information,155
8729a568affffff,Manufacturing,1507
8729a568affffff,Professional Service,277
8729a568affffff,Public Administration,649
8729a568affffff,Real Estate,156
8729a568affffff,Retail,1735
8729a568affffff,Transportation,1520
8729a568affffff,Wholesale,468
8729a568bffffff,Agriculture,22
8729a568bffffff,Art/Culture,177
8729a568bffffff,Business Support,228
8729a568bffffff,Construction,448
8729a568bffffff,Education,1205
8729a568bffffff,Energy,19
8729a568bffffff,Financial,141
8729a568bffffff,Health,1293
8729a568bffffff,Hospitality,528
8729a568bffffff,Information,46
8729a568bffffff,Manufacturing,597
8729a568bffffff,Professional Service,170
8729a568bffffff,Public Administration,310
8729a568bffffff,Real Estate,48
8729a568bffffff,Retail,528
8729a568bffffff,Transportation,241
8729a568bffffff,Wholesale,148
8729a568cffffff,Agriculture,28
8729a568cffffff,Art/Culture,202
8729a568cffffff,Business Support,229
8729a568cffffff,Construction,366
8729a568cffffff,Corporate,5
8729a568cffffff,Education,744
8729a568cffffff,Energy,97
8729a568cffffff,Financial,134
8729a568cffffff,Health,1371
8729a568cffffff,Hospitality,829
8729a568cffffff,Information,45
8729a568cffffff,Manufacturing,568
8729a568cffffff,Professional Service,187
8729a568cffffff,Public Administration,266
8729a568cffffff,Real Estate,102
8729a568cffffff,Retail,1028
8729a568cffffff,Transportation,534
8729a568cffffff,Wholesale,291
8729a568dffffff,Agriculture,67
8729a568dffffff,Art/Culture,134
8729a568dffffff,Business Support,477
8729a568dffffff,Construction,1463
8729a568dffffff,Corporate,12
8729a568dffffff,Education,748
8729a568dffffff,Energy,68
8729a568dffffff,Financial,225
8729a568dffffff,Health,1259
8729a568dffffff,Hospitality,501
8729a568dffffff,Information,122
8729a568dffffff,Manufacturing,3400
8729a568dffffff,Professional Service,470
8729a568dffffff,Public Administration,410
8729a568dffffff,Real Estate,181
8729a568dffffff,Retail,1416
8729a568dffffff,Transportation,845
8729a568dffffff,Wholesale,361
8729a568effffff,Agriculture,4
8729a568effffff,Art/Culture,101
8729a568effffff,Business Support,115
8729a568effffff,Construction,243
8729a568effffff,Education,275
8729a568effffff,Energy,13
8729a568effffff,Financial,102
8729a568effffff,Health,501
8729a568effffff,Hospitality,325
8729a568effffff,Information,39
8729a568effffff,Manufacturing,147
8729a568effffff,Professional Service,170
8729a568effffff,Public Administration,306
8729a568effffff,Real Estate,118
8729a568effffff,Retail,348
8729a568effffff,Transportation,195
8729a568effffff,Wholesale,92
8729a5690ffffff,Agriculture,35
8729a5690ffffff,Art/Culture,72
8729a5690ffffff,Business Support,594
8729a5690ffffff,Construction,469
8729a5690ffffff,Corporate,16
8729a5690ffffff,Education,49
8729a5690ffffff,Energy,188
8729a5690ffffff,Financial,322
8729a5690ffffff,Health,53
8729a5690ffffff,Hospitality,161
8729a5690ffffff,Information,173
8729a5690ffffff,Manufacturing,2935
8729a5690ffffff,Professional Service,439
8729a5690ffffff,Public Administration,94
8729a5690ffffff,Real Estate,173
8729a5690ffffff,Retail,2797
8729a5690ffffff,Transportation,1249
8729a5690ffffff,Wholesale,1200
8729a5691ffffff,Agriculture,29
8729a5691ffffff,Art/Culture,74
8729a5691ffffff,Business Support,350
8729a5691ffffff,Construction,292
8729a5691ffffff,Corporate,6
8729a5691ffffff,Education,206
8729a5691ffffff,Energy,284
8729a5691ffffff,Financial,321
8729a5691ffffff,Health,262
8729a5691ffffff,Hospitality,190
8729a5691ffffff,Information,178
8729a5691ffffff,Manufacturing,3557
8729a5691ffffff,Professional Service,472
8729a5691ffffff,Public Administration,267
8729a5691ffffff,Real Estate,239
8729a5691ffffff,Retail,2402
8729a5691ffffff,Transportation,2313
8729a5691ffffff,Wholesale,1579
8729a5692ffffff,Agriculture,4
8729a5692ffffff,Art/Culture,160
8729a5692ffffff,Business Support,97
8729a5692ffffff,Construction,218
8729a5692ffffff,Corporate,18
8729a5692ffffff,Education,132
8729a5692ffffff,Energy,27
8729a5692ffffff,Financial,93
8729a5692ffffff,Health,260
8729a5692ffffff,Hospitality,394
8729a5692ffffff,Information,60
8729a5692ffffff,Manufacturing,437
8729a5692ffffff,Professional Service,192
8729a5692ffffff,Public Administration,173
8729a5692ffffff,Real Estate,58
8729a5692ffffff,Retail,375
8729a5692ffffff,Transportation,565
8729a5692ffffff,Wholesale,98
8729a5695ffffff,Agriculture,16
8729a5695ffffff,Art/Culture,171
8729a5695ffffff,Business Support,460
8729a5695ffffff,Construction,260
8729a5695ffffff,Corporate,17
8729a5695ffffff,Education,201
8729a5695ffffff,Energy,59
8729a5695ffffff,Financial,283
8729a5695ffffff,Health,368
8729a5695ffffff,Hospitality,268
8729a5695ffffff,Information,111
8729a5695ffffff,Manufacturing,758
8729a5695ffffff,Professional Service,551
8729a5695ffffff,Public Administration,252
8729a5695ffffff,Real Estate,391
8729a5695ffffff,Retail,768
8729a5695ffffff,Transportation,398
8729a5695ffffff,Wholesale,201
8729a5698ffffff,Agriculture,109
8729a5698ffffff,Art/Culture,133
8729a5698ffffff,Business Support,539
8729a5698ffffff,Construction,807
8729a5698ffffff,Corporate,3
8729a5698ffffff,Education,1225
8729a5698ffffff,Energy,71
8729a5698ffffff,Financial,205
8729a5698ffffff,Health,2222
8729a5698ffffff,Hospitality,365
8729a5698ffffff,Information,96
8729a5698ffffff,Manufacturing,643
8729a5698ffffff,Professional Service,492
8729a5698ffffff,Public Administration,805
8729a5698ffffff,Real Estate,199
8729a5698ffffff,Retail,742
8729a5698ffffff,Transportation,471
8729a5698ffffff,Wholesale,197
8729a5699ffffff,Agriculture,9
8729a5699ffffff,Art/Culture,115
8729a5699ffffff,Business Support,104
8729a5699ffffff,Construction,162
8729a5699ffffff,Corporate,1
8729a5699ffffff,Education,428
8729a5699ffffff,Energy,37
8729a5699ffffff,Financial,93
8729a5699ffffff,Health,475
8729a5699ffffff,Hospitality,343
8729a5699ffffff,Information,35
8729a5699ffffff,Manufacturing,341
8729a5699ffffff,Professional Service,213
8729a5699ffffff,Public Administration,95
8729a5699ffffff,Real Estate,27
8729a5699ffffff,Retail,631
8729a5699ffffff,Transportation,394
8729a5699ffffff,Wholesale,133
8729a569affffff,Agriculture,88
8729a569affffff,Art/Culture,142
8729a569affffff,Business Support,504
8729a569affffff,Construction,1408
8729a569affffff,Corporate,16
8729a569affffff,Education,386
8729a569affffff,Energy,115
8729a569affffff,Financial,308
8729a569affffff,Health,625
8729a569affffff,Hospitality,286
8729a569affffff,Information,107
8729a569affffff,Manufacturing,1765
8729a569affffff,Professional Service,292
8729a569affffff,Public Administration,355
8729a569affffff,Real Estate,105
8729a569affffff,Retail,960
8729a569affffff,Transportation,315
8729a569affffff,Wholesale,527
8729a569bffffff,Agriculture,153
8729a569bffffff,Art/Culture,30
8729a569bffffff,Business Support,988
8729a569bffffff,Construction,3704
8729a569bffffff,Corporate,21
8729a569bffffff,Education,503
8729a569bffffff,Energy,151
8729a569bffffff,Financial,467
8729a569bffffff,Health,1099
8729a569bffffff,Hospitality,129
8729a569bffffff,Information,269
8729a569bffffff,Manufacturing,3371
8729a569bffffff,Professional Service,870
8729a569bffffff,Public Administration,483
8729a569bffffff,Real Estate,228
8729a569bffffff,Retail,2156
8729a569bffffff,Transportation,1576
8729a569bffffff,Wholesale,888
8729a569cffffff,Agriculture,8
8729a569cffffff,Art/Culture,36
8729a569cffffff,Business Support,239
8729a569cffffff,Construction,189
8729a569cffffff,Corporate,2
8729a569cffffff,Education,467
8729a569cffffff,Energy,25
8729a569cffffff,Financial,145
8729a569cffffff,Health,1057
8729a569cffffff,Hospitality,145
8729a569cffffff,Information,65
8729a569cffffff,Manufacturing,246
8729a569cffffff,Professional Service,171
8729a569cffffff,Public Administration,201
8729a569cffffff,Real Estate,73
8729a569cffffff,Retail,540
8729a569cffffff,Transportation,301
8729a569cffffff,Wholesale,172
8729a569dffffff,Agriculture,29
8729a569dffffff,Art/Culture,127
8729a569dffffff,Business Support,166
8729a569dffffff,Construction,559
8729a569dffffff,Corporate,1
8729a569dffffff,Education,404
8729a569dffffff,Energy,47
8729a569dffffff,Financial,189
8729a569dffffff,Health,1028
8729a569dffffff,Hospitality,412
8729a569dffffff,Information,64
8729a569dffffff,Manufacturing,123
8729a569dffffff,Professional Service,204
8729a569dffffff,Public Administration,169
8729a569dffffff,Real Estate,54
8729a569dffffff,Retail,599
8729a569dffffff,Transportation,124
8729a569dffffff,Wholesale,213
8729a56a0ffffff,Agriculture,10
8729a56a0ffffff,Art/Culture,254
8729a56a0ffffff,Business Support,199
8729a56a0ffffff,Construction,296
8729a56a0ffffff,Corporate,11
8729a56a0ffffff,Education,642
8729a56a0ffffff,Energy,74
8729a56a0ffffff,Financial,166
8729a56a0ffffff,Health,650
8729a56a0ffffff,Hospitality,817
8729a56a0ffffff,Information,136
8729a56a0ffffff,Manufacturing,205
8729a56a0ffffff,Professional Service,399
8729a56a0ffffff,Public Administration,174
8729a56a0ffffff,Real Estate,70
8729a56a0ffffff,Retail,801
8729a56a0ffffff,Transportation,433
8729a56a0ffffff,Wholesale,268
8729a56a1ffffff,Agriculture,4
8729a56a1ffffff,Art/Culture,90
8729a56a1ffffff,Business Support,1423
8729a56a1ffffff,Construction,59
8729a56a1ffffff,Corporate,20
8729a56a1ffffff,Education,447
8729a56a1ffffff,Energy,66
8729a56a1ffffff,Financial,991
8729a56a1ffffff,Health,651
8729a56a1ffffff,Hospitality,223
8729a56a1ffffff,Information,250
8729a56a1ffffff,Manufacturing,1203
8729a56a1ffffff,Professional Service,948
8729a56a1ffffff,Public Administration,67
8729a56a1ffffff,Real Estate,39
8729a56a1ffffff,Retail,706
8729a56a1ffffff,Transportation,406
8729a56a1ffffff,Wholesale,35
8729a56a2ffffff,Art/Culture,68
8729a56a2ffffff,Business Support,49
8729a56a2ffffff,Construction,38
8729a56a2ffffff,Education,284
8729a56a2ffffff,Energy,29
8729a56a2ffffff,Financial,54
8729a56a2ffffff,Health,303
8729a56a2ffffff,Hospitality,134
8729a56a2ffffff,Information,28
8729a56a2ffffff,Manufacturing,146
8729a56a2ffffff,Professional Service,132
8729a56a2ffffff,Public Administration,180
8729a56a2ffffff,Real Estate,31
8729a56a2ffffff,Retail,229
8729a56a2ffffff,Transportation,79
8729a56a2ffffff,Wholesale,119
8729a56a3ffffff,Agriculture,13
8729a56a3ffffff,Art/Culture,222
8729a56a3ffffff,Business Support,237
8729a56a3ffffff,Construction,256
8729a56a3ffffff,Corporate,3
8729a56a3ffffff,Education,676
8729a56a3ffffff,Energy,49
8729a56a3ffffff,Financial,324
8729a56a3ffffff,Health,885
8729a56a3ffffff,Hospitality,510
8729a56a3ffffff,Information,126
8729a56a3ffffff,Manufacturing,510
8729a56a3ffffff,Professional Service,402
8729a56a3ffffff,Public Administration,258
8729a56a3ffffff,Real Estate,81
8729a56a3ffffff,Retail,807
8729a56a3ffffff,Transportation,463
8729a56a3ffffff,Wholesale,180
8729a56a4ffffff,Agriculture,79
8729a56a4ffffff,Art/Culture,1186
8729a56a4ffffff,Business Support,1001
8729a56a4ffffff,Construction,1148
8729a56a4ffffff,Corporate,21
8729a56a4ffffff,Education,5278
8729a56a4ffffff,Energy,138
8729a56a4ffffff,Financial,1112
8729a56a4ffffff,Health,6834
8729a56a4ffffff,Hospitality,3214
8729a56a4ffffff,Information,819
8729a56a4ffffff,Manufacturing,2013
8729a56a4ffffff,Professional Service,2451
8729a56a4ffffff,Public Administration,1039
8729a56a4ffffff,Real Estate,579
8729a56a4ffffff,Retail,4147
8729a56a4ffffff,Transportation,1622
8729a56a4ffffff,Wholesale,750
8729a56a5ffffff,Agriculture,19
8729a56a5ffffff,Art/Culture,314
8729a56a5ffffff,Business Support,658
8729a56a5ffffff,Construction,463
8729a56a5ffffff,Corporate,12
8729a56a5ffffff,Education,1545
8729a56a5ffffff,Energy,121
8729a56a5ffffff,Financial,398
8729a56a5ffffff,Health,2199
8729a56a5ffffff,Hospitality,537
8729a56a5ffffff,Information,272
8729a56a5ffffff,Manufacturing,550
8729a56a5ffffff,Professional Service,957
8729a56a5ffffff,Public Administration,238
8729a56a5ffffff,Real Estate,199
8729a56a5ffffff,Retail,1036
8729a56a5ffffff,Transportation,568
8729a56a5ffffff,Wholesale,375
8729a56a6ffffff,Agriculture,4
8729a56a6ffffff,Art/Culture,101
8729a56a6ffffff,Business Support,100
8729a56a6ffffff,Construction,180
8729a56a6ffffff,Corporate,2
8729a56a6ffffff,Education,294
8729a56a6ffffff,Energy,15
8729a56a6ffffff,Financial,126
8729a56a6ffffff,Health,348
8729a56a6ffffff,Hospitality,123
8729a56a6ffffff,Information,58
8729a56a6ffffff,Manufacturing,67
8729a56a6ffffff,Professional Service,280
8729a56a6ffffff,Public Administration,71
8729a56a6ffffff,Real Estate,54
8729a56a6ffffff,Retail,75
8729a56a6ffffff,Transportation,492
8729a56a6ffffff,Wholesale,54
8729a56a8ffffff,Agriculture,41
8729a56a8ffffff,Art/Culture,50
8729a56a8ffffff,Business Support,190
8729a56a8ffffff,Construction,335
8729a56a8ffffff,Corporate,4
8729a56a8ffffff,Education,272
8729a56a8ffffff,Energy,41
8729a56a8ffffff,Financial,177
8729a56a8ffffff,Health,574
8729a56a8ffffff,Hospitality,110
8729a56a8ffffff,Information,43
8729a56a8ffffff,Manufacturing,392
8729a56a8ffffff,Professional Service,203
8729a56a8ffffff,Public Administration,170
8729a56a8ffffff,Real Estate,58
8729a56a8ffffff,Retail,255
8729a56a8ffffff,Transportation,178
8729a56a8ffffff,Wholesale,107
8729a56a9ffffff,Agriculture,18
8729a56a9ffffff,Art/Culture,112
8729a56a9ffffff,Business Support,154
8729a56a9ffffff,Construction,118
8729a56a9ffffff,Corporate,1
8729a56a9ffffff,Education,315
8729a56a9ffffff,Energy,37
8729a56a9ffffff,Financial,75
8729a56a9ffffff,Health,845
8729a56a9ffffff,Hospitality,412
8729a56a9ffffff,Information,85
8729a56a9ffffff,Manufacturing,528
8729a56a9ffffff,Professional Service,184
8729a56a9ffffff,Public Administration,157
8729a56a9ffffff,Real Estate,70
8729a56a9ffffff,Retail,561
8729a56a9ffffff,Transportation,205
8729a56a9ffffff,Wholesale,467
8729a56aaffffff,Agriculture,29
8729a56aaffffff,Art/Culture,172
8729a56aaffffff,Business Support,315
8729a56aaffffff,Construction,319
8729a56aaffffff,Corporate,18
8729a56aaffffff,Education,840
8729a56aaffffff,Energy,69
8729a56aaffffff,Financial,175
8729a56aaffffff,Health,1160
8729a56aaffffff,Hospitality,867
8729a56aaffffff,Information,56
8729a56aaffffff,Manufacturing,284
8729a56aaffffff,Professional Service,309
8729a56aaffffff,Public Administration,314
8729a56aaffffff,Real Estate,60
8729a56aaffffff,Retail,1012
8729a56aaffffff,Transportation,862
8729a56aaffffff,Wholesale,338
8729a56abffffff,Agriculture,45
8729a56abffffff,Art/Culture,52
8729a56abffffff,Business Support,294
8729a56abffffff,Construction,1324
8729a56abffffff,Corporate,2
8729a56abffffff,Education,490
8729a56abffffff,Energy,48
8729a56abffffff,Financial,162
8729a56abffffff,Health,1058
8729a56abffffff,Hospitality,155
8729a56abffffff,Information,64
8729a56abffffff,Manufacturing,893
8729a56abffffff,Professional Service,190
8729a56abffffff,Public Administration,266
8729a56abffffff,Real Estate,112
8729a56abffffff,Retail,628
8729a56abffffff,Transportation,521
8729a56abffffff,Wholesale,343
8729a56acffffff,Agriculture,156
8729a56acffffff,Art/Culture,260
8729a56acffffff,Business Support,184
8729a56acffffff,Construction,450
8729a56acffffff,Corporate,6
8729a56acffffff,Education,389
8729a56acffffff,Energy,59
8729a56acffffff,Financial,132
8729a56acffffff,Health,591
8729a56acffffff,Hospitality,378
8729a56acffffff,Information,204
8729a56acffffff,Manufacturing,1101
8729a56acffffff,Professional Service,920
8729a56acffffff,Public Administration,381
8729a56acffffff,Real Estate,246
8729a56acffffff,Retail,765
8729a56acffffff,Transportation,665
8729a56acffffff,Wholesale,237
8729a56adffffff,Agriculture,23
8729a56adffffff,Art/Culture,198
8729a56adffffff,Business Support,471
8729a56adffffff,Construction,665
8729a56adffffff,Corporate,7
8729a56adffffff,Education,578
8729a56adffffff,Energy,39
8729a56adffffff,Financial,274
8729a56adffffff,Health,1252
8729a56adffffff,Hospitality,266
8729a56adffffff,Information,221
8729a56adffffff,Manufacturing,144
8729a56adffffff,Professional Service,645
8729a56adffffff,Public Administration,338
8729a56adffffff,Real Estate,234
8729a56adffffff,Retail,410
8729a56adffffff,Transportation,236
8729a56adffffff,Wholesale,157
8729a56aeffffff,Agriculture,49
8729a56aeffffff,Art/Culture,1060
8729a56aeffffff,Business Support,832
8729a56aeffffff,Construction,808
8729a56aeffffff,Corporate,16
8729a56aeffffff,Education,2263
8729a56aeffffff,Energy,109
8729a56aeffffff,Financial,840
8729a56aeffffff,Health,3023
8729a56aeffffff,Hospitality,2274
8729a56aeffffff,Information,473
8729a56aeffffff,Manufacturing,1632
8729a56aeffffff,Professional Service,1393
8729a56aeffffff,Public Administration,582
8729a56aeffffff,Real Estate,312
8729a56aeffffff,Retail,3084
8729a56aeffffff,Transportation,1411
8729a56aeffffff,Wholesale,535
8729a56b1ffffff,Agriculture,25
8729a56b1ffffff,Art/Culture,537
8729a56b1ffffff,Business Support,244
8729a56b1ffffff,Construction,423
8729a56b1ffffff,Corporate,35
8729a56b1ffffff,Education,502
8729a56b1ffffff,Energy,33
8729a56b1ffffff,Financial,199
8729a56b1ffffff,Health,569
8729a56b1ffffff,Hospitality,1578
8729a56b1ffffff,Information,68
8729a56b1ffffff,Manufacturing,317
8729a56b1ffffff,Professional Service,355
8729a56b1ffffff,Public Administration,170
8729a56b1ffffff,Real Estate,91
8729a56b1ffffff,Retail,440
8729a56b1ffffff,Transportation,173
8729a56b1ffffff,Wholesale,149
8729a56c0ffffff,Agriculture,34
8729a56c0ffffff,Art/Culture,52
8729a56c0ffffff,Business Support,173
8729a56c0ffffff,Construction,253
8729a56c0ffffff,Education,535
8729a56c0ffffff,Energy,18
8729a56c0ffffff,Financial,41
8729a56c0ffffff,Health,919
8729a56c0ffffff,Hospitality,191
8729a56c0ffffff,Information,35
8729a56c0ffffff,Manufacturing,143
8729a56c0ffffff,Professional Service,52
8729a56c0ffffff,Public Administration,301
8729a56c0ffffff,Real Estate,28
8729a56c0ffffff,Retail,296
8729a56c0ffffff,Transportation,269
8729a56c0ffffff,Wholesale,132
8729a56c1ffffff,Agriculture,38
8729a56c1ffffff,Art/Culture,129
8729a56c1ffffff,Business Support,125
8729a56c1ffffff,Construction,386
8729a56c1ffffff,Corporate,1
8729a56c1ffffff,Education,473
8729a56c1ffffff,Energy,12
8729a56c1ffffff,Financial,68
8729a56c1ffffff,Health,1132
8729a56c1ffffff,Hospitality,524
8729a56c1ffffff,Information,42
8729a56c1ffffff,Manufacturing,157
8729a56c1ffffff,Professional Service,110
8729a56c1ffffff,Public Administration,238
8729a56c1ffffff,Real Estate,30
8729a56c1ffffff,Retail,294
8729a56c1ffffff,Transportation,185
8729a56c1ffffff,Wholesale,98
8729a56c2ffffff,Agriculture,24
8729a56c2ffffff,Art/Culture,29
8729a56c2ffffff,Business Support,255
8729a56c2ffffff,Construction,390
8729a56c2ffffff,Corporate,1
8729a56c2ffffff,Education,657
8729a56c2ffffff,Energy,5
8729a56c2ffffff,Financial,33
8729a56c2ffffff,Health,1100
8729a56c2ffffff,Hospitality,152
8729a56c2ffffff,Information,43
8729a56c2ffffff,Manufacturing,217
8729a56c2ffffff,Professional Service,86
8729a56c2ffffff,Public Administration,284
8729a56c2ffffff,Real Estate,52
8729a56c2ffffff,Retail,240
8729a56c2ffffff,Transportation,263
8729a56c2ffffff,Wholesale,128
8729a56c3ffffff,Agriculture,45
8729a56c3ffffff,Art/Culture,77
8729a56c3ffffff,Business Support,260
8729a56c3ffffff,Construction,525
8729a56c3ffffff,Education,665
8729a56c3ffffff,Energy,8
8729a56c3ffffff,Financial,79
8729a56c3ffffff,Health,1224
8729a56c3ffffff,Hospitality,485
8729a56c3ffffff,Information,60
8729a56c3ffffff,Manufacturing,341
8729a56c3ffffff,Professional Service,89
8729a56c3ffffff,Public Administration,245
8729a56c3ffffff,Real Estate,30
8729a56c3ffffff,Retail,466
8729a56c3ffffff,Transportation,391
8729a56c3ffffff,Wholesale,155
8729a56c4ffffff,Agriculture,28
8729a56c4ffffff,Art/Culture,12
8729a56c4ffffff,Business Support,97
8729a56c4ffffff,Construction,198
8729a56c4ffffff,Corporate,1
8729a56c4ffffff,Education,502
8729a56c4ffffff,Energy,29
8729a56c4ffffff,Financial,58
8729a56c4ffffff,Health,800
8729a56c4ffffff,Hospitality,137
8729a56c4ffffff,Information,31
8729a56c4ffffff,Manufacturing,1066
8729a56c4ffffff,Professional Service,107
8729a56c4ffffff,Public Administration,181
8729a56c4ffffff,Real Estate,13
8729a56c4ffffff,Retail,365
8729a56c4ffffff,Transportation,277
8729a56c4ffffff,Wholesale,77
8729a56c5ffffff,Agriculture,17
8729a56c5ffffff,Art/Culture,53
8729a56c5ffffff,Business Support,162
8729a56c5ffffff,Construction,471
8729a56c5ffffff,Education,428
8729a56c5ffffff,Energy,5
8729a56c5ffffff,Financial,65
8729a56c5ffffff,Health,696
8729a56c5ffffff,Hospitality,344
8729a56c5ffffff,Information,41
8729a56c5ffffff,Manufacturing,275
8729a56c5ffffff,Professional Service,103
8729a56c5ffffff,Public Administration,282
8729a56c5ffffff,Real Estate,136
8729a56c5ffffff,Retail,368
8729a56c5ffffff,Transportation,348
8729a56c5ffffff,Wholesale,149
8729a56c6ffffff,Agriculture,46
8729a56c6ffffff,Art/Culture,121
8729a56c6ffffff,Business Support,158
8729a56c6ffffff,Construction,665
8729a56c6ffffff,Education,1252
8729a56c6ffffff,Energy,26
8729a56c6ffffff,Financial,78
8729a56c6ffffff,Health,2170
8729a56c6ffffff,Hospitality,450
8729a56c6ffffff,Information,78
8729a56c6ffffff,Manufacturing,407
8729a56c6ffffff,Professional Service,152
8729a56c6ffffff,Public Administration,460
8729a56c6ffffff,Real Estate,31
8729a56c6ffffff,Retail,360
8729a56c6ffffff,Transportation,272
8729a56c6ffffff,Wholesale,186
8729a56c8ffffff,Agriculture,21
8729a56c8ffffff,Art/Culture,44
8729a56c8ffffff,Business Support,111
8729a56c8ffffff,Construction,508
8729a56c8ffffff,Corporate,3
8729a56c8ffffff,Education,436
8729a56c8ffffff,Energy,45
8729a56c8ffffff,Financial,85
8729a56c8ffffff,Health,804
8729a56c8ffffff,Hospitality,434
8729a56c8ffffff,Information,54
8729a56c8ffffff,Manufacturing,441
8729a56c8ffffff,Professional Service,113
8729a56c8ffffff,Public Administration,247
8729a56c8ffffff,Real Estate,71
8729a56c8ffffff,Retail,945
8729a56c8ffffff,Transportation,678
8729a56c8ffffff,Wholesale,287
8729a56c9ffffff,Agriculture,3
8729a56c9ffffff,Art/Culture,80
8729a56c9ffffff,Business Support,187
8729a56c9ffffff,Construction,297
8729a56c9ffffff,Corporate,1
8729a56c9ffffff,Education,483
8729a56c9ffffff,Energy,11
8729a56c9ffffff,Financial,216
8729a56c9ffffff,Health,832
8729a56c9ffffff,Hospitality,300
8729a56c9ffffff,Information,96
8729a56c9ffffff,Manufacturing,193
8729a56c9ffffff,Professional Service,259
8729a56c9ffffff,Public Administration,406
8729a56c9ffffff,Real Estate,54
8729a56c9ffffff,Retail,372
8729a56c9ffffff,Transportation,233
8729a56c9ffffff,Wholesale,105
8729a56caffffff,Agriculture,15
8729a56caffffff,Art/Culture,79
8729a56caffffff,Business Support,176
8729a56caffffff,Construction,467
8729a56caffffff,Education,725
8729a56caffffff,Energy,12
8729a56caffffff,Financial,107
8729a56caffffff,Health,1551
8729a56caffffff,Hospitality,382
8729a56caffffff,Information,87
8729a56caffffff,Manufacturing,455
8729a56caffffff,Professional Service,140
8729a56caffffff,Public Administration,149
8729a56caffffff,Real Estate,95
8729a56caffffff,Retail,591
8729a56caffffff,Transportation,303
8729a56caffffff,Wholesale,175
8729a56cbffffff,Agriculture,10
8729a56cbffffff,Art/Culture,76
8729a56cbffffff,Business Support,136
8729a56cbffffff,Construction,154
8729a56cbffffff,Corporate,4
8729a56cbffffff,Education,513
8729a56cbffffff,Energy,38
8729a56cbffffff,Financial,93
8729a56cbffffff,Health,1111
8729a56cbffffff,Hospitality,302
8729a56cbffffff,Information,79
8729a56cbffffff,Manufacturing,173
8729a56cbffffff,Professional Service,217
8729a56cbffffff,Public Administration,211
8729a56cbffffff,Real Estate,42
8729a56cbffffff,Retail,231
8729a56cbffffff,Transportation,278
8729a56cbffffff,Wholesale,96
8729a56ccffffff,Agriculture,16
8729a56ccffffff,Art/Culture,39
8729a56ccffffff,Business Support,165
8729a56ccffffff,Construction,205
8729a56ccffffff,Education,341
8729a56ccffffff,Energy,28
8729a56ccffffff,Financial,105
8729a56ccffffff,Health,834
8729a56ccffffff,Hospitality,177
8729a56ccffffff,Information,70
8729a56ccffffff,Manufacturing,90
8729a56ccffffff,Professional Service,123
8729a56ccffffff,Public Administration,166
8729a56ccffffff,Real Estate,23
8729a56ccffffff,Retail,311
8729a56ccffffff,Transportation,217
8729a56ccffffff,Wholesale,84
8729a56cdffffff,Agriculture,9
8729a56cdffffff,Art/Culture,81
8729a56cdffffff,Business Support,268
8729a56cdffffff,Construction,499
8729a56cdffffff,Corporate,4
8729a56cdffffff,Education,412
8729a56cdffffff,Energy,48
8729a56cdffffff,Financial,96
8729a56cdffffff,Health,1016
8729a56cdffffff,Hospitality,329
8729a56cdffffff,Information,74
8729a56cdffffff,Manufacturing,401
8729a56cdffffff,Professional Service,166
8729a56cdffffff,Public Administration,197
8729a56cdffffff,Real Estate,58
8729a56cdffffff,Retail,488
8729a56cdffffff,Transportation,548
8729a56cdffffff,Wholesale,91
8729a56ceffffff,Agriculture,15
8729a56ceffffff,Art/Culture,55
8729a56ceffffff,Business Support,123
8729a56ceffffff,Construction,454
8729a56ceffffff,Corporate,1
8729a56ceffffff,Education,432
8729a56ceffffff,Energy,16
8729a56ceffffff,Financial,82
8729a56ceffffff,Health,1007
8729a56ceffffff,Hospitality,290
8729a56ceffffff,Information,42
8729a56ceffffff,Manufacturing,103
8729a56ceffffff,Professional Service,75
8729a56ceffffff,Public Administration,206
8729a56ceffffff,Real Estate,49
8729a56ceffffff,Retail,302
8729a56ceffffff,Transportation,234
8729a56ceffffff,Wholesale,95
8729a56d0ffffff,Agriculture,19
8729a56d0ffffff,Art/Culture,157
8729a56d0ffffff,Business Support,206
8729a56d0ffffff,Construction,644
8729a56d0ffffff,Corporate,1
8729a56d0ffffff,Education,548
8729a56d0ffffff,Energy,93
8729a56d0ffffff,Financial,80
8729a56d0ffffff,Health,964
8729a56d0ffffff,Hospitality,757
8729a56d0ffffff,Information,83
8729a56d0ffffff,Manufacturing,1335
8729a56d0ffffff,Professional Service,147
8729a56d0ffffff,Public Administration,324
8729a56d0ffffff,Real Estate,65
8729a56d0ffffff,Retail,983
8729a56d0ffffff,Transportation,886
8729a56d0ffffff,Wholesale,512
8729a56d1ffffff,Agriculture,96
8729a56d1ffffff,Art/Culture,121
8729a56d1ffffff,Business Support,143
8729a56d1ffffff,Construction,433
8729a56d1ffffff,Education,704
8729a56d1ffffff,Energy,14
8729a56d1ffffff,Financial,43
8729a56d1ffffff,Health,1170
8729a56d1ffffff,Hospitality,724
8729a56d1ffffff,Information,43
8729a56d1ffffff,Manufacturing,239
8729a56d1ffffff,Professional Service,153
8729a56d1ffffff,Public Administration,322
8729a56d1ffffff,Real Estate,58
8729a56d1ffffff,Retail,698
8729a56d1ffffff,Transportation,417
8729a56d1ffffff,Wholesale,285
8729a56d2ffffff,Agriculture,29
8729a56d2ffffff,Art/Culture,404
8729a56d2ffffff,Business Support,155
8729a56d2ffffff,Construction,453
8729a56d2ffffff,Education,415
8729a56d2ffffff,Energy,40
8729a56d2ffffff,Financial,78
8729a56d2ffffff,Health,994
8729a56d2ffffff,Hospitality,1387
8729a56d2ffffff,Information,48
8729a56d2ffffff,Manufacturing,526
8729a56d2ffffff,Professional Service,151
8729a56d2ffffff,Public Administration,113
8729a56d2ffffff,Real Estate,27
8729a56d2ffffff,Retail,616
8729a56d2ffffff,Transportation,418
8729a56d2ffffff,Wholesale,202
8729a56d3ffffff,Agriculture,31
8729a56d3ffffff,Art/Culture,151
8729a56d3ffffff,Business Support,372
8729a56d3ffffff,Construction,428
8729a56d3ffffff,Corporate,5
8729a56d3ffffff,Education,701
8729a56d3ffffff,Energy,23
8729a56d3ffffff,Financial,169
8729a56d3ffffff,Health,1352
8729a56d3ffffff,Hospitality,746
8729a56d3ffffff,Information,68
8729a56d3ffffff,Manufacturing,592
8729a56d3ffffff,Professional Service,227
8729a56d3ffffff,Public Administration,221
8729a56d3ffffff,Real Estate,93
8729a56d3ffffff,Retail,943
8729a56d3ffffff,Transportation,473
8729a56d3ffffff,Wholesale,283
8729a56d4ffffff,Agriculture,24
8729a56d4ffffff,Art/Culture,57
8729a56d4ffffff,Business Support,126
8729a56d4ffffff,Construction,268
8729a56d4ffffff,Corporate,6
8729a56d4ffffff,Education,1274
8729a56d4ffffff,Energy,20
8729a56d4ffffff,Financial,55
8729a56d4ffffff,Health,2440
8729a56d4ffffff,Hospitality,283
8729a56d4ffffff,Information,56
8729a56d4ffffff,Manufacturing,122
8729a56d4ffffff,Professional Service,105
8729a56d4ffffff,Public Administration,130
8729a56d4ffffff,Real Estate,35
8729a56d4ffffff,Retail,410
8729a56d4ffffff,Transportation,257
8729a56d4ffffff,Wholesale,130
8729a56d5ffffff,Agriculture,16
8729a56d5ffffff,Art/Culture,110
8729a56d5ffffff,Business Support,300
8729a56d5ffffff,Construction,343
8729a56d5ffffff,Corporate,3
8729a56d5ffffff,Education,550
8729a56d5ffffff,Energy,53
8729a56d5ffffff,Financial,105
8729a56d5ffffff,Health,1040
8729a56d5ffffff,Hospitality,754
8729a56d5ffffff,Information,45
8729a56d5ffffff,Manufacturing,1307
8729a56d5ffffff,Professional Service,154
8729a56d5ffffff,Public Administration,226
8729a56d5ffffff,Real Estate,72
8729a56d5ffffff,Retail,884
8729a56d5ffffff,Transportation,779
8729a56d5ffffff,Wholesale,426
8729a56d6ffffff,Agriculture,49
8729a56d6ffffff,Art/Culture,88
8729a56d6ffffff,Business Support,172
8729a56d6ffffff,Construction,230
8729a56d6ffffff,Education,125
8729a56d6ffffff,Energy,88
8729a56d6ffffff,Financial,56
8729a56d6ffffff,Health,216
8729a56d6ffffff,Hospitality,289
8729a56d6ffffff,Information,59
8729a56d6ffffff,Manufacturing,1413
8729a56d6ffffff,Professional Service,131
8729a56d6ffffff,Public Administration,99
8729a56d6ffffff,Real Estate,65
8729a56d6ffffff,Retail,909
8729a56d6ffffff,Transportation,948
8729a56d6ffffff,Wholesale,416
8729a56d8ffffff,Agriculture,73
8729a56d8ffffff,Art/Culture,42
8729a56d8ffffff,Business Support,301
8729a56d8ffffff,Construction,1007
8729a56d8ffffff,Corporate,5
8729a56d8ffffff,Education,339
8729a56d8ffffff,Energy,37
8729a56d8ffffff,Financial,70
8729a56d8ffffff,Health,548
8729a56d8ffffff,Hospitality,312
8729a56d8ffffff,Information,65
8729a56d8ffffff,Manufacturing,4011
8729a56d8ffffff,Professional Service,154
8729a56d8ffffff,Public Administration,368
8729a56d8ffffff,Real Estate,33
8729a56d8ffffff,Retail,1720
8729a56d8ffffff,Transportation,925
8729a56d8ffffff,Wholesale,1452
8729a56d9ffffff,Agriculture,45
8729a56d9ffffff,Art/Culture,147
8729a56d9ffffff,Business Support,345
8729a56d9ffffff,Construction,1094
8729a56d9ffffff,Corporate,15
8729a56d9ffffff,Education,1102
8729a56d9ffffff,Energy,30
8729a56d9ffffff,Financial,163
8729a56d9ffffff,Health,2073
8729a56d9ffffff,Hospitality,724
8729a56d9ffffff,Information,152
8729a56d9ffffff,Manufacturing,2573
8729a56d9ffffff,Professional Service,319
8729a56d9ffffff,Public Administration,317
8729a56d9ffffff,Real Estate,154
8729a56d9ffffff,Retail,958
8729a56d9ffffff,Transportation,607
8729a56d9ffffff,Wholesale,595
8729a56daffffff,Agriculture,45
8729a56daffffff,Art/Culture,96
8729a56daffffff,Business Support,598
8729a56daffffff,Construction,1374
8729a56daffffff,Corporate,8
8729a56daffffff,Energy,475
8729a56daffffff,Financial,194
8729a56daffffff,Health,568
8729a56daffffff,Hospitality,582
8729a56daffffff,Information,122
8729a56daffffff,Manufacturing,7103
8729a56daffffff,Professional Service,341
8729a56daffffff,Public Administration,239
8729a56daffffff,Real Estate,213
8729a56daffffff,Retail,3437
8729a56daffffff,Transportation,2051
8729a56daffffff,Wholesale,1477
8729a56dbffffff,Agriculture,87
8729a56dbffffff,Art/Culture,69
8729a56dbffffff,Business Support,538
8729a56dbffffff,Construction,884
8729a56dbffffff,Corporate,7
8729a56dbffffff,Education,447
8729a56dbffffff,Energy,239
8729a56dbffffff,Financial,226
8729a56dbffffff,Health,850
8729a56dbffffff,Hospitality,608
8729a56dbffffff,Information,225
8729a56dbffffff,Manufacturing,5570
8729a56dbffffff,Professional Service,437
8729a56dbffffff,Public Administration,179
8729a56dbffffff,Real Estate,259
8729a56dbffffff,Retail,3313
8729a56dbffffff,Transportation,3985
8729a56dbffffff,Wholesale,596
8729a56dcffffff,Agriculture,51
8729a56dcffffff,Art/Culture,185
8729a56dcffffff,Business Support,330
8729a56dcffffff,Construction,427
8729a56dcffffff,Corporate,1
8729a56dcffffff,Education,606
8729a56dcffffff,Energy,71
8729a56dcffffff,Financial,51
8729a56dcffffff,Health,1213
8729a56dcffffff,Hospitality,506
8729a56dcffffff,Information,46
8729a56dcffffff,Manufacturing,1151
8729a56dcffffff,Professional Service,130
8729a56dcffffff,Public Administration,315
8729a56dcffffff,Real Estate,39
8729a56dcffffff,Retail,1121
8729a56dcffffff,Transportation,958
8729a56dcffffff,Wholesale,477
8729a56ddffffff,Agriculture,42
8729a56ddffffff,Art/Culture,114
8729a56ddffffff,Business Support,382
8729a56ddffffff,Construction,473
8729a56ddffffff,Corporate,7
8729a56ddffffff,Education,600
8729a56ddffffff,Energy,55
8729a56ddffffff,Financial,76
8729a56ddffffff,Health,1230
8729a56ddffffff,Hospitality,813
8729a56ddffffff,Information,61
8729a56ddffffff,Manufacturing,2646
8729a56ddffffff,Professional Service,97
8729a56ddffffff,Public Administration,275
8729a56ddffffff,Real Estate,74
8729a56ddffffff,Retail,1705
8729a56ddffffff,Transportation,1253
8729a56ddffffff,Wholesale,692
8729a56deffffff,Agriculture,57
8729a56deffffff,Art/Culture,289
8729a56deffffff,Business Support,1107
8729a56deffffff,Construction,1399
8729a56deffffff,Corporate,6
8729a56deffffff,Education,1242
8729a56deffffff,Energy,64
8729a56deffffff,Financial,306
8729a56deffffff,Health,2006
8729a56deffffff,Hospitality,1194
8729a56deffffff,Information,246
8729a56deffffff,Manufacturing,4033
8729a56deffffff,Professional Service,695
8729a56deffffff,Public Administration,506
8729a56deffffff,Real Estate,197
8729a56deffffff,Retail,2645
8729a56deffffff,Transportation,1518
8729a56deffffff,Wholesale,603
8729a56e0ffffff,Agriculture,11
8729a56e0ffffff,Art/Culture,212
8729a56e0ffffff,Business Support,471
8729a56e0ffffff,Construction,1717
8729a56e0ffffff,Corporate,9
8729a56e0ffffff,Education,559
8729a56e0ffffff,Energy,143
8729a56e0ffffff,Financial,193
8729a56e0ffffff,Health,678
8729a56e0ffffff,Hospitality,645
8729a56e0ffffff,Information,104
8729a56e0ffffff,Manufacturing,2028
8729a56e0ffffff,Professional Service,487
8729a56e0ffffff,Public Administration,211
8729a56e0ffffff,Real Estate,242
8729a56e0ffffff,Retail,1197
8729a56e0ffffff,Transportation,575
8729a56e0ffffff,Wholesale,958
8729a56e1ffffff,Agriculture,36
8729a56e1ffffff,Art/Culture,388
8729a56e1ffffff,Business Support,554
8729a56e1ffffff,Construction,497
8729a56e1ffffff,Corporate,14
8729a56e1ffffff,Education,1109
8729a56e1ffffff,Energy,57
8729a56e1ffffff,Financial,295
8729a56e1ffffff,Health,1639
8729a56e1ffffff,Hospitality,1262
8729a56e1ffffff,Information,245
8729a56e1ffffff,Manufacturing,818
8729a56e1ffffff,Professional Service,766
8729a56e1ffffff,Public Administration,455
8729a56e1ffffff,Real Estate,153
8729a56e1ffffff,Retail,1445
8729a56e1ffffff,Transportation,1228
8729a56e1ffffff,Wholesale,334
8729a56e2ffffff,Agriculture,133
8729a56e2ffffff,Art/Culture,24
8729a56e2ffffff,Business Support,483
8729a56e2ffffff,Construction,1351
8729a56e2ffffff,Corporate,11
8729a56e2ffffff,Education,150
8729a56e2ffffff,Energy,130
8729a56e2ffffff,Financial,134
8729a56e2ffffff,Health,286
8729a56e2ffffff,Hospitality,101
8729a56e2ffffff,Information,88
8729a56e2ffffff,Manufacturing,3955
8729a56e2ffffff,Professional Service,396
8729a56e2ffffff,Public Administration,159
8729a56e2ffffff,Real Estate,96
8729a56e2ffffff,Retail,1618
8729a56e2ffffff,Transportation,1301
8729a56e2ffffff,Wholesale,179
8729a56e3ffffff,Agriculture,37
8729a56e3ffffff,Art/Culture,290
8729a56e3ffffff,Business Support,434
8729a56e3ffffff,Construction,685
8729a56e3ffffff,Corporate,5
8729a56e3ffffff,Education,704
8729a56e3ffffff,Energy,56
8729a56e3ffffff,Financial,157
8729a56e3ffffff,Health,1210
8729a56e3ffffff,Hospitality,786
8729a56e3ffffff,Information,131
8729a56e3ffffff,Manufacturing,3555
8729a56e3ffffff,Professional Service,264
8729a56e3ffffff,Public Administration,238
8729a56e3ffffff,Real Estate,128
8729a56e3ffffff,Retail,990
8729a56e3ffffff,Transportation,945
8729a56e3ffffff,Wholesale,341
8729a56e4ffffff,Agriculture,64
8729a56e4ffffff,Art/Culture,90
8729a56e4ffffff,Business Support,1363
8729a56e4ffffff,Construction,919
8729a56e4ffffff,Corporate,34
8729a56e4ffffff,Education,594
8729a56e4ffffff,Energy,41
8729a56e4ffffff,Financial,1057
8729a56e4ffffff,Health,679
8729a56e4ffffff,Hospitality,404
8729a56e4ffffff,Information,126
8729a56e4ffffff,Manufacturing,1972
8729a56e4ffffff,Professional Service,1837
8729a56e4ffffff,Public Administration,209
8729a56e4ffffff,Real Estate,435
8729a56e4ffffff,Retail,1920
8729a56e4ffffff,Transportation,1295
8729a56e4ffffff,Wholesale,1001
8729a56e5ffffff,Agriculture,45
8729a56e5ffffff,Art/Culture,192
8729a56e5ffffff,Business Support,501
8729a56e5ffffff,Construction,688
8729a56e5ffffff,Corporate,11
8729a56e5ffffff,Education,375
8729a56e5ffffff,Energy,76
8729a56e5ffffff,Financial,237
8729a56e5ffffff,Health,888
8729a56e5ffffff,Hospitality,570
8729a56e5ffffff,Information,217
8729a56e5ffffff,Manufacturing,1781
8729a56e5ffffff,Professional Service,543
8729a56e5ffffff,Public Administration,135
8729a56e5ffffff,Real Estate,194
8729a56e5ffffff,Retail,1587
8729a56e5ffffff,Transportation,792
8729a56e5ffffff,Wholesale,574
8729a56e6ffffff,Agriculture,47
8729a56e6ffffff,Art/Culture,389
8729a56e6ffffff,Business Support,847
8729a56e6ffffff,Construction,423
8729a56e6ffffff,Corporate,12
8729a56e6ffffff,Education,1352
8729a56e6ffffff,Energy,85
8729a56e6ffffff,Financial,693
8729a56e6ffffff,Health,2092
8729a56e6ffffff,Hospitality,1258
8729a56e6ffffff,Information,470
8729a56e6ffffff,Manufacturing,1965
8729a56e6ffffff,Professional Service,918
8729a56e6ffffff,Public Administration,680
8729a56e6ffffff,Real Estate,189
8729a56e6ffffff,Retail,1926
8729a56e6ffffff,Transportation,1595
8729a56e6ffffff,Wholesale,928
8729a56e8ffffff,Agriculture,56
8729a56e8ffffff,Art/Culture,70
8729a56e8ffffff,Business Support,241
8729a56e8ffffff,Construction,722
8729a56e8ffffff,Corporate,3
8729a56e8ffffff,Education,651
8729a56e8ffffff,Energy,71
8729a56e8ffffff,Financial,125
8729a56e8ffffff,Health,998
8729a56e8ffffff,Hospitality,405
8729a56e8ffffff,Information,83
8729a56e8ffffff,Manufacturing,3349
8729a56e8ffffff,Professional Service,230
8729a56e8ffffff,Public Administration,389
8729a56e8ffffff,Real Estate,108
8729a56e8ffffff,Retail,1004
8729a56e8ffffff,Transportation,798
8729a56e8ffffff,Wholesale,330
8729a56e9ffffff,Agriculture,81
8729a56e9ffffff,Art/Culture,423
8729a56e9ffffff,Business Support,290
8729a56e9ffffff,Construction,382
8729a56e9ffffff,Corporate,16
8729a56e9ffffff,Education,916
8729a56e9ffffff,Energy,48
8729a56e9ffffff,Financial,400
8729a56e9ffffff,Health,1347
8729a56e9ffffff,Hospitality,2190
8729a56e9ffffff,Information,329
8729a56e9ffffff,Manufacturing,877
8729a56e9ffffff,Professional Service,642
8729a56e9ffffff,Public Administration,845
8729a56e9ffffff,Real Estate,419
8729a56e9ffffff,Retail,8004
8729a56e9ffffff,Transportation,2045
8729a56e9ffffff,Wholesale,4249
8729a56eaffffff,Agriculture,13
8729a56eaffffff,Art/Culture,133
8729a56eaffffff,Business Support,346
8729a56eaffffff,Construction,254
8729a56eaffffff,Corporate,2
8729a56eaffffff,Education,771
8729a56eaffffff,Energy,35
8729a56eaffffff,Financial,126
8729a56eaffffff,Health,1370
8729a56eaffffff,Hospitality,589
8729a56eaffffff,Information,170
8729a56eaffffff,Manufacturing,399
8729a56eaffffff,Professional Service,319
8729a56eaffffff,Public Administration,219
8729a56eaffffff,Real Estate,70
8729a56eaffffff,Retail,886
8729a56eaffffff,Transportation,480
8729a56eaffffff,Wholesale,292
8729a56ebffffff,Agriculture,48
8729a56ebffffff,Art/Culture,357
8729a56ebffffff,Business Support,208
8729a56ebffffff,Construction,523
8729a56ebffffff,Corporate,6
8729a56ebffffff,Education,884
8729a56ebffffff,Energy,74
8729a56ebffffff,Financial,86
8729a56ebffffff,Health,1353
8729a56ebffffff,Hospitality,1337
8729a56ebffffff,Information,74
8729a56ebffffff,Manufacturing,336
8729a56ebffffff,Professional Service,179
8729a56ebffffff,Public Administration,205
8729a56ebffffff,Real Estate,97
8729a56ebffffff,Retail,1125
8729a56ebffffff,Transportation,725
8729a56ebffffff,Wholesale,279
8729a56ecffffff,Agriculture,31
8729a56ecffffff,Art/Culture,67
8729a56ecffffff,Business Support,346
8729a56ecffffff,Construction,390
8729a56ecffffff,Corporate,1
8729a56ecffffff,Education,792
8729a56ecffffff,Energy,34
8729a56ecffffff,Financial,154
8729a56ecffffff,Health,1287
8729a56ecffffff,Hospitality,528
8729a56ecffffff,Information,124
8729a56ecffffff,Manufacturing,449
8729a56ecffffff,Professional Service,379
8729a56ecffffff,Public Administration,281
8729a56ecffffff,Real Estate,133
8729a56ecffffff,Retail,530
8729a56ecffffff,Transportation,570
8729a56ecffffff,Wholesale,138
8729a56edffffff,Agriculture,26
8729a56edffffff,Art/Culture,131
8729a56edffffff,Business Support,329
8729a56edffffff,Construction,611
8729a56edffffff,Corporate,4
8729a56edffffff,Education,804
8729a56edffffff,Energy,49
8729a56edffffff,Financial,181
8729a56edffffff,Health,1342
8729a56edffffff,Hospitality,508
8729a56edffffff,Information,135
8729a56edffffff,Manufacturing,448
8729a56edffffff,Professional Service,452
8729a56edffffff,Public Administration,399
8729a56edffffff,Real Estate,90
8729a56edffffff,Retail,776
8729a56edffffff,Transportation,731
8729a56edffffff,Wholesale,224
8729a56eeffffff,Agriculture,36
8729a56eeffffff,Art/Culture,66
8729a56eeffffff,Business Support,302
8729a56eeffffff,Construction,1066
8729a56eeffffff,Corporate,1
8729a56eeffffff,Education,324
8729a56eeffffff,Energy,50
8729a56eeffffff,Financial,92
8729a56eeffffff,Health,399
8729a56eeffffff,Hospitality,303
8729a56eeffffff,Information,74
8729a56eeffffff,Manufacturing,3011
8729a56eeffffff,Professional Service,234
8729a56eeffffff,Public Administration,224
8729a56eeffffff,Real Estate,59
8729a56eeffffff,Retail,930
8729a56eeffffff,Transportation,765
8729a56eeffffff,Wholesale,437
8729a56f0ffffff,Agriculture,14
8729a56f0ffffff,Art/Culture,92
8729a56f0ffffff,Business Support,261
8729a56f0ffffff,Construction,362
8729a56f0ffffff,Corporate,2
8729a56f0ffffff,Education,877
8729a56f0ffffff,Energy,27
8729a56f0ffffff,Financial,93
8729a56f0ffffff,Health,1408
8729a56f0ffffff,Hospitality,448
8729a56f0ffffff,Information,65
8729a56f0ffffff,Manufacturing,332
8729a56f0ffffff,Professional Service,210
8729a56f0ffffff,Public Administration,486
8729a56f0ffffff,Real Estate,74
8729a56f0ffffff,Retail,688
8729a56f0ffffff,Transportation,688
8729a56f0ffffff,Wholesale,214
8729a56f1ffffff,Agriculture,14
8729a56f1ffffff,Art/Culture,7
8729a56f1ffffff,Business Support,82
8729a56f1ffffff,Construction,330
8729a56f1ffffff,Education,372
8729a56f1ffffff,Energy,20
8729a56f1ffffff,Financial,104
8729a56f1ffffff,Health,891
8729a56f1ffffff,Hospitality,150
8729a56f1ffffff,Information,48
8729a56f1ffffff,Manufacturing,199
8729a56f1ffffff,Professional Service,100
8729a56f1ffffff,Public Administration,139
8729a56f1ffffff,Real Estate,23
8729a56f1ffffff,Retail,359
8729a56f1ffffff,Transportation,296
8729a56f1ffffff,Wholesale,79
8729a56f2ffffff,Agriculture,10
8729a56f2ffffff,Art/Culture,32
8729a56f2ffffff,Business Support,72
8729a56f2ffffff,Construction,340
8729a56f2ffffff,Education,245
8729a56f2ffffff,Energy,3
8729a56f2ffffff,Financial,38
8729a56f2ffffff,Health,585
8729a56f2ffffff,Hospitality,168
8729a56f2ffffff,Information,12
8729a56f2ffffff,Manufacturing,212
8729a56f2ffffff,Professional Service,62
8729a56f2ffffff,Public Administration,113
8729a56f2ffffff,Real Estate,17
8729a56f2ffffff,Retail,201
8729a56f2ffffff,Transportation,354
8729a56f2ffffff,Wholesale,64
8729a56f3ffffff,Agriculture,15
8729a56f3ffffff,Art/Culture,79
8729a56f3ffffff,Business Support,189
8729a56f3ffffff,Construction,437
8729a56f3ffffff,Corporate,1
8729a56f3ffffff,Education,267
8729a56f3ffffff,Energy,12
8729a56f3ffffff,Financial,61
8729a56f3ffffff,Health,477
8729a56f3ffffff,Hospitality,339
8729a56f3ffffff,Information,88
8729a56f3ffffff,Manufacturing,1768
8729a56f3ffffff,Professional Service,146
8729a56f3ffffff,Public Administration,123
8729a56f3ffffff,Real Estate,51
8729a56f3ffffff,Retail,546
8729a56f3ffffff,Transportation,423
8729a56f3ffffff,Wholesale,150
8729a56f4ffffff,Agriculture,32
8729a56f4ffffff,Art/Culture,294
8729a56f4ffffff,Business Support,683
8729a56f4ffffff,Construction,1562
8729a56f4ffffff,Corporate,13
8729a56f4ffffff,Education,840
8729a56f4ffffff,Energy,133
8729a56f4ffffff,Financial,245
8729a56f4ffffff,Health,1212
8729a56f4ffffff,Hospitality,857
8729a56f4ffffff,Information,237
8729a56f4ffffff,Manufacturing,2824
8729a56f4ffffff,Professional Service,351
8729a56f4ffffff,Public Administration,431
8729a56f4ffffff,Real Estate,241
8729a56f4ffffff,Retail,2626
8729a56f4ffffff,Transportation,1435
8729a56f4ffffff,Wholesale,956
8729a56f5ffffff,Agriculture,29
8729a56f5ffffff,Art/Culture,111
8729a56f5ffffff,Business Support,625
8729a56f5ffffff,Construction,373
8729a56f5ffffff,Corporate,8
8729a56f5ffffff,Education,341
8729a56f5ffffff,Energy,119
8729a56f5ffffff,Financial,108
8729a56f5ffffff,Health,910
8729a56f5ffffff,Hospitality,735
8729a56f5ffffff,Information,163
8729a56f5ffffff,Manufacturing,2406
8729a56f5ffffff,Professional Service,522
8729a56f5ffffff,Public Administration,160
8729a56f5ffffff,Real Estate,375
8729a56f5ffffff,Retail,1373
8729a56f5ffffff,Transportation,1717
8729a56f5ffffff,Wholesale,999
8729a56f6ffffff,Agriculture,12
8729a56f6ffffff,Art/Culture,31
8729a56f6ffffff,Business Support,37
8729a56f6ffffff,Construction,213
8729a56f6ffffff,Education,186
8729a56f6ffffff,Energy,13
8729a56f6ffffff,Financial,66
8729a56f6ffffff,Health,280
8729a56f6ffffff,Hospitality,102
8729a56f6ffffff,Information,9
8729a56f6ffffff,Manufacturing,234
8729a56f6ffffff,Professional Service,85
8729a56f6ffffff,Public Administration,71
8729a56f6ffffff,Real Estate,10
8729a56f6ffffff,Retail,414
8729a56f6ffffff,Transportation,326
8729a56f6ffffff,Wholesale,138
8729a5752ffffff,Agriculture,1
8729a5752ffffff,Art/Culture,19
8729a5752ffffff,Business Support,2
8729a5752ffffff,Construction,7
8729a5752ffffff,Information,3
8729a5752ffffff,Manufacturing,3
8729a5752ffffff,Professional Service,2
8729a5752ffffff,Real Estate,8
8729a5752ffffff,Retail,6
8729a5752ffffff,Transportation,10
8729a5752ffffff,Wholesale,5
8729a575affffff,Agriculture,4
8729a575affffff,Art/Culture,5
8729a575affffff,Business Support,66
8729a575affffff,Construction,137
8729a575affffff,Corporate,1
8729a575affffff,Education,142
8729a575affffff,Energy,3
8729a575affffff,Financial,59
8729a575affffff,Health,207
8729a575affffff,Hospitality,59
8729a575affffff,Information,37
8729a575affffff,Manufacturing,39
8729a575affffff,Professional Service,153
8729a575affffff,Public Administration,124
8729a575affffff,Real Estate,78
8729a575affffff,Retail,70
8729a575affffff,Transportation,23
8729a575affffff,Wholesale,25
8729a575bffffff,Art/Culture,28
8729a575bffffff,Business Support,40
8729a575bffffff,Construction,9
8729a575bffffff,Corporate,17
8729a575bffffff,Education,217
8729a575bffffff,Energy,26
8729a575bffffff,Financial,115
8729a575bffffff,Health,321
8729a575bffffff,Hospitality,51
8729a575bffffff,Information,35
8729a575bffffff,Manufacturing,102
8729a575bffffff,Professional Service,180
8729a575bffffff,Public Administration,35
8729a575bffffff,Real Estate,92
8729a575bffffff,Retail,110
8729a575bffffff,Transportation,20
8729a575bffffff,Wholesale,56
8729a5789ffffff,Agriculture,1
8729a5789ffffff,Art/Culture,57
8729a5789ffffff,Business Support,6
8729a5789ffffff,Construction,34
8729a5789ffffff,Education,110
8729a5789ffffff,Energy,4
8729a5789ffffff,Financial,14
8729a5789ffffff,Health,129
8729a5789ffffff,Hospitality,62
8729a5789ffffff,Information,4
8729a5789ffffff,Manufacturing,35
8729a5789ffffff,Professional Service,61
8729a5789ffffff,Public Administration,77
8729a5789ffffff,Real Estate,22
8729a5789ffffff,Retail,42
8729a5789ffffff,Transportation,40
8729a5789ffffff,Wholesale,15
8729a578affffff,Agriculture,7
8729a578affffff,Art/Culture,247
8729a578affffff,Business Support,217
8729a578affffff,Construction,382
8729a578affffff,Corporate,10
8729a578affffff,Education,125
8729a578affffff,Energy,28
8729a578affffff,Financial,217
8729a578affffff,Health,238
8729a578affffff,Hospitality,531
8729a578affffff,Information,103
8729a578affffff,Manufacturing,113
8729a578affffff,Professional Service,446
8729a578affffff,Public Administration,190
8729a578affffff,Real Estate,104
8729a578affffff,Retail,489
8729a578affffff,Transportation,110
8729a578affffff,Wholesale,106
8729a578bffffff,Agriculture,14
8729a578bffffff,Art/Culture,487
8729a578bffffff,Business Support,405
8729a578bffffff,Construction,413
8729a578bffffff,Corporate,3
8729a578bffffff,Education,693
8729a578bffffff,Energy,72
8729a578bffffff,Financial,368
8729a578bffffff,Health,974
8729a578bffffff,Hospitality,1118
8729a578bffffff,Information,274
8729a578bffffff,Manufacturing,280
8729a578bffffff,Professional Service,741
8729a578bffffff,Public Administration,309
8729a578bffffff,Real Estate,167
8729a578bffffff,Retail,684
8729a578bffffff,Transportation,299
8729a578bffffff,Wholesale,116
