geomid,naics,workers
872830101ffffff,Agriculture,4
872830101ffffff,Art/Culture,14
872830101ffffff,Business Support,16
872830101ffffff,Construction,15
872830101ffffff,Corporate,3
872830101ffffff,Education,87
872830101ffffff,Energy,5
872830101ffffff,Financial,8
872830101ffffff,Health,106
872830101ffffff,Hospitality,34
872830101ffffff,Information,5
872830101ffffff,Manufacturing,418
872830101ffffff,Professional Service,47
872830101ffffff,Public Administration,18
872830101ffffff,Real Estate,9
872830101ffffff,Retail,66
872830101ffffff,Transportation,20
872830101ffffff,Wholesale,3
872830128ffffff,Agriculture,9
872830128ffffff,Art/Culture,65
872830128ffffff,Business Support,182
872830128ffffff,Construction,124
872830128ffffff,Corporate,4
872830128ffffff,Education,128
872830128ffffff,Energy,15
872830128ffffff,Financial,161
872830128ffffff,Health,417
872830128ffffff,Hospitality,45
872830128ffffff,Information,73
872830128ffffff,Manufacturing,803
872830128ffffff,Professional Service,261
872830128ffffff,Public Administration,140
872830128ffffff,Real Estate,63
872830128ffffff,Retail,117
872830128ffffff,Transportation,100
872830128ffffff,Wholesale,65
87283012bffffff,Agriculture,1
87283012bffffff,Art/Culture,5
87283012bffffff,Business Support,37
87283012bffffff,Construction,24
87283012bffffff,Education,53
87283012bffffff,Energy,1
87283012bffffff,Financial,6
87283012bffffff,Health,36
87283012bffffff,Hospitality,27
87283012bffffff,Information,2
87283012bffffff,Manufacturing,208
87283012bffffff,Professional Service,6
87283012bffffff,Public Administration,6
87283012bffffff,Retail,15
87283012bffffff,Transportation,52
87283012bffffff,Wholesale,3
87283012cffffff,Agriculture,2
87283012cffffff,Art/Culture,19
87283012cffffff,Business Support,38
87283012cffffff,Construction,68
87283012cffffff,Education,113
87283012cffffff,Energy,4
87283012cffffff,Financial,25
87283012cffffff,Health,233
87283012cffffff,Hospitality,46
87283012cffffff,Information,14
87283012cffffff,Manufacturing,56
87283012cffffff,Professional Service,56
87283012cffffff,Public Administration,53
87283012cffffff,Real Estate,11
87283012cffffff,Retail,84
87283012cffffff,Transportation,55
87283012cffffff,Wholesale,21
87283012dffffff,Agriculture,4
87283012dffffff,Art/Culture,53
87283012dffffff,Business Support,100
87283012dffffff,Construction,62
87283012dffffff,Corporate,3
87283012dffffff,Education,195
87283012dffffff,Energy,8
87283012dffffff,Financial,173
87283012dffffff,Health,352
87283012dffffff,Hospitality,177
87283012dffffff,Information,56
87283012dffffff,Manufacturing,140
87283012dffffff,Professional Service,295
87283012dffffff,Public Administration,132
87283012dffffff,Real Estate,40
87283012dffffff,Retail,192
87283012dffffff,Transportation,105
87283012dffffff,Wholesale,18
872830130ffffff,Agriculture,8
872830130ffffff,Art/Culture,76
872830130ffffff,Business Support,55
872830130ffffff,Construction,103
872830130ffffff,Corporate,1
872830130ffffff,Education,690
872830130ffffff,Energy,13
872830130ffffff,Financial,30
872830130ffffff,Health,1749
872830130ffffff,Hospitality,167
872830130ffffff,Information,31
872830130ffffff,Manufacturing,44
872830130ffffff,Professional Service,74
872830130ffffff,Public Administration,799
872830130ffffff,Real Estate,18
872830130ffffff,Retail,232
872830130ffffff,Transportation,54
872830130ffffff,Wholesale,60
872830132ffffff,Agriculture,79
872830132ffffff,Art/Culture,39
872830132ffffff,Business Support,141
872830132ffffff,Construction,272
872830132ffffff,Corporate,3
872830132ffffff,Education,70
872830132ffffff,Energy,51
872830132ffffff,Financial,174
872830132ffffff,Health,198
872830132ffffff,Hospitality,85
872830132ffffff,Information,80
872830132ffffff,Manufacturing,243
872830132ffffff,Professional Service,249
872830132ffffff,Public Administration,243
872830132ffffff,Real Estate,49
872830132ffffff,Retail,328
872830132ffffff,Transportation,144
872830132ffffff,Wholesale,37
872830133ffffff,Agriculture,15
872830133ffffff,Art/Culture,25
872830133ffffff,Business Support,84
872830133ffffff,Construction,205
872830133ffffff,Corporate,2
872830133ffffff,Education,465
872830133ffffff,Energy,8
872830133ffffff,Financial,122
872830133ffffff,Health,352
872830133ffffff,Hospitality,122
872830133ffffff,Information,49
872830133ffffff,Manufacturing,92
872830133ffffff,Professional Service,157
872830133ffffff,Public Administration,1321
872830133ffffff,Real Estate,43
872830133ffffff,Retail,155
872830133ffffff,Transportation,80
872830133ffffff,Wholesale,23
872830136ffffff,Agriculture,21
872830136ffffff,Art/Culture,63
872830136ffffff,Business Support,81
872830136ffffff,Construction,207
872830136ffffff,Corporate,1
872830136ffffff,Education,738
872830136ffffff,Energy,36
872830136ffffff,Financial,54
872830136ffffff,Health,1112
872830136ffffff,Hospitality,375
872830136ffffff,Information,30
872830136ffffff,Manufacturing,62
872830136ffffff,Professional Service,162
872830136ffffff,Public Administration,426
872830136ffffff,Real Estate,34
872830136ffffff,Retail,191
872830136ffffff,Transportation,120
872830136ffffff,Wholesale,73
872830802ffffff,Energy,6
872830802ffffff,Health,1
872830802ffffff,Hospitality,14
872830802ffffff,Manufacturing,2
872830802ffffff,Public Administration,5
872830802ffffff,Retail,321
872830802ffffff,Transportation,266
872830802ffffff,Wholesale,66
87283080effffff,Agriculture,42
87283080effffff,Art/Culture,2
87283080effffff,Business Support,6
87283080effffff,Construction,73
87283080effffff,Education,100
87283080effffff,Financial,5
87283080effffff,Health,118
87283080effffff,Hospitality,2
87283080effffff,Information,4
87283080effffff,Professional Service,24
87283080effffff,Public Administration,59
87283080effffff,Real Estate,16
87283080effffff,Retail,22
872830810ffffff,Agriculture,182
872830810ffffff,Art/Culture,1397
872830810ffffff,Business Support,3514
872830810ffffff,Construction,2588
872830810ffffff,Corporate,156
872830810ffffff,Education,5850
872830810ffffff,Energy,656
872830810ffffff,Financial,3807
872830810ffffff,Health,8777
872830810ffffff,Hospitality,3767
872830810ffffff,Information,2902
872830810ffffff,Manufacturing,2480
872830810ffffff,Professional Service,11172
872830810ffffff,Public Administration,7195
872830810ffffff,Real Estate,1714
872830810ffffff,Retail,4966
872830810ffffff,Transportation,2543
872830810ffffff,Wholesale,1086
872830811ffffff,Agriculture,51
872830811ffffff,Art/Culture,92
872830811ffffff,Business Support,141
872830811ffffff,Construction,352
872830811ffffff,Education,156
872830811ffffff,Energy,107
872830811ffffff,Financial,58
872830811ffffff,Health,259
872830811ffffff,Hospitality,41
872830811ffffff,Information,41
872830811ffffff,Manufacturing,478
872830811ffffff,Professional Service,135
872830811ffffff,Public Administration,89
872830811ffffff,Real Estate,22
872830811ffffff,Retail,795
872830811ffffff,Transportation,850
872830811ffffff,Wholesale,345
872830812ffffff,Agriculture,18
872830812ffffff,Art/Culture,502
872830812ffffff,Business Support,296
872830812ffffff,Construction,508
872830812ffffff,Corporate,15
872830812ffffff,Education,3194
872830812ffffff,Energy,75
872830812ffffff,Financial,332
872830812ffffff,Health,4922
872830812ffffff,Hospitality,1033
872830812ffffff,Information,311
872830812ffffff,Manufacturing,334
872830812ffffff,Professional Service,1262
872830812ffffff,Public Administration,536
872830812ffffff,Real Estate,256
872830812ffffff,Retail,849
872830812ffffff,Transportation,551
872830812ffffff,Wholesale,225
872830813ffffff,Agriculture,60
872830813ffffff,Art/Culture,389
872830813ffffff,Business Support,613
872830813ffffff,Construction,724
872830813ffffff,Corporate,15
872830813ffffff,Education,2609
872830813ffffff,Energy,94
872830813ffffff,Financial,573
872830813ffffff,Health,3427
872830813ffffff,Hospitality,1424
872830813ffffff,Information,598
872830813ffffff,Manufacturing,737
872830813ffffff,Professional Service,1986
872830813ffffff,Public Administration,562
872830813ffffff,Real Estate,382
872830813ffffff,Retail,1660
872830813ffffff,Transportation,533
872830813ffffff,Wholesale,246
872830814ffffff,Agriculture,46
872830814ffffff,Art/Culture,549
872830814ffffff,Business Support,559
872830814ffffff,Construction,514
872830814ffffff,Corporate,9
872830814ffffff,Education,760
872830814ffffff,Energy,89
872830814ffffff,Financial,551
872830814ffffff,Health,1011
872830814ffffff,Hospitality,1219
872830814ffffff,Information,457
872830814ffffff,Manufacturing,945
872830814ffffff,Professional Service,1642
872830814ffffff,Public Administration,364
872830814ffffff,Real Estate,315
872830814ffffff,Retail,1281
872830814ffffff,Transportation,557
872830814ffffff,Wholesale,538
872830815ffffff,Agriculture,8
872830815ffffff,Art/Culture,58
872830815ffffff,Business Support,117
872830815ffffff,Construction,106
872830815ffffff,Corporate,2
872830815ffffff,Education,176
872830815ffffff,Energy,67
872830815ffffff,Financial,57
872830815ffffff,Health,156
872830815ffffff,Hospitality,236
872830815ffffff,Information,72
872830815ffffff,Manufacturing,472
872830815ffffff,Professional Service,203
872830815ffffff,Public Administration,194
872830815ffffff,Real Estate,49
872830815ffffff,Retail,767
872830815ffffff,Transportation,603
872830815ffffff,Wholesale,389
872830816ffffff,Agriculture,59
872830816ffffff,Art/Culture,451
872830816ffffff,Business Support,488
872830816ffffff,Construction,779
872830816ffffff,Corporate,10
872830816ffffff,Education,1845
872830816ffffff,Energy,67
872830816ffffff,Financial,477
872830816ffffff,Health,3422
872830816ffffff,Hospitality,1089
872830816ffffff,Information,529
872830816ffffff,Manufacturing,628
872830816ffffff,Professional Service,1665
872830816ffffff,Public Administration,520
872830816ffffff,Real Estate,214
872830816ffffff,Retail,1246
872830816ffffff,Transportation,564
872830816ffffff,Wholesale,241
87283081affffff,Agriculture,57
87283081affffff,Art/Culture,458
87283081affffff,Business Support,413
87283081affffff,Construction,896
87283081affffff,Corporate,16
87283081affffff,Education,1153
87283081affffff,Energy,92
87283081affffff,Financial,384
87283081affffff,Health,878
87283081affffff,Hospitality,1065
87283081affffff,Information,348
87283081affffff,Manufacturing,2130
87283081affffff,Professional Service,1546
87283081affffff,Public Administration,519
87283081affffff,Real Estate,370
87283081affffff,Retail,1051
87283081affffff,Transportation,528
87283081affffff,Wholesale,209
87283081effffff,Agriculture,63
87283081effffff,Art/Culture,512
87283081effffff,Business Support,1272
87283081effffff,Construction,480
87283081effffff,Corporate,28
87283081effffff,Education,605
87283081effffff,Energy,179
87283081effffff,Financial,1270
87283081effffff,Health,881
87283081effffff,Hospitality,1119
87283081effffff,Information,1040
87283081effffff,Manufacturing,1790
87283081effffff,Professional Service,3826
87283081effffff,Public Administration,345
87283081effffff,Real Estate,664
87283081effffff,Retail,1662
87283081effffff,Transportation,1011
87283081effffff,Wholesale,575
872830821ffffff,Agriculture,202
872830821ffffff,Art/Culture,182
872830821ffffff,Business Support,547
872830821ffffff,Construction,3126
872830821ffffff,Corporate,18
872830821ffffff,Education,506
872830821ffffff,Energy,234
872830821ffffff,Financial,403
872830821ffffff,Health,906
872830821ffffff,Hospitality,530
872830821ffffff,Information,312
872830821ffffff,Manufacturing,729
872830821ffffff,Professional Service,1210
872830821ffffff,Public Administration,460
872830821ffffff,Real Estate,175
872830821ffffff,Retail,3213
872830821ffffff,Transportation,2338
872830821ffffff,Wholesale,846
872830825ffffff,Agriculture,123
872830825ffffff,Art/Culture,74
872830825ffffff,Business Support,442
872830825ffffff,Construction,1399
872830825ffffff,Corporate,3
872830825ffffff,Education,388
872830825ffffff,Energy,23
872830825ffffff,Financial,275
872830825ffffff,Health,512
872830825ffffff,Hospitality,218
872830825ffffff,Information,200
872830825ffffff,Manufacturing,603
872830825ffffff,Professional Service,678
872830825ffffff,Public Administration,276
872830825ffffff,Real Estate,131
872830825ffffff,Retail,618
872830825ffffff,Transportation,511
872830825ffffff,Wholesale,168
872830828ffffff,Agriculture,232
872830828ffffff,Art/Culture,2508
872830828ffffff,Business Support,3409
872830828ffffff,Construction,3665
872830828ffffff,Corporate,128
872830828ffffff,Education,7744
872830828ffffff,Energy,781
872830828ffffff,Financial,4072
872830828ffffff,Health,13271
872830828ffffff,Hospitality,8248
872830828ffffff,Information,4172
872830828ffffff,Manufacturing,4004
872830828ffffff,Professional Service,11720
872830828ffffff,Public Administration,9049
872830828ffffff,Real Estate,2190
872830828ffffff,Retail,9287
872830828ffffff,Transportation,4496
872830828ffffff,Wholesale,1966
872830829ffffff,Agriculture,109
872830829ffffff,Art/Culture,1321
872830829ffffff,Business Support,691
872830829ffffff,Construction,1087
872830829ffffff,Corporate,50
872830829ffffff,Education,6622
872830829ffffff,Energy,158
872830829ffffff,Financial,1137
872830829ffffff,Health,9373
872830829ffffff,Hospitality,3162
872830829ffffff,Information,1252
872830829ffffff,Manufacturing,868
872830829ffffff,Professional Service,4472
872830829ffffff,Public Administration,1023
872830829ffffff,Real Estate,578
872830829ffffff,Retail,2920
872830829ffffff,Transportation,1161
872830829ffffff,Wholesale,535
87283082affffff,Agriculture,774
87283082affffff,Art/Culture,4767
87283082affffff,Business Support,16083
87283082affffff,Construction,8147
87283082affffff,Corporate,1085
87283082affffff,Education,6637
87283082affffff,Energy,2685
87283082affffff,Financial,24913
87283082affffff,Health,10361
87283082affffff,Hospitality,17707
87283082affffff,Information,24561
87283082affffff,Manufacturing,9855
87283082affffff,Professional Service,78789
87283082affffff,Public Administration,7936
87283082affffff,Real Estate,9397
87283082affffff,Retail,20794
87283082affffff,Transportation,8595
87283082affffff,Wholesale,4393
87283082bffffff,Agriculture,108
87283082bffffff,Art/Culture,2768
87283082bffffff,Business Support,1658
87283082bffffff,Construction,1429
87283082bffffff,Corporate,76
87283082bffffff,Education,4242
87283082bffffff,Energy,249
87283082bffffff,Financial,1799
87283082bffffff,Health,8301
87283082bffffff,Hospitality,9968
87283082bffffff,Information,1464
87283082bffffff,Manufacturing,1341
87283082bffffff,Professional Service,6820
87283082bffffff,Public Administration,2334
87283082bffffff,Real Estate,1097
87283082bffffff,Retail,3942
87283082bffffff,Transportation,1373
87283082bffffff,Wholesale,762
87283082cffffff,Agriculture,62
87283082cffffff,Art/Culture,839
87283082cffffff,Business Support,770
87283082cffffff,Construction,1332
87283082cffffff,Corporate,54
87283082cffffff,Education,1812
87283082cffffff,Energy,106
87283082cffffff,Financial,729
87283082cffffff,Health,3159
87283082cffffff,Hospitality,2162
87283082cffffff,Information,782
87283082cffffff,Manufacturing,821
87283082cffffff,Professional Service,3191
87283082cffffff,Public Administration,768
87283082cffffff,Real Estate,480
87283082cffffff,Retail,1548
87283082cffffff,Transportation,806
87283082cffffff,Wholesale,306
87283082dffffff,Agriculture,46
87283082dffffff,Art/Culture,754
87283082dffffff,Business Support,292
87283082dffffff,Construction,555
87283082dffffff,Corporate,7
87283082dffffff,Education,1392
87283082dffffff,Energy,63
87283082dffffff,Financial,439
87283082dffffff,Health,2916
87283082dffffff,Hospitality,1492
87283082dffffff,Information,396
87283082dffffff,Manufacturing,321
87283082dffffff,Professional Service,1967
87283082dffffff,Public Administration,322
87283082dffffff,Real Estate,368
87283082dffffff,Retail,1103
87283082dffffff,Transportation,443
87283082dffffff,Wholesale,264
87283082effffff,Agriculture,170
87283082effffff,Art/Culture,544
87283082effffff,Business Support,805
87283082effffff,Construction,1919
87283082effffff,Corporate,88
87283082effffff,Education,2577
87283082effffff,Energy,201
87283082effffff,Financial,1597
87283082effffff,Health,4300
87283082effffff,Hospitality,1791
87283082effffff,Information,735
87283082effffff,Manufacturing,1995
87283082effffff,Professional Service,6665
87283082effffff,Public Administration,942
87283082effffff,Real Estate,804
87283082effffff,Retail,2207
87283082effffff,Transportation,1339
87283082effffff,Wholesale,490
872830832ffffff,Agriculture,5
872830832ffffff,Art/Culture,14
872830832ffffff,Business Support,11
872830832ffffff,Construction,41
872830832ffffff,Education,226
872830832ffffff,Energy,6
872830832ffffff,Financial,14
872830832ffffff,Health,295
872830832ffffff,Hospitality,26
872830832ffffff,Information,26
872830832ffffff,Manufacturing,46
872830832ffffff,Professional Service,110
872830832ffffff,Public Administration,26
872830832ffffff,Real Estate,31
872830832ffffff,Retail,28
872830832ffffff,Transportation,28
872830832ffffff,Wholesale,8
872830833ffffff,Agriculture,4
872830833ffffff,Art/Culture,29
872830833ffffff,Business Support,28
872830833ffffff,Construction,101
872830833ffffff,Education,208
872830833ffffff,Financial,29
872830833ffffff,Health,329
872830833ffffff,Hospitality,130
872830833ffffff,Information,20
872830833ffffff,Manufacturing,39
872830833ffffff,Professional Service,86
872830833ffffff,Public Administration,52
872830833ffffff,Real Estate,25
872830833ffffff,Retail,96
872830833ffffff,Transportation,51
872830833ffffff,Wholesale,26
872830842ffffff,Agriculture,49
872830842ffffff,Art/Culture,174
872830842ffffff,Business Support,186
872830842ffffff,Construction,288
872830842ffffff,Corporate,10
872830842ffffff,Education,131
872830842ffffff,Energy,36
872830842ffffff,Financial,236
872830842ffffff,Health,170
872830842ffffff,Hospitality,168
872830842ffffff,Information,131
872830842ffffff,Manufacturing,386
872830842ffffff,Professional Service,534
872830842ffffff,Public Administration,91
872830842ffffff,Real Estate,60
872830842ffffff,Retail,221
872830842ffffff,Transportation,100
872830842ffffff,Wholesale,103
872830843ffffff,Agriculture,12
872830843ffffff,Art/Culture,85
872830843ffffff,Business Support,117
872830843ffffff,Construction,120
872830843ffffff,Corporate,3
872830843ffffff,Education,158
872830843ffffff,Energy,30
872830843ffffff,Financial,154
872830843ffffff,Health,218
872830843ffffff,Hospitality,177
872830843ffffff,Information,36
872830843ffffff,Manufacturing,134
872830843ffffff,Professional Service,340
872830843ffffff,Public Administration,49
872830843ffffff,Real Estate,206
872830843ffffff,Retail,186
872830843ffffff,Transportation,47
872830843ffffff,Wholesale,76
87283084affffff,Agriculture,18
87283084affffff,Art/Culture,123
87283084affffff,Business Support,79
87283084affffff,Construction,104
87283084affffff,Education,199
87283084affffff,Energy,23
87283084affffff,Financial,118
87283084affffff,Health,228
87283084affffff,Hospitality,172
87283084affffff,Information,63
87283084affffff,Manufacturing,71
87283084affffff,Professional Service,464
87283084affffff,Public Administration,72
87283084affffff,Real Estate,65
87283084affffff,Retail,140
87283084affffff,Transportation,50
87283084affffff,Wholesale,116
872830858ffffff,Agriculture,7
872830858ffffff,Art/Culture,27
872830858ffffff,Business Support,78
872830858ffffff,Construction,35
872830858ffffff,Corporate,1
872830858ffffff,Education,257
872830858ffffff,Energy,18
872830858ffffff,Financial,120
872830858ffffff,Health,218
872830858ffffff,Hospitality,25
872830858ffffff,Information,56
872830858ffffff,Manufacturing,22
872830858ffffff,Professional Service,247
872830858ffffff,Public Administration,165
872830858ffffff,Real Estate,81
872830858ffffff,Retail,246
872830858ffffff,Transportation,65
872830858ffffff,Wholesale,64
872830859ffffff,Agriculture,14
872830859ffffff,Art/Culture,177
872830859ffffff,Business Support,59
872830859ffffff,Construction,86
872830859ffffff,Corporate,2
872830859ffffff,Education,151
872830859ffffff,Energy,23
872830859ffffff,Financial,74
872830859ffffff,Health,387
872830859ffffff,Hospitality,202
872830859ffffff,Information,79
872830859ffffff,Manufacturing,34
872830859ffffff,Professional Service,453
872830859ffffff,Public Administration,136
872830859ffffff,Real Estate,66
872830859ffffff,Retail,531
872830859ffffff,Transportation,102
872830859ffffff,Wholesale,61
87283085dffffff,Agriculture,26
87283085dffffff,Art/Culture,230
87283085dffffff,Business Support,264
87283085dffffff,Construction,259
87283085dffffff,Corporate,5
87283085dffffff,Education,483
87283085dffffff,Energy,104
87283085dffffff,Financial,278
87283085dffffff,Health,816
87283085dffffff,Hospitality,451
87283085dffffff,Information,275
87283085dffffff,Manufacturing,126
87283085dffffff,Professional Service,760
87283085dffffff,Public Administration,150
87283085dffffff,Real Estate,234
87283085dffffff,Retail,641
87283085dffffff,Transportation,174
87283085dffffff,Wholesale,187
87283085effffff,Agriculture,3
87283085effffff,Business Support,9
87283085effffff,Construction,24
87283085effffff,Education,29
87283085effffff,Energy,1
87283085effffff,Financial,32
87283085effffff,Health,55
87283085effffff,Hospitality,7
87283085effffff,Information,17
87283085effffff,Manufacturing,5
87283085effffff,Professional Service,133
87283085effffff,Public Administration,7
87283085effffff,Real Estate,12
87283085effffff,Retail,1
87283085effffff,Transportation,2
87283085effffff,Wholesale,4
872830874ffffff,Agriculture,24
872830874ffffff,Art/Culture,228
872830874ffffff,Business Support,201
872830874ffffff,Construction,351
872830874ffffff,Corporate,8
872830874ffffff,Education,474
872830874ffffff,Energy,48
872830874ffffff,Financial,366
872830874ffffff,Health,776
872830874ffffff,Hospitality,514
872830874ffffff,Information,375
872830874ffffff,Manufacturing,166
872830874ffffff,Professional Service,1410
872830874ffffff,Public Administration,350
872830874ffffff,Real Estate,204
872830874ffffff,Retail,481
872830874ffffff,Transportation,203
872830874ffffff,Wholesale,132
872830876ffffff,Agriculture,14
872830876ffffff,Art/Culture,559
872830876ffffff,Business Support,126
872830876ffffff,Construction,261
872830876ffffff,Corporate,7
872830876ffffff,Education,318
872830876ffffff,Energy,44
872830876ffffff,Financial,226
872830876ffffff,Health,472
872830876ffffff,Hospitality,1375
872830876ffffff,Information,154
872830876ffffff,Manufacturing,293
872830876ffffff,Professional Service,1013
872830876ffffff,Public Administration,315
872830876ffffff,Real Estate,231
872830876ffffff,Retail,627
872830876ffffff,Transportation,261
872830876ffffff,Wholesale,199
872830880ffffff,Agriculture,4
872830880ffffff,Art/Culture,33
872830880ffffff,Business Support,70
872830880ffffff,Construction,44
872830880ffffff,Corporate,8
872830880ffffff,Education,129
872830880ffffff,Energy,13
872830880ffffff,Financial,39
872830880ffffff,Health,437
872830880ffffff,Hospitality,99
872830880ffffff,Information,34
872830880ffffff,Manufacturing,22
872830880ffffff,Professional Service,297
872830880ffffff,Public Administration,17
872830880ffffff,Real Estate,50
872830880ffffff,Retail,40
872830880ffffff,Transportation,6
872830880ffffff,Wholesale,12
872830881ffffff,Agriculture,33
872830881ffffff,Art/Culture,3
872830881ffffff,Business Support,26
872830881ffffff,Construction,69
872830881ffffff,Education,17
872830881ffffff,Energy,5
872830881ffffff,Financial,44
872830881ffffff,Health,29
872830881ffffff,Hospitality,36
872830881ffffff,Information,8
872830881ffffff,Manufacturing,2
872830881ffffff,Professional Service,70
872830881ffffff,Public Administration,7
872830881ffffff,Real Estate,16
872830881ffffff,Retail,26
872830881ffffff,Transportation,10
872830881ffffff,Wholesale,5
872830883ffffff,Agriculture,9
872830883ffffff,Art/Culture,22
872830883ffffff,Business Support,19
872830883ffffff,Construction,23
872830883ffffff,Corporate,3
872830883ffffff,Education,101
872830883ffffff,Energy,3
872830883ffffff,Financial,13
872830883ffffff,Health,28
872830883ffffff,Hospitality,45
872830883ffffff,Information,11
872830883ffffff,Manufacturing,10
872830883ffffff,Professional Service,28
872830883ffffff,Public Administration,101
872830883ffffff,Real Estate,20
872830883ffffff,Retail,26
872830883ffffff,Transportation,3
872830883ffffff,Wholesale,11
872830884ffffff,Agriculture,6
872830884ffffff,Business Support,9
872830884ffffff,Construction,14
872830884ffffff,Corporate,2
872830884ffffff,Education,3
872830884ffffff,Financial,13
872830884ffffff,Health,8
872830884ffffff,Hospitality,3
872830884ffffff,Information,8
872830884ffffff,Manufacturing,11
872830884ffffff,Professional Service,26
872830884ffffff,Public Administration,33
872830884ffffff,Real Estate,50
872830884ffffff,Retail,11
872830884ffffff,Transportation,7
872830884ffffff,Wholesale,5
872830891ffffff,Agriculture,8
872830891ffffff,Art/Culture,3
872830891ffffff,Business Support,4
872830891ffffff,Construction,14
872830891ffffff,Education,53
872830891ffffff,Financial,3
872830891ffffff,Health,119
872830891ffffff,Hospitality,10
872830891ffffff,Information,8
872830891ffffff,Manufacturing,7
872830891ffffff,Professional Service,11
872830891ffffff,Public Administration,2
872830891ffffff,Real Estate,13
872830891ffffff,Retail,1
872830891ffffff,Transportation,1
872830891ffffff,Wholesale,7
872830892ffffff,Agriculture,21
872830892ffffff,Art/Culture,12
872830892ffffff,Business Support,55
872830892ffffff,Construction,106
872830892ffffff,Corporate,1
872830892ffffff,Education,101
872830892ffffff,Energy,38
872830892ffffff,Financial,60
872830892ffffff,Health,176
872830892ffffff,Hospitality,64
872830892ffffff,Information,534
872830892ffffff,Manufacturing,71
872830892ffffff,Professional Service,241
872830892ffffff,Public Administration,45
872830892ffffff,Real Estate,20
872830892ffffff,Retail,144
872830892ffffff,Transportation,71
872830892ffffff,Wholesale,27
872830894ffffff,Art/Culture,7
872830894ffffff,Business Support,13
872830894ffffff,Construction,32
872830894ffffff,Corporate,4
872830894ffffff,Education,31
872830894ffffff,Energy,4
872830894ffffff,Financial,52
872830894ffffff,Health,5
872830894ffffff,Hospitality,41
872830894ffffff,Information,14
872830894ffffff,Manufacturing,16
872830894ffffff,Professional Service,113
872830894ffffff,Public Administration,63
872830894ffffff,Real Estate,23
872830894ffffff,Retail,47
872830894ffffff,Transportation,8
872830894ffffff,Wholesale,7
872830896ffffff,Agriculture,12
872830896ffffff,Art/Culture,63
872830896ffffff,Business Support,108
872830896ffffff,Construction,369
872830896ffffff,Education,163
872830896ffffff,Energy,31
872830896ffffff,Financial,159
872830896ffffff,Health,283
872830896ffffff,Hospitality,31
872830896ffffff,Information,119
872830896ffffff,Manufacturing,26
872830896ffffff,Professional Service,272
872830896ffffff,Public Administration,65
872830896ffffff,Real Estate,91
872830896ffffff,Retail,177
872830896ffffff,Transportation,45
872830896ffffff,Wholesale,55
8728308a0ffffff,Agriculture,17
8728308a0ffffff,Art/Culture,100
8728308a0ffffff,Business Support,80
8728308a0ffffff,Construction,156
8728308a0ffffff,Corporate,5
8728308a0ffffff,Education,254
8728308a0ffffff,Energy,16
8728308a0ffffff,Financial,96
8728308a0ffffff,Health,324
8728308a0ffffff,Hospitality,283
8728308a0ffffff,Information,62
8728308a0ffffff,Manufacturing,73
8728308a0ffffff,Professional Service,379
8728308a0ffffff,Public Administration,54
8728308a0ffffff,Real Estate,74
8728308a0ffffff,Retail,175
8728308a0ffffff,Transportation,100
8728308a0ffffff,Wholesale,51
8728308a1ffffff,Agriculture,7
8728308a1ffffff,Art/Culture,70
8728308a1ffffff,Business Support,30
8728308a1ffffff,Construction,97
8728308a1ffffff,Corporate,1
8728308a1ffffff,Education,213
8728308a1ffffff,Energy,9
8728308a1ffffff,Financial,79
8728308a1ffffff,Health,265
8728308a1ffffff,Hospitality,72
8728308a1ffffff,Information,55
8728308a1ffffff,Manufacturing,105
8728308a1ffffff,Professional Service,297
8728308a1ffffff,Public Administration,127
8728308a1ffffff,Real Estate,57
8728308a1ffffff,Retail,166
8728308a1ffffff,Transportation,64
8728308a1ffffff,Wholesale,48
8728308a3ffffff,Agriculture,4
8728308a3ffffff,Art/Culture,10
8728308a3ffffff,Business Support,20
8728308a3ffffff,Construction,38
8728308a3ffffff,Education,28
8728308a3ffffff,Energy,4
8728308a3ffffff,Financial,11
8728308a3ffffff,Health,58
8728308a3ffffff,Hospitality,20
8728308a3ffffff,Information,7
8728308a3ffffff,Manufacturing,17
8728308a3ffffff,Professional Service,91
8728308a3ffffff,Public Administration,48
8728308a3ffffff,Real Estate,19
8728308a3ffffff,Retail,21
8728308a3ffffff,Transportation,2
8728308a3ffffff,Wholesale,12
8728308a4ffffff,Agriculture,14
8728308a4ffffff,Art/Culture,141
8728308a4ffffff,Business Support,100
8728308a4ffffff,Construction,177
8728308a4ffffff,Corporate,1
8728308a4ffffff,Education,758
8728308a4ffffff,Energy,32
8728308a4ffffff,Financial,136
8728308a4ffffff,Health,688
8728308a4ffffff,Hospitality,268
8728308a4ffffff,Information,110
8728308a4ffffff,Manufacturing,202
8728308a4ffffff,Professional Service,377
8728308a4ffffff,Public Administration,155
8728308a4ffffff,Real Estate,75
8728308a4ffffff,Retail,289
8728308a4ffffff,Transportation,251
8728308a4ffffff,Wholesale,75
8728308a5ffffff,Agriculture,7
8728308a5ffffff,Art/Culture,87
8728308a5ffffff,Business Support,79
8728308a5ffffff,Construction,110
8728308a5ffffff,Corporate,1
8728308a5ffffff,Education,296
8728308a5ffffff,Energy,8
8728308a5ffffff,Financial,153
8728308a5ffffff,Health,388
8728308a5ffffff,Hospitality,249
8728308a5ffffff,Information,92
8728308a5ffffff,Manufacturing,115
8728308a5ffffff,Professional Service,517
8728308a5ffffff,Public Administration,122
8728308a5ffffff,Real Estate,62
8728308a5ffffff,Retail,177
8728308a5ffffff,Transportation,69
8728308a5ffffff,Wholesale,58
8728308a8ffffff,Agriculture,97
8728308a8ffffff,Art/Culture,960
8728308a8ffffff,Business Support,699
8728308a8ffffff,Construction,954
8728308a8ffffff,Corporate,29
8728308a8ffffff,Education,5661
8728308a8ffffff,Energy,211
8728308a8ffffff,Financial,819
8728308a8ffffff,Health,4171
8728308a8ffffff,Hospitality,2428
8728308a8ffffff,Information,892
8728308a8ffffff,Manufacturing,1205
8728308a8ffffff,Professional Service,3292
8728308a8ffffff,Public Administration,716
8728308a8ffffff,Real Estate,450
8728308a8ffffff,Retail,2338
8728308a8ffffff,Transportation,750
8728308a8ffffff,Wholesale,374
8728308a9ffffff,Agriculture,136
8728308a9ffffff,Art/Culture,1032
8728308a9ffffff,Business Support,1092
8728308a9ffffff,Construction,799
8728308a9ffffff,Corporate,34
8728308a9ffffff,Education,5444
8728308a9ffffff,Energy,108
8728308a9ffffff,Financial,775
8728308a9ffffff,Health,3764
8728308a9ffffff,Hospitality,2255
8728308a9ffffff,Information,1059
8728308a9ffffff,Manufacturing,872
8728308a9ffffff,Professional Service,3985
8728308a9ffffff,Public Administration,994
8728308a9ffffff,Real Estate,407
8728308a9ffffff,Retail,1817
8728308a9ffffff,Transportation,720
8728308a9ffffff,Wholesale,395
8728308aaffffff,Agriculture,15
8728308aaffffff,Art/Culture,101
8728308aaffffff,Business Support,102
8728308aaffffff,Construction,66
8728308aaffffff,Corporate,3
8728308aaffffff,Education,510
8728308aaffffff,Energy,12
8728308aaffffff,Financial,108
8728308aaffffff,Health,307
8728308aaffffff,Hospitality,317
8728308aaffffff,Information,112
8728308aaffffff,Manufacturing,152
8728308aaffffff,Professional Service,404
8728308aaffffff,Public Administration,77
8728308aaffffff,Real Estate,46
8728308aaffffff,Retail,286
8728308aaffffff,Transportation,85
8728308aaffffff,Wholesale,53
8728308abffffff,Agriculture,52
8728308abffffff,Art/Culture,292
8728308abffffff,Business Support,273
8728308abffffff,Construction,389
8728308abffffff,Corporate,9
8728308abffffff,Education,2386
8728308abffffff,Energy,58
8728308abffffff,Financial,269
8728308abffffff,Health,1088
8728308abffffff,Hospitality,682
8728308abffffff,Information,259
8728308abffffff,Manufacturing,440
8728308abffffff,Professional Service,1222
8728308abffffff,Public Administration,232
8728308abffffff,Real Estate,151
8728308abffffff,Retail,746
8728308abffffff,Transportation,224
8728308abffffff,Wholesale,125
8728308acffffff,Agriculture,26
8728308acffffff,Art/Culture,596
8728308acffffff,Business Support,203
8728308acffffff,Construction,286
8728308acffffff,Corporate,9
8728308acffffff,Education,1060
8728308acffffff,Energy,50
8728308acffffff,Financial,228
8728308acffffff,Health,1387
8728308acffffff,Hospitality,1021
8728308acffffff,Information,181
8728308acffffff,Manufacturing,305
8728308acffffff,Professional Service,900
8728308acffffff,Public Administration,381
8728308acffffff,Real Estate,139
8728308acffffff,Retail,720
8728308acffffff,Transportation,349
8728308acffffff,Wholesale,178
8728308adffffff,Agriculture,76
8728308adffffff,Art/Culture,169
8728308adffffff,Business Support,388
8728308adffffff,Construction,1080
8728308adffffff,Corporate,15
8728308adffffff,Education,1635
8728308adffffff,Energy,48
8728308adffffff,Financial,187
8728308adffffff,Health,2102
8728308adffffff,Hospitality,374
8728308adffffff,Information,199
8728308adffffff,Manufacturing,571
8728308adffffff,Professional Service,1178
8728308adffffff,Public Administration,300
8728308adffffff,Real Estate,122
8728308adffffff,Retail,697
8728308adffffff,Transportation,325
8728308adffffff,Wholesale,245
8728308b1ffffff,Agriculture,1
8728308b1ffffff,Art/Culture,48
8728308b1ffffff,Business Support,32
8728308b1ffffff,Construction,26
8728308b1ffffff,Corporate,1
8728308b1ffffff,Education,141
8728308b1ffffff,Energy,1
8728308b1ffffff,Financial,13
8728308b1ffffff,Health,60
8728308b1ffffff,Hospitality,85
8728308b1ffffff,Information,17
8728308b1ffffff,Manufacturing,11
8728308b1ffffff,Professional Service,88
8728308b1ffffff,Public Administration,31
8728308b1ffffff,Real Estate,2
8728308b1ffffff,Retail,100
8728308b1ffffff,Transportation,19
8728308b1ffffff,Wholesale,30
8728308b3ffffff,Agriculture,2
8728308b3ffffff,Art/Culture,90
8728308b3ffffff,Business Support,32
8728308b3ffffff,Construction,48
8728308b3ffffff,Corporate,4
8728308b3ffffff,Education,262
8728308b3ffffff,Energy,5
8728308b3ffffff,Financial,51
8728308b3ffffff,Health,211
8728308b3ffffff,Hospitality,165
8728308b3ffffff,Information,64
8728308b3ffffff,Manufacturing,17
8728308b3ffffff,Professional Service,188
8728308b3ffffff,Public Administration,50
8728308b3ffffff,Real Estate,27
8728308b3ffffff,Retail,190
8728308b3ffffff,Transportation,46
8728308b3ffffff,Wholesale,46
8728308b5ffffff,Agriculture,1
8728308b5ffffff,Business Support,6
8728308b5ffffff,Construction,5
8728308b5ffffff,Energy,2
8728308b5ffffff,Information,3
8728308b5ffffff,Manufacturing,4
8728308b5ffffff,Public Administration,2
8728308b5ffffff,Real Estate,6
8728308b5ffffff,Retail,6
8728308b5ffffff,Transportation,5
8728308b5ffffff,Wholesale,3
8728308c0ffffff,Agriculture,42
8728308c0ffffff,Art/Culture,47
8728308c0ffffff,Business Support,210
8728308c0ffffff,Construction,231
8728308c0ffffff,Corporate,1
8728308c0ffffff,Education,823
8728308c0ffffff,Energy,35
8728308c0ffffff,Financial,56
8728308c0ffffff,Health,1456
8728308c0ffffff,Hospitality,336
8728308c0ffffff,Information,46
8728308c0ffffff,Manufacturing,258
8728308c0ffffff,Professional Service,109
8728308c0ffffff,Public Administration,578
8728308c0ffffff,Real Estate,35
8728308c0ffffff,Retail,489
8728308c0ffffff,Transportation,147
8728308c0ffffff,Wholesale,80
8728308c1ffffff,Agriculture,17
8728308c1ffffff,Art/Culture,3
8728308c1ffffff,Business Support,46
8728308c1ffffff,Construction,20
8728308c1ffffff,Corporate,1
8728308c1ffffff,Education,17
8728308c1ffffff,Energy,9
8728308c1ffffff,Financial,10
8728308c1ffffff,Health,51
8728308c1ffffff,Hospitality,44
8728308c1ffffff,Information,17
8728308c1ffffff,Manufacturing,168
8728308c1ffffff,Professional Service,1
8728308c1ffffff,Public Administration,32
8728308c1ffffff,Real Estate,14
8728308c1ffffff,Retail,115
8728308c1ffffff,Transportation,381
8728308c1ffffff,Wholesale,41
8728308c2ffffff,Agriculture,35
8728308c2ffffff,Art/Culture,223
8728308c2ffffff,Business Support,243
8728308c2ffffff,Construction,344
8728308c2ffffff,Corporate,3
8728308c2ffffff,Education,1033
8728308c2ffffff,Energy,62
8728308c2ffffff,Financial,106
8728308c2ffffff,Health,1394
8728308c2ffffff,Hospitality,799
8728308c2ffffff,Information,80
8728308c2ffffff,Manufacturing,227
8728308c2ffffff,Professional Service,228
8728308c2ffffff,Public Administration,297
8728308c2ffffff,Real Estate,121
8728308c2ffffff,Retail,743
8728308c2ffffff,Transportation,456
8728308c2ffffff,Wholesale,150
8728308c3ffffff,Agriculture,13
8728308c3ffffff,Art/Culture,55
8728308c3ffffff,Business Support,144
8728308c3ffffff,Construction,434
8728308c3ffffff,Corporate,1
8728308c3ffffff,Education,279
8728308c3ffffff,Energy,23
8728308c3ffffff,Financial,42
8728308c3ffffff,Health,835
8728308c3ffffff,Hospitality,323
8728308c3ffffff,Information,44
8728308c3ffffff,Manufacturing,98
8728308c3ffffff,Professional Service,82
8728308c3ffffff,Public Administration,49
8728308c3ffffff,Real Estate,53
8728308c3ffffff,Retail,298
8728308c3ffffff,Transportation,351
8728308c3ffffff,Wholesale,59
8728308c4ffffff,Agriculture,72
8728308c4ffffff,Art/Culture,52
8728308c4ffffff,Business Support,532
8728308c4ffffff,Construction,751
8728308c4ffffff,Corporate,9
8728308c4ffffff,Education,600
8728308c4ffffff,Energy,88
8728308c4ffffff,Financial,157
8728308c4ffffff,Health,1115
8728308c4ffffff,Hospitality,288
8728308c4ffffff,Information,99
8728308c4ffffff,Manufacturing,1345
8728308c4ffffff,Professional Service,384
8728308c4ffffff,Public Administration,469
8728308c4ffffff,Real Estate,105
8728308c4ffffff,Retail,769
8728308c4ffffff,Transportation,652
8728308c4ffffff,Wholesale,159
8728308c6ffffff,Agriculture,11
8728308c6ffffff,Art/Culture,72
8728308c6ffffff,Business Support,154
8728308c6ffffff,Construction,334
8728308c6ffffff,Education,524
8728308c6ffffff,Energy,43
8728308c6ffffff,Financial,57
8728308c6ffffff,Health,498
8728308c6ffffff,Hospitality,183
8728308c6ffffff,Information,53
8728308c6ffffff,Manufacturing,108
8728308c6ffffff,Professional Service,173
8728308c6ffffff,Public Administration,328
8728308c6ffffff,Real Estate,98
8728308c6ffffff,Retail,317
8728308c6ffffff,Transportation,280
8728308c6ffffff,Wholesale,68
8728308d0ffffff,Agriculture,11
8728308d0ffffff,Art/Culture,7
8728308d0ffffff,Business Support,16
8728308d0ffffff,Construction,17
8728308d0ffffff,Education,56
8728308d0ffffff,Energy,6
8728308d0ffffff,Financial,32
8728308d0ffffff,Health,90
8728308d0ffffff,Hospitality,85
8728308d0ffffff,Information,11
8728308d0ffffff,Manufacturing,13
8728308d0ffffff,Professional Service,43
8728308d0ffffff,Public Administration,16
8728308d0ffffff,Real Estate,9
8728308d0ffffff,Retail,140
8728308d0ffffff,Transportation,80
8728308d0ffffff,Wholesale,39
8728308d1ffffff,Agriculture,9
8728308d1ffffff,Art/Culture,53
8728308d1ffffff,Business Support,74
8728308d1ffffff,Construction,144
8728308d1ffffff,Education,161
8728308d1ffffff,Energy,8
8728308d1ffffff,Financial,54
8728308d1ffffff,Health,290
8728308d1ffffff,Hospitality,134
8728308d1ffffff,Information,29
8728308d1ffffff,Manufacturing,41
8728308d1ffffff,Professional Service,172
8728308d1ffffff,Public Administration,62
8728308d1ffffff,Real Estate,22
8728308d1ffffff,Retail,186
8728308d1ffffff,Transportation,82
8728308d1ffffff,Wholesale,41
8728308d2ffffff,Agriculture,1
8728308d2ffffff,Art/Culture,18
8728308d2ffffff,Construction,7
8728308d2ffffff,Education,4
8728308d2ffffff,Energy,2
8728308d2ffffff,Health,20
8728308d2ffffff,Hospitality,7
8728308d2ffffff,Manufacturing,2
8728308d2ffffff,Professional Service,1
8728308d2ffffff,Public Administration,4
8728308d2ffffff,Retail,3
8728308d2ffffff,Transportation,15
8728308d2ffffff,Wholesale,2
8728308d3ffffff,Agriculture,7
8728308d3ffffff,Art/Culture,25
8728308d3ffffff,Business Support,18
8728308d3ffffff,Construction,91
8728308d3ffffff,Education,193
8728308d3ffffff,Energy,13
8728308d3ffffff,Financial,28
8728308d3ffffff,Health,112
8728308d3ffffff,Hospitality,117
8728308d3ffffff,Information,14
8728308d3ffffff,Manufacturing,12
8728308d3ffffff,Professional Service,26
8728308d3ffffff,Public Administration,36
8728308d3ffffff,Real Estate,9
8728308d3ffffff,Retail,131
8728308d3ffffff,Transportation,17
8728308d3ffffff,Wholesale,4
8728308d5ffffff,Agriculture,1
8728308d5ffffff,Art/Culture,12
8728308d5ffffff,Business Support,10
8728308d5ffffff,Construction,3
8728308d5ffffff,Education,65
8728308d5ffffff,Energy,1
8728308d5ffffff,Financial,5
8728308d5ffffff,Health,66
8728308d5ffffff,Hospitality,1
8728308d5ffffff,Information,39
8728308d5ffffff,Manufacturing,14
8728308d5ffffff,Professional Service,47
8728308d5ffffff,Public Administration,26
8728308d5ffffff,Real Estate,20
8728308d5ffffff,Retail,15
8728308d5ffffff,Transportation,5
8728308d5ffffff,Wholesale,4
8728308dcffffff,Agriculture,32
8728308dcffffff,Art/Culture,180
8728308dcffffff,Business Support,545
8728308dcffffff,Construction,315
8728308dcffffff,Corporate,3
8728308dcffffff,Education,679
8728308dcffffff,Energy,38
8728308dcffffff,Financial,265
8728308dcffffff,Health,1165
8728308dcffffff,Hospitality,802
8728308dcffffff,Information,149
8728308dcffffff,Manufacturing,582
8728308dcffffff,Professional Service,588
8728308dcffffff,Public Administration,241
8728308dcffffff,Real Estate,94
8728308dcffffff,Retail,1323
8728308dcffffff,Transportation,422
8728308dcffffff,Wholesale,227
8728308ddffffff,Agriculture,3
8728308ddffffff,Art/Culture,23
8728308ddffffff,Business Support,57
8728308ddffffff,Construction,76
8728308ddffffff,Education,22
8728308ddffffff,Financial,43
8728308ddffffff,Information,24
8728308ddffffff,Manufacturing,88
8728308ddffffff,Professional Service,80
8728308ddffffff,Public Administration,21
8728308ddffffff,Real Estate,30
8728308ddffffff,Retail,300
8728308deffffff,Agriculture,7
8728308deffffff,Art/Culture,214
8728308deffffff,Business Support,116
8728308deffffff,Construction,206
8728308deffffff,Corporate,3
8728308deffffff,Education,195
8728308deffffff,Energy,46
8728308deffffff,Financial,87
8728308deffffff,Health,592
8728308deffffff,Hospitality,602
8728308deffffff,Information,37
8728308deffffff,Manufacturing,68
8728308deffffff,Professional Service,144
8728308deffffff,Public Administration,45
8728308deffffff,Real Estate,61
8728308deffffff,Retail,446
8728308deffffff,Transportation,397
8728308deffffff,Wholesale,125
8728308e3ffffff,Agriculture,23
8728308e3ffffff,Art/Culture,26
8728308e3ffffff,Business Support,75
8728308e3ffffff,Construction,138
8728308e3ffffff,Energy,31
8728308e3ffffff,Financial,39
8728308e3ffffff,Health,52
8728308e3ffffff,Information,20
8728308e3ffffff,Manufacturing,465
8728308e3ffffff,Professional Service,96
8728308e3ffffff,Public Administration,58
8728308e3ffffff,Retail,167
8728308e3ffffff,Transportation,238
8728308e3ffffff,Wholesale,54
8728308f0ffffff,Agriculture,22
8728308f0ffffff,Art/Culture,246
8728308f0ffffff,Business Support,165
8728308f0ffffff,Construction,235
8728308f0ffffff,Corporate,2
8728308f0ffffff,Education,715
8728308f0ffffff,Energy,37
8728308f0ffffff,Financial,129
8728308f0ffffff,Health,889
8728308f0ffffff,Hospitality,600
8728308f0ffffff,Information,102
8728308f0ffffff,Manufacturing,142
8728308f0ffffff,Professional Service,511
8728308f0ffffff,Public Administration,151
8728308f0ffffff,Real Estate,145
8728308f0ffffff,Retail,587
8728308f0ffffff,Transportation,353
8728308f0ffffff,Wholesale,155
8728308f1ffffff,Agriculture,37
8728308f1ffffff,Art/Culture,39
8728308f1ffffff,Business Support,151
8728308f1ffffff,Construction,270
8728308f1ffffff,Corporate,1
8728308f1ffffff,Education,331
8728308f1ffffff,Energy,47
8728308f1ffffff,Financial,47
8728308f1ffffff,Health,375
8728308f1ffffff,Hospitality,231
8728308f1ffffff,Information,66
8728308f1ffffff,Manufacturing,219
8728308f1ffffff,Professional Service,174
8728308f1ffffff,Public Administration,129
8728308f1ffffff,Real Estate,41
8728308f1ffffff,Retail,455
8728308f1ffffff,Transportation,275
8728308f1ffffff,Wholesale,124
8728308f3ffffff,Agriculture,12
8728308f3ffffff,Art/Culture,54
8728308f3ffffff,Business Support,73
8728308f3ffffff,Construction,121
8728308f3ffffff,Education,176
8728308f3ffffff,Energy,30
8728308f3ffffff,Financial,42
8728308f3ffffff,Health,274
8728308f3ffffff,Hospitality,104
8728308f3ffffff,Information,42
8728308f3ffffff,Manufacturing,89
8728308f3ffffff,Professional Service,194
8728308f3ffffff,Public Administration,156
8728308f3ffffff,Real Estate,29
8728308f3ffffff,Retail,272
8728308f3ffffff,Transportation,291
8728308f3ffffff,Wholesale,56
8728308f4ffffff,Agriculture,76
8728308f4ffffff,Art/Culture,183
8728308f4ffffff,Business Support,390
8728308f4ffffff,Construction,240
8728308f4ffffff,Corporate,11
8728308f4ffffff,Education,934
8728308f4ffffff,Energy,90
8728308f4ffffff,Financial,210
8728308f4ffffff,Health,1090
8728308f4ffffff,Hospitality,769
8728308f4ffffff,Information,301
8728308f4ffffff,Manufacturing,1146
8728308f4ffffff,Professional Service,1009
8728308f4ffffff,Public Administration,439
8728308f4ffffff,Real Estate,64
8728308f4ffffff,Retail,850
8728308f4ffffff,Transportation,491
8728308f4ffffff,Wholesale,301
8728308f6ffffff,Agriculture,31
8728308f6ffffff,Art/Culture,223
8728308f6ffffff,Business Support,188
8728308f6ffffff,Construction,237
8728308f6ffffff,Corporate,10
8728308f6ffffff,Education,491
8728308f6ffffff,Energy,32
8728308f6ffffff,Financial,180
8728308f6ffffff,Health,391
8728308f6ffffff,Hospitality,410
8728308f6ffffff,Information,149
8728308f6ffffff,Manufacturing,181
8728308f6ffffff,Professional Service,1209
8728308f6ffffff,Public Administration,141
8728308f6ffffff,Real Estate,190
8728308f6ffffff,Retail,350
8728308f6ffffff,Transportation,133
8728308f6ffffff,Wholesale,73
87283090cffffff,Agriculture,18
87283090cffffff,Art/Culture,69
87283090cffffff,Corporate,23
87283090cffffff,Energy,67
87283090cffffff,Financial,780
87283090cffffff,Health,752
87283090cffffff,Hospitality,230
87283090cffffff,Information,1477
87283090cffffff,Manufacturing,1380
87283090cffffff,Professional Service,5316
87283090cffffff,Public Administration,104
87283090cffffff,Real Estate,250
87283090cffffff,Retail,1161
87283090cffffff,Transportation,701
87283090cffffff,Wholesale,508
87283090dffffff,Agriculture,44
87283090dffffff,Art/Culture,141
87283090dffffff,Business Support,197
87283090dffffff,Construction,1093
87283090dffffff,Corporate,13
87283090dffffff,Education,104
87283090dffffff,Energy,62
87283090dffffff,Financial,571
87283090dffffff,Health,483
87283090dffffff,Hospitality,518
87283090dffffff,Information,95
87283090dffffff,Manufacturing,1081
87283090dffffff,Professional Service,358
87283090dffffff,Public Administration,155
87283090dffffff,Real Estate,84
87283090dffffff,Retail,840
87283090dffffff,Transportation,676
87283090dffffff,Wholesale,597
872830920ffffff,Agriculture,51
872830920ffffff,Art/Culture,243
872830920ffffff,Business Support,335
872830920ffffff,Construction,595
872830920ffffff,Corporate,16
872830920ffffff,Education,402
872830920ffffff,Energy,98
872830920ffffff,Financial,265
872830920ffffff,Health,638
872830920ffffff,Hospitality,1116
872830920ffffff,Information,418
872830920ffffff,Manufacturing,474
872830920ffffff,Professional Service,848
872830920ffffff,Public Administration,335
872830920ffffff,Real Estate,199
872830920ffffff,Retail,1272
872830920ffffff,Transportation,1166
872830920ffffff,Wholesale,160
872830921ffffff,Agriculture,3
872830921ffffff,Art/Culture,107
872830921ffffff,Business Support,77
872830921ffffff,Construction,260
872830921ffffff,Corporate,6
872830921ffffff,Education,1128
872830921ffffff,Energy,50
872830921ffffff,Financial,45
872830921ffffff,Health,1873
872830921ffffff,Hospitality,237
872830921ffffff,Information,238
872830921ffffff,Manufacturing,618
872830921ffffff,Professional Service,235
872830921ffffff,Public Administration,229
872830921ffffff,Real Estate,66
872830921ffffff,Retail,542
872830921ffffff,Transportation,262
872830921ffffff,Wholesale,44
872830924ffffff,Art/Culture,11
872830924ffffff,Business Support,6
872830924ffffff,Construction,24
872830924ffffff,Education,44
872830924ffffff,Energy,5
872830924ffffff,Financial,24
872830924ffffff,Health,117
872830924ffffff,Hospitality,6
872830924ffffff,Information,3
872830924ffffff,Manufacturing,12
872830924ffffff,Professional Service,94
872830924ffffff,Public Administration,29
872830924ffffff,Real Estate,20
872830924ffffff,Retail,37
872830924ffffff,Transportation,19
872830924ffffff,Wholesale,12
872830926ffffff,Agriculture,67
872830926ffffff,Art/Culture,264
872830926ffffff,Business Support,515
872830926ffffff,Construction,498
872830926ffffff,Corporate,13
872830926ffffff,Education,1022
872830926ffffff,Energy,31
872830926ffffff,Financial,454
872830926ffffff,Health,2046
872830926ffffff,Hospitality,1021
872830926ffffff,Information,517
872830926ffffff,Manufacturing,221
872830926ffffff,Professional Service,1686
872830926ffffff,Public Administration,335
872830926ffffff,Real Estate,348
872830926ffffff,Retail,751
872830926ffffff,Transportation,254
872830926ffffff,Wholesale,104
872830928ffffff,Agriculture,49
872830928ffffff,Art/Culture,203
872830928ffffff,Business Support,145
872830928ffffff,Construction,194
872830928ffffff,Corporate,3
872830928ffffff,Education,380
872830928ffffff,Energy,12
872830928ffffff,Financial,103
872830928ffffff,Health,533
872830928ffffff,Hospitality,636
872830928ffffff,Information,75
872830928ffffff,Manufacturing,108
872830928ffffff,Professional Service,274
872830928ffffff,Public Administration,136
872830928ffffff,Real Estate,53
872830928ffffff,Retail,270
872830928ffffff,Transportation,118
872830928ffffff,Wholesale,43
872830929ffffff,Agriculture,23
872830929ffffff,Art/Culture,67
872830929ffffff,Business Support,253
872830929ffffff,Construction,73
872830929ffffff,Corporate,10
872830929ffffff,Education,161
872830929ffffff,Energy,33
872830929ffffff,Financial,324
872830929ffffff,Health,357
872830929ffffff,Hospitality,127
872830929ffffff,Information,221
872830929ffffff,Manufacturing,120
872830929ffffff,Professional Service,635
872830929ffffff,Public Administration,99
872830929ffffff,Real Estate,169
872830929ffffff,Retail,578
872830929ffffff,Transportation,55
872830929ffffff,Wholesale,166
87283092cffffff,Agriculture,7
87283092cffffff,Art/Culture,67
87283092cffffff,Business Support,18
87283092cffffff,Construction,84
87283092cffffff,Education,129
87283092cffffff,Energy,8
87283092cffffff,Financial,32
87283092cffffff,Health,135
87283092cffffff,Hospitality,81
87283092cffffff,Information,16
87283092cffffff,Manufacturing,28
87283092cffffff,Professional Service,103
87283092cffffff,Public Administration,30
87283092cffffff,Real Estate,11
87283092cffffff,Retail,117
87283092cffffff,Transportation,110
87283092cffffff,Wholesale,48
87283092effffff,Agriculture,21
87283092effffff,Art/Culture,328
87283092effffff,Business Support,553
87283092effffff,Construction,432
87283092effffff,Corporate,23
87283092effffff,Education,162
87283092effffff,Energy,24
87283092effffff,Financial,481
87283092effffff,Health,278
87283092effffff,Hospitality,1325
87283092effffff,Information,272
87283092effffff,Manufacturing,184
87283092effffff,Professional Service,885
87283092effffff,Public Administration,401
87283092effffff,Real Estate,225
87283092effffff,Retail,1504
87283092effffff,Transportation,642
87283092effffff,Wholesale,414
872830934ffffff,Agriculture,30
872830934ffffff,Art/Culture,120
872830934ffffff,Business Support,1382
872830934ffffff,Construction,427
872830934ffffff,Corporate,24
872830934ffffff,Education,175
872830934ffffff,Energy,26
872830934ffffff,Financial,448
872830934ffffff,Health,122
872830934ffffff,Hospitality,377
872830934ffffff,Information,694
872830934ffffff,Manufacturing,841
872830934ffffff,Professional Service,2410
872830934ffffff,Public Administration,39
872830934ffffff,Real Estate,450
872830934ffffff,Retail,529
872830934ffffff,Transportation,642
872830934ffffff,Wholesale,356
872830942ffffff,Agriculture,22
872830942ffffff,Art/Culture,225
872830942ffffff,Business Support,153
872830942ffffff,Construction,103
872830942ffffff,Corporate,3
872830942ffffff,Education,706
872830942ffffff,Energy,28
872830942ffffff,Financial,244
872830942ffffff,Health,640
872830942ffffff,Hospitality,597
872830942ffffff,Information,226
872830942ffffff,Manufacturing,162
872830942ffffff,Professional Service,676
872830942ffffff,Public Administration,188
872830942ffffff,Real Estate,75
872830942ffffff,Retail,659
872830942ffffff,Transportation,261
872830942ffffff,Wholesale,79
872830946ffffff,Agriculture,3
872830946ffffff,Art/Culture,82
872830946ffffff,Business Support,102
872830946ffffff,Construction,117
872830946ffffff,Education,476
872830946ffffff,Energy,28
872830946ffffff,Financial,97
872830946ffffff,Health,774
872830946ffffff,Hospitality,423
872830946ffffff,Information,75
872830946ffffff,Manufacturing,78
872830946ffffff,Professional Service,179
872830946ffffff,Public Administration,281
872830946ffffff,Real Estate,82
872830946ffffff,Retail,361
872830946ffffff,Transportation,354
872830946ffffff,Wholesale,94
872830950ffffff,Agriculture,45
872830950ffffff,Art/Culture,427
872830950ffffff,Business Support,381
872830950ffffff,Construction,829
872830950ffffff,Corporate,7
872830950ffffff,Education,1678
872830950ffffff,Energy,54
872830950ffffff,Financial,592
872830950ffffff,Health,2425
872830950ffffff,Hospitality,1329
872830950ffffff,Information,526
872830950ffffff,Manufacturing,490
872830950ffffff,Professional Service,1752
872830950ffffff,Public Administration,530
872830950ffffff,Real Estate,237
872830950ffffff,Retail,1631
872830950ffffff,Transportation,602
872830950ffffff,Wholesale,159
872830951ffffff,Agriculture,82
872830951ffffff,Art/Culture,872
872830951ffffff,Business Support,777
872830951ffffff,Construction,1089
872830951ffffff,Corporate,26
872830951ffffff,Education,3038
872830951ffffff,Energy,121
872830951ffffff,Financial,1332
872830951ffffff,Health,4582
872830951ffffff,Hospitality,3151
872830951ffffff,Information,1190
872830951ffffff,Manufacturing,1093
872830951ffffff,Professional Service,3876
872830951ffffff,Public Administration,959
872830951ffffff,Real Estate,393
872830951ffffff,Retail,3705
872830951ffffff,Transportation,1280
872830951ffffff,Wholesale,314
872830952ffffff,Agriculture,30
872830952ffffff,Art/Culture,91
872830952ffffff,Business Support,117
872830952ffffff,Construction,542
872830952ffffff,Corporate,6
872830952ffffff,Education,745
872830952ffffff,Energy,12
872830952ffffff,Financial,114
872830952ffffff,Health,1240
872830952ffffff,Hospitality,323
872830952ffffff,Information,93
872830952ffffff,Manufacturing,165
872830952ffffff,Professional Service,453
872830952ffffff,Public Administration,266
872830952ffffff,Real Estate,75
872830952ffffff,Retail,279
872830952ffffff,Transportation,163
872830952ffffff,Wholesale,73
872830953ffffff,Agriculture,18
872830953ffffff,Art/Culture,149
872830953ffffff,Business Support,188
872830953ffffff,Construction,405
872830953ffffff,Corporate,4
872830953ffffff,Education,561
872830953ffffff,Energy,45
872830953ffffff,Financial,126
872830953ffffff,Health,904
872830953ffffff,Hospitality,374
872830953ffffff,Information,160
872830953ffffff,Manufacturing,216
872830953ffffff,Professional Service,1052
872830953ffffff,Public Administration,227
872830953ffffff,Real Estate,145
872830953ffffff,Retail,454
872830953ffffff,Transportation,254
872830953ffffff,Wholesale,123
872830954ffffff,Agriculture,2
872830954ffffff,Business Support,2
872830954ffffff,Construction,10
872830954ffffff,Education,3
872830954ffffff,Energy,1
872830954ffffff,Financial,1
872830954ffffff,Health,3
872830954ffffff,Hospitality,2
872830954ffffff,Information,1
872830954ffffff,Manufacturing,33
872830954ffffff,Professional Service,2
872830954ffffff,Public Administration,2
872830954ffffff,Real Estate,1
872830954ffffff,Retail,2
872830954ffffff,Transportation,122
872830954ffffff,Wholesale,2
872830955ffffff,Agriculture,23
872830955ffffff,Art/Culture,178
872830955ffffff,Business Support,219
872830955ffffff,Construction,351
872830955ffffff,Corporate,2
872830955ffffff,Education,402
872830955ffffff,Energy,15
872830955ffffff,Financial,259
872830955ffffff,Health,805
872830955ffffff,Hospitality,567
872830955ffffff,Information,191
872830955ffffff,Manufacturing,178
872830955ffffff,Professional Service,513
872830955ffffff,Public Administration,218
872830955ffffff,Real Estate,111
872830955ffffff,Retail,510
872830955ffffff,Transportation,385
872830955ffffff,Wholesale,102
872830956ffffff,Agriculture,5
872830956ffffff,Art/Culture,56
872830956ffffff,Business Support,31
872830956ffffff,Construction,243
872830956ffffff,Corporate,2
872830956ffffff,Education,160
872830956ffffff,Energy,32
872830956ffffff,Financial,29
872830956ffffff,Health,364
872830956ffffff,Hospitality,207
872830956ffffff,Information,71
872830956ffffff,Manufacturing,362
872830956ffffff,Professional Service,265
872830956ffffff,Public Administration,96
872830956ffffff,Real Estate,72
872830956ffffff,Retail,330
872830956ffffff,Transportation,185
872830956ffffff,Wholesale,24
872830958ffffff,Agriculture,13
872830958ffffff,Art/Culture,191
872830958ffffff,Business Support,114
872830958ffffff,Construction,438
872830958ffffff,Education,788
872830958ffffff,Energy,21
872830958ffffff,Financial,142
872830958ffffff,Health,1275
872830958ffffff,Hospitality,658
872830958ffffff,Information,141
872830958ffffff,Manufacturing,233
872830958ffffff,Professional Service,645
872830958ffffff,Public Administration,181
872830958ffffff,Real Estate,122
872830958ffffff,Retail,508
872830958ffffff,Transportation,193
872830958ffffff,Wholesale,76
87283095affffff,Agriculture,36
87283095affffff,Art/Culture,466
87283095affffff,Business Support,266
87283095affffff,Construction,512
87283095affffff,Corporate,13
87283095affffff,Education,4334
87283095affffff,Energy,56
87283095affffff,Financial,503
87283095affffff,Health,6423
87283095affffff,Hospitality,1130
87283095affffff,Information,553
87283095affffff,Manufacturing,530
87283095affffff,Professional Service,1960
87283095affffff,Public Administration,372
87283095affffff,Real Estate,246
87283095affffff,Retail,996
87283095affffff,Transportation,345
87283095affffff,Wholesale,237
87283095bffffff,Agriculture,52
87283095bffffff,Art/Culture,275
87283095bffffff,Business Support,92
87283095bffffff,Construction,401
87283095bffffff,Corporate,4
87283095bffffff,Education,807
87283095bffffff,Energy,26
87283095bffffff,Financial,209
87283095bffffff,Health,1334
87283095bffffff,Hospitality,763
87283095bffffff,Information,99
87283095bffffff,Manufacturing,131
87283095bffffff,Professional Service,630
87283095bffffff,Public Administration,202
87283095bffffff,Real Estate,77
87283095bffffff,Retail,488
87283095bffffff,Transportation,213
87283095bffffff,Wholesale,78
87283095cffffff,Agriculture,58
87283095cffffff,Art/Culture,557
87283095cffffff,Business Support,428
87283095cffffff,Construction,636
87283095cffffff,Corporate,15
87283095cffffff,Education,2236
87283095cffffff,Energy,67
87283095cffffff,Financial,580
87283095cffffff,Health,2507
87283095cffffff,Hospitality,1921
87283095cffffff,Information,541
87283095cffffff,Manufacturing,551
87283095cffffff,Professional Service,2065
87283095cffffff,Public Administration,485
87283095cffffff,Real Estate,219
87283095cffffff,Retail,2108
87283095cffffff,Transportation,927
87283095cffffff,Wholesale,211
87283095effffff,Agriculture,13
87283095effffff,Art/Culture,80
87283095effffff,Business Support,168
87283095effffff,Construction,378
87283095effffff,Corporate,1
87283095effffff,Education,652
87283095effffff,Energy,44
87283095effffff,Financial,198
87283095effffff,Health,1395
87283095effffff,Hospitality,382
87283095effffff,Information,138
87283095effffff,Manufacturing,192
87283095effffff,Professional Service,782
87283095effffff,Public Administration,363
87283095effffff,Real Estate,125
87283095effffff,Retail,335
87283095effffff,Transportation,238
87283095effffff,Wholesale,99
872830970ffffff,Agriculture,11
872830970ffffff,Art/Culture,186
872830970ffffff,Business Support,212
872830970ffffff,Construction,87
872830970ffffff,Corporate,2
872830970ffffff,Education,355
872830970ffffff,Energy,69
872830970ffffff,Financial,175
872830970ffffff,Health,703
872830970ffffff,Hospitality,631
872830970ffffff,Information,64
872830970ffffff,Manufacturing,134
872830970ffffff,Professional Service,342
872830970ffffff,Public Administration,111
872830970ffffff,Real Estate,56
872830970ffffff,Retail,794
872830970ffffff,Transportation,309
872830970ffffff,Wholesale,197
872830971ffffff,Agriculture,1
872830971ffffff,Art/Culture,55
872830971ffffff,Business Support,84
872830971ffffff,Construction,66
872830971ffffff,Corporate,1
872830971ffffff,Education,614
872830971ffffff,Energy,12
872830971ffffff,Financial,64
872830971ffffff,Health,598
872830971ffffff,Hospitality,151
872830971ffffff,Information,19
872830971ffffff,Manufacturing,70
872830971ffffff,Professional Service,94
872830971ffffff,Public Administration,19
872830971ffffff,Real Estate,63
872830971ffffff,Retail,279
872830971ffffff,Transportation,102
872830971ffffff,Wholesale,43
872830972ffffff,Agriculture,4
872830972ffffff,Art/Culture,21
872830972ffffff,Business Support,41
872830972ffffff,Construction,39
872830972ffffff,Education,630
872830972ffffff,Energy,71
872830972ffffff,Financial,40
872830972ffffff,Health,1284
872830972ffffff,Hospitality,261
872830972ffffff,Information,28
872830972ffffff,Manufacturing,112
872830972ffffff,Professional Service,103
872830972ffffff,Public Administration,128
872830972ffffff,Real Estate,35
872830972ffffff,Retail,302
872830972ffffff,Transportation,236
872830972ffffff,Wholesale,205
872830973ffffff,Agriculture,9
872830973ffffff,Art/Culture,134
872830973ffffff,Business Support,55
872830973ffffff,Construction,199
872830973ffffff,Corporate,1
872830973ffffff,Education,182
872830973ffffff,Energy,55
872830973ffffff,Financial,110
872830973ffffff,Health,1285
872830973ffffff,Hospitality,706
872830973ffffff,Information,44
872830973ffffff,Manufacturing,72
872830973ffffff,Professional Service,162
872830973ffffff,Public Administration,166
872830973ffffff,Real Estate,54
872830973ffffff,Retail,1130
872830973ffffff,Transportation,1349
872830973ffffff,Wholesale,198
872830974ffffff,Agriculture,7
872830974ffffff,Art/Culture,269
872830974ffffff,Business Support,176
872830974ffffff,Construction,203
872830974ffffff,Corporate,20
872830974ffffff,Education,766
872830974ffffff,Energy,46
872830974ffffff,Financial,405
872830974ffffff,Health,1240
872830974ffffff,Hospitality,1074
872830974ffffff,Information,263
872830974ffffff,Manufacturing,340
872830974ffffff,Professional Service,669
872830974ffffff,Public Administration,195
872830974ffffff,Real Estate,104
872830974ffffff,Retail,1087
872830974ffffff,Transportation,490
872830974ffffff,Wholesale,115
872830975ffffff,Agriculture,7
872830975ffffff,Art/Culture,52
872830975ffffff,Business Support,31
872830975ffffff,Construction,48
872830975ffffff,Education,189
872830975ffffff,Energy,11
872830975ffffff,Financial,35
872830975ffffff,Health,320
872830975ffffff,Hospitality,285
872830975ffffff,Information,34
872830975ffffff,Manufacturing,86
872830975ffffff,Professional Service,140
872830975ffffff,Public Administration,24
872830975ffffff,Real Estate,34
872830975ffffff,Retail,135
872830975ffffff,Transportation,95
872830975ffffff,Wholesale,43
872830976ffffff,Agriculture,75
872830976ffffff,Art/Culture,61
872830976ffffff,Business Support,119
872830976ffffff,Construction,72
872830976ffffff,Corporate,2
872830976ffffff,Education,468
872830976ffffff,Energy,346
872830976ffffff,Financial,62
872830976ffffff,Health,562
872830976ffffff,Hospitality,588
872830976ffffff,Information,80
872830976ffffff,Manufacturing,7824
872830976ffffff,Professional Service,244
872830976ffffff,Public Administration,562
872830976ffffff,Real Estate,46
872830976ffffff,Retail,2192
872830976ffffff,Transportation,2917
872830976ffffff,Wholesale,41
872830980ffffff,Agriculture,38
872830980ffffff,Art/Culture,88
872830980ffffff,Business Support,323
872830980ffffff,Construction,993
872830980ffffff,Corporate,8
872830980ffffff,Education,467
872830980ffffff,Energy,56
872830980ffffff,Financial,246
872830980ffffff,Health,863
872830980ffffff,Hospitality,307
872830980ffffff,Information,130
872830980ffffff,Manufacturing,749
872830980ffffff,Professional Service,535
872830980ffffff,Public Administration,383
872830980ffffff,Real Estate,166
872830980ffffff,Retail,594
872830980ffffff,Transportation,320
872830980ffffff,Wholesale,126
872830982ffffff,Agriculture,9
872830982ffffff,Art/Culture,132
872830982ffffff,Business Support,97
872830982ffffff,Construction,132
872830982ffffff,Corporate,1
872830982ffffff,Education,429
872830982ffffff,Energy,11
872830982ffffff,Financial,37
872830982ffffff,Health,540
872830982ffffff,Hospitality,271
872830982ffffff,Information,48
872830982ffffff,Manufacturing,91
872830982ffffff,Professional Service,255
872830982ffffff,Public Administration,179
872830982ffffff,Real Estate,95
872830982ffffff,Retail,192
872830982ffffff,Transportation,85
872830982ffffff,Wholesale,57
872830983ffffff,Agriculture,9
872830983ffffff,Art/Culture,74
872830983ffffff,Business Support,131
872830983ffffff,Construction,325
872830983ffffff,Education,376
872830983ffffff,Energy,24
872830983ffffff,Financial,55
872830983ffffff,Health,595
872830983ffffff,Hospitality,186
872830983ffffff,Information,45
872830983ffffff,Manufacturing,524
872830983ffffff,Professional Service,110
872830983ffffff,Public Administration,162
872830983ffffff,Real Estate,39
872830983ffffff,Retail,312
872830983ffffff,Transportation,253
872830983ffffff,Wholesale,120
872830985ffffff,Agriculture,68
872830985ffffff,Art/Culture,113
872830985ffffff,Business Support,308
872830985ffffff,Construction,1042
872830985ffffff,Corporate,7
872830985ffffff,Education,101
872830985ffffff,Energy,110
872830985ffffff,Financial,100
872830985ffffff,Health,223
872830985ffffff,Hospitality,166
872830985ffffff,Information,121
872830985ffffff,Manufacturing,1162
872830985ffffff,Professional Service,357
872830985ffffff,Public Administration,135
872830985ffffff,Real Estate,125
872830985ffffff,Retail,1382
872830985ffffff,Transportation,901
872830985ffffff,Wholesale,638
872830986ffffff,Agriculture,41
872830986ffffff,Art/Culture,113
872830986ffffff,Business Support,275
872830986ffffff,Construction,531
872830986ffffff,Corporate,8
872830986ffffff,Education,927
872830986ffffff,Energy,56
872830986ffffff,Financial,179
872830986ffffff,Health,1482
872830986ffffff,Hospitality,680
872830986ffffff,Information,120
872830986ffffff,Manufacturing,1113
872830986ffffff,Professional Service,455
872830986ffffff,Public Administration,347
872830986ffffff,Real Estate,94
872830986ffffff,Retail,1018
872830986ffffff,Transportation,618
872830986ffffff,Wholesale,352
872830988ffffff,Agriculture,50
872830988ffffff,Art/Culture,91
872830988ffffff,Business Support,248
872830988ffffff,Construction,677
872830988ffffff,Corporate,5
872830988ffffff,Education,312
872830988ffffff,Energy,89
872830988ffffff,Financial,133
872830988ffffff,Health,699
872830988ffffff,Hospitality,428
872830988ffffff,Information,108
872830988ffffff,Manufacturing,851
872830988ffffff,Professional Service,364
872830988ffffff,Public Administration,170
872830988ffffff,Real Estate,131
872830988ffffff,Retail,1158
872830988ffffff,Transportation,764
872830988ffffff,Wholesale,315
872830989ffffff,Agriculture,33
872830989ffffff,Art/Culture,280
872830989ffffff,Business Support,240
872830989ffffff,Construction,614
872830989ffffff,Corporate,3
872830989ffffff,Education,875
872830989ffffff,Energy,84
872830989ffffff,Financial,161
872830989ffffff,Health,1353
872830989ffffff,Hospitality,937
872830989ffffff,Information,193
872830989ffffff,Manufacturing,592
872830989ffffff,Professional Service,502
872830989ffffff,Public Administration,531
872830989ffffff,Real Estate,137
872830989ffffff,Retail,745
872830989ffffff,Transportation,360
872830989ffffff,Wholesale,166
87283098affffff,Agriculture,13
87283098affffff,Art/Culture,90
87283098affffff,Business Support,117
87283098affffff,Construction,145
87283098affffff,Education,647
87283098affffff,Energy,19
87283098affffff,Financial,69
87283098affffff,Health,1229
87283098affffff,Hospitality,277
87283098affffff,Information,71
87283098affffff,Manufacturing,129
87283098affffff,Professional Service,205
87283098affffff,Public Administration,269
87283098affffff,Real Estate,51
87283098affffff,Retail,273
87283098affffff,Transportation,128
87283098affffff,Wholesale,63
87283098bffffff,Agriculture,38
87283098bffffff,Art/Culture,154
87283098bffffff,Business Support,323
87283098bffffff,Construction,730
87283098bffffff,Corporate,1
87283098bffffff,Education,1504
87283098bffffff,Energy,23
87283098bffffff,Financial,131
87283098bffffff,Health,1680
87283098bffffff,Hospitality,655
87283098bffffff,Information,97
87283098bffffff,Manufacturing,187
87283098bffffff,Professional Service,374
87283098bffffff,Public Administration,209
87283098bffffff,Real Estate,72
87283098bffffff,Retail,454
87283098bffffff,Transportation,210
87283098bffffff,Wholesale,110
87283098cffffff,Agriculture,7
87283098cffffff,Art/Culture,26
87283098cffffff,Business Support,49
87283098cffffff,Construction,68
87283098cffffff,Education,31
87283098cffffff,Energy,29
87283098cffffff,Health,497
87283098cffffff,Manufacturing,150
87283098cffffff,Professional Service,70
87283098cffffff,Public Administration,44
87283098cffffff,Retail,112
87283098cffffff,Transportation,3
87283098dffffff,Agriculture,5
87283098dffffff,Art/Culture,194
87283098dffffff,Business Support,119
87283098dffffff,Construction,375
87283098dffffff,Corporate,3
87283098dffffff,Education,649
87283098dffffff,Energy,19
87283098dffffff,Financial,153
87283098dffffff,Health,892
87283098dffffff,Hospitality,962
87283098dffffff,Information,119
87283098dffffff,Manufacturing,197
87283098dffffff,Professional Service,562
87283098dffffff,Public Administration,265
87283098dffffff,Real Estate,184
87283098dffffff,Retail,461
87283098dffffff,Transportation,329
87283098dffffff,Wholesale,101
87283098effffff,Agriculture,37
87283098effffff,Art/Culture,110
87283098effffff,Business Support,208
87283098effffff,Construction,692
87283098effffff,Corporate,3
87283098effffff,Education,405
87283098effffff,Energy,26
87283098effffff,Financial,75
87283098effffff,Health,456
87283098effffff,Hospitality,310
87283098effffff,Information,61
87283098effffff,Manufacturing,664
87283098effffff,Professional Service,324
87283098effffff,Public Administration,198
87283098effffff,Real Estate,87
87283098effffff,Retail,623
87283098effffff,Transportation,250
87283098effffff,Wholesale,150
872830991ffffff,Agriculture,1
872830991ffffff,Business Support,4
872830991ffffff,Construction,10
872830991ffffff,Corporate,1
872830991ffffff,Education,14
872830991ffffff,Financial,28
872830991ffffff,Health,37
872830991ffffff,Hospitality,75
872830991ffffff,Information,3
872830991ffffff,Manufacturing,8
872830991ffffff,Professional Service,85
872830991ffffff,Public Administration,1
872830991ffffff,Real Estate,9
872830991ffffff,Retail,16
872830991ffffff,Transportation,1
872830991ffffff,Wholesale,2
872830995ffffff,Agriculture,3
872830995ffffff,Art/Culture,26
872830995ffffff,Business Support,7
872830995ffffff,Construction,47
872830995ffffff,Education,10
872830995ffffff,Financial,10
872830995ffffff,Health,11
872830995ffffff,Hospitality,63
872830995ffffff,Information,1
872830995ffffff,Manufacturing,28
872830995ffffff,Professional Service,39
872830995ffffff,Public Administration,4
872830995ffffff,Real Estate,2
872830995ffffff,Retail,8
872830995ffffff,Transportation,5
872830995ffffff,Wholesale,5
872830998ffffff,Art/Culture,9
872830998ffffff,Business Support,4
872830998ffffff,Construction,4
872830998ffffff,Education,2
872830998ffffff,Financial,7
872830998ffffff,Health,3
872830998ffffff,Information,5
872830998ffffff,Manufacturing,11
872830998ffffff,Professional Service,13
872830998ffffff,Real Estate,1
872830998ffffff,Retail,15
872830998ffffff,Transportation,5
872830998ffffff,Wholesale,4
87283099dffffff,Agriculture,4
87283099dffffff,Art/Culture,26
87283099dffffff,Business Support,112
87283099dffffff,Construction,110
87283099dffffff,Corporate,1
87283099dffffff,Education,521
87283099dffffff,Energy,7
87283099dffffff,Financial,47
87283099dffffff,Health,729
87283099dffffff,Hospitality,84
87283099dffffff,Information,50
87283099dffffff,Manufacturing,119
87283099dffffff,Professional Service,202
87283099dffffff,Public Administration,166
87283099dffffff,Real Estate,53
87283099dffffff,Retail,209
87283099dffffff,Transportation,92
87283099dffffff,Wholesale,50
87283099effffff,Art/Culture,2
87283099effffff,Construction,7
87283099effffff,Education,2
87283099effffff,Financial,9
87283099effffff,Health,11
87283099effffff,Hospitality,3
87283099effffff,Professional Service,3
87283099effffff,Real Estate,2
87283099effffff,Retail,9
87283099effffff,Transportation,1
8728309a2ffffff,Agriculture,6
8728309a2ffffff,Art/Culture,14
8728309a2ffffff,Business Support,17
8728309a2ffffff,Construction,36
8728309a2ffffff,Education,123
8728309a2ffffff,Energy,2
8728309a2ffffff,Financial,14
8728309a2ffffff,Health,223
8728309a2ffffff,Hospitality,44
8728309a2ffffff,Information,8
8728309a2ffffff,Manufacturing,142
8728309a2ffffff,Professional Service,29
8728309a2ffffff,Public Administration,49
8728309a2ffffff,Real Estate,8
8728309a2ffffff,Retail,51
8728309a2ffffff,Transportation,99
8728309a2ffffff,Wholesale,13
8728309abffffff,Agriculture,13
8728309abffffff,Art/Culture,21
8728309abffffff,Business Support,346
8728309abffffff,Construction,405
8728309abffffff,Corporate,10
8728309abffffff,Education,312
8728309abffffff,Energy,36
8728309abffffff,Financial,210
8728309abffffff,Health,331
8728309abffffff,Hospitality,326
8728309abffffff,Information,158
8728309abffffff,Manufacturing,1519
8728309abffffff,Professional Service,654
8728309abffffff,Public Administration,387
8728309abffffff,Real Estate,189
8728309abffffff,Retail,367
8728309abffffff,Transportation,242
8728309abffffff,Wholesale,91
8728309b0ffffff,Agriculture,14
8728309b0ffffff,Art/Culture,46
8728309b0ffffff,Business Support,240
8728309b0ffffff,Construction,266
8728309b0ffffff,Corporate,2
8728309b0ffffff,Education,416
8728309b0ffffff,Energy,14
8728309b0ffffff,Financial,116
8728309b0ffffff,Health,806
8728309b0ffffff,Hospitality,407
8728309b0ffffff,Information,60
8728309b0ffffff,Manufacturing,227
8728309b0ffffff,Professional Service,170
8728309b0ffffff,Public Administration,141
8728309b0ffffff,Real Estate,78
8728309b0ffffff,Retail,285
8728309b0ffffff,Transportation,212
8728309b0ffffff,Wholesale,128
8728309b1ffffff,Agriculture,17
8728309b1ffffff,Art/Culture,134
8728309b1ffffff,Business Support,155
8728309b1ffffff,Construction,364
8728309b1ffffff,Corporate,1
8728309b1ffffff,Education,274
8728309b1ffffff,Energy,16
8728309b1ffffff,Financial,122
8728309b1ffffff,Health,394
8728309b1ffffff,Hospitality,719
8728309b1ffffff,Information,64
8728309b1ffffff,Manufacturing,159
8728309b1ffffff,Professional Service,357
8728309b1ffffff,Public Administration,148
8728309b1ffffff,Real Estate,116
8728309b1ffffff,Retail,473
8728309b1ffffff,Transportation,289
8728309b1ffffff,Wholesale,127
8728309b2ffffff,Agriculture,7
8728309b2ffffff,Art/Culture,82
8728309b2ffffff,Business Support,87
8728309b2ffffff,Construction,172
8728309b2ffffff,Corporate,1
8728309b2ffffff,Education,835
8728309b2ffffff,Energy,33
8728309b2ffffff,Financial,71
8728309b2ffffff,Health,1483
8728309b2ffffff,Hospitality,294
8728309b2ffffff,Information,36
8728309b2ffffff,Manufacturing,92
8728309b2ffffff,Professional Service,218
8728309b2ffffff,Public Administration,181
8728309b2ffffff,Real Estate,53
8728309b2ffffff,Retail,218
8728309b2ffffff,Transportation,187
8728309b2ffffff,Wholesale,130
8728309b3ffffff,Agriculture,22
8728309b3ffffff,Art/Culture,99
8728309b3ffffff,Business Support,168
8728309b3ffffff,Construction,119
8728309b3ffffff,Corporate,6
8728309b3ffffff,Education,440
8728309b3ffffff,Energy,35
8728309b3ffffff,Financial,105
8728309b3ffffff,Health,1036
8728309b3ffffff,Hospitality,429
8728309b3ffffff,Information,69
8728309b3ffffff,Manufacturing,204
8728309b3ffffff,Professional Service,184
8728309b3ffffff,Public Administration,255
8728309b3ffffff,Real Estate,93
8728309b3ffffff,Retail,505
8728309b3ffffff,Transportation,326
8728309b3ffffff,Wholesale,234
8728309b5ffffff,Agriculture,7
8728309b5ffffff,Art/Culture,35
8728309b5ffffff,Business Support,47
8728309b5ffffff,Construction,71
8728309b5ffffff,Education,189
8728309b5ffffff,Energy,24
8728309b5ffffff,Financial,29
8728309b5ffffff,Health,317
8728309b5ffffff,Hospitality,154
8728309b5ffffff,Information,49
8728309b5ffffff,Manufacturing,557
8728309b5ffffff,Professional Service,64
8728309b5ffffff,Public Administration,36
8728309b5ffffff,Real Estate,18
8728309b5ffffff,Retail,269
8728309b5ffffff,Transportation,123
8728309b5ffffff,Wholesale,35
8728309b6ffffff,Agriculture,9
8728309b6ffffff,Art/Culture,181
8728309b6ffffff,Business Support,443
8728309b6ffffff,Construction,729
8728309b6ffffff,Corporate,9
8728309b6ffffff,Education,493
8728309b6ffffff,Energy,44
8728309b6ffffff,Financial,256
8728309b6ffffff,Health,1050
8728309b6ffffff,Hospitality,747
8728309b6ffffff,Information,124
8728309b6ffffff,Manufacturing,278
8728309b6ffffff,Professional Service,466
8728309b6ffffff,Public Administration,356
8728309b6ffffff,Real Estate,139
8728309b6ffffff,Retail,590
8728309b6ffffff,Transportation,435
8728309b6ffffff,Wholesale,201
872830aa0ffffff,Agriculture,36
872830aa0ffffff,Art/Culture,76
872830aa0ffffff,Business Support,211
872830aa0ffffff,Construction,348
872830aa0ffffff,Corporate,4
872830aa0ffffff,Education,201
872830aa0ffffff,Energy,51
872830aa0ffffff,Financial,101
872830aa0ffffff,Health,574
872830aa0ffffff,Hospitality,326
872830aa0ffffff,Information,113
872830aa0ffffff,Manufacturing,125
872830aa0ffffff,Professional Service,309
872830aa0ffffff,Public Administration,306
872830aa0ffffff,Real Estate,93
872830aa0ffffff,Retail,604
872830aa0ffffff,Transportation,231
872830aa0ffffff,Wholesale,137
872830aa1ffffff,Agriculture,3
872830aa1ffffff,Art/Culture,71
872830aa1ffffff,Business Support,64
872830aa1ffffff,Construction,162
872830aa1ffffff,Corporate,7
872830aa1ffffff,Education,186
872830aa1ffffff,Energy,9
872830aa1ffffff,Financial,117
872830aa1ffffff,Health,149
872830aa1ffffff,Hospitality,54
872830aa1ffffff,Information,41
872830aa1ffffff,Manufacturing,26
872830aa1ffffff,Professional Service,134
872830aa1ffffff,Public Administration,48
872830aa1ffffff,Real Estate,44
872830aa1ffffff,Retail,142
872830aa1ffffff,Transportation,29
872830aa1ffffff,Wholesale,20
872830aa3ffffff,Art/Culture,13
872830aa3ffffff,Business Support,58
872830aa3ffffff,Construction,12
872830aa3ffffff,Education,31
872830aa3ffffff,Financial,102
872830aa3ffffff,Health,51
872830aa3ffffff,Hospitality,20
872830aa3ffffff,Information,47
872830aa3ffffff,Professional Service,122
872830aa3ffffff,Real Estate,62
872830aa3ffffff,Retail,52
872830aa4ffffff,Agriculture,5
872830aa4ffffff,Art/Culture,70
872830aa4ffffff,Business Support,89
872830aa4ffffff,Construction,223
872830aa4ffffff,Corporate,2
872830aa4ffffff,Education,391
872830aa4ffffff,Energy,4
872830aa4ffffff,Financial,87
872830aa4ffffff,Health,310
872830aa4ffffff,Hospitality,165
872830aa4ffffff,Information,52
872830aa4ffffff,Manufacturing,20
872830aa4ffffff,Professional Service,173
872830aa4ffffff,Public Administration,25
872830aa4ffffff,Real Estate,104
872830aa4ffffff,Retail,481
872830aa4ffffff,Transportation,117
872830aa4ffffff,Wholesale,54
872830aa5ffffff,Agriculture,16
872830aa5ffffff,Art/Culture,55
872830aa5ffffff,Business Support,174
872830aa5ffffff,Construction,214
872830aa5ffffff,Corporate,12
872830aa5ffffff,Education,347
872830aa5ffffff,Energy,11
872830aa5ffffff,Financial,75
872830aa5ffffff,Health,647
872830aa5ffffff,Hospitality,203
872830aa5ffffff,Information,69
872830aa5ffffff,Manufacturing,47
872830aa5ffffff,Professional Service,238
872830aa5ffffff,Public Administration,58
872830aa5ffffff,Real Estate,95
872830aa5ffffff,Retail,211
872830aa5ffffff,Transportation,33
872830aa5ffffff,Wholesale,20
872830b81ffffff,Agriculture,4
872830b81ffffff,Art/Culture,62
872830b81ffffff,Business Support,67
872830b81ffffff,Construction,170
872830b81ffffff,Education,341
872830b81ffffff,Energy,7
872830b81ffffff,Financial,79
872830b81ffffff,Health,418
872830b81ffffff,Hospitality,111
872830b81ffffff,Information,31
872830b81ffffff,Manufacturing,74
872830b81ffffff,Professional Service,353
872830b81ffffff,Public Administration,71
872830b81ffffff,Real Estate,32
872830b81ffffff,Retail,174
872830b81ffffff,Transportation,36
872830b81ffffff,Wholesale,49
872830b82ffffff,Health,4
872830b82ffffff,Manufacturing,1
872830b82ffffff,Public Administration,4
872830b82ffffff,Transportation,8
872830b82ffffff,Wholesale,3
872830b84ffffff,Agriculture,20
872830b84ffffff,Art/Culture,75
872830b84ffffff,Business Support,188
872830b84ffffff,Construction,143
872830b84ffffff,Corporate,4
872830b84ffffff,Education,188
872830b84ffffff,Energy,5
872830b84ffffff,Financial,155
872830b84ffffff,Health,284
872830b84ffffff,Hospitality,91
872830b84ffffff,Information,89
872830b84ffffff,Manufacturing,42
872830b84ffffff,Professional Service,406
872830b84ffffff,Public Administration,544
872830b84ffffff,Real Estate,90
872830b84ffffff,Retail,83
872830b84ffffff,Transportation,44
872830b84ffffff,Wholesale,39
872830b85ffffff,Agriculture,16
872830b85ffffff,Art/Culture,56
872830b85ffffff,Business Support,74
872830b85ffffff,Construction,76
872830b85ffffff,Corporate,1
872830b85ffffff,Education,900
872830b85ffffff,Energy,14
872830b85ffffff,Financial,54
872830b85ffffff,Health,1481
872830b85ffffff,Hospitality,217
872830b85ffffff,Information,91
872830b85ffffff,Manufacturing,38
872830b85ffffff,Professional Service,109
872830b85ffffff,Public Administration,176
872830b85ffffff,Real Estate,60
872830b85ffffff,Retail,171
872830b85ffffff,Transportation,105
872830b85ffffff,Wholesale,38
872830b86ffffff,Construction,2
872830b86ffffff,Health,13
872830b86ffffff,Professional Service,4
872830b86ffffff,Public Administration,13
872830b86ffffff,Real Estate,2
872830b86ffffff,Wholesale,2
872830b8cffffff,Agriculture,9
872830b8cffffff,Art/Culture,31
872830b8cffffff,Business Support,2
872830b8cffffff,Construction,3
872830b8cffffff,Education,19
872830b8cffffff,Energy,1
872830b8cffffff,Financial,47
872830b8cffffff,Health,65
872830b8cffffff,Hospitality,16
872830b8cffffff,Information,5
872830b8cffffff,Manufacturing,9
872830b8cffffff,Professional Service,88
872830b8cffffff,Public Administration,9
872830b8cffffff,Real Estate,1
872830b8cffffff,Retail,13
872830b8cffffff,Transportation,3
872830b8cffffff,Wholesale,2
872830b9cffffff,Energy,1
872830b9cffffff,Manufacturing,22
872830b9cffffff,Public Administration,41
872830b9cffffff,Transportation,5
872830b9cffffff,Wholesale,118
872830ba0ffffff,Agriculture,68
872830ba0ffffff,Art/Culture,175
872830ba0ffffff,Business Support,143
872830ba0ffffff,Construction,389
872830ba0ffffff,Corporate,8
872830ba0ffffff,Education,591
872830ba0ffffff,Energy,21
872830ba0ffffff,Financial,283
872830ba0ffffff,Health,1297
872830ba0ffffff,Hospitality,567
872830ba0ffffff,Information,136
872830ba0ffffff,Manufacturing,242
872830ba0ffffff,Professional Service,734
872830ba0ffffff,Public Administration,161
872830ba0ffffff,Real Estate,163
872830ba0ffffff,Retail,636
872830ba0ffffff,Transportation,133
872830ba0ffffff,Wholesale,114
872830ba1ffffff,Art/Culture,6
872830ba1ffffff,Construction,3
872830ba1ffffff,Education,52
872830ba1ffffff,Financial,1
872830ba1ffffff,Health,13
872830ba1ffffff,Manufacturing,17
872830ba1ffffff,Professional Service,10
872830ba1ffffff,Public Administration,3
872830ba1ffffff,Retail,1
872830ba1ffffff,Transportation,3
872830ba1ffffff,Wholesale,1
872830ba2ffffff,Agriculture,107
872830ba2ffffff,Art/Culture,386
872830ba2ffffff,Business Support,597
872830ba2ffffff,Construction,833
872830ba2ffffff,Corporate,5
872830ba2ffffff,Education,772
872830ba2ffffff,Energy,108
872830ba2ffffff,Financial,502
872830ba2ffffff,Health,1371
872830ba2ffffff,Hospitality,704
872830ba2ffffff,Information,333
872830ba2ffffff,Manufacturing,577
872830ba2ffffff,Professional Service,1388
872830ba2ffffff,Public Administration,475
872830ba2ffffff,Real Estate,279
872830ba2ffffff,Retail,1290
872830ba2ffffff,Transportation,250
872830ba2ffffff,Wholesale,311
872830ba3ffffff,Agriculture,12
872830ba3ffffff,Art/Culture,204
872830ba3ffffff,Business Support,166
872830ba3ffffff,Construction,206
872830ba3ffffff,Corporate,5
872830ba3ffffff,Education,326
872830ba3ffffff,Energy,26
872830ba3ffffff,Financial,128
872830ba3ffffff,Health,575
872830ba3ffffff,Hospitality,202
872830ba3ffffff,Information,128
872830ba3ffffff,Manufacturing,178
872830ba3ffffff,Professional Service,579
872830ba3ffffff,Public Administration,72
872830ba3ffffff,Real Estate,113
872830ba3ffffff,Retail,375
872830ba3ffffff,Transportation,60
872830ba3ffffff,Wholesale,82
872830ba4ffffff,Agriculture,1
872830ba4ffffff,Art/Culture,27
872830ba4ffffff,Business Support,24
872830ba4ffffff,Construction,18
872830ba4ffffff,Education,131
872830ba4ffffff,Energy,2
872830ba4ffffff,Financial,18
872830ba4ffffff,Health,219
872830ba4ffffff,Hospitality,49
872830ba4ffffff,Information,1
872830ba4ffffff,Manufacturing,27
872830ba4ffffff,Professional Service,44
872830ba4ffffff,Public Administration,65
872830ba4ffffff,Real Estate,13
872830ba4ffffff,Retail,29
872830ba4ffffff,Transportation,5
872830ba4ffffff,Wholesale,3
872830ba6ffffff,Agriculture,19
872830ba6ffffff,Art/Culture,333
872830ba6ffffff,Business Support,446
872830ba6ffffff,Construction,297
872830ba6ffffff,Corporate,5
872830ba6ffffff,Education,1235
872830ba6ffffff,Energy,70
872830ba6ffffff,Financial,276
872830ba6ffffff,Health,1771
872830ba6ffffff,Hospitality,246
872830ba6ffffff,Information,316
872830ba6ffffff,Manufacturing,134
872830ba6ffffff,Professional Service,783
872830ba6ffffff,Public Administration,216
872830ba6ffffff,Real Estate,207
872830ba6ffffff,Retail,721
872830ba6ffffff,Transportation,332
872830ba6ffffff,Wholesale,224
872830ba8ffffff,Agriculture,5
872830ba8ffffff,Art/Culture,4
872830ba8ffffff,Business Support,1
872830ba8ffffff,Construction,70
872830ba8ffffff,Education,67
872830ba8ffffff,Energy,8
872830ba8ffffff,Financial,11
872830ba8ffffff,Health,93
872830ba8ffffff,Hospitality,25
872830ba8ffffff,Information,16
872830ba8ffffff,Manufacturing,31
872830ba8ffffff,Professional Service,110
872830ba8ffffff,Public Administration,18
872830ba8ffffff,Real Estate,10
872830ba8ffffff,Retail,48
872830ba8ffffff,Transportation,7
872830ba8ffffff,Wholesale,28
872830babffffff,Agriculture,2
872830babffffff,Construction,7
872830babffffff,Energy,1
872830babffffff,Financial,12
872830babffffff,Health,35
872830babffffff,Hospitality,5
872830babffffff,Information,6
872830babffffff,Manufacturing,3
872830babffffff,Professional Service,32
872830babffffff,Public Administration,3
872830babffffff,Retail,23
872830babffffff,Transportation,3
872830babffffff,Wholesale,8
872830baeffffff,Agriculture,40
872830baeffffff,Art/Culture,167
872830baeffffff,Business Support,81
872830baeffffff,Construction,205
872830baeffffff,Corporate,1
872830baeffffff,Education,209
872830baeffffff,Energy,35
872830baeffffff,Financial,64
872830baeffffff,Health,281
872830baeffffff,Hospitality,215
872830baeffffff,Information,89
872830baeffffff,Manufacturing,111
872830baeffffff,Professional Service,449
872830baeffffff,Public Administration,27
872830baeffffff,Real Estate,39
872830baeffffff,Retail,346
872830baeffffff,Transportation,59
872830baeffffff,Wholesale,103
872830bb1ffffff,Agriculture,52
872830bb1ffffff,Art/Culture,84
872830bb1ffffff,Business Support,100
872830bb1ffffff,Construction,175
872830bb1ffffff,Corporate,1
872830bb1ffffff,Education,485
872830bb1ffffff,Energy,7
872830bb1ffffff,Financial,89
872830bb1ffffff,Health,490
872830bb1ffffff,Hospitality,242
872830bb1ffffff,Information,76
872830bb1ffffff,Manufacturing,87
872830bb1ffffff,Professional Service,242
872830bb1ffffff,Public Administration,80
872830bb1ffffff,Real Estate,52
872830bb1ffffff,Retail,223
872830bb1ffffff,Transportation,62
872830bb1ffffff,Wholesale,44
872830bb2ffffff,Agriculture,1
872830bb2ffffff,Construction,6
872830bb2ffffff,Education,10
872830bb2ffffff,Financial,2
872830bb2ffffff,Health,6
872830bb2ffffff,Hospitality,5
872830bb2ffffff,Manufacturing,27
872830bb2ffffff,Professional Service,5
872830bb2ffffff,Retail,6
872830bb2ffffff,Transportation,1
872830bb2ffffff,Wholesale,13
872830bb5ffffff,Agriculture,158
872830bb5ffffff,Art/Culture,52
872830bb5ffffff,Business Support,431
872830bb5ffffff,Construction,1348
872830bb5ffffff,Corporate,3
872830bb5ffffff,Education,322
872830bb5ffffff,Energy,121
872830bb5ffffff,Financial,353
872830bb5ffffff,Health,431
872830bb5ffffff,Hospitality,530
872830bb5ffffff,Information,235
872830bb5ffffff,Manufacturing,611
872830bb5ffffff,Professional Service,601
872830bb5ffffff,Public Administration,279
872830bb5ffffff,Real Estate,233
872830bb5ffffff,Retail,1638
872830bb5ffffff,Transportation,885
872830bb5ffffff,Wholesale,383
872830c10ffffff,Art/Culture,4
872830c10ffffff,Business Support,1
872830c10ffffff,Construction,4
872830c10ffffff,Energy,1
872830c10ffffff,Financial,3
872830c10ffffff,Hospitality,14
872830c10ffffff,Information,3
872830c10ffffff,Manufacturing,4
872830c10ffffff,Professional Service,6
872830c10ffffff,Retail,5
872830c10ffffff,Transportation,1
872830c10ffffff,Wholesale,4
872830c12ffffff,Agriculture,4
872830c12ffffff,Art/Culture,85
872830c12ffffff,Business Support,14
872830c12ffffff,Construction,150
872830c12ffffff,Education,143
872830c12ffffff,Energy,12
872830c12ffffff,Financial,10
872830c12ffffff,Health,403
872830c12ffffff,Hospitality,87
872830c12ffffff,Information,24
872830c12ffffff,Manufacturing,18
872830c12ffffff,Professional Service,189
872830c12ffffff,Public Administration,53
872830c12ffffff,Real Estate,14
872830c12ffffff,Retail,197
872830c12ffffff,Transportation,73
872830c12ffffff,Wholesale,19
872830c13ffffff,Agriculture,1
872830c13ffffff,Art/Culture,18
872830c13ffffff,Business Support,13
872830c13ffffff,Construction,19
872830c13ffffff,Corporate,1
872830c13ffffff,Education,87
872830c13ffffff,Energy,17
872830c13ffffff,Financial,32
872830c13ffffff,Health,141
872830c13ffffff,Hospitality,56
872830c13ffffff,Information,10
872830c13ffffff,Manufacturing,15
872830c13ffffff,Professional Service,18
872830c13ffffff,Public Administration,19
872830c13ffffff,Real Estate,2
872830c13ffffff,Retail,135
872830c13ffffff,Transportation,88
872830c13ffffff,Wholesale,48
872830c18ffffff,Agriculture,2
872830c18ffffff,Art/Culture,12
872830c18ffffff,Business Support,74
872830c18ffffff,Construction,84
872830c18ffffff,Education,50
872830c18ffffff,Financial,22
872830c18ffffff,Health,165
872830c18ffffff,Hospitality,52
872830c18ffffff,Information,10
872830c18ffffff,Manufacturing,28
872830c18ffffff,Professional Service,74
872830c18ffffff,Public Administration,14
872830c18ffffff,Real Estate,15
872830c18ffffff,Retail,42
872830c18ffffff,Transportation,60
872830c18ffffff,Wholesale,19
872830c1affffff,Agriculture,16
872830c1affffff,Art/Culture,95
872830c1affffff,Business Support,143
872830c1affffff,Construction,130
872830c1affffff,Corporate,4
872830c1affffff,Education,693
872830c1affffff,Energy,13
872830c1affffff,Financial,159
872830c1affffff,Health,1248
872830c1affffff,Hospitality,381
872830c1affffff,Information,38
872830c1affffff,Manufacturing,88
872830c1affffff,Professional Service,200
872830c1affffff,Public Administration,182
872830c1affffff,Real Estate,72
872830c1affffff,Retail,574
872830c1affffff,Transportation,182
872830c1affffff,Wholesale,49
872830c1bffffff,Agriculture,1
872830c1bffffff,Art/Culture,9
872830c1bffffff,Business Support,43
872830c1bffffff,Construction,22
872830c1bffffff,Education,140
872830c1bffffff,Energy,4
872830c1bffffff,Financial,64
872830c1bffffff,Health,588
872830c1bffffff,Hospitality,53
872830c1bffffff,Information,6
872830c1bffffff,Manufacturing,10
872830c1bffffff,Professional Service,37
872830c1bffffff,Public Administration,24
872830c1bffffff,Real Estate,22
872830c1bffffff,Retail,112
872830c1bffffff,Transportation,37
872830c1bffffff,Wholesale,19
872830c1effffff,Agriculture,2
872830c1effffff,Art/Culture,13
872830c1effffff,Business Support,92
872830c1effffff,Construction,73
872830c1effffff,Education,206
872830c1effffff,Energy,1
872830c1effffff,Financial,16
872830c1effffff,Health,276
872830c1effffff,Hospitality,15
872830c1effffff,Information,11
872830c1effffff,Manufacturing,8
872830c1effffff,Professional Service,93
872830c1effffff,Public Administration,40
872830c1effffff,Real Estate,33
872830c1effffff,Retail,140
872830c1effffff,Transportation,62
872830c1effffff,Wholesale,20
872830c40ffffff,Agriculture,6
872830c40ffffff,Art/Culture,31
872830c40ffffff,Business Support,114
872830c40ffffff,Construction,89
872830c40ffffff,Corporate,2
872830c40ffffff,Education,268
872830c40ffffff,Energy,8
872830c40ffffff,Financial,97
872830c40ffffff,Health,441
872830c40ffffff,Hospitality,52
872830c40ffffff,Information,42
872830c40ffffff,Manufacturing,107
872830c40ffffff,Professional Service,206
872830c40ffffff,Public Administration,61
872830c40ffffff,Real Estate,34
872830c40ffffff,Retail,172
872830c40ffffff,Transportation,68
872830c40ffffff,Wholesale,33
872830c41ffffff,Agriculture,63
872830c41ffffff,Art/Culture,353
872830c41ffffff,Business Support,1921
872830c41ffffff,Construction,792
872830c41ffffff,Corporate,52
872830c41ffffff,Education,1126
872830c41ffffff,Energy,177
872830c41ffffff,Financial,1572
872830c41ffffff,Health,1590
872830c41ffffff,Hospitality,1194
872830c41ffffff,Information,668
872830c41ffffff,Manufacturing,289
872830c41ffffff,Professional Service,2166
872830c41ffffff,Public Administration,485
872830c41ffffff,Real Estate,659
872830c41ffffff,Retail,1915
872830c41ffffff,Transportation,871
872830c41ffffff,Wholesale,340
872830c44ffffff,Agriculture,7
872830c44ffffff,Art/Culture,10
872830c44ffffff,Business Support,44
872830c44ffffff,Construction,156
872830c44ffffff,Corporate,1
872830c44ffffff,Education,54
872830c44ffffff,Energy,6
872830c44ffffff,Financial,80
872830c44ffffff,Health,112
872830c44ffffff,Hospitality,17
872830c44ffffff,Information,37
872830c44ffffff,Manufacturing,62
872830c44ffffff,Professional Service,118
872830c44ffffff,Public Administration,73
872830c44ffffff,Real Estate,18
872830c44ffffff,Retail,114
872830c44ffffff,Transportation,19
872830c44ffffff,Wholesale,25
872830c45ffffff,Agriculture,39
872830c45ffffff,Art/Culture,39
872830c45ffffff,Business Support,274
872830c45ffffff,Construction,548
872830c45ffffff,Corporate,1
872830c45ffffff,Education,474
872830c45ffffff,Energy,140
872830c45ffffff,Financial,187
872830c45ffffff,Health,929
872830c45ffffff,Hospitality,379
872830c45ffffff,Information,85
872830c45ffffff,Manufacturing,486
872830c45ffffff,Professional Service,331
872830c45ffffff,Public Administration,181
872830c45ffffff,Real Estate,121
872830c45ffffff,Retail,799
872830c45ffffff,Transportation,309
872830c45ffffff,Wholesale,169
872830c46ffffff,Agriculture,4
872830c46ffffff,Art/Culture,49
872830c46ffffff,Business Support,82
872830c46ffffff,Construction,139
872830c46ffffff,Corporate,5
872830c46ffffff,Education,224
872830c46ffffff,Energy,40
872830c46ffffff,Financial,135
872830c46ffffff,Health,402
872830c46ffffff,Hospitality,206
872830c46ffffff,Information,57
872830c46ffffff,Manufacturing,58
872830c46ffffff,Professional Service,215
872830c46ffffff,Public Administration,106
872830c46ffffff,Real Estate,51
872830c46ffffff,Retail,434
872830c46ffffff,Transportation,205
872830c46ffffff,Wholesale,81
872830c49ffffff,Agriculture,10
872830c49ffffff,Business Support,24
872830c49ffffff,Construction,1004
872830c49ffffff,Corporate,2
872830c49ffffff,Education,5
872830c49ffffff,Energy,3
872830c49ffffff,Financial,26
872830c49ffffff,Health,18
872830c49ffffff,Hospitality,16
872830c49ffffff,Information,14
872830c49ffffff,Manufacturing,538
872830c49ffffff,Professional Service,54
872830c49ffffff,Public Administration,21
872830c49ffffff,Retail,56
872830c49ffffff,Transportation,38
872830c49ffffff,Wholesale,19
872830c4cffffff,Agriculture,41
872830c4cffffff,Art/Culture,129
872830c4cffffff,Business Support,372
872830c4cffffff,Construction,439
872830c4cffffff,Corporate,11
872830c4cffffff,Education,175
872830c4cffffff,Energy,97
872830c4cffffff,Financial,111
872830c4cffffff,Health,106
872830c4cffffff,Hospitality,523
872830c4cffffff,Information,106
872830c4cffffff,Manufacturing,153
872830c4cffffff,Professional Service,1597
872830c4cffffff,Public Administration,83
872830c4cffffff,Real Estate,475
872830c4cffffff,Retail,781
872830c4cffffff,Transportation,364
872830c4cffffff,Wholesale,159
872830c4dffffff,Agriculture,64
872830c4dffffff,Art/Culture,13
872830c4dffffff,Business Support,169
872830c4dffffff,Construction,286
872830c4dffffff,Corporate,5
872830c4dffffff,Education,192
872830c4dffffff,Energy,89
872830c4dffffff,Financial,162
872830c4dffffff,Health,193
872830c4dffffff,Hospitality,107
872830c4dffffff,Information,73
872830c4dffffff,Manufacturing,225
872830c4dffffff,Professional Service,204
872830c4dffffff,Public Administration,206
872830c4dffffff,Real Estate,52
872830c4dffffff,Retail,351
872830c4dffffff,Transportation,270
872830c4dffffff,Wholesale,203
872830c4effffff,Agriculture,45
872830c4effffff,Art/Culture,76
872830c4effffff,Business Support,495
872830c4effffff,Construction,2669
872830c4effffff,Corporate,4
872830c4effffff,Education,221
872830c4effffff,Energy,46
872830c4effffff,Financial,59
872830c4effffff,Health,630
872830c4effffff,Hospitality,237
872830c4effffff,Information,26
872830c4effffff,Manufacturing,390
872830c4effffff,Professional Service,110
872830c4effffff,Public Administration,15
872830c4effffff,Real Estate,18
872830c4effffff,Retail,533
872830c4effffff,Transportation,247
872830c4effffff,Wholesale,186
872830c52ffffff,Art/Culture,1
872830c52ffffff,Business Support,10
872830c52ffffff,Construction,108
872830c52ffffff,Education,63
872830c52ffffff,Financial,10
872830c52ffffff,Health,100
872830c52ffffff,Information,2
872830c52ffffff,Manufacturing,6
872830c52ffffff,Professional Service,11
872830c52ffffff,Public Administration,2
872830c52ffffff,Real Estate,9
872830c52ffffff,Retail,10
872830c52ffffff,Transportation,7
872830c5affffff,Agriculture,4
872830c5affffff,Art/Culture,3
872830c5affffff,Business Support,25
872830c5affffff,Construction,51
872830c5affffff,Education,77
872830c5affffff,Energy,1
872830c5affffff,Financial,4
872830c5affffff,Health,152
872830c5affffff,Hospitality,8
872830c5affffff,Information,4
872830c5affffff,Manufacturing,40
872830c5affffff,Professional Service,6
872830c5affffff,Real Estate,14
872830c5affffff,Retail,26
872830c5affffff,Transportation,23
872830c5affffff,Wholesale,2
872830c5effffff,Agriculture,1
872830c5effffff,Art/Culture,16
872830c5effffff,Business Support,114
872830c5effffff,Construction,31
872830c5effffff,Education,58
872830c5effffff,Energy,5
872830c5effffff,Financial,58
872830c5effffff,Health,117
872830c5effffff,Hospitality,46
872830c5effffff,Information,12
872830c5effffff,Manufacturing,62
872830c5effffff,Professional Service,79
872830c5effffff,Public Administration,34
872830c5effffff,Real Estate,11
872830c5effffff,Retail,116
872830c5effffff,Transportation,102
872830c5effffff,Wholesale,9
872830c61ffffff,Agriculture,79
872830c61ffffff,Art/Culture,169
872830c61ffffff,Business Support,1335
872830c61ffffff,Construction,488
872830c61ffffff,Corporate,31
872830c61ffffff,Education,908
872830c61ffffff,Energy,79
872830c61ffffff,Financial,907
872830c61ffffff,Health,1282
872830c61ffffff,Hospitality,679
872830c61ffffff,Information,591
872830c61ffffff,Manufacturing,263
872830c61ffffff,Professional Service,2099
872830c61ffffff,Public Administration,360
872830c61ffffff,Real Estate,407
872830c61ffffff,Retail,1023
872830c61ffffff,Transportation,205
872830c61ffffff,Wholesale,211
872830c63ffffff,Agriculture,21
872830c63ffffff,Art/Culture,139
872830c63ffffff,Business Support,552
872830c63ffffff,Construction,181
872830c63ffffff,Corporate,1
872830c63ffffff,Education,1097
872830c63ffffff,Energy,78
872830c63ffffff,Financial,268
872830c63ffffff,Health,927
872830c63ffffff,Hospitality,446
872830c63ffffff,Information,218
872830c63ffffff,Manufacturing,629
872830c63ffffff,Professional Service,170
872830c63ffffff,Public Administration,194
872830c63ffffff,Real Estate,303
872830c63ffffff,Retail,554
872830c63ffffff,Transportation,157
872830c63ffffff,Wholesale,100
872830c64ffffff,Agriculture,1
872830c64ffffff,Art/Culture,9
872830c64ffffff,Business Support,32
872830c64ffffff,Construction,47
872830c64ffffff,Corporate,6
872830c64ffffff,Education,106
872830c64ffffff,Energy,6
872830c64ffffff,Financial,17
872830c64ffffff,Health,18
872830c64ffffff,Hospitality,23
872830c64ffffff,Information,21
872830c64ffffff,Manufacturing,22
872830c64ffffff,Professional Service,124
872830c64ffffff,Public Administration,28
872830c64ffffff,Real Estate,24
872830c64ffffff,Retail,29
872830c64ffffff,Transportation,2
872830c64ffffff,Wholesale,13
872830c65ffffff,Agriculture,37
872830c65ffffff,Art/Culture,774
872830c65ffffff,Business Support,1639
872830c65ffffff,Construction,723
872830c65ffffff,Corporate,83
872830c65ffffff,Education,1640
872830c65ffffff,Energy,277
872830c65ffffff,Financial,2381
872830c65ffffff,Health,4185
872830c65ffffff,Hospitality,1948
872830c65ffffff,Information,450
872830c65ffffff,Manufacturing,414
872830c65ffffff,Professional Service,3846
872830c65ffffff,Public Administration,784
872830c65ffffff,Real Estate,1163
872830c65ffffff,Retail,2343
872830c65ffffff,Transportation,1347
872830c65ffffff,Wholesale,541
872830c66ffffff,Agriculture,7
872830c66ffffff,Art/Culture,77
872830c66ffffff,Business Support,19
872830c66ffffff,Construction,32
872830c66ffffff,Corporate,1
872830c66ffffff,Education,85
872830c66ffffff,Energy,2
872830c66ffffff,Financial,19
872830c66ffffff,Health,110
872830c66ffffff,Hospitality,96
872830c66ffffff,Information,33
872830c66ffffff,Manufacturing,23
872830c66ffffff,Professional Service,127
872830c66ffffff,Public Administration,24
872830c66ffffff,Real Estate,9
872830c66ffffff,Retail,117
872830c66ffffff,Transportation,16
872830c66ffffff,Wholesale,9
872830c68ffffff,Agriculture,2
872830c68ffffff,Art/Culture,55
872830c68ffffff,Business Support,83
872830c68ffffff,Construction,115
872830c68ffffff,Corporate,3
872830c68ffffff,Education,341
872830c68ffffff,Energy,21
872830c68ffffff,Financial,140
872830c68ffffff,Health,866
872830c68ffffff,Hospitality,180
872830c68ffffff,Information,22
872830c68ffffff,Manufacturing,43
872830c68ffffff,Professional Service,206
872830c68ffffff,Public Administration,146
872830c68ffffff,Real Estate,35
872830c68ffffff,Retail,196
872830c68ffffff,Transportation,40
872830c68ffffff,Wholesale,38
872830c69ffffff,Art/Culture,5
872830c69ffffff,Business Support,7
872830c69ffffff,Construction,19
872830c69ffffff,Education,28
872830c69ffffff,Energy,9
872830c69ffffff,Financial,11
872830c69ffffff,Health,28
872830c69ffffff,Hospitality,4
872830c69ffffff,Information,10
872830c69ffffff,Manufacturing,27
872830c69ffffff,Professional Service,35
872830c69ffffff,Public Administration,25
872830c69ffffff,Real Estate,1
872830c69ffffff,Retail,26
872830c69ffffff,Transportation,68
872830c69ffffff,Wholesale,18
872830c6bffffff,Agriculture,38
872830c6bffffff,Art/Culture,49
872830c6bffffff,Business Support,104
872830c6bffffff,Construction,171
872830c6bffffff,Corporate,5
872830c6bffffff,Education,84
872830c6bffffff,Energy,37
872830c6bffffff,Financial,64
872830c6bffffff,Health,288
872830c6bffffff,Hospitality,32
872830c6bffffff,Information,26
872830c6bffffff,Manufacturing,63
872830c6bffffff,Professional Service,170
872830c6bffffff,Public Administration,56
872830c6bffffff,Real Estate,6
872830c6bffffff,Retail,240
872830c6bffffff,Transportation,136
872830c6bffffff,Wholesale,56
872830c6cffffff,Agriculture,7
872830c6cffffff,Art/Culture,51
872830c6cffffff,Business Support,72
872830c6cffffff,Construction,127
872830c6cffffff,Corporate,3
872830c6cffffff,Education,264
872830c6cffffff,Energy,32
872830c6cffffff,Financial,83
872830c6cffffff,Health,306
872830c6cffffff,Hospitality,68
872830c6cffffff,Information,28
872830c6cffffff,Manufacturing,102
872830c6cffffff,Professional Service,168
872830c6cffffff,Public Administration,39
872830c6cffffff,Real Estate,44
872830c6cffffff,Retail,188
872830c6cffffff,Transportation,77
872830c6cffffff,Wholesale,32
872830c6effffff,Agriculture,73
872830c6effffff,Art/Culture,253
872830c6effffff,Business Support,482
872830c6effffff,Construction,621
872830c6effffff,Corporate,19
872830c6effffff,Education,638
872830c6effffff,Energy,98
872830c6effffff,Financial,578
872830c6effffff,Health,1080
872830c6effffff,Hospitality,688
872830c6effffff,Information,252
872830c6effffff,Manufacturing,386
872830c6effffff,Professional Service,1140
872830c6effffff,Public Administration,333
872830c6effffff,Real Estate,331
872830c6effffff,Retail,831
872830c6effffff,Transportation,293
872830c6effffff,Wholesale,148
872830c70ffffff,Agriculture,17
872830c70ffffff,Art/Culture,2
872830c70ffffff,Business Support,7
872830c70ffffff,Construction,68
872830c70ffffff,Education,42
872830c70ffffff,Financial,15
872830c70ffffff,Health,48
872830c70ffffff,Hospitality,2
872830c70ffffff,Information,17
872830c70ffffff,Manufacturing,53
872830c70ffffff,Professional Service,33
872830c70ffffff,Public Administration,21
872830c70ffffff,Real Estate,3
872830c70ffffff,Retail,23
872830c70ffffff,Transportation,2
872830c70ffffff,Wholesale,6
872830c72ffffff,Agriculture,3
872830c72ffffff,Art/Culture,43
872830c72ffffff,Business Support,31
872830c72ffffff,Construction,80
872830c72ffffff,Corporate,1
872830c72ffffff,Education,84
872830c72ffffff,Energy,7
872830c72ffffff,Financial,50
872830c72ffffff,Health,109
872830c72ffffff,Hospitality,75
872830c72ffffff,Information,19
872830c72ffffff,Manufacturing,25
872830c72ffffff,Professional Service,89
872830c72ffffff,Public Administration,31
872830c72ffffff,Real Estate,12
872830c72ffffff,Retail,99
872830c72ffffff,Transportation,26
872830c72ffffff,Wholesale,30
872830c73ffffff,Agriculture,26
872830c73ffffff,Art/Culture,161
872830c73ffffff,Business Support,105
872830c73ffffff,Construction,222
872830c73ffffff,Education,191
872830c73ffffff,Energy,46
872830c73ffffff,Financial,143
872830c73ffffff,Health,301
872830c73ffffff,Hospitality,389
872830c73ffffff,Information,53
872830c73ffffff,Manufacturing,96
872830c73ffffff,Professional Service,157
872830c73ffffff,Public Administration,85
872830c73ffffff,Real Estate,48
872830c73ffffff,Retail,394
872830c73ffffff,Transportation,121
872830c73ffffff,Wholesale,60
872830c75ffffff,Art/Culture,7
872830c75ffffff,Business Support,1
872830c75ffffff,Construction,5
872830c75ffffff,Education,2
872830c75ffffff,Financial,1
872830c75ffffff,Health,5
872830c75ffffff,Hospitality,6
872830c75ffffff,Information,4
872830c75ffffff,Manufacturing,4
872830c75ffffff,Professional Service,19
872830c75ffffff,Public Administration,1
872830c75ffffff,Retail,10
872830c75ffffff,Transportation,6
872830c84ffffff,Agriculture,2
872830c84ffffff,Construction,1
872830c84ffffff,Education,84
872830c84ffffff,Health,3
872830c85ffffff,Agriculture,4
872830c85ffffff,Art/Culture,3
872830c85ffffff,Business Support,17
872830c85ffffff,Construction,132
872830c85ffffff,Education,121
872830c85ffffff,Energy,4
872830c85ffffff,Financial,24
872830c85ffffff,Health,114
872830c85ffffff,Hospitality,18
872830c85ffffff,Information,7
872830c85ffffff,Manufacturing,32
872830c85ffffff,Professional Service,53
872830c85ffffff,Public Administration,29
872830c85ffffff,Real Estate,19
872830c85ffffff,Retail,61
872830c85ffffff,Transportation,15
872830c85ffffff,Wholesale,27
872830c8dffffff,Construction,10
872830c8dffffff,Retail,2
872830ca0ffffff,Agriculture,43
872830ca0ffffff,Art/Culture,143
872830ca0ffffff,Business Support,109
872830ca0ffffff,Construction,304
872830ca0ffffff,Corporate,3
872830ca0ffffff,Education,441
872830ca0ffffff,Energy,38
872830ca0ffffff,Financial,171
872830ca0ffffff,Health,554
872830ca0ffffff,Hospitality,558
872830ca0ffffff,Information,61
872830ca0ffffff,Manufacturing,207
872830ca0ffffff,Professional Service,142
872830ca0ffffff,Public Administration,246
872830ca0ffffff,Real Estate,89
872830ca0ffffff,Retail,473
872830ca0ffffff,Transportation,93
872830ca0ffffff,Wholesale,77
872830ca1ffffff,Agriculture,5
872830ca1ffffff,Art/Culture,16
872830ca1ffffff,Business Support,107
872830ca1ffffff,Construction,114
872830ca1ffffff,Corporate,3
872830ca1ffffff,Education,66
872830ca1ffffff,Energy,26
872830ca1ffffff,Financial,29
872830ca1ffffff,Health,122
872830ca1ffffff,Hospitality,4
872830ca1ffffff,Information,32
872830ca1ffffff,Manufacturing,53
872830ca1ffffff,Professional Service,102
872830ca1ffffff,Public Administration,80
872830ca1ffffff,Real Estate,23
872830ca1ffffff,Retail,103
872830ca1ffffff,Transportation,47
872830ca1ffffff,Wholesale,12
872830ca5ffffff,Agriculture,3
872830ca5ffffff,Art/Culture,95
872830ca5ffffff,Business Support,121
872830ca5ffffff,Construction,174
872830ca5ffffff,Corporate,2
872830ca5ffffff,Education,135
872830ca5ffffff,Energy,13
872830ca5ffffff,Financial,53
872830ca5ffffff,Health,270
872830ca5ffffff,Hospitality,117
872830ca5ffffff,Information,29
872830ca5ffffff,Manufacturing,36
872830ca5ffffff,Professional Service,107
872830ca5ffffff,Public Administration,39
872830ca5ffffff,Real Estate,57
872830ca5ffffff,Retail,110
872830ca5ffffff,Transportation,58
872830ca5ffffff,Wholesale,44
872830ca8ffffff,Agriculture,6
872830ca8ffffff,Art/Culture,3
872830ca8ffffff,Business Support,70
872830ca8ffffff,Construction,114
872830ca8ffffff,Education,30
872830ca8ffffff,Energy,6
872830ca8ffffff,Financial,73
872830ca8ffffff,Health,85
872830ca8ffffff,Hospitality,9
872830ca8ffffff,Information,14
872830ca8ffffff,Manufacturing,3
872830ca8ffffff,Professional Service,27
872830ca8ffffff,Public Administration,19
872830ca8ffffff,Real Estate,23
872830ca8ffffff,Retail,52
872830ca8ffffff,Transportation,31
872830ca8ffffff,Wholesale,10
872830ca9ffffff,Agriculture,15
872830ca9ffffff,Art/Culture,14
872830ca9ffffff,Business Support,4
872830ca9ffffff,Construction,50
872830ca9ffffff,Education,30
872830ca9ffffff,Energy,18
872830ca9ffffff,Financial,11
872830ca9ffffff,Health,85
872830ca9ffffff,Hospitality,18
872830ca9ffffff,Manufacturing,163
872830ca9ffffff,Professional Service,56
872830ca9ffffff,Public Administration,25
872830ca9ffffff,Real Estate,7
872830ca9ffffff,Retail,80
872830ca9ffffff,Transportation,124
872830ca9ffffff,Wholesale,38
872830caaffffff,Agriculture,5
872830caaffffff,Art/Culture,23
872830caaffffff,Business Support,44
872830caaffffff,Construction,159
872830caaffffff,Education,139
872830caaffffff,Energy,17
872830caaffffff,Financial,67
872830caaffffff,Health,246
872830caaffffff,Hospitality,72
872830caaffffff,Information,8
872830caaffffff,Manufacturing,34
872830caaffffff,Professional Service,49
872830caaffffff,Public Administration,59
872830caaffffff,Real Estate,10
872830caaffffff,Retail,156
872830caaffffff,Transportation,87
872830caaffffff,Wholesale,59
872830cabffffff,Agriculture,9
872830cabffffff,Art/Culture,29
872830cabffffff,Business Support,72
872830cabffffff,Construction,256
872830cabffffff,Corporate,1
872830cabffffff,Education,69
872830cabffffff,Energy,18
872830cabffffff,Financial,68
872830cabffffff,Health,205
872830cabffffff,Hospitality,146
872830cabffffff,Information,9
872830cabffffff,Manufacturing,57
872830cabffffff,Professional Service,80
872830cabffffff,Public Administration,52
872830cabffffff,Real Estate,20
872830cabffffff,Retail,230
872830cabffffff,Transportation,65
872830cabffffff,Wholesale,43
872830cacffffff,Agriculture,8
872830cacffffff,Art/Culture,162
872830cacffffff,Business Support,41
872830cacffffff,Construction,47
872830cacffffff,Corporate,4
872830cacffffff,Education,92
872830cacffffff,Energy,29
872830cacffffff,Financial,97
872830cacffffff,Health,12
872830cacffffff,Hospitality,308
872830cacffffff,Information,30
872830cacffffff,Manufacturing,25
872830cacffffff,Professional Service,59
872830cacffffff,Public Administration,32
872830cacffffff,Real Estate,36
872830cacffffff,Retail,440
872830cacffffff,Transportation,120
872830cacffffff,Wholesale,94
872830cadffffff,Agriculture,9
872830cadffffff,Art/Culture,38
872830cadffffff,Business Support,159
872830cadffffff,Construction,139
872830cadffffff,Education,449
872830cadffffff,Energy,65
872830cadffffff,Financial,120
872830cadffffff,Health,798
872830cadffffff,Hospitality,224
872830cadffffff,Information,33
872830cadffffff,Manufacturing,47
872830cadffffff,Professional Service,156
872830cadffffff,Public Administration,55
872830cadffffff,Real Estate,44
872830cadffffff,Retail,486
872830cadffffff,Transportation,325
872830cadffffff,Wholesale,147
872830caeffffff,Agriculture,20
872830caeffffff,Art/Culture,100
872830caeffffff,Business Support,60
872830caeffffff,Construction,80
872830caeffffff,Education,219
872830caeffffff,Energy,12
872830caeffffff,Financial,23
872830caeffffff,Health,306
872830caeffffff,Hospitality,304
872830caeffffff,Information,17
872830caeffffff,Manufacturing,28
872830caeffffff,Professional Service,49
872830caeffffff,Public Administration,36
872830caeffffff,Real Estate,22
872830caeffffff,Retail,302
872830caeffffff,Transportation,49
872830caeffffff,Wholesale,15
872830ce0ffffff,Agriculture,72
872830ce0ffffff,Art/Culture,316
872830ce0ffffff,Business Support,507
872830ce0ffffff,Construction,651
872830ce0ffffff,Corporate,3
872830ce0ffffff,Education,922
872830ce0ffffff,Energy,100
872830ce0ffffff,Financial,295
872830ce0ffffff,Health,2115
872830ce0ffffff,Hospitality,890
872830ce0ffffff,Information,105
872830ce0ffffff,Manufacturing,571
872830ce0ffffff,Professional Service,417
872830ce0ffffff,Public Administration,276
872830ce0ffffff,Real Estate,132
872830ce0ffffff,Retail,1384
872830ce0ffffff,Transportation,504
872830ce0ffffff,Wholesale,214
872830ce1ffffff,Agriculture,73
872830ce1ffffff,Art/Culture,189
872830ce1ffffff,Business Support,164
872830ce1ffffff,Construction,426
872830ce1ffffff,Corporate,1
872830ce1ffffff,Education,367
872830ce1ffffff,Energy,36
872830ce1ffffff,Financial,149
872830ce1ffffff,Health,833
872830ce1ffffff,Hospitality,437
872830ce1ffffff,Information,63
872830ce1ffffff,Manufacturing,591
872830ce1ffffff,Professional Service,162
872830ce1ffffff,Public Administration,344
872830ce1ffffff,Real Estate,104
872830ce1ffffff,Retail,626
872830ce1ffffff,Transportation,206
872830ce1ffffff,Wholesale,94
872830ce2ffffff,Agriculture,16
872830ce2ffffff,Art/Culture,1
872830ce2ffffff,Business Support,75
872830ce2ffffff,Construction,187
872830ce2ffffff,Education,75
872830ce2ffffff,Energy,49
872830ce2ffffff,Financial,9
872830ce2ffffff,Hospitality,114
872830ce2ffffff,Information,3
872830ce2ffffff,Manufacturing,105
872830ce2ffffff,Professional Service,6
872830ce2ffffff,Public Administration,80
872830ce2ffffff,Real Estate,19
872830ce2ffffff,Retail,273
872830ce2ffffff,Transportation,36
872830ce2ffffff,Wholesale,133
872830ce5ffffff,Agriculture,4
872830ce5ffffff,Art/Culture,25
872830ce5ffffff,Business Support,74
872830ce5ffffff,Construction,87
872830ce5ffffff,Education,133
872830ce5ffffff,Energy,11
872830ce5ffffff,Financial,19
872830ce5ffffff,Health,259
872830ce5ffffff,Hospitality,17
872830ce5ffffff,Information,12
872830ce5ffffff,Manufacturing,63
872830ce5ffffff,Professional Service,41
872830ce5ffffff,Public Administration,24
872830ce5ffffff,Real Estate,18
872830ce5ffffff,Retail,86
872830ce5ffffff,Transportation,92
872830ce5ffffff,Wholesale,9
872830ce6ffffff,Agriculture,6
872830ce6ffffff,Art/Culture,50
872830ce6ffffff,Business Support,132
872830ce6ffffff,Construction,119
872830ce6ffffff,Corporate,1
872830ce6ffffff,Education,345
872830ce6ffffff,Energy,15
872830ce6ffffff,Financial,53
872830ce6ffffff,Health,649
872830ce6ffffff,Hospitality,296
872830ce6ffffff,Information,102
872830ce6ffffff,Manufacturing,30
872830ce6ffffff,Professional Service,55
872830ce6ffffff,Public Administration,78
872830ce6ffffff,Real Estate,60
872830ce6ffffff,Retail,407
872830ce6ffffff,Transportation,157
872830ce6ffffff,Wholesale,74
872830cecffffff,Agriculture,6
872830cecffffff,Art/Culture,22
872830cecffffff,Business Support,130
872830cecffffff,Construction,45
872830cecffffff,Education,48
872830cecffffff,Energy,17
872830cecffffff,Financial,87
872830cecffffff,Health,66
872830cecffffff,Hospitality,5
872830cecffffff,Information,18
872830cecffffff,Manufacturing,50
872830cecffffff,Professional Service,77
872830cecffffff,Public Administration,30
872830cecffffff,Real Estate,41
872830cecffffff,Retail,80
872830cecffffff,Transportation,40
872830cecffffff,Wholesale,15
872830cedffffff,Agriculture,2
872830cedffffff,Art/Culture,13
872830cedffffff,Business Support,72
872830cedffffff,Construction,30
872830cedffffff,Education,28
872830cedffffff,Financial,35
872830cedffffff,Health,89
872830cedffffff,Hospitality,64
872830cedffffff,Information,9
872830cedffffff,Manufacturing,321
872830cedffffff,Professional Service,32
872830cedffffff,Public Administration,14
872830cedffffff,Real Estate,19
872830cedffffff,Retail,58
872830cedffffff,Transportation,26
872830cedffffff,Wholesale,7
872830cf4ffffff,Agriculture,8
872830cf4ffffff,Art/Culture,28
872830cf4ffffff,Business Support,58
872830cf4ffffff,Construction,83
872830cf4ffffff,Education,307
872830cf4ffffff,Energy,23
872830cf4ffffff,Financial,29
872830cf4ffffff,Health,218
872830cf4ffffff,Hospitality,126
872830cf4ffffff,Information,8
872830cf4ffffff,Manufacturing,77
872830cf4ffffff,Professional Service,43
872830cf4ffffff,Public Administration,92
872830cf4ffffff,Real Estate,29
872830cf4ffffff,Retail,263
872830cf4ffffff,Transportation,96
872830cf4ffffff,Wholesale,87
872830cf5ffffff,Agriculture,72
872830cf5ffffff,Art/Culture,147
872830cf5ffffff,Business Support,278
872830cf5ffffff,Construction,422
872830cf5ffffff,Corporate,2
872830cf5ffffff,Education,526
872830cf5ffffff,Energy,32
872830cf5ffffff,Financial,259
872830cf5ffffff,Health,998
872830cf5ffffff,Hospitality,535
872830cf5ffffff,Information,32
872830cf5ffffff,Manufacturing,613
872830cf5ffffff,Professional Service,366
872830cf5ffffff,Public Administration,369
872830cf5ffffff,Real Estate,64
872830cf5ffffff,Retail,833
872830cf5ffffff,Transportation,434
872830cf5ffffff,Wholesale,93
872830cf6ffffff,Agriculture,10
872830cf6ffffff,Art/Culture,12
872830cf6ffffff,Business Support,25
872830cf6ffffff,Construction,277
872830cf6ffffff,Education,4
872830cf6ffffff,Energy,1
872830cf6ffffff,Financial,35
872830cf6ffffff,Health,26
872830cf6ffffff,Hospitality,32
872830cf6ffffff,Information,11
872830cf6ffffff,Manufacturing,197
872830cf6ffffff,Professional Service,31
872830cf6ffffff,Public Administration,30
872830cf6ffffff,Real Estate,21
872830cf6ffffff,Retail,147
872830cf6ffffff,Transportation,72
872830cf6ffffff,Wholesale,58
872830d09ffffff,Art/Culture,36
872830d09ffffff,Business Support,24
872830d09ffffff,Construction,35
872830d09ffffff,Corporate,2
872830d09ffffff,Education,64
872830d09ffffff,Energy,14
872830d09ffffff,Financial,24
872830d09ffffff,Health,388
872830d09ffffff,Hospitality,64
872830d09ffffff,Information,47
872830d09ffffff,Manufacturing,67
872830d09ffffff,Professional Service,105
872830d09ffffff,Public Administration,36
872830d09ffffff,Real Estate,3
872830d09ffffff,Retail,82
872830d09ffffff,Transportation,13
872830d09ffffff,Wholesale,49
872830d0dffffff,Agriculture,1
872830d0dffffff,Art/Culture,47
872830d0dffffff,Business Support,20
872830d0dffffff,Construction,13
872830d0dffffff,Education,69
872830d0dffffff,Energy,14
872830d0dffffff,Financial,17
872830d0dffffff,Health,286
872830d0dffffff,Hospitality,232
872830d0dffffff,Information,20
872830d0dffffff,Manufacturing,31
872830d0dffffff,Professional Service,80
872830d0dffffff,Public Administration,10
872830d0dffffff,Real Estate,4
872830d0dffffff,Retail,131
872830d0dffffff,Transportation,24
872830d0dffffff,Wholesale,23
872830d21ffffff,Agriculture,55
872830d21ffffff,Art/Culture,198
872830d21ffffff,Business Support,277
872830d21ffffff,Construction,189
872830d21ffffff,Corporate,15
872830d21ffffff,Education,493
872830d21ffffff,Energy,162
872830d21ffffff,Financial,302
872830d21ffffff,Health,1074
872830d21ffffff,Hospitality,436
872830d21ffffff,Information,155
872830d21ffffff,Manufacturing,625
872830d21ffffff,Professional Service,924
872830d21ffffff,Public Administration,187
872830d21ffffff,Real Estate,138
872830d21ffffff,Retail,873
872830d21ffffff,Transportation,181
872830d21ffffff,Wholesale,342
872830d22ffffff,Art/Culture,63
872830d22ffffff,Business Support,308
872830d22ffffff,Construction,176
872830d22ffffff,Corporate,27
872830d22ffffff,Energy,54
872830d22ffffff,Financial,154
872830d22ffffff,Health,32
872830d22ffffff,Hospitality,379
872830d22ffffff,Information,89
872830d22ffffff,Manufacturing,234
872830d22ffffff,Professional Service,804
872830d22ffffff,Public Administration,60
872830d22ffffff,Real Estate,32
872830d22ffffff,Retail,551
872830d22ffffff,Transportation,68
872830d22ffffff,Wholesale,119
872830d25ffffff,Agriculture,66
872830d25ffffff,Art/Culture,117
872830d25ffffff,Business Support,168
872830d25ffffff,Construction,464
872830d25ffffff,Corporate,2
872830d25ffffff,Education,447
872830d25ffffff,Energy,64
872830d25ffffff,Financial,162
872830d25ffffff,Health,589
872830d25ffffff,Hospitality,329
872830d25ffffff,Information,114
872830d25ffffff,Manufacturing,323
872830d25ffffff,Professional Service,623
872830d25ffffff,Public Administration,107
872830d25ffffff,Real Estate,61
872830d25ffffff,Retail,397
872830d25ffffff,Transportation,112
872830d25ffffff,Wholesale,108
872830d2bffffff,Agriculture,4
872830d2bffffff,Business Support,19
872830d2bffffff,Construction,28
872830d2bffffff,Education,64
872830d2bffffff,Energy,4
872830d2bffffff,Financial,72
872830d2bffffff,Health,49
872830d2bffffff,Hospitality,18
872830d2bffffff,Information,83
872830d2bffffff,Manufacturing,28
872830d2bffffff,Professional Service,202
872830d2bffffff,Public Administration,4
872830d2bffffff,Real Estate,29
872830d2bffffff,Retail,18
872830d2bffffff,Transportation,7
872830d2bffffff,Wholesale,6
872830d2cffffff,Agriculture,36
872830d2cffffff,Art/Culture,73
872830d2cffffff,Business Support,384
872830d2cffffff,Construction,404
872830d2cffffff,Corporate,31
872830d2cffffff,Education,147
872830d2cffffff,Energy,54
872830d2cffffff,Financial,205
872830d2cffffff,Health,128
872830d2cffffff,Hospitality,503
872830d2cffffff,Information,258
872830d2cffffff,Manufacturing,592
872830d2cffffff,Professional Service,450
872830d2cffffff,Public Administration,374
872830d2cffffff,Real Estate,142
872830d2cffffff,Retail,612
872830d2cffffff,Transportation,314
872830d2cffffff,Wholesale,150
872830d2dffffff,Agriculture,19
872830d2dffffff,Art/Culture,225
872830d2dffffff,Business Support,108
872830d2dffffff,Construction,162
872830d2dffffff,Corporate,2
872830d2dffffff,Education,361
872830d2dffffff,Energy,108
872830d2dffffff,Financial,54
872830d2dffffff,Health,411
872830d2dffffff,Hospitality,527
872830d2dffffff,Information,91
872830d2dffffff,Manufacturing,215
872830d2dffffff,Professional Service,297
872830d2dffffff,Public Administration,155
872830d2dffffff,Real Estate,36
872830d2dffffff,Retail,442
872830d2dffffff,Transportation,305
872830d2dffffff,Wholesale,240
872830d31ffffff,Agriculture,22
872830d31ffffff,Art/Culture,171
872830d31ffffff,Business Support,214
872830d31ffffff,Construction,277
872830d31ffffff,Corporate,19
872830d31ffffff,Education,460
872830d31ffffff,Energy,74
872830d31ffffff,Financial,101
872830d31ffffff,Health,663
872830d31ffffff,Hospitality,499
872830d31ffffff,Information,135
872830d31ffffff,Manufacturing,429
872830d31ffffff,Professional Service,650
872830d31ffffff,Public Administration,163
872830d31ffffff,Real Estate,75
872830d31ffffff,Retail,998
872830d31ffffff,Transportation,182
872830d31ffffff,Wholesale,194
872830d34ffffff,Agriculture,59
872830d34ffffff,Art/Culture,267
872830d34ffffff,Business Support,199
872830d34ffffff,Construction,248
872830d34ffffff,Corporate,11
872830d34ffffff,Education,773
872830d34ffffff,Energy,72
872830d34ffffff,Financial,126
872830d34ffffff,Health,572
872830d34ffffff,Hospitality,761
872830d34ffffff,Information,95
872830d34ffffff,Manufacturing,189
872830d34ffffff,Professional Service,400
872830d34ffffff,Public Administration,159
872830d34ffffff,Real Estate,60
872830d34ffffff,Retail,743
872830d34ffffff,Transportation,142
872830d34ffffff,Wholesale,141
872830d36ffffff,Agriculture,102
872830d36ffffff,Art/Culture,107
872830d36ffffff,Business Support,72
872830d36ffffff,Construction,119
872830d36ffffff,Corporate,7
872830d36ffffff,Education,122
872830d36ffffff,Energy,61
872830d36ffffff,Financial,81
872830d36ffffff,Health,168
872830d36ffffff,Hospitality,402
872830d36ffffff,Information,50
872830d36ffffff,Manufacturing,285
872830d36ffffff,Professional Service,212
872830d36ffffff,Public Administration,34
872830d36ffffff,Real Estate,33
872830d36ffffff,Retail,423
872830d36ffffff,Transportation,172
872830d36ffffff,Wholesale,126
872830d40ffffff,Agriculture,14
872830d40ffffff,Art/Culture,232
872830d40ffffff,Business Support,224
872830d40ffffff,Construction,260
872830d40ffffff,Corporate,14
872830d40ffffff,Education,323
872830d40ffffff,Energy,54
872830d40ffffff,Financial,326
872830d40ffffff,Health,594
872830d40ffffff,Hospitality,611
872830d40ffffff,Information,208
872830d40ffffff,Manufacturing,110
872830d40ffffff,Professional Service,785
872830d40ffffff,Public Administration,371
872830d40ffffff,Real Estate,139
872830d40ffffff,Retail,386
872830d40ffffff,Transportation,168
872830d40ffffff,Wholesale,130
872830d41ffffff,Art/Culture,11
872830d41ffffff,Business Support,22
872830d41ffffff,Construction,28
872830d41ffffff,Corporate,1
872830d41ffffff,Financial,17
872830d41ffffff,Health,38
872830d41ffffff,Hospitality,8
872830d41ffffff,Information,17
872830d41ffffff,Manufacturing,21
872830d41ffffff,Professional Service,50
872830d41ffffff,Public Administration,5
872830d41ffffff,Real Estate,11
872830d41ffffff,Retail,22
872830d41ffffff,Transportation,4
872830d41ffffff,Wholesale,4
872830d43ffffff,Agriculture,4
872830d43ffffff,Art/Culture,45
872830d43ffffff,Business Support,41
872830d43ffffff,Construction,41
872830d43ffffff,Corporate,1
872830d43ffffff,Education,159
872830d43ffffff,Energy,3
872830d43ffffff,Financial,57
872830d43ffffff,Health,274
872830d43ffffff,Hospitality,219
872830d43ffffff,Information,32
872830d43ffffff,Manufacturing,61
872830d43ffffff,Professional Service,180
872830d43ffffff,Public Administration,52
872830d43ffffff,Real Estate,37
872830d43ffffff,Retail,183
872830d43ffffff,Transportation,34
872830d43ffffff,Wholesale,37
872830d46ffffff,Agriculture,10
872830d46ffffff,Art/Culture,20
872830d46ffffff,Business Support,48
872830d46ffffff,Construction,125
872830d46ffffff,Education,264
872830d46ffffff,Energy,13
872830d46ffffff,Financial,42
872830d46ffffff,Health,419
872830d46ffffff,Hospitality,22
872830d46ffffff,Information,45
872830d46ffffff,Manufacturing,107
872830d46ffffff,Professional Service,108
872830d46ffffff,Public Administration,79
872830d46ffffff,Real Estate,34
872830d46ffffff,Retail,82
872830d46ffffff,Transportation,24
872830d46ffffff,Wholesale,73
872830d48ffffff,Agriculture,1
872830d48ffffff,Art/Culture,2
872830d48ffffff,Business Support,23
872830d48ffffff,Construction,11
872830d48ffffff,Corporate,2
872830d48ffffff,Education,18
872830d48ffffff,Energy,4
872830d48ffffff,Financial,1
872830d48ffffff,Health,7
872830d48ffffff,Hospitality,1
872830d48ffffff,Information,12
872830d48ffffff,Manufacturing,29
872830d48ffffff,Professional Service,28
872830d48ffffff,Public Administration,8
872830d48ffffff,Real Estate,4
872830d48ffffff,Retail,17
872830d48ffffff,Transportation,3
872830d48ffffff,Wholesale,18
872830d49ffffff,Agriculture,1
872830d49ffffff,Art/Culture,29
872830d49ffffff,Business Support,30
872830d49ffffff,Construction,72
872830d49ffffff,Education,149
872830d49ffffff,Financial,16
872830d49ffffff,Health,331
872830d49ffffff,Hospitality,11
872830d49ffffff,Information,10
872830d49ffffff,Manufacturing,14
872830d49ffffff,Professional Service,162
872830d49ffffff,Public Administration,17
872830d49ffffff,Real Estate,18
872830d49ffffff,Retail,45
872830d49ffffff,Transportation,3
872830d49ffffff,Wholesale,2
872830d4effffff,Agriculture,6
872830d4effffff,Art/Culture,3
872830d4effffff,Business Support,125
872830d4effffff,Construction,78
872830d4effffff,Corporate,1
872830d4effffff,Education,75
872830d4effffff,Energy,7
872830d4effffff,Financial,137
872830d4effffff,Health,268
872830d4effffff,Hospitality,44
872830d4effffff,Information,60
872830d4effffff,Manufacturing,48
872830d4effffff,Professional Service,290
872830d4effffff,Public Administration,19
872830d4effffff,Real Estate,65
872830d4effffff,Retail,106
872830d4effffff,Transportation,16
872830d4effffff,Wholesale,25
872830d51ffffff,Art/Culture,32
872830d51ffffff,Business Support,13
872830d51ffffff,Construction,7
872830d51ffffff,Education,45
872830d51ffffff,Financial,15
872830d51ffffff,Health,22
872830d51ffffff,Hospitality,74
872830d51ffffff,Information,16
872830d51ffffff,Manufacturing,1
872830d51ffffff,Professional Service,38
872830d51ffffff,Public Administration,2
872830d51ffffff,Real Estate,8
872830d51ffffff,Retail,23
872830d51ffffff,Transportation,6
872830d51ffffff,Wholesale,13
872830d54ffffff,Agriculture,2
872830d54ffffff,Art/Culture,37
872830d54ffffff,Business Support,24
872830d54ffffff,Construction,69
872830d54ffffff,Corporate,1
872830d54ffffff,Education,115
872830d54ffffff,Energy,5
872830d54ffffff,Financial,100
872830d54ffffff,Health,35
872830d54ffffff,Hospitality,111
872830d54ffffff,Information,6
872830d54ffffff,Manufacturing,59
872830d54ffffff,Professional Service,56
872830d54ffffff,Public Administration,28
872830d54ffffff,Real Estate,9
872830d54ffffff,Retail,62
872830d54ffffff,Transportation,9
872830d54ffffff,Wholesale,39
872830d59ffffff,Agriculture,3
872830d59ffffff,Business Support,1
872830d59ffffff,Construction,5
872830d59ffffff,Energy,1
872830d59ffffff,Financial,1
872830d59ffffff,Information,1
872830d59ffffff,Manufacturing,2
872830d59ffffff,Professional Service,16
872830d59ffffff,Real Estate,1
872830d59ffffff,Retail,1
872830d59ffffff,Wholesale,11
872830d62ffffff,Agriculture,24
872830d62ffffff,Art/Culture,10
872830d62ffffff,Business Support,59
872830d62ffffff,Construction,96
872830d62ffffff,Corporate,6
872830d62ffffff,Education,115
872830d62ffffff,Energy,11
872830d62ffffff,Financial,69
872830d62ffffff,Health,150
872830d62ffffff,Hospitality,39
872830d62ffffff,Information,53
872830d62ffffff,Manufacturing,42
872830d62ffffff,Professional Service,138
872830d62ffffff,Public Administration,140
872830d62ffffff,Real Estate,5
872830d62ffffff,Retail,117
872830d62ffffff,Transportation,27
872830d62ffffff,Wholesale,17
872830d66ffffff,Art/Culture,1
872830d66ffffff,Construction,2
872830d66ffffff,Corporate,1
872830d66ffffff,Financial,3
872830d66ffffff,Health,18
872830d66ffffff,Information,2
872830d66ffffff,Manufacturing,3
872830d66ffffff,Professional Service,10
872830d66ffffff,Public Administration,7
872830d66ffffff,Retail,4
872830d66ffffff,Transportation,3
872830d66ffffff,Wholesale,1
872830d70ffffff,Agriculture,51
872830d70ffffff,Art/Culture,186
872830d70ffffff,Business Support,1641
872830d70ffffff,Construction,550
872830d70ffffff,Corporate,1
872830d70ffffff,Education,113
872830d70ffffff,Energy,38
872830d70ffffff,Financial,605
872830d70ffffff,Health,1386
872830d70ffffff,Hospitality,332
872830d70ffffff,Information,37
872830d70ffffff,Manufacturing,170
872830d70ffffff,Professional Service,2049
872830d70ffffff,Public Administration,257
872830d70ffffff,Real Estate,459
872830d70ffffff,Retail,1015
872830d70ffffff,Transportation,393
872830d70ffffff,Wholesale,14
872830d71ffffff,Agriculture,56
872830d71ffffff,Art/Culture,389
872830d71ffffff,Business Support,664
872830d71ffffff,Construction,498
872830d71ffffff,Corporate,51
872830d71ffffff,Education,1090
872830d71ffffff,Energy,256
872830d71ffffff,Financial,2313
872830d71ffffff,Health,755
872830d71ffffff,Hospitality,874
872830d71ffffff,Information,95
872830d71ffffff,Manufacturing,974
872830d71ffffff,Professional Service,712
872830d71ffffff,Public Administration,430
872830d71ffffff,Real Estate,1056
872830d71ffffff,Retail,859
872830d71ffffff,Transportation,495
872830d71ffffff,Wholesale,604
872830d72ffffff,Agriculture,2
872830d72ffffff,Art/Culture,48
872830d72ffffff,Business Support,19
872830d72ffffff,Construction,52
872830d72ffffff,Education,91
872830d72ffffff,Energy,7
872830d72ffffff,Financial,86
872830d72ffffff,Health,136
872830d72ffffff,Hospitality,98
872830d72ffffff,Information,48
872830d72ffffff,Manufacturing,81
872830d72ffffff,Professional Service,181
872830d72ffffff,Public Administration,42
872830d72ffffff,Real Estate,69
872830d72ffffff,Retail,103
872830d72ffffff,Transportation,39
872830d72ffffff,Wholesale,23
872830d74ffffff,Agriculture,66
872830d74ffffff,Art/Culture,122
872830d74ffffff,Business Support,444
872830d74ffffff,Construction,973
872830d74ffffff,Corporate,11
872830d74ffffff,Education,217
872830d74ffffff,Energy,151
872830d74ffffff,Financial,440
872830d74ffffff,Health,253
872830d74ffffff,Hospitality,268
872830d74ffffff,Information,143
872830d74ffffff,Manufacturing,1310
872830d74ffffff,Professional Service,840
872830d74ffffff,Public Administration,143
872830d74ffffff,Real Estate,170
872830d74ffffff,Retail,781
872830d74ffffff,Transportation,235
872830d74ffffff,Wholesale,191
872830d75ffffff,Agriculture,5
872830d75ffffff,Art/Culture,17
872830d75ffffff,Business Support,190
872830d75ffffff,Construction,97
872830d75ffffff,Corporate,49
872830d75ffffff,Education,72
872830d75ffffff,Energy,7
872830d75ffffff,Financial,23
872830d75ffffff,Health,174
872830d75ffffff,Hospitality,244
872830d75ffffff,Information,1466
872830d75ffffff,Manufacturing,77
872830d75ffffff,Professional Service,3901
872830d75ffffff,Public Administration,78
872830d75ffffff,Real Estate,7
872830d75ffffff,Retail,162
872830d75ffffff,Transportation,36
872830d75ffffff,Wholesale,16
872830d76ffffff,Agriculture,2
872830d76ffffff,Art/Culture,10
872830d76ffffff,Business Support,30
872830d76ffffff,Construction,74
872830d76ffffff,Education,51
872830d76ffffff,Energy,9
872830d76ffffff,Financial,49
872830d76ffffff,Health,111
872830d76ffffff,Hospitality,43
872830d76ffffff,Information,64
872830d76ffffff,Manufacturing,41
872830d76ffffff,Professional Service,257
872830d76ffffff,Public Administration,5
872830d76ffffff,Real Estate,8
872830d76ffffff,Retail,80
872830d76ffffff,Transportation,26
872830d76ffffff,Wholesale,16
872830d8bffffff,Agriculture,4
872830d8bffffff,Business Support,4
872830d8bffffff,Construction,6
872830d8bffffff,Education,4
872830d8bffffff,Energy,1
872830d8bffffff,Information,2
872830d8bffffff,Manufacturing,1
872830d8bffffff,Professional Service,6
872830d8bffffff,Public Administration,1
872830d8bffffff,Retail,10
872830d8bffffff,Wholesale,1
872830d98ffffff,Business Support,1
872830d98ffffff,Energy,1
872830d98ffffff,Health,8
872830d98ffffff,Retail,9
872830d98ffffff,Transportation,5
872830d98ffffff,Wholesale,5
872834089ffffff,Art/Culture,18
872834089ffffff,Business Support,3
872834089ffffff,Construction,4
872834089ffffff,Corporate,1
872834089ffffff,Education,8
872834089ffffff,Financial,4
872834089ffffff,Information,3
872834089ffffff,Manufacturing,5
872834089ffffff,Public Administration,9
872834089ffffff,Real Estate,3
872834089ffffff,Retail,2
87283408affffff,Agriculture,3
87283408affffff,Art/Culture,13
87283408affffff,Business Support,28
87283408affffff,Construction,57
87283408affffff,Corporate,1
87283408affffff,Education,16
87283408affffff,Financial,7
87283408affffff,Health,11
87283408affffff,Hospitality,66
87283408affffff,Information,23
87283408affffff,Manufacturing,54
87283408affffff,Professional Service,77
87283408affffff,Public Administration,49
87283408affffff,Real Estate,26
87283408affffff,Retail,37
87283408affffff,Transportation,6
87283408affffff,Wholesale,19
87283408effffff,Agriculture,5
87283408effffff,Art/Culture,146
87283408effffff,Business Support,81
87283408effffff,Construction,86
87283408effffff,Corporate,4
87283408effffff,Education,185
87283408effffff,Energy,17
87283408effffff,Financial,24
87283408effffff,Health,255
87283408effffff,Hospitality,406
87283408effffff,Information,75
87283408effffff,Manufacturing,164
87283408effffff,Professional Service,348
87283408effffff,Public Administration,83
87283408effffff,Real Estate,42
87283408effffff,Retail,140
87283408effffff,Transportation,63
87283408effffff,Wholesale,69
872834092ffffff,Agriculture,10
872834092ffffff,Art/Culture,34
872834092ffffff,Business Support,45
872834092ffffff,Construction,147
872834092ffffff,Corporate,1
872834092ffffff,Education,200
872834092ffffff,Energy,3
872834092ffffff,Financial,38
872834092ffffff,Health,239
872834092ffffff,Hospitality,99
872834092ffffff,Information,52
872834092ffffff,Manufacturing,62
872834092ffffff,Professional Service,183
872834092ffffff,Public Administration,40
872834092ffffff,Real Estate,64
872834092ffffff,Retail,127
872834092ffffff,Transportation,33
872834092ffffff,Wholesale,20
872834093ffffff,Agriculture,6
872834093ffffff,Art/Culture,50
872834093ffffff,Business Support,40
872834093ffffff,Construction,64
872834093ffffff,Education,118
872834093ffffff,Energy,12
872834093ffffff,Financial,19
872834093ffffff,Health,179
872834093ffffff,Hospitality,98
872834093ffffff,Information,15
872834093ffffff,Manufacturing,157
872834093ffffff,Professional Service,247
872834093ffffff,Public Administration,46
872834093ffffff,Real Estate,6
872834093ffffff,Retail,108
872834093ffffff,Transportation,23
872834093ffffff,Wholesale,31
872834096ffffff,Education,5
872834096ffffff,Health,5
872834096ffffff,Manufacturing,2
872834096ffffff,Public Administration,1
872834098ffffff,Agriculture,11
872834098ffffff,Art/Culture,103
872834098ffffff,Business Support,144
872834098ffffff,Construction,167
872834098ffffff,Corporate,7
872834098ffffff,Education,1805
872834098ffffff,Energy,21
872834098ffffff,Financial,88
872834098ffffff,Health,2649
872834098ffffff,Hospitality,141
872834098ffffff,Information,148
872834098ffffff,Manufacturing,1155
872834098ffffff,Professional Service,468
872834098ffffff,Public Administration,101
872834098ffffff,Real Estate,51
872834098ffffff,Retail,301
872834098ffffff,Transportation,99
872834098ffffff,Wholesale,77
872834099ffffff,Agriculture,12
872834099ffffff,Art/Culture,94
872834099ffffff,Business Support,304
872834099ffffff,Construction,153
872834099ffffff,Corporate,9
872834099ffffff,Education,480
872834099ffffff,Energy,9
872834099ffffff,Financial,249
872834099ffffff,Health,613
872834099ffffff,Hospitality,311
872834099ffffff,Information,249
872834099ffffff,Manufacturing,650
872834099ffffff,Professional Service,1072
872834099ffffff,Public Administration,195
872834099ffffff,Real Estate,156
872834099ffffff,Retail,99
872834099ffffff,Transportation,27
872834099ffffff,Wholesale,40
87283409affffff,Agriculture,12
87283409affffff,Art/Culture,70
87283409affffff,Business Support,72
87283409affffff,Construction,200
87283409affffff,Corporate,8
87283409affffff,Education,356
87283409affffff,Energy,31
87283409affffff,Financial,90
87283409affffff,Health,316
87283409affffff,Hospitality,223
87283409affffff,Information,101
87283409affffff,Manufacturing,188
87283409affffff,Professional Service,361
87283409affffff,Public Administration,95
87283409affffff,Real Estate,74
87283409affffff,Retail,296
87283409affffff,Transportation,95
87283409affffff,Wholesale,52
87283409bffffff,Agriculture,78
87283409bffffff,Art/Culture,179
87283409bffffff,Business Support,264
87283409bffffff,Construction,1473
87283409bffffff,Corporate,17
87283409bffffff,Education,661
87283409bffffff,Energy,33
87283409bffffff,Financial,215
87283409bffffff,Health,1019
87283409bffffff,Hospitality,315
87283409bffffff,Information,224
87283409bffffff,Manufacturing,562
87283409bffffff,Professional Service,1511
87283409bffffff,Public Administration,124
87283409bffffff,Real Estate,176
87283409bffffff,Retail,467
87283409bffffff,Transportation,208
87283409bffffff,Wholesale,211
87283409cffffff,Agriculture,1
87283409cffffff,Art/Culture,3
87283409cffffff,Business Support,14
87283409cffffff,Construction,20
87283409cffffff,Education,103
87283409cffffff,Energy,6
87283409cffffff,Financial,3
87283409cffffff,Health,15
87283409cffffff,Hospitality,6
87283409cffffff,Information,8
87283409cffffff,Manufacturing,33
87283409cffffff,Professional Service,41
87283409cffffff,Public Administration,1
87283409cffffff,Real Estate,2
87283409cffffff,Retail,23
87283409cffffff,Transportation,15
87283409cffffff,Wholesale,24
87283409dffffff,Agriculture,25
87283409dffffff,Art/Culture,497
87283409dffffff,Business Support,257
87283409dffffff,Construction,396
87283409dffffff,Corporate,15
87283409dffffff,Education,557
87283409dffffff,Energy,33
87283409dffffff,Financial,181
87283409dffffff,Health,728
87283409dffffff,Hospitality,713
87283409dffffff,Information,226
87283409dffffff,Manufacturing,300
87283409dffffff,Professional Service,1126
87283409dffffff,Public Administration,261
87283409dffffff,Real Estate,159
87283409dffffff,Retail,506
87283409dffffff,Transportation,142
87283409dffffff,Wholesale,154
87283409effffff,Agriculture,11
87283409effffff,Art/Culture,91
87283409effffff,Business Support,67
87283409effffff,Construction,126
87283409effffff,Education,209
87283409effffff,Energy,4
87283409effffff,Financial,17
87283409effffff,Health,431
87283409effffff,Hospitality,197
87283409effffff,Information,57
87283409effffff,Manufacturing,74
87283409effffff,Professional Service,157
87283409effffff,Public Administration,22
87283409effffff,Real Estate,16
87283409effffff,Retail,156
87283409effffff,Transportation,26
87283409effffff,Wholesale,13
8728340d6ffffff,Agriculture,12
8728340d6ffffff,Art/Culture,87
8728340d6ffffff,Business Support,28
8728340d6ffffff,Construction,39
8728340d6ffffff,Corporate,1
8728340d6ffffff,Education,71
8728340d6ffffff,Energy,2
8728340d6ffffff,Financial,30
8728340d6ffffff,Health,35
8728340d6ffffff,Hospitality,181
8728340d6ffffff,Information,44
8728340d6ffffff,Manufacturing,107
8728340d6ffffff,Professional Service,265
8728340d6ffffff,Public Administration,20
8728340d6ffffff,Real Estate,29
8728340d6ffffff,Retail,54
8728340d6ffffff,Transportation,1
8728340d6ffffff,Wholesale,10
872834290ffffff,Agriculture,57
872834290ffffff,Art/Culture,144
872834290ffffff,Business Support,234
872834290ffffff,Construction,958
872834290ffffff,Corporate,8
872834290ffffff,Education,621
872834290ffffff,Energy,32
872834290ffffff,Financial,260
872834290ffffff,Health,1026
872834290ffffff,Hospitality,303
872834290ffffff,Information,302
872834290ffffff,Manufacturing,512
872834290ffffff,Professional Service,1614
872834290ffffff,Public Administration,402
872834290ffffff,Real Estate,196
872834290ffffff,Retail,661
872834290ffffff,Transportation,250
872834290ffffff,Wholesale,75
872834291ffffff,Agriculture,3
872834291ffffff,Art/Culture,106
872834291ffffff,Business Support,43
872834291ffffff,Construction,166
872834291ffffff,Corporate,9
872834291ffffff,Education,375
872834291ffffff,Energy,11
872834291ffffff,Financial,52
872834291ffffff,Health,302
872834291ffffff,Hospitality,167
872834291ffffff,Information,55
872834291ffffff,Manufacturing,104
872834291ffffff,Professional Service,338
872834291ffffff,Public Administration,100
872834291ffffff,Real Estate,51
872834291ffffff,Retail,251
872834291ffffff,Transportation,187
872834291ffffff,Wholesale,34
872834294ffffff,Agriculture,14
872834294ffffff,Art/Culture,95
872834294ffffff,Business Support,65
872834294ffffff,Construction,387
872834294ffffff,Corporate,2
872834294ffffff,Education,656
872834294ffffff,Energy,9
872834294ffffff,Financial,52
872834294ffffff,Health,873
872834294ffffff,Hospitality,119
872834294ffffff,Information,49
872834294ffffff,Manufacturing,125
872834294ffffff,Professional Service,339
872834294ffffff,Public Administration,63
872834294ffffff,Real Estate,114
872834294ffffff,Retail,105
872834294ffffff,Transportation,30
872834294ffffff,Wholesale,30
872834295ffffff,Agriculture,1
872834295ffffff,Art/Culture,2
872834295ffffff,Business Support,4
872834295ffffff,Construction,52
872834295ffffff,Education,78
872834295ffffff,Financial,28
872834295ffffff,Health,98
872834295ffffff,Hospitality,5
872834295ffffff,Information,28
872834295ffffff,Manufacturing,33
872834295ffffff,Professional Service,113
872834295ffffff,Public Administration,12
872834295ffffff,Real Estate,28
872834295ffffff,Retail,16
872834295ffffff,Transportation,4
872834295ffffff,Wholesale,18
872834296ffffff,Agriculture,101
872834296ffffff,Art/Culture,403
872834296ffffff,Business Support,1308
872834296ffffff,Construction,1304
872834296ffffff,Corporate,44
872834296ffffff,Education,1797
872834296ffffff,Energy,100
872834296ffffff,Financial,1011
872834296ffffff,Health,2167
872834296ffffff,Hospitality,1278
872834296ffffff,Information,1152
872834296ffffff,Manufacturing,1131
872834296ffffff,Professional Service,3625
872834296ffffff,Public Administration,1418
872834296ffffff,Real Estate,632
872834296ffffff,Retail,1558
872834296ffffff,Transportation,649
872834296ffffff,Wholesale,235
872834298ffffff,Agriculture,17
872834298ffffff,Art/Culture,136
872834298ffffff,Business Support,232
872834298ffffff,Construction,414
872834298ffffff,Corporate,18
872834298ffffff,Education,632
872834298ffffff,Energy,64
872834298ffffff,Financial,414
872834298ffffff,Health,1411
872834298ffffff,Hospitality,529
872834298ffffff,Information,358
872834298ffffff,Manufacturing,173
872834298ffffff,Professional Service,763
872834298ffffff,Public Administration,278
872834298ffffff,Real Estate,165
872834298ffffff,Retail,888
872834298ffffff,Transportation,451
872834298ffffff,Wholesale,288
872834299ffffff,Agriculture,14
872834299ffffff,Art/Culture,341
872834299ffffff,Business Support,394
872834299ffffff,Construction,261
872834299ffffff,Corporate,15
872834299ffffff,Education,1254
872834299ffffff,Energy,46
872834299ffffff,Financial,366
872834299ffffff,Health,1552
872834299ffffff,Hospitality,842
872834299ffffff,Information,552
872834299ffffff,Manufacturing,455
872834299ffffff,Professional Service,2546
872834299ffffff,Public Administration,369
872834299ffffff,Real Estate,318
872834299ffffff,Retail,928
872834299ffffff,Transportation,395
872834299ffffff,Wholesale,140
87283429affffff,Agriculture,39
87283429affffff,Art/Culture,187
87283429affffff,Business Support,349
87283429affffff,Construction,406
87283429affffff,Corporate,38
87283429affffff,Education,247
87283429affffff,Energy,58
87283429affffff,Financial,1290
87283429affffff,Health,406
87283429affffff,Hospitality,371
87283429affffff,Information,1095
87283429affffff,Manufacturing,1567
87283429affffff,Professional Service,3640
87283429affffff,Public Administration,127
87283429affffff,Real Estate,640
87283429affffff,Retail,626
87283429affffff,Transportation,102
87283429affffff,Wholesale,68
87283429bffffff,Agriculture,48
87283429bffffff,Art/Culture,250
87283429bffffff,Business Support,857
87283429bffffff,Construction,739
87283429bffffff,Corporate,29
87283429bffffff,Education,807
87283429bffffff,Energy,80
87283429bffffff,Financial,846
87283429bffffff,Health,1318
87283429bffffff,Hospitality,735
87283429bffffff,Information,790
87283429bffffff,Manufacturing,524
87283429bffffff,Professional Service,2896
87283429bffffff,Public Administration,258
87283429bffffff,Real Estate,623
87283429bffffff,Retail,1009
87283429bffffff,Transportation,598
87283429bffffff,Wholesale,350
87283429cffffff,Agriculture,1
87283429cffffff,Art/Culture,85
87283429cffffff,Business Support,61
87283429cffffff,Construction,153
87283429cffffff,Corporate,1
87283429cffffff,Education,273
87283429cffffff,Financial,52
87283429cffffff,Health,445
87283429cffffff,Hospitality,132
87283429cffffff,Information,92
87283429cffffff,Manufacturing,55
87283429cffffff,Professional Service,355
87283429cffffff,Public Administration,94
87283429cffffff,Real Estate,50
87283429cffffff,Retail,76
87283429cffffff,Transportation,44
87283429cffffff,Wholesale,28
87283429dffffff,Agriculture,24
87283429dffffff,Art/Culture,97
87283429dffffff,Business Support,82
87283429dffffff,Construction,279
87283429dffffff,Corporate,4
87283429dffffff,Education,158
87283429dffffff,Energy,22
87283429dffffff,Financial,154
87283429dffffff,Health,129
87283429dffffff,Hospitality,314
87283429dffffff,Information,105
87283429dffffff,Manufacturing,375
87283429dffffff,Professional Service,440
87283429dffffff,Public Administration,129
87283429dffffff,Real Estate,76
87283429dffffff,Retail,339
87283429dffffff,Transportation,198
87283429dffffff,Wholesale,110
87283429effffff,Agriculture,26
87283429effffff,Art/Culture,171
87283429effffff,Business Support,258
87283429effffff,Construction,485
87283429effffff,Corporate,32
87283429effffff,Education,611
87283429effffff,Energy,31
87283429effffff,Financial,210
87283429effffff,Health,553
87283429effffff,Hospitality,652
87283429effffff,Information,295
87283429effffff,Manufacturing,526
87283429effffff,Professional Service,1292
87283429effffff,Public Administration,235
87283429effffff,Real Estate,147
87283429effffff,Retail,577
87283429effffff,Transportation,231
87283429effffff,Wholesale,236
8728342a9ffffff,Agriculture,54
8728342a9ffffff,Art/Culture,119
8728342a9ffffff,Business Support,154
8728342a9ffffff,Construction,173
8728342a9ffffff,Corporate,5
8728342a9ffffff,Education,170
8728342a9ffffff,Energy,14
8728342a9ffffff,Financial,135
8728342a9ffffff,Health,212
8728342a9ffffff,Hospitality,402
8728342a9ffffff,Information,120
8728342a9ffffff,Manufacturing,73
8728342a9ffffff,Professional Service,444
8728342a9ffffff,Public Administration,152
8728342a9ffffff,Real Estate,76
8728342a9ffffff,Retail,347
8728342a9ffffff,Transportation,93
8728342a9ffffff,Wholesale,125
8728342b2ffffff,Agriculture,3
8728342b2ffffff,Art/Culture,107
8728342b2ffffff,Business Support,177
8728342b2ffffff,Construction,99
8728342b2ffffff,Corporate,6
8728342b2ffffff,Education,477
8728342b2ffffff,Energy,11
8728342b2ffffff,Financial,92
8728342b2ffffff,Health,566
8728342b2ffffff,Hospitality,321
8728342b2ffffff,Information,195
8728342b2ffffff,Manufacturing,233
8728342b2ffffff,Professional Service,375
8728342b2ffffff,Public Administration,75
8728342b2ffffff,Real Estate,35
8728342b2ffffff,Retail,389
8728342b2ffffff,Transportation,69
8728342b2ffffff,Wholesale,52
8728342daffffff,Agriculture,1
8728342daffffff,Art/Culture,2
8728342daffffff,Business Support,3
8728342daffffff,Construction,4
8728342daffffff,Education,5
8728342daffffff,Energy,5
8728342daffffff,Financial,1
8728342daffffff,Health,22
8728342daffffff,Hospitality,8
8728342daffffff,Manufacturing,4
8728342daffffff,Professional Service,4
8728342daffffff,Public Administration,3
8728342daffffff,Real Estate,3
8728342daffffff,Retail,10
8728342daffffff,Transportation,11
8728342daffffff,Wholesale,2
8728342dbffffff,Agriculture,5
8728342dbffffff,Art/Culture,41
8728342dbffffff,Business Support,26
8728342dbffffff,Construction,88
8728342dbffffff,Corporate,2
8728342dbffffff,Education,112
8728342dbffffff,Energy,10
8728342dbffffff,Financial,71
8728342dbffffff,Health,173
8728342dbffffff,Hospitality,136
8728342dbffffff,Information,41
8728342dbffffff,Manufacturing,51
8728342dbffffff,Professional Service,144
8728342dbffffff,Public Administration,42
8728342dbffffff,Real Estate,13
8728342dbffffff,Retail,136
8728342dbffffff,Transportation,92
8728342dbffffff,Wholesale,37
8728342dcffffff,Art/Culture,14
8728342dcffffff,Business Support,2
8728342dcffffff,Construction,105
8728342dcffffff,Education,38
8728342dcffffff,Energy,6
8728342dcffffff,Financial,30
8728342dcffffff,Health,115
8728342dcffffff,Hospitality,39
8728342dcffffff,Information,3
8728342dcffffff,Manufacturing,9
8728342dcffffff,Professional Service,52
8728342dcffffff,Public Administration,23
8728342dcffffff,Real Estate,12
8728342dcffffff,Retail,76
8728342dcffffff,Transportation,30
8728342dcffffff,Wholesale,14
8728342ddffffff,Art/Culture,29
8728342ddffffff,Business Support,19
8728342ddffffff,Construction,79
8728342ddffffff,Education,117
8728342ddffffff,Energy,11
8728342ddffffff,Financial,28
8728342ddffffff,Health,127
8728342ddffffff,Hospitality,86
8728342ddffffff,Information,3
8728342ddffffff,Manufacturing,61
8728342ddffffff,Professional Service,66
8728342ddffffff,Public Administration,20
8728342ddffffff,Real Estate,11
8728342ddffffff,Retail,67
8728342ddffffff,Transportation,63
8728342ddffffff,Wholesale,18
872834424ffffff,Agriculture,86
872834424ffffff,Art/Culture,135
872834424ffffff,Business Support,218
872834424ffffff,Construction,230
872834424ffffff,Corporate,3
872834424ffffff,Education,257
872834424ffffff,Energy,67
872834424ffffff,Financial,158
872834424ffffff,Health,393
872834424ffffff,Hospitality,354
872834424ffffff,Information,95
872834424ffffff,Manufacturing,1338
872834424ffffff,Professional Service,400
872834424ffffff,Public Administration,172
872834424ffffff,Real Estate,105
872834424ffffff,Retail,570
872834424ffffff,Transportation,78
872834424ffffff,Wholesale,198
872834426ffffff,Agriculture,45
872834426ffffff,Art/Culture,62
872834426ffffff,Business Support,16
872834426ffffff,Construction,107
872834426ffffff,Education,49
872834426ffffff,Energy,14
872834426ffffff,Financial,15
872834426ffffff,Health,130
872834426ffffff,Hospitality,147
872834426ffffff,Information,8
872834426ffffff,Manufacturing,60
872834426ffffff,Professional Service,71
872834426ffffff,Public Administration,19
872834426ffffff,Real Estate,7
872834426ffffff,Retail,131
872834426ffffff,Transportation,44
872834426ffffff,Wholesale,46
872834441ffffff,Agriculture,15
872834441ffffff,Art/Culture,92
872834441ffffff,Business Support,124
872834441ffffff,Construction,83
872834441ffffff,Corporate,4
872834441ffffff,Education,420
872834441ffffff,Energy,14
872834441ffffff,Financial,41
872834441ffffff,Health,619
872834441ffffff,Hospitality,331
872834441ffffff,Information,18
872834441ffffff,Manufacturing,186
872834441ffffff,Professional Service,61
872834441ffffff,Public Administration,70
872834441ffffff,Real Estate,15
872834441ffffff,Retail,367
872834441ffffff,Transportation,51
872834441ffffff,Wholesale,92
872834442ffffff,Agriculture,9
872834442ffffff,Art/Culture,60
872834442ffffff,Business Support,75
872834442ffffff,Construction,162
872834442ffffff,Corporate,1
872834442ffffff,Education,184
872834442ffffff,Energy,3
872834442ffffff,Financial,37
872834442ffffff,Health,422
872834442ffffff,Hospitality,136
872834442ffffff,Information,65
872834442ffffff,Manufacturing,85
872834442ffffff,Professional Service,253
872834442ffffff,Public Administration,45
872834442ffffff,Real Estate,31
872834442ffffff,Retail,197
872834442ffffff,Transportation,52
872834442ffffff,Wholesale,25
872834443ffffff,Agriculture,12
872834443ffffff,Art/Culture,56
872834443ffffff,Business Support,63
872834443ffffff,Construction,171
872834443ffffff,Corporate,1
872834443ffffff,Education,355
872834443ffffff,Energy,9
872834443ffffff,Financial,24
872834443ffffff,Health,648
872834443ffffff,Hospitality,499
872834443ffffff,Information,49
872834443ffffff,Manufacturing,75
872834443ffffff,Professional Service,237
872834443ffffff,Public Administration,88
872834443ffffff,Real Estate,12
872834443ffffff,Retail,368
872834443ffffff,Transportation,107
872834443ffffff,Wholesale,33
872834444ffffff,Agriculture,9
872834444ffffff,Art/Culture,78
872834444ffffff,Business Support,109
872834444ffffff,Construction,76
872834444ffffff,Corporate,2
872834444ffffff,Education,320
872834444ffffff,Energy,14
872834444ffffff,Financial,43
872834444ffffff,Health,329
872834444ffffff,Hospitality,382
872834444ffffff,Information,123
872834444ffffff,Manufacturing,1186
872834444ffffff,Professional Service,251
872834444ffffff,Public Administration,52
872834444ffffff,Real Estate,85
872834444ffffff,Retail,330
872834444ffffff,Transportation,183
872834444ffffff,Wholesale,57
872834445ffffff,Agriculture,9
872834445ffffff,Art/Culture,39
872834445ffffff,Business Support,92
872834445ffffff,Construction,164
872834445ffffff,Education,189
872834445ffffff,Energy,19
872834445ffffff,Financial,24
872834445ffffff,Health,380
872834445ffffff,Hospitality,127
872834445ffffff,Information,59
872834445ffffff,Manufacturing,148
872834445ffffff,Professional Service,193
872834445ffffff,Public Administration,30
872834445ffffff,Real Estate,25
872834445ffffff,Retail,183
872834445ffffff,Transportation,54
872834445ffffff,Wholesale,49
872834446ffffff,Agriculture,3
872834446ffffff,Art/Culture,1
872834446ffffff,Business Support,64
872834446ffffff,Construction,11
872834446ffffff,Energy,4
872834446ffffff,Financial,138
872834446ffffff,Health,14
872834446ffffff,Information,46
872834446ffffff,Manufacturing,570
872834446ffffff,Professional Service,180
872834446ffffff,Public Administration,14
872834446ffffff,Real Estate,77
872834446ffffff,Retail,73
872834446ffffff,Transportation,3
872834448ffffff,Agriculture,164
872834448ffffff,Art/Culture,161
872834448ffffff,Business Support,124
872834448ffffff,Construction,1166
872834448ffffff,Corporate,1
872834448ffffff,Education,527
872834448ffffff,Energy,49
872834448ffffff,Financial,12
872834448ffffff,Health,1124
872834448ffffff,Hospitality,335
872834448ffffff,Information,5
872834448ffffff,Manufacturing,730
872834448ffffff,Professional Service,205
872834448ffffff,Public Administration,322
872834448ffffff,Real Estate,21
872834448ffffff,Retail,948
872834448ffffff,Transportation,612
872834448ffffff,Wholesale,307
872834449ffffff,Agriculture,168
872834449ffffff,Art/Culture,1276
872834449ffffff,Business Support,1966
872834449ffffff,Construction,1753
872834449ffffff,Corporate,84
872834449ffffff,Education,4661
872834449ffffff,Energy,141
872834449ffffff,Financial,1439
872834449ffffff,Health,5863
872834449ffffff,Hospitality,4621
872834449ffffff,Information,1492
872834449ffffff,Manufacturing,2892
872834449ffffff,Professional Service,5879
872834449ffffff,Public Administration,1951
872834449ffffff,Real Estate,713
872834449ffffff,Retail,4651
872834449ffffff,Transportation,1127
872834449ffffff,Wholesale,513
87283444affffff,Agriculture,45
87283444affffff,Art/Culture,66
87283444affffff,Business Support,156
87283444affffff,Construction,191
87283444affffff,Corporate,6
87283444affffff,Education,309
87283444affffff,Energy,13
87283444affffff,Financial,27
87283444affffff,Health,576
87283444affffff,Hospitality,458
87283444affffff,Information,31
87283444affffff,Manufacturing,134
87283444affffff,Professional Service,111
87283444affffff,Public Administration,105
87283444affffff,Real Estate,19
87283444affffff,Retail,345
87283444affffff,Transportation,103
87283444affffff,Wholesale,107
87283444bffffff,Agriculture,65
87283444bffffff,Art/Culture,100
87283444bffffff,Business Support,222
87283444bffffff,Construction,782
87283444bffffff,Corporate,1
87283444bffffff,Education,322
87283444bffffff,Energy,21
87283444bffffff,Financial,61
87283444bffffff,Health,580
87283444bffffff,Hospitality,751
87283444bffffff,Information,39
87283444bffffff,Manufacturing,146
87283444bffffff,Professional Service,195
87283444bffffff,Public Administration,130
87283444bffffff,Real Estate,39
87283444bffffff,Retail,620
87283444bffffff,Transportation,341
87283444bffffff,Wholesale,94
87283444cffffff,Agriculture,102
87283444cffffff,Art/Culture,44
87283444cffffff,Business Support,287
87283444cffffff,Construction,857
87283444cffffff,Corporate,5
87283444cffffff,Education,131
87283444cffffff,Energy,53
87283444cffffff,Financial,46
87283444cffffff,Health,384
87283444cffffff,Hospitality,380
87283444cffffff,Information,74
87283444cffffff,Manufacturing,845
87283444cffffff,Professional Service,387
87283444cffffff,Public Administration,193
87283444cffffff,Real Estate,133
87283444cffffff,Retail,927
87283444cffffff,Transportation,187
87283444cffffff,Wholesale,370
87283444dffffff,Agriculture,184
87283444dffffff,Art/Culture,278
87283444dffffff,Business Support,220
87283444dffffff,Construction,1784
87283444dffffff,Corporate,5
87283444dffffff,Education,581
87283444dffffff,Energy,77
87283444dffffff,Financial,253
87283444dffffff,Health,809
87283444dffffff,Hospitality,738
87283444dffffff,Information,309
87283444dffffff,Manufacturing,1212
87283444dffffff,Professional Service,637
87283444dffffff,Public Administration,447
87283444dffffff,Real Estate,95
87283444dffffff,Retail,953
87283444dffffff,Transportation,456
87283444dffffff,Wholesale,275
87283444effffff,Agriculture,48
87283444effffff,Art/Culture,70
87283444effffff,Business Support,121
87283444effffff,Construction,161
87283444effffff,Corporate,3
87283444effffff,Education,459
87283444effffff,Energy,44
87283444effffff,Financial,19
87283444effffff,Health,924
87283444effffff,Hospitality,440
87283444effffff,Information,81
87283444effffff,Manufacturing,155
87283444effffff,Professional Service,224
87283444effffff,Public Administration,142
87283444effffff,Real Estate,35
87283444effffff,Retail,652
87283444effffff,Transportation,199
87283444effffff,Wholesale,200
872834454ffffff,Manufacturing,3
872834454ffffff,Public Administration,1
872834458ffffff,Agriculture,13
872834458ffffff,Art/Culture,1
872834458ffffff,Business Support,12
872834458ffffff,Construction,8
872834458ffffff,Corporate,1
872834458ffffff,Education,146
872834458ffffff,Energy,8
872834458ffffff,Financial,21
872834458ffffff,Health,178
872834458ffffff,Information,19
872834458ffffff,Manufacturing,46
872834458ffffff,Professional Service,66
872834458ffffff,Public Administration,7
872834458ffffff,Real Estate,16
872834458ffffff,Retail,53
872834458ffffff,Transportation,10
872834458ffffff,Wholesale,8
872834459ffffff,Agriculture,20
872834459ffffff,Art/Culture,64
872834459ffffff,Business Support,85
872834459ffffff,Construction,151
872834459ffffff,Corporate,1
872834459ffffff,Education,307
872834459ffffff,Energy,1
872834459ffffff,Financial,11
872834459ffffff,Health,587
872834459ffffff,Hospitality,198
872834459ffffff,Information,15
872834459ffffff,Manufacturing,51
872834459ffffff,Professional Service,103
872834459ffffff,Public Administration,60
872834459ffffff,Real Estate,20
872834459ffffff,Retail,193
872834459ffffff,Transportation,16
872834459ffffff,Wholesale,36
87283445cffffff,Agriculture,27
87283445cffffff,Art/Culture,115
87283445cffffff,Business Support,94
87283445cffffff,Construction,159
87283445cffffff,Corporate,2
87283445cffffff,Education,453
87283445cffffff,Energy,4
87283445cffffff,Financial,52
87283445cffffff,Health,364
87283445cffffff,Hospitality,484
87283445cffffff,Information,47
87283445cffffff,Manufacturing,193
87283445cffffff,Professional Service,246
87283445cffffff,Public Administration,74
87283445cffffff,Real Estate,27
87283445cffffff,Retail,268
87283445cffffff,Transportation,32
87283445cffffff,Wholesale,41
87283445dffffff,Agriculture,11
87283445dffffff,Art/Culture,277
87283445dffffff,Business Support,99
87283445dffffff,Construction,62
87283445dffffff,Corporate,9
87283445dffffff,Education,183
87283445dffffff,Energy,14
87283445dffffff,Financial,69
87283445dffffff,Health,743
87283445dffffff,Hospitality,483
87283445dffffff,Information,38
87283445dffffff,Manufacturing,124
87283445dffffff,Professional Service,225
87283445dffffff,Public Administration,53
87283445dffffff,Real Estate,44
87283445dffffff,Retail,432
87283445dffffff,Transportation,385
87283445dffffff,Wholesale,70
87283445effffff,Education,3
87283445effffff,Health,5
87283445effffff,Manufacturing,13
87283445effffff,Public Administration,5
87283445effffff,Transportation,5
87283445effffff,Wholesale,1
872834462ffffff,Agriculture,27
872834462ffffff,Art/Culture,28
872834462ffffff,Business Support,232
872834462ffffff,Construction,123
872834462ffffff,Corporate,8
872834462ffffff,Education,1494
872834462ffffff,Energy,36
872834462ffffff,Financial,106
872834462ffffff,Health,2611
872834462ffffff,Hospitality,96
872834462ffffff,Information,18
872834462ffffff,Manufacturing,2341
872834462ffffff,Professional Service,420
872834462ffffff,Public Administration,27
872834462ffffff,Real Estate,36
872834462ffffff,Retail,413
872834462ffffff,Transportation,155
872834462ffffff,Wholesale,93
872834463ffffff,Agriculture,16
872834463ffffff,Art/Culture,107
872834463ffffff,Business Support,46
872834463ffffff,Construction,188
872834463ffffff,Corporate,1
872834463ffffff,Education,425
872834463ffffff,Energy,16
872834463ffffff,Financial,45
872834463ffffff,Health,408
872834463ffffff,Hospitality,638
872834463ffffff,Information,85
872834463ffffff,Manufacturing,106
872834463ffffff,Professional Service,280
872834463ffffff,Public Administration,72
872834463ffffff,Real Estate,38
872834463ffffff,Retail,553
872834463ffffff,Transportation,98
872834463ffffff,Wholesale,59
872834465ffffff,Agriculture,18
872834465ffffff,Art/Culture,53
872834465ffffff,Business Support,24
872834465ffffff,Construction,62
872834465ffffff,Education,134
872834465ffffff,Energy,2
872834465ffffff,Financial,31
872834465ffffff,Health,89
872834465ffffff,Hospitality,195
872834465ffffff,Information,35
872834465ffffff,Manufacturing,105
872834465ffffff,Professional Service,220
872834465ffffff,Public Administration,14
872834465ffffff,Real Estate,52
872834465ffffff,Retail,155
872834465ffffff,Transportation,24
872834465ffffff,Wholesale,24
872834468ffffff,Agriculture,7
872834468ffffff,Art/Culture,135
872834468ffffff,Business Support,111
872834468ffffff,Construction,181
872834468ffffff,Corporate,8
872834468ffffff,Education,305
872834468ffffff,Energy,60
872834468ffffff,Financial,60
872834468ffffff,Health,443
872834468ffffff,Hospitality,374
872834468ffffff,Information,97
872834468ffffff,Manufacturing,125
872834468ffffff,Professional Service,506
872834468ffffff,Public Administration,107
872834468ffffff,Real Estate,44
872834468ffffff,Retail,1023
872834468ffffff,Transportation,288
872834468ffffff,Wholesale,160
872834469ffffff,Agriculture,14
872834469ffffff,Art/Culture,65
872834469ffffff,Business Support,42
872834469ffffff,Construction,161
872834469ffffff,Corporate,5
872834469ffffff,Education,143
872834469ffffff,Energy,26
872834469ffffff,Financial,63
872834469ffffff,Health,446
872834469ffffff,Hospitality,178
872834469ffffff,Information,48
872834469ffffff,Manufacturing,89
872834469ffffff,Professional Service,319
872834469ffffff,Public Administration,71
872834469ffffff,Real Estate,51
872834469ffffff,Retail,362
872834469ffffff,Transportation,118
872834469ffffff,Wholesale,61
87283446affffff,Agriculture,14
87283446affffff,Art/Culture,87
87283446affffff,Business Support,92
87283446affffff,Construction,165
87283446affffff,Corporate,15
87283446affffff,Education,225
87283446affffff,Energy,17
87283446affffff,Financial,28
87283446affffff,Health,424
87283446affffff,Hospitality,267
87283446affffff,Information,103
87283446affffff,Manufacturing,253
87283446affffff,Professional Service,367
87283446affffff,Public Administration,145
87283446affffff,Real Estate,81
87283446affffff,Retail,440
87283446affffff,Transportation,89
87283446affffff,Wholesale,79
87283446bffffff,Agriculture,39
87283446bffffff,Art/Culture,76
87283446bffffff,Business Support,115
87283446bffffff,Construction,256
87283446bffffff,Corporate,9
87283446bffffff,Education,340
87283446bffffff,Energy,20
87283446bffffff,Financial,97
87283446bffffff,Health,332
87283446bffffff,Hospitality,256
87283446bffffff,Information,72
87283446bffffff,Manufacturing,128
87283446bffffff,Professional Service,310
87283446bffffff,Public Administration,124
87283446bffffff,Real Estate,55
87283446bffffff,Retail,544
87283446bffffff,Transportation,154
87283446bffffff,Wholesale,134
87283446dffffff,Agriculture,9
87283446dffffff,Art/Culture,176
87283446dffffff,Business Support,100
87283446dffffff,Construction,127
87283446dffffff,Corporate,5
87283446dffffff,Education,337
87283446dffffff,Energy,24
87283446dffffff,Financial,44
87283446dffffff,Health,480
87283446dffffff,Hospitality,565
87283446dffffff,Information,80
87283446dffffff,Manufacturing,109
87283446dffffff,Professional Service,260
87283446dffffff,Public Administration,50
87283446dffffff,Real Estate,43
87283446dffffff,Retail,490
87283446dffffff,Transportation,158
87283446dffffff,Wholesale,101
87283446effffff,Agriculture,3
87283446effffff,Art/Culture,184
87283446effffff,Business Support,121
87283446effffff,Construction,147
87283446effffff,Corporate,2
87283446effffff,Education,335
87283446effffff,Energy,31
87283446effffff,Financial,110
87283446effffff,Health,719
87283446effffff,Hospitality,611
87283446effffff,Information,96
87283446effffff,Manufacturing,80
87283446effffff,Professional Service,240
87283446effffff,Public Administration,121
87283446effffff,Real Estate,79
87283446effffff,Retail,635
87283446effffff,Transportation,270
87283446effffff,Wholesale,195
872834475ffffff,Agriculture,22
872834475ffffff,Art/Culture,65
872834475ffffff,Business Support,145
872834475ffffff,Construction,112
872834475ffffff,Education,261
872834475ffffff,Energy,12
872834475ffffff,Financial,184
872834475ffffff,Health,608
872834475ffffff,Hospitality,190
872834475ffffff,Information,19
872834475ffffff,Manufacturing,524
872834475ffffff,Professional Service,400
872834475ffffff,Public Administration,116
872834475ffffff,Real Estate,117
872834475ffffff,Retail,209
872834475ffffff,Transportation,71
872834475ffffff,Wholesale,158
872834504ffffff,Agriculture,1
872834504ffffff,Art/Culture,6
872834504ffffff,Business Support,17
872834504ffffff,Construction,55
872834504ffffff,Education,13
872834504ffffff,Energy,21
872834504ffffff,Financial,29
872834504ffffff,Health,102
872834504ffffff,Hospitality,6
872834504ffffff,Information,7
872834504ffffff,Manufacturing,31
872834504ffffff,Professional Service,48
872834504ffffff,Real Estate,3
872834504ffffff,Retail,30
872834504ffffff,Wholesale,11
87283450affffff,Agriculture,65
87283450affffff,Art/Culture,101
87283450affffff,Business Support,197
87283450affffff,Construction,190
87283450affffff,Corporate,3
87283450affffff,Education,175
87283450affffff,Energy,32
87283450affffff,Financial,103
87283450affffff,Health,301
87283450affffff,Hospitality,211
87283450affffff,Information,88
87283450affffff,Manufacturing,449
87283450affffff,Professional Service,396
87283450affffff,Public Administration,157
87283450affffff,Real Estate,91
87283450affffff,Retail,361
87283450affffff,Transportation,43
87283450affffff,Wholesale,141
87283450bffffff,Agriculture,6
87283450bffffff,Art/Culture,1
87283450bffffff,Business Support,18
87283450bffffff,Construction,11
87283450bffffff,Corporate,1
87283450bffffff,Education,100
87283450bffffff,Energy,5
87283450bffffff,Financial,3
87283450bffffff,Health,215
87283450bffffff,Hospitality,1
87283450bffffff,Information,4
87283450bffffff,Manufacturing,17
87283450bffffff,Professional Service,21
87283450bffffff,Public Administration,35
87283450bffffff,Real Estate,9
87283450bffffff,Retail,32
87283450bffffff,Transportation,21
87283450bffffff,Wholesale,37
872834519ffffff,Agriculture,88
872834519ffffff,Art/Culture,10
872834519ffffff,Business Support,41
872834519ffffff,Construction,344
872834519ffffff,Corporate,2
872834519ffffff,Education,133
872834519ffffff,Energy,18
872834519ffffff,Financial,4
872834519ffffff,Health,194
872834519ffffff,Hospitality,12
872834519ffffff,Information,22
872834519ffffff,Manufacturing,464
872834519ffffff,Professional Service,15
872834519ffffff,Public Administration,95
872834519ffffff,Real Estate,4
872834519ffffff,Retail,85
872834519ffffff,Transportation,83
872834519ffffff,Wholesale,59
872834530ffffff,Agriculture,119
872834530ffffff,Art/Culture,115
872834530ffffff,Business Support,153
872834530ffffff,Construction,382
872834530ffffff,Corporate,1
872834530ffffff,Education,458
872834530ffffff,Energy,39
872834530ffffff,Financial,26
872834530ffffff,Health,1053
872834530ffffff,Hospitality,416
872834530ffffff,Information,70
872834530ffffff,Manufacturing,360
872834530ffffff,Professional Service,187
872834530ffffff,Public Administration,224
872834530ffffff,Real Estate,48
872834530ffffff,Retail,759
872834530ffffff,Transportation,203
872834530ffffff,Wholesale,107
872834531ffffff,Agriculture,65
872834531ffffff,Art/Culture,78
872834531ffffff,Business Support,146
872834531ffffff,Construction,178
872834531ffffff,Education,123
872834531ffffff,Energy,21
872834531ffffff,Financial,34
872834531ffffff,Health,345
872834531ffffff,Hospitality,185
872834531ffffff,Information,44
872834531ffffff,Manufacturing,93
872834531ffffff,Professional Service,100
872834531ffffff,Public Administration,118
872834531ffffff,Real Estate,56
872834531ffffff,Retail,253
872834531ffffff,Transportation,81
872834531ffffff,Wholesale,77
872834534ffffff,Agriculture,65
872834534ffffff,Art/Culture,44
872834534ffffff,Business Support,111
872834534ffffff,Construction,1182
872834534ffffff,Corporate,1
872834534ffffff,Education,111
872834534ffffff,Energy,13
872834534ffffff,Financial,44
872834534ffffff,Health,234
872834534ffffff,Hospitality,375
872834534ffffff,Information,27
872834534ffffff,Manufacturing,264
872834534ffffff,Professional Service,59
872834534ffffff,Public Administration,83
872834534ffffff,Real Estate,12
872834534ffffff,Retail,503
872834534ffffff,Transportation,111
872834534ffffff,Wholesale,180
872834535ffffff,Agriculture,95
872834535ffffff,Art/Culture,3
872834535ffffff,Business Support,29
872834535ffffff,Construction,41
872834535ffffff,Education,130
872834535ffffff,Energy,3
872834535ffffff,Financial,3
872834535ffffff,Health,564
872834535ffffff,Hospitality,22
872834535ffffff,Information,16
872834535ffffff,Manufacturing,59
872834535ffffff,Professional Service,46
872834535ffffff,Public Administration,117
872834535ffffff,Real Estate,4
872834535ffffff,Retail,40
872834535ffffff,Transportation,34
872834535ffffff,Wholesale,14
872834556ffffff,Agriculture,1
872834556ffffff,Transportation,1
872834601ffffff,Art/Culture,58
872834601ffffff,Business Support,45
872834601ffffff,Construction,8
872834601ffffff,Corporate,2
872834601ffffff,Education,87
872834601ffffff,Energy,8
872834601ffffff,Financial,42
872834601ffffff,Health,83
872834601ffffff,Hospitality,244
872834601ffffff,Information,39
872834601ffffff,Manufacturing,425
872834601ffffff,Professional Service,205
872834601ffffff,Public Administration,28
872834601ffffff,Real Estate,23
872834601ffffff,Retail,253
872834601ffffff,Transportation,67
872834601ffffff,Wholesale,39
872834602ffffff,Agriculture,33
872834602ffffff,Art/Culture,226
872834602ffffff,Business Support,199
872834602ffffff,Construction,409
872834602ffffff,Corporate,10
872834602ffffff,Education,602
872834602ffffff,Energy,101
872834602ffffff,Financial,225
872834602ffffff,Health,630
872834602ffffff,Hospitality,748
872834602ffffff,Information,150
872834602ffffff,Manufacturing,4371
872834602ffffff,Professional Service,3365
872834602ffffff,Public Administration,178
872834602ffffff,Real Estate,74
872834602ffffff,Retail,1237
872834602ffffff,Transportation,299
872834602ffffff,Wholesale,117
872834603ffffff,Agriculture,2
872834603ffffff,Art/Culture,98
872834603ffffff,Business Support,104
872834603ffffff,Construction,1291
872834603ffffff,Corporate,6
872834603ffffff,Education,428
872834603ffffff,Energy,73
872834603ffffff,Financial,107
872834603ffffff,Health,692
872834603ffffff,Hospitality,719
872834603ffffff,Information,66
872834603ffffff,Manufacturing,1809
872834603ffffff,Professional Service,636
872834603ffffff,Public Administration,106
872834603ffffff,Real Estate,163
872834603ffffff,Retail,782
872834603ffffff,Transportation,453
872834603ffffff,Wholesale,196
872834608ffffff,Agriculture,1
872834608ffffff,Art/Culture,44
872834608ffffff,Business Support,189
872834608ffffff,Construction,373
872834608ffffff,Corporate,2
872834608ffffff,Education,316
872834608ffffff,Energy,16
872834608ffffff,Financial,124
872834608ffffff,Health,668
872834608ffffff,Hospitality,440
872834608ffffff,Information,78
872834608ffffff,Manufacturing,225
872834608ffffff,Professional Service,358
872834608ffffff,Public Administration,173
872834608ffffff,Real Estate,52
872834608ffffff,Retail,431
872834608ffffff,Transportation,217
872834608ffffff,Wholesale,93
87283460affffff,Agriculture,10
87283460affffff,Art/Culture,170
87283460affffff,Business Support,256
87283460affffff,Construction,209
87283460affffff,Corporate,1
87283460affffff,Education,427
87283460affffff,Energy,24
87283460affffff,Financial,147
87283460affffff,Health,950
87283460affffff,Hospitality,458
87283460affffff,Information,112
87283460affffff,Manufacturing,366
87283460affffff,Professional Service,1055
87283460affffff,Public Administration,259
87283460affffff,Real Estate,78
87283460affffff,Retail,478
87283460affffff,Transportation,380
87283460affffff,Wholesale,121
87283460bffffff,Agriculture,11
87283460bffffff,Art/Culture,58
87283460bffffff,Business Support,196
87283460bffffff,Construction,210
87283460bffffff,Corporate,1
87283460bffffff,Education,248
87283460bffffff,Energy,18
87283460bffffff,Financial,149
87283460bffffff,Health,673
87283460bffffff,Hospitality,448
87283460bffffff,Information,123
87283460bffffff,Manufacturing,407
87283460bffffff,Professional Service,959
87283460bffffff,Public Administration,71
87283460bffffff,Real Estate,129
87283460bffffff,Retail,330
87283460bffffff,Transportation,202
87283460bffffff,Wholesale,108
87283460dffffff,Agriculture,2
87283460dffffff,Art/Culture,2
87283460dffffff,Business Support,243
87283460dffffff,Construction,149
87283460dffffff,Corporate,1
87283460dffffff,Education,110
87283460dffffff,Financial,107
87283460dffffff,Health,163
87283460dffffff,Hospitality,8
87283460dffffff,Information,136
87283460dffffff,Manufacturing,252
87283460dffffff,Professional Service,833
87283460dffffff,Public Administration,10
87283460dffffff,Real Estate,76
87283460dffffff,Retail,84
87283460dffffff,Transportation,21
87283460dffffff,Wholesale,66
87283460effffff,Agriculture,8
87283460effffff,Art/Culture,139
87283460effffff,Business Support,189
87283460effffff,Construction,384
87283460effffff,Corporate,6
87283460effffff,Education,348
87283460effffff,Energy,56
87283460effffff,Financial,105
87283460effffff,Health,511
87283460effffff,Hospitality,786
87283460effffff,Information,100
87283460effffff,Manufacturing,637
87283460effffff,Professional Service,646
87283460effffff,Public Administration,86
87283460effffff,Real Estate,88
87283460effffff,Retail,517
87283460effffff,Transportation,214
87283460effffff,Wholesale,214
872834611ffffff,Agriculture,58
872834611ffffff,Art/Culture,12
872834611ffffff,Business Support,53
872834611ffffff,Construction,364
872834611ffffff,Education,112
872834611ffffff,Energy,25
872834611ffffff,Financial,47
872834611ffffff,Health,281
872834611ffffff,Hospitality,34
872834611ffffff,Information,52
872834611ffffff,Manufacturing,247
872834611ffffff,Professional Service,505
872834611ffffff,Public Administration,59
872834611ffffff,Real Estate,34
872834611ffffff,Retail,113
872834611ffffff,Transportation,66
872834611ffffff,Wholesale,41
872834615ffffff,Agriculture,124
872834615ffffff,Art/Culture,72
872834615ffffff,Business Support,11
872834615ffffff,Construction,59
872834615ffffff,Education,321
872834615ffffff,Energy,72
872834615ffffff,Financial,1134
872834615ffffff,Health,91
872834615ffffff,Hospitality,242
872834615ffffff,Information,11
872834615ffffff,Manufacturing,4079
872834615ffffff,Professional Service,141
872834615ffffff,Public Administration,182
872834615ffffff,Real Estate,208
872834615ffffff,Retail,735
872834615ffffff,Transportation,141
872834615ffffff,Wholesale,1696
872834618ffffff,Agriculture,10
872834618ffffff,Art/Culture,55
872834618ffffff,Business Support,228
872834618ffffff,Construction,179
872834618ffffff,Corporate,23
872834618ffffff,Education,727
872834618ffffff,Energy,15
872834618ffffff,Financial,207
872834618ffffff,Health,323
872834618ffffff,Hospitality,212
872834618ffffff,Information,168
872834618ffffff,Manufacturing,171
872834618ffffff,Professional Service,1489
872834618ffffff,Public Administration,190
872834618ffffff,Real Estate,89
872834618ffffff,Retail,143
872834618ffffff,Transportation,99
872834618ffffff,Wholesale,40
872834619ffffff,Agriculture,10
872834619ffffff,Art/Culture,35
872834619ffffff,Business Support,167
872834619ffffff,Construction,120
872834619ffffff,Corporate,2
872834619ffffff,Education,247
872834619ffffff,Energy,12
872834619ffffff,Financial,51
872834619ffffff,Health,480
872834619ffffff,Hospitality,120
872834619ffffff,Information,27
872834619ffffff,Manufacturing,157
872834619ffffff,Professional Service,434
872834619ffffff,Public Administration,22
872834619ffffff,Real Estate,18
872834619ffffff,Retail,104
872834619ffffff,Transportation,128
872834619ffffff,Wholesale,18
87283461cffffff,Agriculture,19
87283461cffffff,Art/Culture,69
87283461cffffff,Business Support,306
87283461cffffff,Construction,313
87283461cffffff,Corporate,2
87283461cffffff,Education,468
87283461cffffff,Energy,50
87283461cffffff,Financial,239
87283461cffffff,Health,1397
87283461cffffff,Hospitality,652
87283461cffffff,Information,127
87283461cffffff,Manufacturing,433
87283461cffffff,Professional Service,1597
87283461cffffff,Public Administration,93
87283461cffffff,Real Estate,139
87283461cffffff,Retail,363
87283461cffffff,Transportation,239
87283461cffffff,Wholesale,48
87283461dffffff,Agriculture,30
87283461dffffff,Art/Culture,271
87283461dffffff,Business Support,679
87283461dffffff,Construction,331
87283461dffffff,Corporate,20
87283461dffffff,Education,2142
87283461dffffff,Energy,89
87283461dffffff,Financial,607
87283461dffffff,Health,5081
87283461dffffff,Hospitality,1229
87283461dffffff,Information,464
87283461dffffff,Manufacturing,377
87283461dffffff,Professional Service,2969
87283461dffffff,Public Administration,498
87283461dffffff,Real Estate,367
87283461dffffff,Retail,869
87283461dffffff,Transportation,569
87283461dffffff,Wholesale,265
87283461effffff,Agriculture,2
87283461effffff,Art/Culture,37
87283461effffff,Business Support,22
87283461effffff,Construction,39
87283461effffff,Corporate,1
87283461effffff,Education,274
87283461effffff,Energy,4
87283461effffff,Financial,10
87283461effffff,Health,262
87283461effffff,Hospitality,68
87283461effffff,Information,27
87283461effffff,Manufacturing,43
87283461effffff,Professional Service,95
87283461effffff,Public Administration,36
87283461effffff,Real Estate,27
87283461effffff,Retail,50
87283461effffff,Transportation,14
87283461effffff,Wholesale,9
872834632ffffff,Agriculture,10
872834632ffffff,Art/Culture,72
872834632ffffff,Business Support,15
872834632ffffff,Construction,130
872834632ffffff,Education,137
872834632ffffff,Energy,34
872834632ffffff,Financial,29
872834632ffffff,Health,136
872834632ffffff,Hospitality,92
872834632ffffff,Information,1193
872834632ffffff,Manufacturing,1314
872834632ffffff,Professional Service,232
872834632ffffff,Public Administration,58
872834632ffffff,Real Estate,10
872834632ffffff,Retail,229
872834632ffffff,Transportation,12
872834632ffffff,Wholesale,15
872834636ffffff,Agriculture,7
872834636ffffff,Art/Culture,123
872834636ffffff,Business Support,99
872834636ffffff,Construction,252
872834636ffffff,Corporate,8
872834636ffffff,Education,475
872834636ffffff,Energy,31
872834636ffffff,Financial,95
872834636ffffff,Health,849
872834636ffffff,Hospitality,331
872834636ffffff,Information,87
872834636ffffff,Manufacturing,997
872834636ffffff,Professional Service,898
872834636ffffff,Public Administration,96
872834636ffffff,Real Estate,377
872834636ffffff,Retail,436
872834636ffffff,Transportation,222
872834636ffffff,Wholesale,96
872834650ffffff,Art/Culture,16
872834650ffffff,Business Support,75
872834650ffffff,Construction,81
872834650ffffff,Education,60
872834650ffffff,Energy,3
872834650ffffff,Financial,78
872834650ffffff,Health,219
872834650ffffff,Hospitality,44
872834650ffffff,Information,27
872834650ffffff,Manufacturing,133
872834650ffffff,Professional Service,216
872834650ffffff,Public Administration,33
872834650ffffff,Real Estate,55
872834650ffffff,Retail,174
872834650ffffff,Transportation,77
872834650ffffff,Wholesale,26
872834652ffffff,Agriculture,17
872834652ffffff,Art/Culture,193
872834652ffffff,Business Support,296
872834652ffffff,Construction,243
872834652ffffff,Corporate,6
872834652ffffff,Education,361
872834652ffffff,Energy,78
872834652ffffff,Financial,202
872834652ffffff,Health,992
872834652ffffff,Hospitality,1014
872834652ffffff,Information,150
872834652ffffff,Manufacturing,926
872834652ffffff,Professional Service,526
872834652ffffff,Public Administration,129
872834652ffffff,Real Estate,173
872834652ffffff,Retail,1199
872834652ffffff,Transportation,686
872834652ffffff,Wholesale,223
872834654ffffff,Art/Culture,1
872834654ffffff,Business Support,4
872834654ffffff,Construction,3
872834654ffffff,Education,60
872834654ffffff,Financial,4
872834654ffffff,Health,26
872834654ffffff,Hospitality,5
872834654ffffff,Manufacturing,10
872834654ffffff,Professional Service,35
872834654ffffff,Public Administration,14
872834654ffffff,Real Estate,1
872834654ffffff,Retail,15
872834654ffffff,Transportation,13
87283465affffff,Agriculture,37
87283465affffff,Art/Culture,303
87283465affffff,Business Support,973
87283465affffff,Construction,4107
87283465affffff,Corporate,7
87283465affffff,Education,1280
87283465affffff,Energy,320
87283465affffff,Financial,713
87283465affffff,Health,2217
87283465affffff,Hospitality,1592
87283465affffff,Information,590
87283465affffff,Manufacturing,3009
87283465affffff,Professional Service,1391
87283465affffff,Public Administration,455
87283465affffff,Real Estate,517
87283465affffff,Retail,2975
87283465affffff,Transportation,1148
87283465affffff,Wholesale,780
872834668ffffff,Art/Culture,3
872834668ffffff,Business Support,11
872834668ffffff,Construction,3
872834668ffffff,Education,18
872834668ffffff,Energy,1
872834668ffffff,Financial,9
872834668ffffff,Health,13
872834668ffffff,Hospitality,3
872834668ffffff,Information,9
872834668ffffff,Manufacturing,39
872834668ffffff,Professional Service,42
872834668ffffff,Public Administration,27
872834668ffffff,Real Estate,13
872834668ffffff,Retail,18
872834668ffffff,Transportation,12
872834668ffffff,Wholesale,4
872834669ffffff,Agriculture,11
872834669ffffff,Art/Culture,99
872834669ffffff,Business Support,68
872834669ffffff,Construction,186
872834669ffffff,Education,421
872834669ffffff,Energy,24
872834669ffffff,Financial,589
872834669ffffff,Health,1033
872834669ffffff,Hospitality,318
872834669ffffff,Information,464
872834669ffffff,Manufacturing,554
872834669ffffff,Professional Service,1837
872834669ffffff,Public Administration,136
872834669ffffff,Real Estate,52
872834669ffffff,Retail,293
872834669ffffff,Transportation,44
872834669ffffff,Wholesale,36
87283466cffffff,Art/Culture,2
87283466cffffff,Business Support,6
87283466cffffff,Corporate,1
87283466cffffff,Education,11
87283466cffffff,Financial,5
87283466cffffff,Health,19
87283466cffffff,Hospitality,1
87283466cffffff,Information,4
87283466cffffff,Manufacturing,21
87283466cffffff,Professional Service,32
87283466cffffff,Public Administration,4
87283466cffffff,Real Estate,2
87283466cffffff,Retail,10
87283466cffffff,Transportation,2
87283466cffffff,Wholesale,3
87283466dffffff,Agriculture,17
87283466dffffff,Art/Culture,135
87283466dffffff,Business Support,630
87283466dffffff,Construction,227
87283466dffffff,Corporate,3
87283466dffffff,Education,168
87283466dffffff,Energy,37
87283466dffffff,Financial,712
87283466dffffff,Health,193
87283466dffffff,Hospitality,253
87283466dffffff,Information,810
87283466dffffff,Manufacturing,613
87283466dffffff,Professional Service,2728
87283466dffffff,Public Administration,137
87283466dffffff,Real Estate,414
87283466dffffff,Retail,522
87283466dffffff,Transportation,231
87283466dffffff,Wholesale,135
87283468bffffff,Agriculture,41
87283468bffffff,Art/Culture,137
87283468bffffff,Business Support,288
87283468bffffff,Construction,312
87283468bffffff,Corporate,6
87283468bffffff,Education,484
87283468bffffff,Energy,27
87283468bffffff,Financial,200
87283468bffffff,Health,810
87283468bffffff,Hospitality,455
87283468bffffff,Information,159
87283468bffffff,Manufacturing,211
87283468bffffff,Professional Service,734
87283468bffffff,Public Administration,399
87283468bffffff,Real Estate,138
87283468bffffff,Retail,268
87283468bffffff,Transportation,153
87283468bffffff,Wholesale,108
872834698ffffff,Agriculture,14
872834698ffffff,Art/Culture,28
872834698ffffff,Business Support,12
872834698ffffff,Construction,47
872834698ffffff,Corporate,2
872834698ffffff,Education,33
872834698ffffff,Energy,11
872834698ffffff,Financial,13
872834698ffffff,Health,61
872834698ffffff,Hospitality,52
872834698ffffff,Information,3
872834698ffffff,Manufacturing,30
872834698ffffff,Professional Service,48
872834698ffffff,Public Administration,3
872834698ffffff,Real Estate,23
872834698ffffff,Retail,34
872834698ffffff,Transportation,18
872834698ffffff,Wholesale,21
872834699ffffff,Agriculture,1
872834699ffffff,Education,7
872834699ffffff,Health,14
872834699ffffff,Manufacturing,14
872834699ffffff,Public Administration,2
872834699ffffff,Wholesale,1
87283469affffff,Agriculture,14
87283469affffff,Art/Culture,50
87283469affffff,Business Support,36
87283469affffff,Construction,79
87283469affffff,Corporate,12
87283469affffff,Education,192
87283469affffff,Energy,15
87283469affffff,Financial,29
87283469affffff,Health,307
87283469affffff,Hospitality,83
87283469affffff,Information,29
87283469affffff,Manufacturing,52
87283469affffff,Professional Service,164
87283469affffff,Public Administration,53
87283469affffff,Real Estate,19
87283469affffff,Retail,118
87283469affffff,Transportation,40
87283469affffff,Wholesale,29
87283469bffffff,Agriculture,6
87283469bffffff,Art/Culture,96
87283469bffffff,Business Support,43
87283469bffffff,Construction,43
87283469bffffff,Corporate,1
87283469bffffff,Education,275
87283469bffffff,Energy,15
87283469bffffff,Financial,7
87283469bffffff,Health,723
87283469bffffff,Hospitality,266
87283469bffffff,Information,18
87283469bffffff,Manufacturing,77
87283469bffffff,Professional Service,73
87283469bffffff,Public Administration,34
87283469bffffff,Real Estate,16
87283469bffffff,Retail,264
87283469bffffff,Transportation,116
87283469bffffff,Wholesale,90
8728346c9ffffff,Agriculture,3
8728346c9ffffff,Art/Culture,89
8728346c9ffffff,Business Support,32
8728346c9ffffff,Construction,172
8728346c9ffffff,Corporate,2
8728346c9ffffff,Education,359
8728346c9ffffff,Energy,16
8728346c9ffffff,Financial,79
8728346c9ffffff,Health,679
8728346c9ffffff,Hospitality,187
8728346c9ffffff,Information,80
8728346c9ffffff,Manufacturing,66
8728346c9ffffff,Professional Service,112
8728346c9ffffff,Public Administration,106
8728346c9ffffff,Real Estate,20
8728346c9ffffff,Retail,244
8728346c9ffffff,Transportation,80
8728346c9ffffff,Wholesale,64
8728346ccffffff,Agriculture,4
8728346ccffffff,Art/Culture,12
8728346ccffffff,Business Support,18
8728346ccffffff,Construction,50
8728346ccffffff,Education,106
8728346ccffffff,Financial,25
8728346ccffffff,Health,92
8728346ccffffff,Hospitality,32
8728346ccffffff,Information,9
8728346ccffffff,Manufacturing,39
8728346ccffffff,Professional Service,138
8728346ccffffff,Public Administration,6
8728346ccffffff,Real Estate,20
8728346ccffffff,Retail,49
8728346ccffffff,Transportation,25
8728346ccffffff,Wholesale,22
8728346cdffffff,Agriculture,1
8728346cdffffff,Art/Culture,93
8728346cdffffff,Business Support,180
8728346cdffffff,Construction,81
8728346cdffffff,Corporate,12
8728346cdffffff,Education,547
8728346cdffffff,Energy,36
8728346cdffffff,Financial,120
8728346cdffffff,Health,841
8728346cdffffff,Hospitality,492
8728346cdffffff,Information,67
8728346cdffffff,Manufacturing,82
8728346cdffffff,Professional Service,417
8728346cdffffff,Public Administration,181
8728346cdffffff,Real Estate,98
8728346cdffffff,Retail,354
8728346cdffffff,Transportation,254
8728346cdffffff,Wholesale,126
8728346ceffffff,Business Support,1
8728346ceffffff,Construction,2
8728346ceffffff,Education,12
8728346ceffffff,Financial,8
8728346ceffffff,Health,22
8728346ceffffff,Professional Service,44
8728346ceffffff,Public Administration,4
8728346ceffffff,Real Estate,4
8728346ceffffff,Transportation,11
8728346d0ffffff,Agriculture,8
8728346d0ffffff,Art/Culture,87
8728346d0ffffff,Business Support,40
8728346d0ffffff,Construction,40
8728346d0ffffff,Education,129
8728346d0ffffff,Energy,8
8728346d0ffffff,Financial,15
8728346d0ffffff,Health,184
8728346d0ffffff,Hospitality,137
8728346d0ffffff,Information,30
8728346d0ffffff,Manufacturing,48
8728346d0ffffff,Professional Service,94
8728346d0ffffff,Public Administration,41
8728346d0ffffff,Real Estate,7
8728346d0ffffff,Retail,134
8728346d0ffffff,Transportation,20
8728346d0ffffff,Wholesale,49
8728346d2ffffff,Agriculture,31
8728346d2ffffff,Art/Culture,245
8728346d2ffffff,Business Support,1332
8728346d2ffffff,Construction,614
8728346d2ffffff,Corporate,57
8728346d2ffffff,Education,1208
8728346d2ffffff,Energy,116
8728346d2ffffff,Financial,1891
8728346d2ffffff,Health,1930
8728346d2ffffff,Hospitality,440
8728346d2ffffff,Information,1129
8728346d2ffffff,Manufacturing,930
8728346d2ffffff,Professional Service,5276
8728346d2ffffff,Public Administration,444
8728346d2ffffff,Real Estate,927
8728346d2ffffff,Retail,1010
8728346d2ffffff,Transportation,425
8728346d2ffffff,Wholesale,233
8728346d3ffffff,Agriculture,68
8728346d3ffffff,Art/Culture,308
8728346d3ffffff,Business Support,1118
8728346d3ffffff,Construction,740
8728346d3ffffff,Corporate,74
8728346d3ffffff,Education,821
8728346d3ffffff,Energy,293
8728346d3ffffff,Financial,1253
8728346d3ffffff,Health,995
8728346d3ffffff,Hospitality,994
8728346d3ffffff,Information,928
8728346d3ffffff,Manufacturing,1512
8728346d3ffffff,Professional Service,3233
8728346d3ffffff,Public Administration,304
8728346d3ffffff,Real Estate,512
8728346d3ffffff,Retail,2408
8728346d3ffffff,Transportation,1262
8728346d3ffffff,Wholesale,688
8728346d6ffffff,Agriculture,9
8728346d6ffffff,Art/Culture,134
8728346d6ffffff,Business Support,307
8728346d6ffffff,Construction,377
8728346d6ffffff,Corporate,11
8728346d6ffffff,Education,82
8728346d6ffffff,Energy,28
8728346d6ffffff,Financial,325
8728346d6ffffff,Health,124
8728346d6ffffff,Hospitality,270
8728346d6ffffff,Information,291
8728346d6ffffff,Manufacturing,520
8728346d6ffffff,Professional Service,913
8728346d6ffffff,Public Administration,69
8728346d6ffffff,Real Estate,167
8728346d6ffffff,Retail,249
8728346d6ffffff,Transportation,46
8728346d6ffffff,Wholesale,97
8728346deffffff,Agriculture,55
8728346deffffff,Art/Culture,63
8728346deffffff,Business Support,110
8728346deffffff,Construction,551
8728346deffffff,Corporate,3
8728346deffffff,Education,348
8728346deffffff,Energy,20
8728346deffffff,Financial,78
8728346deffffff,Health,597
8728346deffffff,Hospitality,173
8728346deffffff,Information,69
8728346deffffff,Manufacturing,111
8728346deffffff,Professional Service,342
8728346deffffff,Public Administration,98
8728346deffffff,Real Estate,71
8728346deffffff,Retail,317
8728346deffffff,Transportation,220
8728346deffffff,Wholesale,59
8728346e0ffffff,Agriculture,26
8728346e0ffffff,Art/Culture,9
8728346e0ffffff,Business Support,171
8728346e0ffffff,Construction,271
8728346e0ffffff,Corporate,7
8728346e0ffffff,Education,439
8728346e0ffffff,Energy,11
8728346e0ffffff,Financial,461
8728346e0ffffff,Health,775
8728346e0ffffff,Hospitality,154
8728346e0ffffff,Information,71
8728346e0ffffff,Manufacturing,450
8728346e0ffffff,Professional Service,346
8728346e0ffffff,Public Administration,91
8728346e0ffffff,Real Estate,37
8728346e0ffffff,Retail,253
8728346e0ffffff,Transportation,186
8728346e0ffffff,Wholesale,30
8728346e1ffffff,Agriculture,40
8728346e1ffffff,Art/Culture,29
8728346e1ffffff,Business Support,367
8728346e1ffffff,Construction,438
8728346e1ffffff,Corporate,6
8728346e1ffffff,Education,139
8728346e1ffffff,Energy,117
8728346e1ffffff,Financial,56
8728346e1ffffff,Health,206
8728346e1ffffff,Hospitality,187
8728346e1ffffff,Information,157
8728346e1ffffff,Manufacturing,2138
8728346e1ffffff,Professional Service,680
8728346e1ffffff,Public Administration,105
8728346e1ffffff,Real Estate,81
8728346e1ffffff,Retail,898
8728346e1ffffff,Transportation,681
8728346e1ffffff,Wholesale,449
8728346e4ffffff,Agriculture,13
8728346e4ffffff,Art/Culture,80
8728346e4ffffff,Business Support,201
8728346e4ffffff,Construction,218
8728346e4ffffff,Corporate,1
8728346e4ffffff,Education,57
8728346e4ffffff,Energy,19
8728346e4ffffff,Financial,152
8728346e4ffffff,Health,336
8728346e4ffffff,Hospitality,338
8728346e4ffffff,Information,130
8728346e4ffffff,Manufacturing,364
8728346e4ffffff,Professional Service,906
8728346e4ffffff,Public Administration,93
8728346e4ffffff,Real Estate,136
8728346e4ffffff,Retail,409
8728346e4ffffff,Transportation,163
8728346e4ffffff,Wholesale,64
8728346e5ffffff,Agriculture,33
8728346e5ffffff,Art/Culture,97
8728346e5ffffff,Business Support,320
8728346e5ffffff,Construction,578
8728346e5ffffff,Corporate,23
8728346e5ffffff,Education,443
8728346e5ffffff,Energy,52
8728346e5ffffff,Financial,111
8728346e5ffffff,Health,1033
8728346e5ffffff,Hospitality,311
8728346e5ffffff,Information,241
8728346e5ffffff,Manufacturing,1506
8728346e5ffffff,Professional Service,1054
8728346e5ffffff,Public Administration,195
8728346e5ffffff,Real Estate,135
8728346e5ffffff,Retail,905
8728346e5ffffff,Transportation,259
8728346e5ffffff,Wholesale,151
8728346e8ffffff,Agriculture,27
8728346e8ffffff,Art/Culture,76
8728346e8ffffff,Business Support,249
8728346e8ffffff,Construction,446
8728346e8ffffff,Corporate,4
8728346e8ffffff,Education,455
8728346e8ffffff,Energy,16
8728346e8ffffff,Financial,25
8728346e8ffffff,Health,788
8728346e8ffffff,Hospitality,422
8728346e8ffffff,Information,47
8728346e8ffffff,Manufacturing,254
8728346e8ffffff,Professional Service,161
8728346e8ffffff,Public Administration,65
8728346e8ffffff,Real Estate,65
8728346e8ffffff,Retail,525
8728346e8ffffff,Transportation,318
8728346e8ffffff,Wholesale,117
8728346e9ffffff,Agriculture,37
8728346e9ffffff,Art/Culture,96
8728346e9ffffff,Business Support,502
8728346e9ffffff,Construction,750
8728346e9ffffff,Corporate,6
8728346e9ffffff,Education,589
8728346e9ffffff,Energy,43
8728346e9ffffff,Financial,161
8728346e9ffffff,Health,1094
8728346e9ffffff,Hospitality,511
8728346e9ffffff,Information,86
8728346e9ffffff,Manufacturing,436
8728346e9ffffff,Professional Service,413
8728346e9ffffff,Public Administration,453
8728346e9ffffff,Real Estate,152
8728346e9ffffff,Retail,721
8728346e9ffffff,Transportation,472
8728346e9ffffff,Wholesale,245
8728346eaffffff,Agriculture,24
8728346eaffffff,Art/Culture,316
8728346eaffffff,Business Support,275
8728346eaffffff,Construction,382
8728346eaffffff,Corporate,14
8728346eaffffff,Education,1268
8728346eaffffff,Energy,50
8728346eaffffff,Financial,276
8728346eaffffff,Health,1638
8728346eaffffff,Hospitality,856
8728346eaffffff,Information,297
8728346eaffffff,Manufacturing,647
8728346eaffffff,Professional Service,1185
8728346eaffffff,Public Administration,308
8728346eaffffff,Real Estate,208
8728346eaffffff,Retail,1581
8728346eaffffff,Transportation,271
8728346eaffffff,Wholesale,209
8728346ebffffff,Agriculture,27
8728346ebffffff,Art/Culture,177
8728346ebffffff,Business Support,288
8728346ebffffff,Construction,453
8728346ebffffff,Corporate,4
8728346ebffffff,Education,775
8728346ebffffff,Energy,33
8728346ebffffff,Financial,152
8728346ebffffff,Health,1555
8728346ebffffff,Hospitality,651
8728346ebffffff,Information,159
8728346ebffffff,Manufacturing,399
8728346ebffffff,Professional Service,655
8728346ebffffff,Public Administration,230
8728346ebffffff,Real Estate,105
8728346ebffffff,Retail,1093
8728346ebffffff,Transportation,328
8728346ebffffff,Wholesale,317
8728346edffffff,Agriculture,39
8728346edffffff,Art/Culture,96
8728346edffffff,Business Support,219
8728346edffffff,Construction,303
8728346edffffff,Education,909
8728346edffffff,Energy,24
8728346edffffff,Financial,71
8728346edffffff,Health,1972
8728346edffffff,Hospitality,413
8728346edffffff,Information,59
8728346edffffff,Manufacturing,449
8728346edffffff,Professional Service,198
8728346edffffff,Public Administration,73
8728346edffffff,Real Estate,53
8728346edffffff,Retail,624
8728346edffffff,Transportation,211
8728346edffffff,Wholesale,157
8728346eeffffff,Agriculture,10
8728346eeffffff,Art/Culture,12
8728346eeffffff,Business Support,104
8728346eeffffff,Construction,222
8728346eeffffff,Education,50
8728346eeffffff,Energy,32
8728346eeffffff,Financial,35
8728346eeffffff,Health,237
8728346eeffffff,Hospitality,119
8728346eeffffff,Information,47
8728346eeffffff,Manufacturing,158
8728346eeffffff,Professional Service,177
8728346eeffffff,Public Administration,63
8728346eeffffff,Real Estate,19
8728346eeffffff,Retail,140
8728346eeffffff,Transportation,104
8728346eeffffff,Wholesale,42
872834700ffffff,Agriculture,5
872834700ffffff,Art/Culture,195
872834700ffffff,Business Support,119
872834700ffffff,Construction,141
872834700ffffff,Corporate,5
872834700ffffff,Education,592
872834700ffffff,Energy,16
872834700ffffff,Financial,87
872834700ffffff,Health,799
872834700ffffff,Hospitality,596
872834700ffffff,Information,79
872834700ffffff,Manufacturing,143
872834700ffffff,Professional Service,420
872834700ffffff,Public Administration,119
872834700ffffff,Real Estate,73
872834700ffffff,Retail,397
872834700ffffff,Transportation,116
872834700ffffff,Wholesale,138
872834701ffffff,Agriculture,21
872834701ffffff,Art/Culture,133
872834701ffffff,Business Support,70
872834701ffffff,Construction,161
872834701ffffff,Corporate,4
872834701ffffff,Education,509
872834701ffffff,Energy,5
872834701ffffff,Financial,53
872834701ffffff,Health,629
872834701ffffff,Hospitality,510
872834701ffffff,Information,64
872834701ffffff,Manufacturing,181
872834701ffffff,Professional Service,461
872834701ffffff,Public Administration,149
872834701ffffff,Real Estate,53
872834701ffffff,Retail,249
872834701ffffff,Transportation,106
872834701ffffff,Wholesale,88
872834702ffffff,Agriculture,177
872834702ffffff,Art/Culture,189
872834702ffffff,Business Support,182
872834702ffffff,Construction,1402
872834702ffffff,Corporate,8
872834702ffffff,Education,1028
872834702ffffff,Energy,103
872834702ffffff,Financial,96
872834702ffffff,Health,849
872834702ffffff,Hospitality,585
872834702ffffff,Information,248
872834702ffffff,Manufacturing,9619
872834702ffffff,Professional Service,4695
872834702ffffff,Public Administration,502
872834702ffffff,Real Estate,293
872834702ffffff,Retail,1414
872834702ffffff,Transportation,164
872834702ffffff,Wholesale,641
872834703ffffff,Agriculture,40
872834703ffffff,Art/Culture,143
872834703ffffff,Business Support,178
872834703ffffff,Construction,95
872834703ffffff,Corporate,21
872834703ffffff,Education,436
872834703ffffff,Energy,74
872834703ffffff,Financial,371
872834703ffffff,Health,781
872834703ffffff,Hospitality,297
872834703ffffff,Information,1306
872834703ffffff,Manufacturing,2338
872834703ffffff,Professional Service,251
872834703ffffff,Public Administration,169
872834703ffffff,Real Estate,46
872834703ffffff,Retail,519
872834703ffffff,Transportation,386
872834703ffffff,Wholesale,78
872834704ffffff,Agriculture,5
872834704ffffff,Art/Culture,138
872834704ffffff,Business Support,231
872834704ffffff,Construction,191
872834704ffffff,Corporate,9
872834704ffffff,Education,675
872834704ffffff,Energy,60
872834704ffffff,Financial,198
872834704ffffff,Health,678
872834704ffffff,Hospitality,450
872834704ffffff,Information,245
872834704ffffff,Manufacturing,193
872834704ffffff,Professional Service,1064
872834704ffffff,Public Administration,267
872834704ffffff,Real Estate,140
872834704ffffff,Retail,1171
872834704ffffff,Transportation,500
872834704ffffff,Wholesale,285
872834705ffffff,Agriculture,22
872834705ffffff,Art/Culture,120
872834705ffffff,Business Support,170
872834705ffffff,Construction,295
872834705ffffff,Corporate,7
872834705ffffff,Education,1872
872834705ffffff,Energy,26
872834705ffffff,Financial,61
872834705ffffff,Health,2859
872834705ffffff,Hospitality,217
872834705ffffff,Information,204
872834705ffffff,Manufacturing,10710
872834705ffffff,Professional Service,224
872834705ffffff,Public Administration,50
872834705ffffff,Real Estate,121
872834705ffffff,Retail,450
872834705ffffff,Transportation,139
872834705ffffff,Wholesale,157
872834706ffffff,Agriculture,12
872834706ffffff,Art/Culture,125
872834706ffffff,Business Support,126
872834706ffffff,Construction,192
872834706ffffff,Corporate,5
872834706ffffff,Education,848
872834706ffffff,Energy,114
872834706ffffff,Financial,84
872834706ffffff,Health,1092
872834706ffffff,Hospitality,344
872834706ffffff,Information,134
872834706ffffff,Manufacturing,217
872834706ffffff,Professional Service,600
872834706ffffff,Public Administration,147
872834706ffffff,Real Estate,93
872834706ffffff,Retail,2089
872834706ffffff,Transportation,749
872834706ffffff,Wholesale,518
872834708ffffff,Agriculture,41
872834708ffffff,Art/Culture,167
872834708ffffff,Business Support,1073
872834708ffffff,Construction,577
872834708ffffff,Corporate,33
872834708ffffff,Education,379
872834708ffffff,Energy,56
872834708ffffff,Financial,794
872834708ffffff,Health,483
872834708ffffff,Hospitality,811
872834708ffffff,Information,1284
872834708ffffff,Manufacturing,4809
872834708ffffff,Professional Service,3705
872834708ffffff,Public Administration,229
872834708ffffff,Real Estate,505
872834708ffffff,Retail,1121
872834708ffffff,Transportation,359
872834708ffffff,Wholesale,329
872834709ffffff,Agriculture,32
872834709ffffff,Art/Culture,92
872834709ffffff,Business Support,1473
872834709ffffff,Construction,275
872834709ffffff,Corporate,78
872834709ffffff,Education,240
872834709ffffff,Energy,42
872834709ffffff,Financial,1195
872834709ffffff,Health,326
872834709ffffff,Hospitality,364
872834709ffffff,Information,1820
872834709ffffff,Manufacturing,2447
872834709ffffff,Professional Service,6448
872834709ffffff,Public Administration,120
872834709ffffff,Real Estate,673
872834709ffffff,Retail,637
872834709ffffff,Transportation,281
872834709ffffff,Wholesale,227
87283470affffff,Agriculture,15
87283470affffff,Art/Culture,70
87283470affffff,Business Support,200
87283470affffff,Construction,222
87283470affffff,Corporate,4
87283470affffff,Education,119
87283470affffff,Energy,6
87283470affffff,Financial,112
87283470affffff,Health,218
87283470affffff,Hospitality,199
87283470affffff,Information,116
87283470affffff,Manufacturing,1534
87283470affffff,Professional Service,1055
87283470affffff,Public Administration,100
87283470affffff,Real Estate,104
87283470affffff,Retail,593
87283470affffff,Transportation,188
87283470affffff,Wholesale,95
87283470cffffff,Agriculture,7
87283470cffffff,Art/Culture,185
87283470cffffff,Business Support,169
87283470cffffff,Construction,183
87283470cffffff,Corporate,9
87283470cffffff,Education,689
87283470cffffff,Energy,38
87283470cffffff,Financial,162
87283470cffffff,Health,1199
87283470cffffff,Hospitality,427
87283470cffffff,Information,136
87283470cffffff,Manufacturing,495
87283470cffffff,Professional Service,1064
87283470cffffff,Public Administration,208
87283470cffffff,Real Estate,98
87283470cffffff,Retail,923
87283470cffffff,Transportation,225
87283470cffffff,Wholesale,218
87283470dffffff,Agriculture,20
87283470dffffff,Art/Culture,139
87283470dffffff,Business Support,116
87283470dffffff,Construction,131
87283470dffffff,Corporate,1
87283470dffffff,Education,722
87283470dffffff,Energy,29
87283470dffffff,Financial,109
87283470dffffff,Health,1222
87283470dffffff,Hospitality,431
87283470dffffff,Information,203
87283470dffffff,Manufacturing,455
87283470dffffff,Professional Service,1035
87283470dffffff,Public Administration,321
87283470dffffff,Real Estate,53
87283470dffffff,Retail,560
87283470dffffff,Transportation,178
87283470dffffff,Wholesale,101
87283470effffff,Agriculture,38
87283470effffff,Art/Culture,238
87283470effffff,Business Support,735
87283470effffff,Construction,461
87283470effffff,Corporate,44
87283470effffff,Education,579
87283470effffff,Energy,68
87283470effffff,Financial,735
87283470effffff,Health,773
87283470effffff,Hospitality,582
87283470effffff,Information,915
87283470effffff,Manufacturing,5060
87283470effffff,Professional Service,5356
87283470effffff,Public Administration,204
87283470effffff,Real Estate,450
87283470effffff,Retail,972
87283470effffff,Transportation,380
87283470effffff,Wholesale,247
872834711ffffff,Agriculture,31
872834711ffffff,Art/Culture,6
872834711ffffff,Business Support,1808
872834711ffffff,Construction,16
872834711ffffff,Corporate,36
872834711ffffff,Education,212
872834711ffffff,Energy,35
872834711ffffff,Financial,427
872834711ffffff,Health,254
872834711ffffff,Hospitality,449
872834711ffffff,Information,557
872834711ffffff,Manufacturing,1406
872834711ffffff,Professional Service,395
872834711ffffff,Public Administration,131
872834711ffffff,Retail,576
872834711ffffff,Transportation,63
872834711ffffff,Wholesale,29
872834712ffffff,Agriculture,223
872834712ffffff,Art/Culture,32
872834712ffffff,Business Support,162
872834712ffffff,Construction,543
872834712ffffff,Corporate,2
872834712ffffff,Education,213
872834712ffffff,Energy,22
872834712ffffff,Financial,82
872834712ffffff,Health,501
872834712ffffff,Hospitality,122
872834712ffffff,Information,118
872834712ffffff,Manufacturing,630
872834712ffffff,Professional Service,757
872834712ffffff,Public Administration,70
872834712ffffff,Real Estate,47
872834712ffffff,Retail,330
872834712ffffff,Transportation,69
872834712ffffff,Wholesale,186
872834713ffffff,Agriculture,310
872834713ffffff,Art/Culture,274
872834713ffffff,Business Support,1142
872834713ffffff,Construction,1979
872834713ffffff,Corporate,13
872834713ffffff,Education,813
872834713ffffff,Energy,184
872834713ffffff,Financial,595
872834713ffffff,Health,340
872834713ffffff,Hospitality,480
872834713ffffff,Information,786
872834713ffffff,Manufacturing,10635
872834713ffffff,Professional Service,791
872834713ffffff,Public Administration,425
872834713ffffff,Real Estate,969
872834713ffffff,Retail,2399
872834713ffffff,Transportation,995
872834713ffffff,Wholesale,501
872834714ffffff,Agriculture,130
872834714ffffff,Art/Culture,843
872834714ffffff,Business Support,2241
872834714ffffff,Construction,1253
872834714ffffff,Corporate,119
872834714ffffff,Education,1356
872834714ffffff,Energy,81
872834714ffffff,Financial,1947
872834714ffffff,Health,1543
872834714ffffff,Hospitality,2394
872834714ffffff,Information,2297
872834714ffffff,Manufacturing,778
872834714ffffff,Professional Service,8081
872834714ffffff,Public Administration,2055
872834714ffffff,Real Estate,1127
872834714ffffff,Retail,1577
872834714ffffff,Transportation,769
872834714ffffff,Wholesale,285
872834716ffffff,Agriculture,99
872834716ffffff,Art/Culture,122
872834716ffffff,Business Support,296
872834716ffffff,Construction,1852
872834716ffffff,Corporate,9
872834716ffffff,Education,718
872834716ffffff,Energy,45
872834716ffffff,Financial,196
872834716ffffff,Health,1015
872834716ffffff,Hospitality,670
872834716ffffff,Information,166
872834716ffffff,Manufacturing,531
872834716ffffff,Professional Service,652
872834716ffffff,Public Administration,402
872834716ffffff,Real Estate,146
872834716ffffff,Retail,874
872834716ffffff,Transportation,243
872834716ffffff,Wholesale,144
872834718ffffff,Agriculture,45
872834718ffffff,Art/Culture,658
872834718ffffff,Business Support,1011
872834718ffffff,Construction,454
872834718ffffff,Corporate,36
872834718ffffff,Education,513
872834718ffffff,Energy,106
872834718ffffff,Financial,851
872834718ffffff,Health,647
872834718ffffff,Hospitality,1883
872834718ffffff,Information,908
872834718ffffff,Manufacturing,15915
872834718ffffff,Professional Service,4281
872834718ffffff,Public Administration,126
872834718ffffff,Real Estate,255
872834718ffffff,Retail,1427
872834718ffffff,Transportation,673
872834718ffffff,Wholesale,317
872834719ffffff,Agriculture,25
872834719ffffff,Art/Culture,78
872834719ffffff,Business Support,61
872834719ffffff,Construction,119
872834719ffffff,Corporate,69
872834719ffffff,Education,98
872834719ffffff,Energy,11
872834719ffffff,Financial,1979
872834719ffffff,Health,43
872834719ffffff,Hospitality,319
872834719ffffff,Information,41
872834719ffffff,Manufacturing,441
872834719ffffff,Professional Service,684
872834719ffffff,Public Administration,74
872834719ffffff,Real Estate,13
872834719ffffff,Retail,311
872834719ffffff,Transportation,119
872834719ffffff,Wholesale,40
87283471affffff,Agriculture,73
87283471affffff,Art/Culture,83
87283471affffff,Business Support,172
87283471affffff,Construction,24
87283471affffff,Corporate,13
87283471affffff,Education,317
87283471affffff,Energy,77
87283471affffff,Financial,748
87283471affffff,Health,376
87283471affffff,Hospitality,558
87283471affffff,Information,640
87283471affffff,Manufacturing,7397
87283471affffff,Professional Service,2355
87283471affffff,Public Administration,153
87283471affffff,Real Estate,22
87283471affffff,Retail,681
87283471affffff,Transportation,84
87283471affffff,Wholesale,121
87283471cffffff,Agriculture,123
87283471cffffff,Art/Culture,122
87283471cffffff,Business Support,2324
87283471cffffff,Construction,3406
87283471cffffff,Corporate,38
87283471cffffff,Education,318
87283471cffffff,Energy,82
87283471cffffff,Financial,600
87283471cffffff,Health,369
87283471cffffff,Hospitality,356
87283471cffffff,Information,2218
87283471cffffff,Manufacturing,5939
87283471cffffff,Professional Service,3214
87283471cffffff,Public Administration,207
87283471cffffff,Real Estate,354
87283471cffffff,Retail,738
87283471cffffff,Transportation,694
87283471cffffff,Wholesale,263
87283471effffff,Agriculture,196
87283471effffff,Art/Culture,109
87283471effffff,Business Support,57
87283471effffff,Construction,1911
87283471effffff,Corporate,74
87283471effffff,Education,524
87283471effffff,Energy,77
87283471effffff,Financial,962
87283471effffff,Health,644
87283471effffff,Hospitality,420
87283471effffff,Information,1581
87283471effffff,Manufacturing,6161
87283471effffff,Professional Service,10416
87283471effffff,Public Administration,406
87283471effffff,Real Estate,433
87283471effffff,Retail,1562
87283471effffff,Transportation,528
87283471effffff,Wholesale,223
872834720ffffff,Agriculture,5
872834720ffffff,Art/Culture,192
872834720ffffff,Business Support,169
872834720ffffff,Construction,165
872834720ffffff,Corporate,9
872834720ffffff,Education,639
872834720ffffff,Energy,21
872834720ffffff,Financial,102
872834720ffffff,Health,660
872834720ffffff,Hospitality,611
872834720ffffff,Information,137
872834720ffffff,Manufacturing,161
872834720ffffff,Professional Service,706
872834720ffffff,Public Administration,127
872834720ffffff,Real Estate,142
872834720ffffff,Retail,713
872834720ffffff,Transportation,192
872834720ffffff,Wholesale,157
872834721ffffff,Agriculture,22
872834721ffffff,Art/Culture,76
872834721ffffff,Business Support,67
872834721ffffff,Construction,73
872834721ffffff,Corporate,4
872834721ffffff,Education,411
872834721ffffff,Energy,8
872834721ffffff,Financial,75
872834721ffffff,Health,470
872834721ffffff,Hospitality,178
872834721ffffff,Information,109
872834721ffffff,Manufacturing,136
872834721ffffff,Professional Service,445
872834721ffffff,Public Administration,36
872834721ffffff,Real Estate,48
872834721ffffff,Retail,133
872834721ffffff,Transportation,82
872834721ffffff,Wholesale,34
872834722ffffff,Agriculture,16
872834722ffffff,Art/Culture,80
872834722ffffff,Business Support,155
872834722ffffff,Construction,287
872834722ffffff,Corporate,8
872834722ffffff,Education,492
872834722ffffff,Energy,27
872834722ffffff,Financial,60
872834722ffffff,Health,849
872834722ffffff,Hospitality,335
872834722ffffff,Information,69
872834722ffffff,Manufacturing,109
872834722ffffff,Professional Service,404
872834722ffffff,Public Administration,66
872834722ffffff,Real Estate,41
872834722ffffff,Retail,560
872834722ffffff,Transportation,223
872834722ffffff,Wholesale,115
872834723ffffff,Agriculture,47
872834723ffffff,Art/Culture,96
872834723ffffff,Business Support,95
872834723ffffff,Construction,185
872834723ffffff,Corporate,2
872834723ffffff,Education,620
872834723ffffff,Energy,6
872834723ffffff,Financial,92
872834723ffffff,Health,585
872834723ffffff,Hospitality,278
872834723ffffff,Information,75
872834723ffffff,Manufacturing,129
872834723ffffff,Professional Service,397
872834723ffffff,Public Administration,53
872834723ffffff,Real Estate,84
872834723ffffff,Retail,329
872834723ffffff,Transportation,89
872834723ffffff,Wholesale,90
872834724ffffff,Agriculture,38
872834724ffffff,Art/Culture,251
872834724ffffff,Business Support,224
872834724ffffff,Construction,347
872834724ffffff,Corporate,3
872834724ffffff,Education,952
872834724ffffff,Energy,11
872834724ffffff,Financial,154
872834724ffffff,Health,1103
872834724ffffff,Hospitality,683
872834724ffffff,Information,281
872834724ffffff,Manufacturing,578
872834724ffffff,Professional Service,856
872834724ffffff,Public Administration,139
872834724ffffff,Real Estate,110
872834724ffffff,Retail,908
872834724ffffff,Transportation,148
872834724ffffff,Wholesale,73
872834725ffffff,Art/Culture,21
872834725ffffff,Business Support,58
872834725ffffff,Construction,41
872834725ffffff,Corporate,1
872834725ffffff,Education,228
872834725ffffff,Energy,2
872834725ffffff,Financial,31
872834725ffffff,Health,276
872834725ffffff,Hospitality,33
872834725ffffff,Information,43
872834725ffffff,Manufacturing,69
872834725ffffff,Professional Service,266
872834725ffffff,Public Administration,26
872834725ffffff,Real Estate,31
872834725ffffff,Retail,71
872834725ffffff,Transportation,21
872834725ffffff,Wholesale,31
872834726ffffff,Agriculture,23
872834726ffffff,Art/Culture,53
872834726ffffff,Business Support,47
872834726ffffff,Construction,229
872834726ffffff,Corporate,2
872834726ffffff,Education,293
872834726ffffff,Energy,8
872834726ffffff,Financial,28
872834726ffffff,Health,237
872834726ffffff,Hospitality,189
872834726ffffff,Information,43
872834726ffffff,Manufacturing,102
872834726ffffff,Professional Service,280
872834726ffffff,Public Administration,65
872834726ffffff,Real Estate,51
872834726ffffff,Retail,174
872834726ffffff,Transportation,78
872834726ffffff,Wholesale,48
872834728ffffff,Agriculture,47
872834728ffffff,Art/Culture,344
872834728ffffff,Business Support,350
872834728ffffff,Construction,348
872834728ffffff,Corporate,7
872834728ffffff,Education,1394
872834728ffffff,Energy,28
872834728ffffff,Financial,257
872834728ffffff,Health,1644
872834728ffffff,Hospitality,1166
872834728ffffff,Information,693
872834728ffffff,Manufacturing,1444
872834728ffffff,Professional Service,2316
872834728ffffff,Public Administration,362
872834728ffffff,Real Estate,182
872834728ffffff,Retail,1607
872834728ffffff,Transportation,383
872834728ffffff,Wholesale,223
872834729ffffff,Agriculture,12
872834729ffffff,Art/Culture,32
872834729ffffff,Business Support,25
872834729ffffff,Construction,113
872834729ffffff,Corporate,7
872834729ffffff,Education,187
872834729ffffff,Energy,4
872834729ffffff,Financial,23
872834729ffffff,Health,425
872834729ffffff,Hospitality,62
872834729ffffff,Information,41
872834729ffffff,Manufacturing,63
872834729ffffff,Professional Service,264
872834729ffffff,Public Administration,41
872834729ffffff,Real Estate,23
872834729ffffff,Retail,106
872834729ffffff,Transportation,27
872834729ffffff,Wholesale,9
87283472affffff,Agriculture,26
87283472affffff,Art/Culture,112
87283472affffff,Business Support,93
87283472affffff,Construction,244
87283472affffff,Corporate,4
87283472affffff,Education,262
87283472affffff,Energy,50
87283472affffff,Financial,106
87283472affffff,Health,401
87283472affffff,Hospitality,448
87283472affffff,Information,157
87283472affffff,Manufacturing,2420
87283472affffff,Professional Service,734
87283472affffff,Public Administration,70
87283472affffff,Real Estate,56
87283472affffff,Retail,626
87283472affffff,Transportation,181
87283472affffff,Wholesale,252
87283472bffffff,Agriculture,6
87283472bffffff,Art/Culture,89
87283472bffffff,Business Support,22
87283472bffffff,Construction,107
87283472bffffff,Education,823
87283472bffffff,Energy,14
87283472bffffff,Financial,23
87283472bffffff,Health,838
87283472bffffff,Hospitality,167
87283472bffffff,Information,53
87283472bffffff,Manufacturing,103
87283472bffffff,Professional Service,280
87283472bffffff,Public Administration,59
87283472bffffff,Real Estate,12
87283472bffffff,Retail,249
87283472bffffff,Transportation,61
87283472bffffff,Wholesale,60
87283472cffffff,Agriculture,24
87283472cffffff,Art/Culture,201
87283472cffffff,Business Support,197
87283472cffffff,Construction,177
87283472cffffff,Corporate,4
87283472cffffff,Education,859
87283472cffffff,Energy,22
87283472cffffff,Financial,126
87283472cffffff,Health,736
87283472cffffff,Hospitality,593
87283472cffffff,Information,340
87283472cffffff,Manufacturing,642
87283472cffffff,Professional Service,1166
87283472cffffff,Public Administration,163
87283472cffffff,Real Estate,108
87283472cffffff,Retail,816
87283472cffffff,Transportation,169
87283472cffffff,Wholesale,92
87283472dffffff,Agriculture,14
87283472dffffff,Art/Culture,30
87283472dffffff,Business Support,11
87283472dffffff,Construction,74
87283472dffffff,Education,103
87283472dffffff,Energy,1
87283472dffffff,Financial,8
87283472dffffff,Health,192
87283472dffffff,Hospitality,17
87283472dffffff,Information,22
87283472dffffff,Manufacturing,115
87283472dffffff,Professional Service,104
87283472dffffff,Public Administration,19
87283472dffffff,Real Estate,11
87283472dffffff,Retail,25
87283472dffffff,Transportation,8
87283472dffffff,Wholesale,7
87283472effffff,Agriculture,46
87283472effffff,Art/Culture,275
87283472effffff,Business Support,422
87283472effffff,Construction,341
87283472effffff,Corporate,19
87283472effffff,Education,1011
87283472effffff,Energy,76
87283472effffff,Financial,590
87283472effffff,Health,1337
87283472effffff,Hospitality,871
87283472effffff,Information,636
87283472effffff,Manufacturing,4672
87283472effffff,Professional Service,2732
87283472effffff,Public Administration,227
87283472effffff,Real Estate,255
87283472effffff,Retail,1468
87283472effffff,Transportation,499
87283472effffff,Wholesale,324
872834730ffffff,Agriculture,38
872834730ffffff,Art/Culture,226
872834730ffffff,Business Support,517
872834730ffffff,Construction,656
872834730ffffff,Corporate,14
872834730ffffff,Education,2885
872834730ffffff,Energy,145
872834730ffffff,Financial,252
872834730ffffff,Health,4443
872834730ffffff,Hospitality,835
872834730ffffff,Information,447
872834730ffffff,Manufacturing,404
872834730ffffff,Professional Service,1686
872834730ffffff,Public Administration,332
872834730ffffff,Real Estate,244
872834730ffffff,Retail,2249
872834730ffffff,Transportation,631
872834730ffffff,Wholesale,512
872834731ffffff,Agriculture,23
872834731ffffff,Art/Culture,327
872834731ffffff,Business Support,342
872834731ffffff,Construction,297
872834731ffffff,Corporate,15
872834731ffffff,Education,859
872834731ffffff,Energy,34
872834731ffffff,Financial,334
872834731ffffff,Health,1100
872834731ffffff,Hospitality,1012
872834731ffffff,Information,314
872834731ffffff,Manufacturing,288
872834731ffffff,Professional Service,1327
872834731ffffff,Public Administration,367
872834731ffffff,Real Estate,246
872834731ffffff,Retail,952
872834731ffffff,Transportation,438
872834731ffffff,Wholesale,188
872834732ffffff,Agriculture,89
872834732ffffff,Art/Culture,238
872834732ffffff,Business Support,470
872834732ffffff,Construction,749
872834732ffffff,Corporate,14
872834732ffffff,Education,514
872834732ffffff,Energy,59
872834732ffffff,Financial,192
872834732ffffff,Health,916
872834732ffffff,Hospitality,658
872834732ffffff,Information,282
872834732ffffff,Manufacturing,539
872834732ffffff,Professional Service,961
872834732ffffff,Public Administration,276
872834732ffffff,Real Estate,192
872834732ffffff,Retail,739
872834732ffffff,Transportation,244
872834732ffffff,Wholesale,200
872834733ffffff,Agriculture,22
872834733ffffff,Art/Culture,257
872834733ffffff,Business Support,392
872834733ffffff,Construction,446
872834733ffffff,Corporate,12
872834733ffffff,Education,1671
872834733ffffff,Energy,45
872834733ffffff,Financial,201
872834733ffffff,Health,2116
872834733ffffff,Hospitality,1136
872834733ffffff,Information,323
872834733ffffff,Manufacturing,424
872834733ffffff,Professional Service,1106
872834733ffffff,Public Administration,312
872834733ffffff,Real Estate,179
872834733ffffff,Retail,1082
872834733ffffff,Transportation,280
872834733ffffff,Wholesale,181
872834734ffffff,Agriculture,54
872834734ffffff,Art/Culture,101
872834734ffffff,Business Support,404
872834734ffffff,Construction,584
872834734ffffff,Corporate,47
872834734ffffff,Education,435
872834734ffffff,Energy,40
872834734ffffff,Financial,472
872834734ffffff,Health,377
872834734ffffff,Hospitality,497
872834734ffffff,Information,371
872834734ffffff,Manufacturing,341
872834734ffffff,Professional Service,1413
872834734ffffff,Public Administration,310
872834734ffffff,Real Estate,218
872834734ffffff,Retail,548
872834734ffffff,Transportation,186
872834734ffffff,Wholesale,206
872834736ffffff,Agriculture,15
872834736ffffff,Art/Culture,148
872834736ffffff,Business Support,160
872834736ffffff,Construction,201
872834736ffffff,Corporate,21
872834736ffffff,Education,554
872834736ffffff,Energy,9
872834736ffffff,Financial,76
872834736ffffff,Health,433
872834736ffffff,Hospitality,606
872834736ffffff,Information,123
872834736ffffff,Manufacturing,145
872834736ffffff,Professional Service,554
872834736ffffff,Public Administration,162
872834736ffffff,Real Estate,84
872834736ffffff,Retail,409
872834736ffffff,Transportation,89
872834736ffffff,Wholesale,67
872834740ffffff,Agriculture,3
872834740ffffff,Art/Culture,84
872834740ffffff,Business Support,730
872834740ffffff,Construction,210
872834740ffffff,Corporate,32
872834740ffffff,Education,2167
872834740ffffff,Energy,36
872834740ffffff,Financial,1002
872834740ffffff,Health,3256
872834740ffffff,Hospitality,156
872834740ffffff,Information,1352
872834740ffffff,Manufacturing,2018
872834740ffffff,Professional Service,7789
872834740ffffff,Public Administration,151
872834740ffffff,Real Estate,356
872834740ffffff,Retail,326
872834740ffffff,Transportation,247
872834740ffffff,Wholesale,104
872834741ffffff,Agriculture,20
872834741ffffff,Art/Culture,48
872834741ffffff,Business Support,123
872834741ffffff,Construction,179
872834741ffffff,Corporate,3
872834741ffffff,Education,3285
872834741ffffff,Energy,14
872834741ffffff,Financial,53
872834741ffffff,Health,2919
872834741ffffff,Hospitality,286
872834741ffffff,Information,163
872834741ffffff,Manufacturing,215
872834741ffffff,Professional Service,509
872834741ffffff,Public Administration,95
872834741ffffff,Real Estate,63
872834741ffffff,Retail,278
872834741ffffff,Transportation,84
872834741ffffff,Wholesale,35
872834742ffffff,Agriculture,23
872834742ffffff,Art/Culture,180
872834742ffffff,Business Support,528
872834742ffffff,Construction,248
872834742ffffff,Corporate,11
872834742ffffff,Education,894
872834742ffffff,Energy,37
872834742ffffff,Financial,355
872834742ffffff,Health,1365
872834742ffffff,Hospitality,484
872834742ffffff,Information,426
872834742ffffff,Manufacturing,865
872834742ffffff,Professional Service,1497
872834742ffffff,Public Administration,202
872834742ffffff,Real Estate,245
872834742ffffff,Retail,574
872834742ffffff,Transportation,211
872834742ffffff,Wholesale,167
872834743ffffff,Agriculture,75
872834743ffffff,Art/Culture,793
872834743ffffff,Business Support,1146
872834743ffffff,Construction,909
872834743ffffff,Corporate,34
872834743ffffff,Education,7580
872834743ffffff,Energy,89
872834743ffffff,Financial,1499
872834743ffffff,Health,3422
872834743ffffff,Hospitality,2245
872834743ffffff,Information,1656
872834743ffffff,Manufacturing,1497
872834743ffffff,Professional Service,4356
872834743ffffff,Public Administration,616
872834743ffffff,Real Estate,552
872834743ffffff,Retail,2316
872834743ffffff,Transportation,599
872834743ffffff,Wholesale,266
872834745ffffff,Business Support,193
872834745ffffff,Construction,2
872834745ffffff,Education,260
872834745ffffff,Health,336
872834745ffffff,Hospitality,1
872834745ffffff,Information,2
872834745ffffff,Manufacturing,470
872834745ffffff,Professional Service,2
872834745ffffff,Public Administration,16
872834745ffffff,Real Estate,103
872834745ffffff,Retail,75
872834745ffffff,Wholesale,15
872834746ffffff,Agriculture,8
872834746ffffff,Art/Culture,133
872834746ffffff,Business Support,789
872834746ffffff,Construction,81
872834746ffffff,Corporate,67
872834746ffffff,Education,1925
872834746ffffff,Energy,8
872834746ffffff,Financial,401
872834746ffffff,Health,2467
872834746ffffff,Hospitality,327
872834746ffffff,Information,442
872834746ffffff,Manufacturing,1598
872834746ffffff,Professional Service,1480
872834746ffffff,Public Administration,264
872834746ffffff,Real Estate,442
872834746ffffff,Retail,400
872834746ffffff,Transportation,59
872834746ffffff,Wholesale,81
872834749ffffff,Agriculture,22
872834749ffffff,Art/Culture,65
872834749ffffff,Business Support,167
872834749ffffff,Construction,325
872834749ffffff,Corporate,3
872834749ffffff,Education,315
872834749ffffff,Energy,14
872834749ffffff,Financial,86
872834749ffffff,Health,408
872834749ffffff,Hospitality,214
872834749ffffff,Information,60
872834749ffffff,Manufacturing,130
872834749ffffff,Professional Service,398
872834749ffffff,Public Administration,140
872834749ffffff,Real Estate,79
872834749ffffff,Retail,296
872834749ffffff,Transportation,168
872834749ffffff,Wholesale,79
87283474affffff,Agriculture,3
87283474affffff,Art/Culture,84
87283474affffff,Business Support,98
87283474affffff,Construction,67
87283474affffff,Corporate,3
87283474affffff,Education,446
87283474affffff,Energy,2
87283474affffff,Financial,275
87283474affffff,Health,299
87283474affffff,Hospitality,249
87283474affffff,Information,166
87283474affffff,Manufacturing,95
87283474affffff,Professional Service,435
87283474affffff,Public Administration,152
87283474affffff,Real Estate,61
87283474affffff,Retail,177
87283474affffff,Transportation,98
87283474affffff,Wholesale,19
87283474bffffff,Agriculture,99
87283474bffffff,Art/Culture,110
87283474bffffff,Business Support,372
87283474bffffff,Construction,686
87283474bffffff,Corporate,6
87283474bffffff,Education,661
87283474bffffff,Energy,34
87283474bffffff,Financial,246
87283474bffffff,Health,1648
87283474bffffff,Hospitality,508
87283474bffffff,Information,238
87283474bffffff,Manufacturing,693
87283474bffffff,Professional Service,1036
87283474bffffff,Public Administration,205
87283474bffffff,Real Estate,181
87283474bffffff,Retail,551
87283474bffffff,Transportation,250
87283474bffffff,Wholesale,109
87283474cffffff,Agriculture,14
87283474cffffff,Art/Culture,40
87283474cffffff,Business Support,238
87283474cffffff,Construction,173
87283474cffffff,Corporate,8
87283474cffffff,Education,363
87283474cffffff,Energy,23
87283474cffffff,Financial,537
87283474cffffff,Health,255
87283474cffffff,Hospitality,219
87283474cffffff,Information,265
87283474cffffff,Manufacturing,248
87283474cffffff,Professional Service,1934
87283474cffffff,Public Administration,86
87283474cffffff,Real Estate,191
87283474cffffff,Retail,183
87283474cffffff,Transportation,41
87283474cffffff,Wholesale,56
87283474dffffff,Agriculture,5
87283474dffffff,Art/Culture,96
87283474dffffff,Business Support,28
87283474dffffff,Construction,63
87283474dffffff,Education,113
87283474dffffff,Energy,4
87283474dffffff,Financial,60
87283474dffffff,Health,158
87283474dffffff,Hospitality,158
87283474dffffff,Information,29
87283474dffffff,Manufacturing,23
87283474dffffff,Professional Service,91
87283474dffffff,Public Administration,54
87283474dffffff,Real Estate,29
87283474dffffff,Retail,93
87283474dffffff,Transportation,19
87283474dffffff,Wholesale,1
87283474effffff,Agriculture,59
87283474effffff,Art/Culture,258
87283474effffff,Business Support,760
87283474effffff,Construction,442
87283474effffff,Corporate,44
87283474effffff,Education,4005
87283474effffff,Energy,126
87283474effffff,Financial,579
87283474effffff,Health,7002
87283474effffff,Hospitality,1309
87283474effffff,Information,674
87283474effffff,Manufacturing,534
87283474effffff,Professional Service,1637
87283474effffff,Public Administration,299
87283474effffff,Real Estate,356
87283474effffff,Retail,1563
87283474effffff,Transportation,663
87283474effffff,Wholesale,642
872834754ffffff,Agriculture,56
872834754ffffff,Art/Culture,232
872834754ffffff,Business Support,178
872834754ffffff,Construction,364
872834754ffffff,Corporate,10
872834754ffffff,Education,490
872834754ffffff,Energy,43
872834754ffffff,Financial,184
872834754ffffff,Health,812
872834754ffffff,Hospitality,938
872834754ffffff,Information,370
872834754ffffff,Manufacturing,1205
872834754ffffff,Professional Service,1249
872834754ffffff,Public Administration,209
872834754ffffff,Real Estate,122
872834754ffffff,Retail,547
872834754ffffff,Transportation,179
872834754ffffff,Wholesale,127
872834755ffffff,Agriculture,62
872834755ffffff,Art/Culture,126
872834755ffffff,Business Support,359
872834755ffffff,Construction,475
872834755ffffff,Corporate,22
872834755ffffff,Education,832
872834755ffffff,Energy,49
872834755ffffff,Financial,276
872834755ffffff,Health,741
872834755ffffff,Hospitality,521
872834755ffffff,Information,2456
872834755ffffff,Manufacturing,2482
872834755ffffff,Professional Service,1568
872834755ffffff,Public Administration,360
872834755ffffff,Real Estate,181
872834755ffffff,Retail,744
872834755ffffff,Transportation,249
872834755ffffff,Wholesale,226
872834756ffffff,Agriculture,1
872834756ffffff,Art/Culture,12
872834756ffffff,Business Support,184
872834756ffffff,Construction,129
872834756ffffff,Corporate,9
872834756ffffff,Education,131
872834756ffffff,Energy,8
872834756ffffff,Financial,135
872834756ffffff,Health,150
872834756ffffff,Information,219
872834756ffffff,Manufacturing,243
872834756ffffff,Professional Service,638
872834756ffffff,Public Administration,508
872834756ffffff,Real Estate,74
872834756ffffff,Retail,12
872834756ffffff,Transportation,26
872834756ffffff,Wholesale,31
872834758ffffff,Agriculture,14
872834758ffffff,Art/Culture,60
872834758ffffff,Business Support,105
872834758ffffff,Construction,178
872834758ffffff,Corporate,8
872834758ffffff,Education,286
872834758ffffff,Energy,17
872834758ffffff,Financial,245
872834758ffffff,Health,342
872834758ffffff,Hospitality,205
872834758ffffff,Information,342
872834758ffffff,Manufacturing,384
872834758ffffff,Professional Service,553
872834758ffffff,Public Administration,111
872834758ffffff,Real Estate,41
872834758ffffff,Retail,447
872834758ffffff,Transportation,238
872834758ffffff,Wholesale,186
872834759ffffff,Agriculture,7
872834759ffffff,Art/Culture,27
872834759ffffff,Business Support,495
872834759ffffff,Construction,57
872834759ffffff,Corporate,7
872834759ffffff,Education,247
872834759ffffff,Energy,7
872834759ffffff,Financial,75
872834759ffffff,Health,312
872834759ffffff,Hospitality,85
872834759ffffff,Information,59
872834759ffffff,Manufacturing,631
872834759ffffff,Professional Service,357
872834759ffffff,Public Administration,99
872834759ffffff,Real Estate,180
872834759ffffff,Retail,98
872834759ffffff,Transportation,24
872834759ffffff,Wholesale,19
87283475bffffff,Agriculture,4
87283475bffffff,Art/Culture,8
87283475bffffff,Construction,141
87283475bffffff,Corporate,1
87283475bffffff,Energy,8
87283475bffffff,Manufacturing,193
87283475bffffff,Professional Service,245
87283475bffffff,Public Administration,15
87283475bffffff,Retail,67
87283475bffffff,Transportation,39
87283475cffffff,Agriculture,11
87283475cffffff,Art/Culture,39
87283475cffffff,Business Support,44
87283475cffffff,Construction,89
87283475cffffff,Corporate,3
87283475cffffff,Education,329
87283475cffffff,Energy,5
87283475cffffff,Financial,85
87283475cffffff,Health,431
87283475cffffff,Hospitality,64
87283475cffffff,Information,75
87283475cffffff,Manufacturing,75
87283475cffffff,Professional Service,304
87283475cffffff,Public Administration,112
87283475cffffff,Real Estate,34
87283475cffffff,Retail,156
87283475cffffff,Transportation,84
87283475cffffff,Wholesale,61
87283475dffffff,Agriculture,39
87283475dffffff,Art/Culture,322
87283475dffffff,Business Support,820
87283475dffffff,Construction,400
87283475dffffff,Corporate,53
87283475dffffff,Education,885
87283475dffffff,Energy,21
87283475dffffff,Financial,924
87283475dffffff,Health,1365
87283475dffffff,Hospitality,795
87283475dffffff,Information,1492
87283475dffffff,Manufacturing,336
87283475dffffff,Professional Service,5505
87283475dffffff,Public Administration,813
87283475dffffff,Real Estate,535
87283475dffffff,Retail,570
87283475dffffff,Transportation,336
87283475dffffff,Wholesale,130
872834762ffffff,Agriculture,1
872834762ffffff,Art/Culture,11
872834762ffffff,Business Support,3
872834762ffffff,Construction,28
872834762ffffff,Education,12
872834762ffffff,Financial,19
872834762ffffff,Health,16
872834762ffffff,Hospitality,20
872834762ffffff,Information,11
872834762ffffff,Manufacturing,6
872834762ffffff,Professional Service,26
872834762ffffff,Public Administration,1
872834762ffffff,Real Estate,9
872834762ffffff,Retail,23
872834762ffffff,Transportation,1
872834770ffffff,Agriculture,19
872834770ffffff,Art/Culture,25
872834770ffffff,Business Support,85
872834770ffffff,Construction,108
872834770ffffff,Corporate,1
872834770ffffff,Education,1115
872834770ffffff,Energy,12
872834770ffffff,Financial,64
872834770ffffff,Health,1214
872834770ffffff,Hospitality,93
872834770ffffff,Information,65
872834770ffffff,Manufacturing,126
872834770ffffff,Professional Service,224
872834770ffffff,Public Administration,153
872834770ffffff,Real Estate,34
872834770ffffff,Retail,159
872834770ffffff,Transportation,96
872834770ffffff,Wholesale,56
872834771ffffff,Agriculture,10
872834771ffffff,Art/Culture,119
872834771ffffff,Business Support,130
872834771ffffff,Construction,137
872834771ffffff,Corporate,6
872834771ffffff,Education,144
872834771ffffff,Energy,12
872834771ffffff,Financial,151
872834771ffffff,Health,211
872834771ffffff,Hospitality,349
872834771ffffff,Information,199
872834771ffffff,Manufacturing,108
872834771ffffff,Professional Service,916
872834771ffffff,Public Administration,112
872834771ffffff,Real Estate,171
872834771ffffff,Retail,140
872834771ffffff,Transportation,4
872834771ffffff,Wholesale,28
872834772ffffff,Agriculture,17
872834772ffffff,Art/Culture,210
872834772ffffff,Business Support,532
872834772ffffff,Construction,187
872834772ffffff,Corporate,34
872834772ffffff,Education,682
872834772ffffff,Energy,30
872834772ffffff,Financial,508
872834772ffffff,Health,611
872834772ffffff,Hospitality,796
872834772ffffff,Information,842
872834772ffffff,Manufacturing,373
872834772ffffff,Professional Service,2352
872834772ffffff,Public Administration,217
872834772ffffff,Real Estate,253
872834772ffffff,Retail,528
872834772ffffff,Transportation,246
872834772ffffff,Wholesale,187
872834773ffffff,Agriculture,11
872834773ffffff,Art/Culture,261
872834773ffffff,Business Support,202
872834773ffffff,Construction,136
872834773ffffff,Corporate,12
872834773ffffff,Education,805
872834773ffffff,Energy,19
872834773ffffff,Financial,145
872834773ffffff,Health,882
872834773ffffff,Hospitality,423
872834773ffffff,Information,338
872834773ffffff,Manufacturing,228
872834773ffffff,Professional Service,1309
872834773ffffff,Public Administration,135
872834773ffffff,Real Estate,131
872834773ffffff,Retail,745
872834773ffffff,Transportation,221
872834773ffffff,Wholesale,146
872834774ffffff,Agriculture,20
872834774ffffff,Art/Culture,33
872834774ffffff,Business Support,13
872834774ffffff,Construction,69
872834774ffffff,Corporate,3
872834774ffffff,Education,99
872834774ffffff,Energy,6
872834774ffffff,Financial,23
872834774ffffff,Health,149
872834774ffffff,Hospitality,84
872834774ffffff,Information,34
872834774ffffff,Manufacturing,49
872834774ffffff,Professional Service,149
872834774ffffff,Public Administration,27
872834774ffffff,Real Estate,22
872834774ffffff,Retail,42
872834774ffffff,Transportation,34
872834774ffffff,Wholesale,9
872834776ffffff,Agriculture,2
872834776ffffff,Art/Culture,140
872834776ffffff,Business Support,49
872834776ffffff,Construction,64
872834776ffffff,Corporate,4
872834776ffffff,Education,1204
872834776ffffff,Energy,10
872834776ffffff,Financial,40
872834776ffffff,Health,1701
872834776ffffff,Hospitality,180
872834776ffffff,Information,64
872834776ffffff,Manufacturing,89
872834776ffffff,Professional Service,315
872834776ffffff,Public Administration,72
872834776ffffff,Real Estate,36
872834776ffffff,Retail,253
872834776ffffff,Transportation,50
872834776ffffff,Wholesale,43
8728347a0ffffff,Agriculture,16
8728347a0ffffff,Art/Culture,37
8728347a0ffffff,Business Support,208
8728347a0ffffff,Construction,175
8728347a0ffffff,Corporate,3
8728347a0ffffff,Education,535
8728347a0ffffff,Energy,12
8728347a0ffffff,Financial,37
8728347a0ffffff,Health,882
8728347a0ffffff,Hospitality,372
8728347a0ffffff,Information,52
8728347a0ffffff,Manufacturing,170
8728347a0ffffff,Professional Service,175
8728347a0ffffff,Public Administration,67
8728347a0ffffff,Real Estate,40
8728347a0ffffff,Retail,389
8728347a0ffffff,Transportation,154
8728347a0ffffff,Wholesale,73
8728347a1ffffff,Agriculture,3
8728347a1ffffff,Art/Culture,58
8728347a1ffffff,Business Support,43
8728347a1ffffff,Construction,142
8728347a1ffffff,Corporate,2
8728347a1ffffff,Education,414
8728347a1ffffff,Energy,7
8728347a1ffffff,Financial,29
8728347a1ffffff,Health,781
8728347a1ffffff,Hospitality,252
8728347a1ffffff,Information,40
8728347a1ffffff,Manufacturing,81
8728347a1ffffff,Professional Service,213
8728347a1ffffff,Public Administration,37
8728347a1ffffff,Real Estate,24
8728347a1ffffff,Retail,214
8728347a1ffffff,Transportation,84
8728347a1ffffff,Wholesale,72
8728347a3ffffff,Agriculture,5
8728347a3ffffff,Art/Culture,3
8728347a3ffffff,Business Support,17
8728347a3ffffff,Construction,57
8728347a3ffffff,Education,115
8728347a3ffffff,Financial,6
8728347a3ffffff,Health,195
8728347a3ffffff,Hospitality,3
8728347a3ffffff,Information,10
8728347a3ffffff,Manufacturing,38
8728347a3ffffff,Professional Service,68
8728347a3ffffff,Public Administration,11
8728347a3ffffff,Real Estate,2
8728347a3ffffff,Retail,31
8728347a3ffffff,Transportation,12
8728347a3ffffff,Wholesale,4
8728347a4ffffff,Agriculture,21
8728347a4ffffff,Art/Culture,88
8728347a4ffffff,Business Support,293
8728347a4ffffff,Construction,360
8728347a4ffffff,Corporate,5
8728347a4ffffff,Education,491
8728347a4ffffff,Energy,15
8728347a4ffffff,Financial,42
8728347a4ffffff,Health,1008
8728347a4ffffff,Hospitality,549
8728347a4ffffff,Information,63
8728347a4ffffff,Manufacturing,141
8728347a4ffffff,Professional Service,271
8728347a4ffffff,Public Administration,119
8728347a4ffffff,Real Estate,56
8728347a4ffffff,Retail,570
8728347a4ffffff,Transportation,214
8728347a4ffffff,Wholesale,120
8728347a5ffffff,Agriculture,59
8728347a5ffffff,Art/Culture,53
8728347a5ffffff,Business Support,217
8728347a5ffffff,Construction,311
8728347a5ffffff,Corporate,7
8728347a5ffffff,Education,1351
8728347a5ffffff,Energy,50
8728347a5ffffff,Financial,79
8728347a5ffffff,Health,2345
8728347a5ffffff,Hospitality,368
8728347a5ffffff,Information,79
8728347a5ffffff,Manufacturing,453
8728347a5ffffff,Professional Service,277
8728347a5ffffff,Public Administration,134
8728347a5ffffff,Real Estate,50
8728347a5ffffff,Retail,580
8728347a5ffffff,Transportation,261
8728347a5ffffff,Wholesale,121
8728347a8ffffff,Agriculture,48
8728347a8ffffff,Art/Culture,82
8728347a8ffffff,Business Support,185
8728347a8ffffff,Construction,617
8728347a8ffffff,Corporate,6
8728347a8ffffff,Education,395
8728347a8ffffff,Energy,98
8728347a8ffffff,Financial,34
8728347a8ffffff,Health,797
8728347a8ffffff,Hospitality,252
8728347a8ffffff,Information,194
8728347a8ffffff,Manufacturing,1766
8728347a8ffffff,Professional Service,559
8728347a8ffffff,Public Administration,142
8728347a8ffffff,Real Estate,143
8728347a8ffffff,Retail,859
8728347a8ffffff,Transportation,97
8728347a8ffffff,Wholesale,549
8728347a9ffffff,Agriculture,74
8728347a9ffffff,Art/Culture,257
8728347a9ffffff,Business Support,258
8728347a9ffffff,Construction,786
8728347a9ffffff,Corporate,3
8728347a9ffffff,Education,465
8728347a9ffffff,Energy,16
8728347a9ffffff,Financial,224
8728347a9ffffff,Health,983
8728347a9ffffff,Hospitality,1345
8728347a9ffffff,Information,83
8728347a9ffffff,Manufacturing,1893
8728347a9ffffff,Professional Service,2101
8728347a9ffffff,Public Administration,479
8728347a9ffffff,Real Estate,979
8728347a9ffffff,Retail,1267
8728347a9ffffff,Transportation,590
8728347a9ffffff,Wholesale,89
8728347abffffff,Agriculture,15
8728347abffffff,Art/Culture,48
8728347abffffff,Business Support,160
8728347abffffff,Construction,294
8728347abffffff,Corporate,5
8728347abffffff,Education,339
8728347abffffff,Energy,2
8728347abffffff,Financial,97
8728347abffffff,Health,649
8728347abffffff,Hospitality,267
8728347abffffff,Information,78
8728347abffffff,Manufacturing,742
8728347abffffff,Professional Service,613
8728347abffffff,Public Administration,44
8728347abffffff,Real Estate,51
8728347abffffff,Retail,372
8728347abffffff,Transportation,101
8728347abffffff,Wholesale,96
8728347acffffff,Agriculture,6
8728347acffffff,Art/Culture,70
8728347acffffff,Business Support,236
8728347acffffff,Construction,271
8728347acffffff,Corporate,8
8728347acffffff,Education,298
8728347acffffff,Energy,29
8728347acffffff,Financial,133
8728347acffffff,Health,571
8728347acffffff,Hospitality,301
8728347acffffff,Information,150
8728347acffffff,Manufacturing,2349
8728347acffffff,Professional Service,557
8728347acffffff,Public Administration,219
8728347acffffff,Real Estate,70
8728347acffffff,Retail,884
8728347acffffff,Transportation,263
8728347acffffff,Wholesale,214
8728347adffffff,Agriculture,46
8728347adffffff,Art/Culture,41
8728347adffffff,Business Support,1334
8728347adffffff,Construction,1130
8728347adffffff,Corporate,30
8728347adffffff,Education,590
8728347adffffff,Energy,59
8728347adffffff,Financial,178
8728347adffffff,Health,464
8728347adffffff,Hospitality,401
8728347adffffff,Information,880
8728347adffffff,Manufacturing,4970
8728347adffffff,Professional Service,1994
8728347adffffff,Public Administration,357
8728347adffffff,Real Estate,263
8728347adffffff,Retail,1036
8728347adffffff,Transportation,795
8728347adffffff,Wholesale,423
8728347aeffffff,Agriculture,7
8728347aeffffff,Art/Culture,83
8728347aeffffff,Business Support,13
8728347aeffffff,Construction,61
8728347aeffffff,Corporate,2
8728347aeffffff,Education,366
8728347aeffffff,Energy,3
8728347aeffffff,Financial,13
8728347aeffffff,Health,416
8728347aeffffff,Hospitality,113
8728347aeffffff,Information,17
8728347aeffffff,Manufacturing,107
8728347aeffffff,Professional Service,70
8728347aeffffff,Public Administration,11
8728347aeffffff,Real Estate,12
8728347aeffffff,Retail,98
8728347aeffffff,Transportation,25
8728347aeffffff,Wholesale,33
87283636dffffff,Agriculture,10
87283636dffffff,Art/Culture,30
87283636dffffff,Business Support,14
87283636dffffff,Construction,37
87283636dffffff,Education,57
87283636dffffff,Energy,4
87283636dffffff,Financial,22
87283636dffffff,Health,77
87283636dffffff,Hospitality,22
87283636dffffff,Information,19
87283636dffffff,Manufacturing,17
87283636dffffff,Professional Service,47
87283636dffffff,Public Administration,20
87283636dffffff,Real Estate,28
87283636dffffff,Retail,45
87283636dffffff,Transportation,20
87283636dffffff,Wholesale,13
872836a4dffffff,Agriculture,50
872836a4dffffff,Art/Culture,85
872836a4dffffff,Business Support,228
872836a4dffffff,Construction,492
872836a4dffffff,Corporate,2
872836a4dffffff,Education,257
872836a4dffffff,Energy,91
872836a4dffffff,Financial,150
872836a4dffffff,Health,215
872836a4dffffff,Hospitality,303
872836a4dffffff,Information,121
872836a4dffffff,Manufacturing,819
872836a4dffffff,Professional Service,181
872836a4dffffff,Public Administration,208
872836a4dffffff,Real Estate,22
872836a4dffffff,Retail,749
872836a4dffffff,Transportation,231
872836a4dffffff,Wholesale,204
872836a68ffffff,Agriculture,11
872836a68ffffff,Art/Culture,19
872836a68ffffff,Business Support,89
872836a68ffffff,Construction,294
872836a68ffffff,Corporate,3
872836a68ffffff,Education,6
872836a68ffffff,Energy,22
872836a68ffffff,Financial,36
872836a68ffffff,Health,7
872836a68ffffff,Hospitality,29
872836a68ffffff,Information,33
872836a68ffffff,Manufacturing,316
872836a68ffffff,Professional Service,162
872836a68ffffff,Public Administration,31
872836a68ffffff,Real Estate,18
872836a68ffffff,Retail,25
872836a68ffffff,Transportation,13
872836a68ffffff,Wholesale,21
872836a6bffffff,Agriculture,27
872836a6bffffff,Art/Culture,4
872836a6bffffff,Business Support,29
872836a6bffffff,Construction,1095
872836a6bffffff,Corporate,4
872836a6bffffff,Education,136
872836a6bffffff,Energy,26
872836a6bffffff,Financial,17
872836a6bffffff,Health,162
872836a6bffffff,Hospitality,5
872836a6bffffff,Information,17
872836a6bffffff,Manufacturing,285
872836a6bffffff,Professional Service,159
872836a6bffffff,Public Administration,139
872836a6bffffff,Real Estate,7
872836a6bffffff,Retail,74
872836a6bffffff,Transportation,278
872836a6bffffff,Wholesale,110
