geomid,naics,workers
88498649b7fffff,Retail,8
88499516d9fffff,Art/Culture,9
88499516d9fffff,Business Support,11
88499516d9fffff,Education,204
88499516d9fffff,Energy,4
88499516d9fffff,Health,71
88499516d9fffff,Hospitality,111
88499516d9fffff,Information,3
88499516d9fffff,Manufacturing,252
88499516d9fffff,Professional Service,14
88499516d9fffff,Public Administration,95
88499516d9fffff,Real Estate,20
88499516d9fffff,Retail,616
88499516d9fffff,Transportation,15
88499516d9fffff,Wholesale,56
8849958001fffff,Art/Culture,62
8849958001fffff,Business Support,48
8849958001fffff,Education,264
8849958001fffff,Energy,9
8849958001fffff,Financial,250
8849958001fffff,Health,157
8849958001fffff,Hospitality,401
8849958001fffff,Information,22
8849958001fffff,Manufacturing,113
8849958001fffff,Professional Service,42
8849958001fffff,Public Administration,1270
8849958001fffff,Real Estate,28
8849958001fffff,Retail,1320
8849958001fffff,Wholesale,55
8849958003fffff,Art/Culture,29
8849958003fffff,Construction,8
8849958003fffff,Education,30
8849958003fffff,Hospitality,12
8849958003fffff,Manufacturing,9
8849958003fffff,Public Administration,1
8849958003fffff,Retail,24
8849958003fffff,Transportation,180
8849958005fffff,Art/Culture,2
8849958005fffff,Business Support,1
8849958005fffff,Education,213
8849958005fffff,Health,89
8849958005fffff,Hospitality,60
8849958005fffff,Information,6
8849958005fffff,Manufacturing,65
8849958005fffff,Professional Service,8
8849958005fffff,Public Administration,542
8849958005fffff,Real Estate,2
8849958005fffff,Retail,243
8849958005fffff,Transportation,7
8849958005fffff,Wholesale,84
8849958009fffff,Education,27
8849958009fffff,Health,8
8849958009fffff,Hospitality,15
8849958009fffff,Manufacturing,12
8849958009fffff,Real Estate,7
8849958009fffff,Retail,106
884995800dfffff,Art/Culture,7
884995800dfffff,Business Support,2
884995800dfffff,Education,272
884995800dfffff,Financial,4
884995800dfffff,Health,44
884995800dfffff,Hospitality,109
884995800dfffff,Manufacturing,74
884995800dfffff,Professional Service,14
884995800dfffff,Public Administration,24
884995800dfffff,Real Estate,7
884995800dfffff,Retail,516
884995800dfffff,Transportation,11
884995800dfffff,Wholesale,28
8849958013fffff,Art/Culture,21
8849958013fffff,Hospitality,13
8849958013fffff,Manufacturing,8
8849958013fffff,Retail,27
8849958013fffff,Wholesale,1
8849958019fffff,Art/Culture,19
8849958019fffff,Business Support,9
8849958019fffff,Construction,3
8849958019fffff,Education,234
8849958019fffff,Health,109
8849958019fffff,Hospitality,224
8849958019fffff,Information,17
8849958019fffff,Manufacturing,492
8849958019fffff,Professional Service,22
8849958019fffff,Public Administration,28
8849958019fffff,Real Estate,3
8849958019fffff,Retail,776
8849958019fffff,Wholesale,31
8849958021fffff,Business Support,2
8849958021fffff,Education,35
8849958021fffff,Hospitality,31
8849958021fffff,Manufacturing,19
8849958021fffff,Public Administration,476
8849958021fffff,Retail,129
8849958021fffff,Transportation,32
8849958021fffff,Wholesale,9
8849958027fffff,Art/Culture,8
8849958027fffff,Education,15
8849958027fffff,Financial,4
8849958027fffff,Health,21
8849958027fffff,Hospitality,88
8849958027fffff,Manufacturing,435
8849958027fffff,Professional Service,21
8849958027fffff,Real Estate,6
8849958027fffff,Retail,289
8849958027fffff,Wholesale,34
8849958043fffff,Art/Culture,7
8849958043fffff,Business Support,2
8849958043fffff,Education,100
8849958043fffff,Health,49
8849958043fffff,Hospitality,47
8849958043fffff,Information,10
8849958043fffff,Manufacturing,29
8849958043fffff,Professional Service,6
8849958043fffff,Public Administration,24
8849958043fffff,Retail,226
8849958043fffff,Wholesale,17
8849958061fffff,Education,61
8849958061fffff,Health,5
8849958061fffff,Hospitality,4
8849958061fffff,Manufacturing,4
8849958061fffff,Real Estate,1
8849958061fffff,Retail,41
8849958061fffff,Wholesale,4
8849958067fffff,Education,170
8849958067fffff,Health,8
8849958067fffff,Hospitality,9
8849958067fffff,Manufacturing,19
8849958067fffff,Retail,66
8849958067fffff,Wholesale,8
884995806dfffff,Agriculture,4
884995806dfffff,Art/Culture,17
884995806dfffff,Business Support,6
884995806dfffff,Education,113
884995806dfffff,Health,34
884995806dfffff,Hospitality,39
884995806dfffff,Information,19
884995806dfffff,Manufacturing,96
884995806dfffff,Professional Service,3
884995806dfffff,Public Administration,18
884995806dfffff,Real Estate,1
884995806dfffff,Retail,377
884995806dfffff,Wholesale,10
8849958085fffff,Education,2
8849958085fffff,Health,3
8849958085fffff,Hospitality,14
8849958085fffff,Manufacturing,44
8849958085fffff,Real Estate,2
8849958085fffff,Retail,112
8849958087fffff,Art/Culture,24
8849958087fffff,Business Support,21
8849958087fffff,Education,191
8849958087fffff,Energy,7
8849958087fffff,Financial,4
8849958087fffff,Health,91
8849958087fffff,Hospitality,187
8849958087fffff,Information,6
8849958087fffff,Manufacturing,194
8849958087fffff,Professional Service,32
8849958087fffff,Public Administration,43
8849958087fffff,Real Estate,8
8849958087fffff,Retail,1032
8849958087fffff,Wholesale,25
8849958089fffff,Manufacturing,10
8849958089fffff,Retail,36
884995808bfffff,Art/Culture,5
884995808bfffff,Business Support,3
884995808bfffff,Education,267
884995808bfffff,Health,102
884995808bfffff,Hospitality,133
884995808bfffff,Information,16
884995808bfffff,Manufacturing,175
884995808bfffff,Professional Service,13
884995808bfffff,Public Administration,4
884995808bfffff,Real Estate,6
884995808bfffff,Retail,656
884995808bfffff,Wholesale,27
8849958091fffff,Business Support,7
8849958091fffff,Education,72
8849958091fffff,Health,5
8849958091fffff,Hospitality,40
8849958091fffff,Manufacturing,34
8849958091fffff,Real Estate,8
8849958091fffff,Retail,260
8849958091fffff,Transportation,1
8849958091fffff,Wholesale,34
884995809bfffff,Art/Culture,4
884995809bfffff,Business Support,4
884995809bfffff,Health,16
884995809bfffff,Hospitality,29
884995809bfffff,Manufacturing,36
884995809bfffff,Professional Service,6
884995809bfffff,Retail,144
884995809bfffff,Wholesale,12
884995809dfffff,Art/Culture,3
884995809dfffff,Business Support,9
884995809dfffff,Health,14
884995809dfffff,Hospitality,6
884995809dfffff,Manufacturing,30
884995809dfffff,Retail,213
884995809dfffff,Wholesale,3
88499580a5fffff,Art/Culture,22
88499580a5fffff,Business Support,10
88499580a5fffff,Education,96
88499580a5fffff,Financial,9
88499580a5fffff,Health,26
88499580a5fffff,Hospitality,121
88499580a5fffff,Manufacturing,58
88499580a5fffff,Professional Service,2
88499580a5fffff,Public Administration,742
88499580a5fffff,Real Estate,4
88499580a5fffff,Retail,892
88499580a5fffff,Wholesale,38
88499580a7fffff,Education,45
88499580a7fffff,Energy,3
88499580a7fffff,Hospitality,18
88499580a7fffff,Manufacturing,25
88499580a7fffff,Professional Service,1
88499580a7fffff,Real Estate,3
88499580a7fffff,Retail,74
88499580a7fffff,Wholesale,11
88499580adfffff,Art/Culture,1
88499580adfffff,Business Support,3
88499580adfffff,Education,18
88499580adfffff,Health,4
88499580adfffff,Hospitality,4
88499580adfffff,Manufacturing,17
88499580adfffff,Retail,136
88499580adfffff,Wholesale,2
88499580b9fffff,Business Support,1
88499580b9fffff,Education,48
88499580b9fffff,Hospitality,4
88499580b9fffff,Manufacturing,25
88499580b9fffff,Real Estate,3
88499580b9fffff,Retail,82
88499580b9fffff,Wholesale,2
88499580d3fffff,Art/Culture,3
88499580d3fffff,Business Support,6
88499580d3fffff,Education,40
88499580d3fffff,Health,21
88499580d3fffff,Hospitality,53
88499580d3fffff,Manufacturing,45
88499580d3fffff,Professional Service,7
88499580d3fffff,Public Administration,8
88499580d3fffff,Retail,497
88499580d7fffff,Art/Culture,3
88499580d7fffff,Business Support,3
88499580d7fffff,Education,7
88499580d7fffff,Financial,4
88499580d7fffff,Health,21
88499580d7fffff,Hospitality,23
88499580d7fffff,Manufacturing,32
88499580d7fffff,Professional Service,4
88499580d7fffff,Real Estate,1
88499580d7fffff,Retail,183
88499580d7fffff,Wholesale,23
88499580d9fffff,Health,8
88499580d9fffff,Hospitality,30
88499580d9fffff,Manufacturing,44
88499580d9fffff,Professional Service,4
88499580d9fffff,Retail,224
88499580d9fffff,Wholesale,5
88499580dbfffff,Art/Culture,3
88499580dbfffff,Business Support,4
88499580dbfffff,Education,3
88499580dbfffff,Health,12
88499580dbfffff,Hospitality,56
88499580dbfffff,Manufacturing,49
88499580dbfffff,Professional Service,6
88499580dbfffff,Real Estate,7
88499580dbfffff,Retail,489
88499580dbfffff,Wholesale,16
8849958113fffff,Art/Culture,16
8849958113fffff,Health,3
8849958113fffff,Hospitality,12
8849958113fffff,Manufacturing,29
8849958113fffff,Public Administration,154
8849958113fffff,Retail,92
8849958113fffff,Wholesale,7
8849958117fffff,Business Support,4
8849958117fffff,Health,16
8849958117fffff,Hospitality,13
8849958117fffff,Manufacturing,16
8849958117fffff,Professional Service,2
8849958117fffff,Public Administration,9
8849958117fffff,Retail,129
8849958117fffff,Wholesale,10
884995811bfffff,Art/Culture,23
884995811bfffff,Business Support,2
884995811bfffff,Education,186
884995811bfffff,Energy,26
884995811bfffff,Health,24
884995811bfffff,Hospitality,56
884995811bfffff,Manufacturing,79
884995811bfffff,Professional Service,3
884995811bfffff,Public Administration,47
884995811bfffff,Real Estate,5
884995811bfffff,Retail,441
884995811bfffff,Wholesale,12
8849958133fffff,Business Support,5
8849958133fffff,Education,4
8849958133fffff,Health,13
8849958133fffff,Hospitality,14
8849958133fffff,Manufacturing,35
8849958133fffff,Professional Service,2
8849958133fffff,Real Estate,4
8849958133fffff,Retail,207
8849958133fffff,Wholesale,14
8849958183fffff,Art/Culture,8
8849958183fffff,Business Support,5
8849958183fffff,Education,78
8849958183fffff,Health,19
8849958183fffff,Hospitality,22
8849958183fffff,Manufacturing,64
8849958183fffff,Professional Service,6
8849958183fffff,Real Estate,12
8849958183fffff,Retail,242
8849958183fffff,Wholesale,15
8849958189fffff,Art/Culture,21
8849958189fffff,Business Support,13
8849958189fffff,Education,115
8849958189fffff,Financial,1
8849958189fffff,Health,145
8849958189fffff,Hospitality,166
8849958189fffff,Manufacturing,145
8849958189fffff,Professional Service,13
8849958189fffff,Public Administration,48
8849958189fffff,Real Estate,15
8849958189fffff,Retail,763
8849958189fffff,Wholesale,41
8849958191fffff,Health,8
8849958191fffff,Hospitality,8
8849958191fffff,Manufacturing,48
8849958191fffff,Retail,102
8849958191fffff,Wholesale,3
8849958195fffff,Art/Culture,77
8849958195fffff,Business Support,16
8849958195fffff,Education,157
8849958195fffff,Energy,23
8849958195fffff,Financial,290
8849958195fffff,Health,98
8849958195fffff,Hospitality,308
8849958195fffff,Information,7
8849958195fffff,Manufacturing,105
8849958195fffff,Professional Service,39
8849958195fffff,Public Administration,1044
8849958195fffff,Real Estate,29
8849958195fffff,Retail,1021
8849958195fffff,Wholesale,13
8849958199fffff,Art/Culture,31
8849958199fffff,Construction,3
8849958199fffff,Education,76
8849958199fffff,Financial,38
8849958199fffff,Health,57
8849958199fffff,Hospitality,70
8849958199fffff,Manufacturing,167
8849958199fffff,Professional Service,1
8849958199fffff,Public Administration,1
8849958199fffff,Real Estate,9
8849958199fffff,Retail,348
8849958199fffff,Transportation,22
8849958199fffff,Wholesale,187
884995819dfffff,Art/Culture,26
884995819dfffff,Business Support,22
884995819dfffff,Education,411
884995819dfffff,Financial,61
884995819dfffff,Health,320
884995819dfffff,Hospitality,299
884995819dfffff,Information,39
884995819dfffff,Manufacturing,307
884995819dfffff,Professional Service,32
884995819dfffff,Public Administration,147
884995819dfffff,Real Estate,48
884995819dfffff,Retail,1599
884995819dfffff,Transportation,6
884995819dfffff,Wholesale,17
88499581b1fffff,Art/Culture,20
88499581b1fffff,Business Support,3
88499581b1fffff,Education,15
88499581b1fffff,Financial,26
88499581b1fffff,Health,56
88499581b1fffff,Hospitality,48
88499581b1fffff,Manufacturing,45
88499581b1fffff,Professional Service,3
88499581b1fffff,Public Administration,3
88499581b1fffff,Real Estate,4
88499581b1fffff,Retail,323
88499581b1fffff,Wholesale,7
88499581b3fffff,Art/Culture,5
88499581b3fffff,Business Support,3
88499581b3fffff,Education,328
88499581b3fffff,Health,49
88499581b3fffff,Hospitality,120
88499581b3fffff,Information,6
88499581b3fffff,Manufacturing,74
88499581b3fffff,Professional Service,10
88499581b3fffff,Public Administration,232
88499581b3fffff,Real Estate,5
88499581b3fffff,Retail,221
88499581b3fffff,Wholesale,7
88499581b9fffff,Art/Culture,12
88499581b9fffff,Business Support,13
88499581b9fffff,Education,62
88499581b9fffff,Financial,4
88499581b9fffff,Health,432
88499581b9fffff,Hospitality,78
88499581b9fffff,Information,7
88499581b9fffff,Manufacturing,52
88499581b9fffff,Professional Service,12
88499581b9fffff,Public Administration,3
88499581b9fffff,Real Estate,5
88499581b9fffff,Retail,391
88499581b9fffff,Transportation,34
88499581b9fffff,Wholesale,90
88499581bbfffff,Art/Culture,87
88499581bbfffff,Business Support,18
88499581bbfffff,Education,319
88499581bbfffff,Energy,3
88499581bbfffff,Financial,129
88499581bbfffff,Health,169
88499581bbfffff,Hospitality,203
88499581bbfffff,Information,27
88499581bbfffff,Manufacturing,200
88499581bbfffff,Professional Service,70
88499581bbfffff,Public Administration,1432
88499581bbfffff,Real Estate,38
88499581bbfffff,Retail,718
88499581bbfffff,Transportation,6
88499581bbfffff,Wholesale,42
88499581c1fffff,Business Support,4
88499581c1fffff,Education,9
88499581c1fffff,Health,22
88499581c1fffff,Hospitality,24
88499581c1fffff,Manufacturing,35
88499581c1fffff,Real Estate,2
88499581c1fffff,Retail,260
88499581c7fffff,Art/Culture,26
88499581c7fffff,Business Support,1
88499581c7fffff,Construction,3
88499581c7fffff,Education,52
88499581c7fffff,Health,85
88499581c7fffff,Hospitality,130
88499581c7fffff,Information,9
88499581c7fffff,Manufacturing,79
88499581c7fffff,Professional Service,10
88499581c7fffff,Public Administration,4
88499581c7fffff,Real Estate,17
88499581c7fffff,Retail,495
88499581c7fffff,Wholesale,32
88499581d1fffff,Art/Culture,3
88499581d1fffff,Education,84
88499581d1fffff,Health,1
88499581d1fffff,Hospitality,9
88499581d1fffff,Manufacturing,5
88499581d1fffff,Retail,116
88499581d1fffff,Wholesale,3
88499581d3fffff,Art/Culture,1
88499581d3fffff,Education,101
88499581d3fffff,Health,14
88499581d3fffff,Hospitality,21
88499581d3fffff,Information,7
88499581d3fffff,Manufacturing,20
88499581d3fffff,Public Administration,4
88499581d3fffff,Real Estate,8
88499581d3fffff,Retail,342
88499581d3fffff,Wholesale,13
88499581d5fffff,Art/Culture,5
88499581d5fffff,Business Support,7
88499581d5fffff,Education,32
88499581d5fffff,Health,189
88499581d5fffff,Hospitality,34
88499581d5fffff,Manufacturing,79
88499581d5fffff,Professional Service,4
88499581d5fffff,Real Estate,2
88499581d5fffff,Retail,371
88499581d5fffff,Wholesale,11
88499581d7fffff,Art/Culture,6
88499581d7fffff,Business Support,13
88499581d7fffff,Education,336
88499581d7fffff,Energy,9
88499581d7fffff,Health,32
88499581d7fffff,Hospitality,73
88499581d7fffff,Manufacturing,134
88499581d7fffff,Professional Service,6
88499581d7fffff,Public Administration,7
88499581d7fffff,Real Estate,5
88499581d7fffff,Retail,470
88499581d7fffff,Wholesale,14
88499581dbfffff,Business Support,1
88499581dbfffff,Health,1
88499581dbfffff,Hospitality,4
88499581dbfffff,Manufacturing,13
88499581dbfffff,Retail,71
88499581dbfffff,Wholesale,2
8849958281fffff,Art/Culture,4
8849958281fffff,Business Support,9
8849958281fffff,Education,172
8849958281fffff,Health,121
8849958281fffff,Hospitality,61
8849958281fffff,Information,9
8849958281fffff,Manufacturing,55
8849958281fffff,Professional Service,5
8849958281fffff,Public Administration,30
8849958281fffff,Retail,594
8849958281fffff,Transportation,1
8849958281fffff,Wholesale,30
8849958283fffff,Art/Culture,27
8849958283fffff,Business Support,32
8849958283fffff,Education,223
8849958283fffff,Health,36
8849958283fffff,Hospitality,46
8849958283fffff,Manufacturing,31
8849958283fffff,Real Estate,13
8849958283fffff,Retail,190
8849958285fffff,Art/Culture,2
8849958285fffff,Education,8
8849958285fffff,Health,15
8849958285fffff,Hospitality,5
8849958285fffff,Manufacturing,20
8849958285fffff,Professional Service,1
8849958285fffff,Real Estate,7
8849958285fffff,Retail,118
8849958285fffff,Wholesale,20
8849958295fffff,Business Support,5
8849958295fffff,Education,28
8849958295fffff,Health,2
8849958295fffff,Hospitality,4
8849958295fffff,Manufacturing,13
8849958295fffff,Professional Service,6
8849958295fffff,Retail,90
8849958295fffff,Wholesale,3
884995829bfffff,Education,43
884995829bfffff,Hospitality,3
884995829bfffff,Manufacturing,7
884995829bfffff,Retail,82
88499582a5fffff,Art/Culture,19
88499582a5fffff,Education,31
88499582a5fffff,Health,24
88499582a5fffff,Hospitality,8
88499582a5fffff,Manufacturing,35
88499582a5fffff,Retail,42
88499582a7fffff,Education,3
88499582a7fffff,Health,22
88499582a7fffff,Hospitality,19
88499582a7fffff,Manufacturing,30
88499582a7fffff,Professional Service,1
88499582a7fffff,Public Administration,8
88499582a7fffff,Real Estate,2
88499582a7fffff,Retail,180
88499582a9fffff,Art/Culture,8
88499582a9fffff,Business Support,11
88499582a9fffff,Education,84
88499582a9fffff,Financial,11
88499582a9fffff,Health,120
88499582a9fffff,Hospitality,43
88499582a9fffff,Information,2
88499582a9fffff,Manufacturing,44
88499582a9fffff,Professional Service,9
88499582a9fffff,Real Estate,12
88499582a9fffff,Retail,423
88499582a9fffff,Wholesale,4
88499582b3fffff,Art/Culture,8
88499582b3fffff,Health,12
88499582b3fffff,Hospitality,21
88499582b3fffff,Manufacturing,26
88499582b3fffff,Real Estate,3
88499582b3fffff,Retail,121
88499582b3fffff,Wholesale,8
88499582bbfffff,Business Support,3
88499582bbfffff,Health,1
88499582bbfffff,Hospitality,6
88499582bbfffff,Manufacturing,13
88499582bbfffff,Professional Service,2
88499582bbfffff,Real Estate,6
88499582bbfffff,Retail,80
88499582bbfffff,Wholesale,10
88499582e1fffff,Health,2
88499582e1fffff,Manufacturing,7
88499582e1fffff,Real Estate,2
88499582e1fffff,Retail,35
88499582e3fffff,Art/Culture,2
88499582e3fffff,Business Support,4
88499582e3fffff,Education,68
88499582e3fffff,Health,37
88499582e3fffff,Hospitality,27
88499582e3fffff,Manufacturing,28
88499582e3fffff,Public Administration,2
88499582e3fffff,Real Estate,4
88499582e3fffff,Retail,194
88499582e3fffff,Wholesale,1
8849958333fffff,Business Support,6
8849958333fffff,Education,220
8849958333fffff,Health,49
8849958333fffff,Hospitality,10
8849958333fffff,Manufacturing,48
8849958333fffff,Public Administration,9
8849958333fffff,Real Estate,3
8849958333fffff,Retail,88
8849958333fffff,Wholesale,3
8849958401fffff,Art/Culture,11
8849958401fffff,Business Support,20
8849958401fffff,Construction,6
8849958401fffff,Education,503
8849958401fffff,Energy,269
8849958401fffff,Financial,251
8849958401fffff,Health,2286
8849958401fffff,Hospitality,511
8849958401fffff,Information,15
8849958401fffff,Manufacturing,31
8849958401fffff,Professional Service,140
8849958401fffff,Public Administration,439
8849958401fffff,Real Estate,7
8849958401fffff,Retail,542
8849958401fffff,Transportation,198
8849958401fffff,Wholesale,409
8849958403fffff,Art/Culture,23
8849958403fffff,Business Support,52
8849958403fffff,Education,71
8849958403fffff,Energy,2
8849958403fffff,Financial,94
8849958403fffff,Health,104
8849958403fffff,Hospitality,239
8849958403fffff,Manufacturing,183
8849958403fffff,Professional Service,178
8849958403fffff,Public Administration,39
8849958403fffff,Real Estate,45
8849958403fffff,Retail,883
8849958403fffff,Transportation,104
8849958403fffff,Wholesale,419
8849958405fffff,Art/Culture,4
8849958405fffff,Business Support,741
8849958405fffff,Construction,14
8849958405fffff,Education,772
8849958405fffff,Energy,7
8849958405fffff,Financial,104
8849958405fffff,Health,594
8849958405fffff,Hospitality,774
8849958405fffff,Information,267
8849958405fffff,Manufacturing,342
8849958405fffff,Professional Service,73
8849958405fffff,Public Administration,221
8849958405fffff,Real Estate,58
8849958405fffff,Retail,764
8849958405fffff,Transportation,15
8849958405fffff,Wholesale,151
8849958407fffff,Art/Culture,13
8849958407fffff,Business Support,22
8849958407fffff,Construction,22
8849958407fffff,Corporate,14
8849958407fffff,Education,148
8849958407fffff,Financial,222
8849958407fffff,Health,1831
8849958407fffff,Hospitality,298
8849958407fffff,Manufacturing,30
8849958407fffff,Professional Service,25
8849958407fffff,Public Administration,669
8849958407fffff,Real Estate,87
8849958407fffff,Retail,284
8849958407fffff,Transportation,4
8849958407fffff,Wholesale,66
8849958409fffff,Art/Culture,62
8849958409fffff,Business Support,17
8849958409fffff,Construction,26
8849958409fffff,Education,1752
8849958409fffff,Energy,442
8849958409fffff,Financial,54
8849958409fffff,Health,575
8849958409fffff,Hospitality,510
8849958409fffff,Information,33
8849958409fffff,Manufacturing,220
8849958409fffff,Professional Service,111
8849958409fffff,Public Administration,603
8849958409fffff,Real Estate,8
8849958409fffff,Retail,813
8849958409fffff,Transportation,7
8849958409fffff,Wholesale,265
884995840bfffff,Art/Culture,7
884995840bfffff,Business Support,7
884995840bfffff,Education,749
884995840bfffff,Financial,209
884995840bfffff,Health,727
884995840bfffff,Hospitality,418
884995840bfffff,Information,19
884995840bfffff,Manufacturing,65
884995840bfffff,Professional Service,42
884995840bfffff,Public Administration,1966
884995840bfffff,Real Estate,13
884995840bfffff,Retail,746
884995840bfffff,Transportation,3
884995840bfffff,Wholesale,24
884995840dfffff,Art/Culture,9
884995840dfffff,Business Support,3
884995840dfffff,Construction,3
884995840dfffff,Education,381
884995840dfffff,Financial,36
884995840dfffff,Health,1183
884995840dfffff,Hospitality,105
884995840dfffff,Manufacturing,7
884995840dfffff,Professional Service,4
884995840dfffff,Public Administration,335
884995840dfffff,Real Estate,1
884995840dfffff,Retail,97
884995840dfffff,Transportation,15
884995840dfffff,Wholesale,143
8849958411fffff,Art/Culture,6
8849958411fffff,Business Support,50
8849958411fffff,Education,1512
8849958411fffff,Financial,77
8849958411fffff,Health,771
8849958411fffff,Hospitality,104
8849958411fffff,Professional Service,79
8849958411fffff,Public Administration,668
8849958411fffff,Real Estate,34
8849958411fffff,Retail,781
8849958411fffff,Transportation,3
8849958415fffff,Art/Culture,22
8849958415fffff,Business Support,4
8849958415fffff,Education,344
8849958415fffff,Financial,49
8849958415fffff,Health,502
8849958415fffff,Hospitality,75
8849958415fffff,Information,4
8849958415fffff,Manufacturing,4
8849958415fffff,Professional Service,11
8849958415fffff,Public Administration,181
8849958415fffff,Real Estate,8
8849958415fffff,Retail,316
8849958415fffff,Transportation,31
8849958415fffff,Wholesale,366
8849958419fffff,Art/Culture,501
8849958419fffff,Business Support,338
8849958419fffff,Construction,70
8849958419fffff,Corporate,8
8849958419fffff,Education,79
8849958419fffff,Financial,1168
8849958419fffff,Health,48
8849958419fffff,Hospitality,223
8849958419fffff,Information,475
8849958419fffff,Manufacturing,122
8849958419fffff,Professional Service,955
8849958419fffff,Public Administration,169
8849958419fffff,Real Estate,133
8849958419fffff,Retail,770
8849958419fffff,Transportation,526
8849958419fffff,Wholesale,481
884995841bfffff,Art/Culture,34
884995841bfffff,Business Support,38
884995841bfffff,Corporate,3
884995841bfffff,Energy,44
884995841bfffff,Financial,627
884995841bfffff,Health,17
884995841bfffff,Hospitality,950
884995841bfffff,Information,254
884995841bfffff,Manufacturing,2
884995841bfffff,Professional Service,66
884995841bfffff,Real Estate,28
884995841bfffff,Retail,2607
884995841bfffff,Wholesale,6
884995841dfffff,Art/Culture,274
884995841dfffff,Business Support,155
884995841dfffff,Education,855
884995841dfffff,Financial,62
884995841dfffff,Health,219
884995841dfffff,Hospitality,455
884995841dfffff,Information,95
884995841dfffff,Manufacturing,105
884995841dfffff,Professional Service,244
884995841dfffff,Public Administration,842
884995841dfffff,Real Estate,11
884995841dfffff,Retail,843
884995841dfffff,Transportation,17
884995841dfffff,Wholesale,17
8849958421fffff,Art/Culture,12
8849958421fffff,Business Support,13
8849958421fffff,Construction,30
8849958421fffff,Education,268
8849958421fffff,Financial,20
8849958421fffff,Health,244
8849958421fffff,Hospitality,223
8849958421fffff,Manufacturing,138
8849958421fffff,Professional Service,13
8849958421fffff,Public Administration,995
8849958421fffff,Real Estate,31
8849958421fffff,Retail,533
8849958421fffff,Transportation,24
8849958421fffff,Wholesale,25
8849958423fffff,Art/Culture,3
8849958423fffff,Business Support,227
8849958423fffff,Construction,8
8849958423fffff,Corporate,7
8849958423fffff,Education,105
8849958423fffff,Financial,37
8849958423fffff,Health,119
8849958423fffff,Hospitality,270
8849958423fffff,Information,2
8849958423fffff,Manufacturing,202
8849958423fffff,Professional Service,86
8849958423fffff,Public Administration,142
8849958423fffff,Real Estate,86
8849958423fffff,Retail,795
8849958423fffff,Transportation,41
8849958423fffff,Wholesale,133
8849958425fffff,Art/Culture,185
8849958425fffff,Business Support,34
8849958425fffff,Construction,19
8849958425fffff,Education,243
8849958425fffff,Financial,98
8849958425fffff,Health,691
8849958425fffff,Hospitality,175
8849958425fffff,Manufacturing,22
8849958425fffff,Professional Service,9
8849958425fffff,Public Administration,6
8849958425fffff,Real Estate,14
8849958425fffff,Retail,268
8849958425fffff,Transportation,1
8849958425fffff,Wholesale,53
8849958427fffff,Art/Culture,149
8849958427fffff,Business Support,6
8849958427fffff,Construction,4
8849958427fffff,Education,427
8849958427fffff,Financial,338
8849958427fffff,Health,455
8849958427fffff,Hospitality,244
8849958427fffff,Information,393
8849958427fffff,Manufacturing,1106
8849958427fffff,Professional Service,99
8849958427fffff,Public Administration,6
8849958427fffff,Retail,302
8849958427fffff,Transportation,21
8849958427fffff,Wholesale,411
8849958429fffff,Art/Culture,7
8849958429fffff,Business Support,3
8849958429fffff,Construction,4
8849958429fffff,Education,301
8849958429fffff,Financial,32
8849958429fffff,Health,271
8849958429fffff,Hospitality,126
8849958429fffff,Information,4
8849958429fffff,Manufacturing,140
8849958429fffff,Professional Service,38
8849958429fffff,Public Administration,477
8849958429fffff,Real Estate,116
8849958429fffff,Retail,234
8849958429fffff,Wholesale,187
884995842dfffff,Art/Culture,89
884995842dfffff,Business Support,57
884995842dfffff,Construction,46
884995842dfffff,Education,110
884995842dfffff,Energy,7
884995842dfffff,Financial,337
884995842dfffff,Health,155
884995842dfffff,Hospitality,1325
884995842dfffff,Information,140
884995842dfffff,Manufacturing,115
884995842dfffff,Professional Service,106
884995842dfffff,Public Administration,106
884995842dfffff,Real Estate,58
884995842dfffff,Retail,1721
884995842dfffff,Transportation,71
884995842dfffff,Wholesale,46
8849958431fffff,Art/Culture,83
8849958431fffff,Business Support,29
8849958431fffff,Construction,1
8849958431fffff,Education,411
8849958431fffff,Financial,69
8849958431fffff,Health,234
8849958431fffff,Hospitality,450
8849958431fffff,Information,9
8849958431fffff,Manufacturing,374
8849958431fffff,Professional Service,102
8849958431fffff,Public Administration,291
8849958431fffff,Real Estate,48
8849958431fffff,Retail,1047
8849958431fffff,Transportation,129
8849958431fffff,Wholesale,103
8849958433fffff,Art/Culture,35
8849958433fffff,Business Support,35
8849958433fffff,Construction,2
8849958433fffff,Education,265
8849958433fffff,Financial,2
8849958433fffff,Health,168
8849958433fffff,Hospitality,298
8849958433fffff,Manufacturing,258
8849958433fffff,Professional Service,27
8849958433fffff,Real Estate,34
8849958433fffff,Retail,1213
8849958433fffff,Transportation,237
8849958433fffff,Wholesale,62
8849958435fffff,Art/Culture,44
8849958435fffff,Business Support,19
8849958435fffff,Construction,1
8849958435fffff,Education,243
8849958435fffff,Financial,27
8849958435fffff,Health,324
8849958435fffff,Hospitality,208
8849958435fffff,Manufacturing,285
8849958435fffff,Professional Service,34
8849958435fffff,Real Estate,33
8849958435fffff,Retail,1211
8849958435fffff,Wholesale,52
8849958437fffff,Art/Culture,115
8849958437fffff,Business Support,26
8849958437fffff,Construction,1
8849958437fffff,Education,658
8849958437fffff,Financial,19
8849958437fffff,Health,357
8849958437fffff,Hospitality,345
8849958437fffff,Information,9
8849958437fffff,Manufacturing,255
8849958437fffff,Professional Service,41
8849958437fffff,Public Administration,13
8849958437fffff,Real Estate,73
8849958437fffff,Retail,1401
8849958437fffff,Transportation,80
8849958437fffff,Wholesale,172
8849958439fffff,Art/Culture,131
8849958439fffff,Business Support,78
8849958439fffff,Construction,29
8849958439fffff,Education,307
8849958439fffff,Financial,309
8849958439fffff,Health,118
8849958439fffff,Hospitality,685
8849958439fffff,Information,63
8849958439fffff,Manufacturing,531
8849958439fffff,Professional Service,9
8849958439fffff,Public Administration,124
8849958439fffff,Real Estate,98
8849958439fffff,Retail,1291
8849958439fffff,Wholesale,32
884995843dfffff,Art/Culture,37
884995843dfffff,Business Support,52
884995843dfffff,Construction,9
884995843dfffff,Education,283
884995843dfffff,Health,271
884995843dfffff,Hospitality,327
884995843dfffff,Information,25
884995843dfffff,Manufacturing,130
884995843dfffff,Professional Service,63
884995843dfffff,Public Administration,20
884995843dfffff,Real Estate,85
884995843dfffff,Retail,635
884995843dfffff,Wholesale,95
8849958441fffff,Art/Culture,64
8849958441fffff,Business Support,10
8849958441fffff,Construction,35
8849958441fffff,Education,241
8849958441fffff,Energy,97
8849958441fffff,Financial,157
8849958441fffff,Health,84
8849958441fffff,Hospitality,733
8849958441fffff,Information,29
8849958441fffff,Manufacturing,594
8849958441fffff,Professional Service,18
8849958441fffff,Public Administration,49
8849958441fffff,Real Estate,34
8849958441fffff,Retail,784
8849958441fffff,Transportation,27
8849958441fffff,Wholesale,84
8849958443fffff,Art/Culture,8
8849958443fffff,Business Support,16
8849958443fffff,Construction,3
8849958443fffff,Education,252
8849958443fffff,Financial,6
8849958443fffff,Health,145
8849958443fffff,Hospitality,174
8849958443fffff,Information,6
8849958443fffff,Manufacturing,113
8849958443fffff,Professional Service,33
8849958443fffff,Public Administration,8
8849958443fffff,Real Estate,29
8849958443fffff,Retail,660
8849958443fffff,Transportation,8
8849958443fffff,Wholesale,66
8849958445fffff,Art/Culture,12
8849958445fffff,Business Support,1
8849958445fffff,Construction,1
8849958445fffff,Education,171
8849958445fffff,Health,70
8849958445fffff,Hospitality,145
8849958445fffff,Manufacturing,77
8849958445fffff,Professional Service,34
8849958445fffff,Public Administration,1
8849958445fffff,Real Estate,9
8849958445fffff,Retail,643
8849958445fffff,Transportation,13
8849958445fffff,Wholesale,21
8849958447fffff,Art/Culture,338
8849958447fffff,Business Support,3
8849958447fffff,Education,421
8849958447fffff,Financial,102
8849958447fffff,Health,28
8849958447fffff,Hospitality,92
8849958447fffff,Manufacturing,19
8849958447fffff,Professional Service,2
8849958447fffff,Public Administration,9
8849958447fffff,Real Estate,14
8849958447fffff,Retail,135
8849958447fffff,Wholesale,14
8849958449fffff,Art/Culture,6
8849958449fffff,Business Support,4
8849958449fffff,Education,240
8849958449fffff,Energy,9
8849958449fffff,Financial,7
8849958449fffff,Health,11
8849958449fffff,Hospitality,104
8849958449fffff,Manufacturing,93
8849958449fffff,Professional Service,52
8849958449fffff,Real Estate,14
8849958449fffff,Retail,189
8849958449fffff,Wholesale,35
884995844bfffff,Art/Culture,12
884995844bfffff,Business Support,15
884995844bfffff,Education,259
884995844bfffff,Health,192
884995844bfffff,Hospitality,102
884995844bfffff,Manufacturing,109
884995844bfffff,Professional Service,14
884995844bfffff,Public Administration,22
884995844bfffff,Real Estate,6
884995844bfffff,Retail,353
884995844bfffff,Transportation,31
884995844bfffff,Wholesale,15
8849958451fffff,Art/Culture,43
8849958451fffff,Business Support,5
8849958451fffff,Construction,90
8849958451fffff,Education,394
8849958451fffff,Energy,2
8849958451fffff,Health,238
8849958451fffff,Hospitality,82
8849958451fffff,Manufacturing,429
8849958451fffff,Professional Service,21
8849958451fffff,Public Administration,153
8849958451fffff,Real Estate,9
8849958451fffff,Retail,415
8849958451fffff,Wholesale,19
8849958455fffff,Art/Culture,93
8849958455fffff,Business Support,27
8849958455fffff,Construction,8
8849958455fffff,Education,130
8849958455fffff,Financial,163
8849958455fffff,Health,77
8849958455fffff,Hospitality,548
8849958455fffff,Information,53
8849958455fffff,Manufacturing,381
8849958455fffff,Professional Service,40
8849958455fffff,Public Administration,24
8849958455fffff,Real Estate,6
8849958455fffff,Retail,1117
8849958455fffff,Transportation,56
8849958455fffff,Wholesale,119
8849958457fffff,Art/Culture,43
8849958457fffff,Business Support,7
8849958457fffff,Construction,4
8849958457fffff,Education,503
8849958457fffff,Energy,35
8849958457fffff,Financial,104
8849958457fffff,Health,82
8849958457fffff,Hospitality,221
8849958457fffff,Manufacturing,355
8849958457fffff,Professional Service,606
8849958457fffff,Public Administration,736
8849958457fffff,Real Estate,32
8849958457fffff,Retail,778
8849958457fffff,Transportation,4
8849958457fffff,Wholesale,31
8849958459fffff,Art/Culture,12
8849958459fffff,Business Support,10
8849958459fffff,Construction,4
8849958459fffff,Education,122
8849958459fffff,Health,95
8849958459fffff,Hospitality,95
8849958459fffff,Manufacturing,66
8849958459fffff,Professional Service,6
8849958459fffff,Real Estate,5
8849958459fffff,Retail,486
8849958459fffff,Wholesale,1
884995845bfffff,Art/Culture,22
884995845bfffff,Business Support,5
884995845bfffff,Education,238
884995845bfffff,Energy,2
884995845bfffff,Health,92
884995845bfffff,Hospitality,97
884995845bfffff,Information,4
884995845bfffff,Manufacturing,125
884995845bfffff,Professional Service,32
884995845bfffff,Public Administration,199
884995845bfffff,Real Estate,12
884995845bfffff,Retail,333
884995845bfffff,Transportation,1
884995845bfffff,Wholesale,31
884995845dfffff,Art/Culture,40
884995845dfffff,Business Support,6
884995845dfffff,Construction,23
884995845dfffff,Education,86
884995845dfffff,Health,75
884995845dfffff,Hospitality,128
884995845dfffff,Manufacturing,322
884995845dfffff,Professional Service,30
884995845dfffff,Public Administration,1
884995845dfffff,Real Estate,4
884995845dfffff,Retail,723
884995845dfffff,Wholesale,16
8849958463fffff,Business Support,96
8849958463fffff,Education,395
8849958463fffff,Financial,24
8849958463fffff,Health,180
8849958463fffff,Hospitality,154
8849958463fffff,Information,77
8849958463fffff,Manufacturing,85
8849958463fffff,Public Administration,748
8849958463fffff,Real Estate,6
8849958463fffff,Retail,196
8849958463fffff,Transportation,18
8849958463fffff,Wholesale,67
8849958465fffff,Art/Culture,150
8849958465fffff,Business Support,12
8849958465fffff,Construction,18
8849958465fffff,Education,128
8849958465fffff,Energy,3
8849958465fffff,Financial,252
8849958465fffff,Health,156
8849958465fffff,Hospitality,204
8849958465fffff,Information,55
8849958465fffff,Manufacturing,82
8849958465fffff,Professional Service,381
8849958465fffff,Public Administration,2
8849958465fffff,Real Estate,8
8849958465fffff,Retail,879
8849958465fffff,Transportation,32
8849958465fffff,Wholesale,57
8849958467fffff,Art/Culture,29
8849958467fffff,Education,1090
8849958467fffff,Financial,136
8849958467fffff,Health,90
8849958467fffff,Hospitality,310
8849958467fffff,Manufacturing,162
8849958467fffff,Professional Service,127
8849958467fffff,Public Administration,566
8849958467fffff,Real Estate,3
8849958467fffff,Retail,1116
8849958467fffff,Transportation,23
8849958467fffff,Wholesale,748
8849958469fffff,Art/Culture,12
8849958469fffff,Business Support,4
8849958469fffff,Education,6
8849958469fffff,Health,7
8849958469fffff,Hospitality,21
8849958469fffff,Information,4
8849958469fffff,Manufacturing,14
8849958469fffff,Professional Service,6
8849958469fffff,Real Estate,1
8849958469fffff,Retail,106
8849958469fffff,Wholesale,1
884995846bfffff,Construction,4
884995846bfffff,Financial,6
884995846bfffff,Health,3
884995846bfffff,Hospitality,1
884995846bfffff,Manufacturing,2
884995846bfffff,Professional Service,4
884995846bfffff,Real Estate,4
884995846bfffff,Retail,42
884995846dfffff,Art/Culture,12
884995846dfffff,Construction,7
884995846dfffff,Education,373
884995846dfffff,Health,101
884995846dfffff,Hospitality,46
884995846dfffff,Manufacturing,22
884995846dfffff,Professional Service,16
884995846dfffff,Public Administration,11
884995846dfffff,Real Estate,5
884995846dfffff,Retail,189
884995846dfffff,Wholesale,20
8849958481fffff,Art/Culture,73
8849958481fffff,Business Support,11
8849958481fffff,Construction,12
8849958481fffff,Education,929
8849958481fffff,Financial,806
8849958481fffff,Health,586
8849958481fffff,Hospitality,339
8849958481fffff,Information,27
8849958481fffff,Manufacturing,123
8849958481fffff,Professional Service,54
8849958481fffff,Public Administration,648
8849958481fffff,Real Estate,11
8849958481fffff,Retail,410
8849958481fffff,Transportation,146
8849958481fffff,Wholesale,287
8849958485fffff,Art/Culture,429
8849958485fffff,Business Support,1555
8849958485fffff,Construction,6
8849958485fffff,Corporate,206
8849958485fffff,Education,389
8849958485fffff,Financial,684
8849958485fffff,Health,591
8849958485fffff,Hospitality,2178
8849958485fffff,Information,248
8849958485fffff,Manufacturing,531
8849958485fffff,Professional Service,1164
8849958485fffff,Public Administration,1746
8849958485fffff,Real Estate,56
8849958485fffff,Retail,2258
8849958485fffff,Transportation,223
8849958485fffff,Wholesale,728
8849958487fffff,Art/Culture,60
8849958487fffff,Business Support,1108
8849958487fffff,Corporate,53
8849958487fffff,Education,290
8849958487fffff,Financial,114
8849958487fffff,Health,10
8849958487fffff,Hospitality,781
8849958487fffff,Information,401
8849958487fffff,Manufacturing,79
8849958487fffff,Professional Service,128
8849958487fffff,Public Administration,462
8849958487fffff,Real Estate,75
8849958487fffff,Retail,121
8849958487fffff,Wholesale,360
8849958489fffff,Art/Culture,183
8849958489fffff,Business Support,199
8849958489fffff,Construction,490
8849958489fffff,Education,729
8849958489fffff,Financial,754
8849958489fffff,Health,514
8849958489fffff,Hospitality,432
8849958489fffff,Information,20
8849958489fffff,Manufacturing,340
8849958489fffff,Professional Service,163
8849958489fffff,Public Administration,581
8849958489fffff,Real Estate,51
8849958489fffff,Retail,590
8849958489fffff,Transportation,5
8849958489fffff,Wholesale,552
884995848bfffff,Business Support,10
884995848bfffff,Education,94
884995848bfffff,Energy,2
884995848bfffff,Financial,29
884995848bfffff,Health,284
884995848bfffff,Hospitality,89
884995848bfffff,Information,159
884995848bfffff,Manufacturing,184
884995848bfffff,Professional Service,268
884995848bfffff,Public Administration,3
884995848bfffff,Real Estate,18
884995848bfffff,Retail,886
884995848bfffff,Wholesale,103
884995848dfffff,Art/Culture,250
884995848dfffff,Business Support,4
884995848dfffff,Construction,630
884995848dfffff,Education,1387
884995848dfffff,Energy,96
884995848dfffff,Financial,543
884995848dfffff,Health,416
884995848dfffff,Hospitality,532
884995848dfffff,Information,526
884995848dfffff,Manufacturing,23
884995848dfffff,Professional Service,423
884995848dfffff,Public Administration,542
884995848dfffff,Real Estate,415
884995848dfffff,Retail,1063
884995848dfffff,Transportation,10
884995848dfffff,Wholesale,51
8849958491fffff,Art/Culture,18
8849958491fffff,Business Support,3
8849958491fffff,Education,182
8849958491fffff,Health,46
8849958491fffff,Hospitality,30
8849958491fffff,Information,6
8849958491fffff,Manufacturing,47
8849958491fffff,Professional Service,4
8849958491fffff,Public Administration,3
8849958491fffff,Real Estate,4
8849958491fffff,Retail,456
8849958491fffff,Wholesale,15
8849958493fffff,Art/Culture,19
8849958493fffff,Business Support,2
8849958493fffff,Education,173
8849958493fffff,Financial,11
8849958493fffff,Health,498
8849958493fffff,Hospitality,169
8849958493fffff,Information,19
8849958493fffff,Manufacturing,7
8849958493fffff,Professional Service,8
8849958493fffff,Public Administration,7
8849958493fffff,Real Estate,40
8849958493fffff,Retail,362
8849958493fffff,Transportation,6
8849958495fffff,Art/Culture,14
8849958495fffff,Construction,2
8849958495fffff,Education,117
8849958495fffff,Financial,224
8849958495fffff,Health,22
8849958495fffff,Hospitality,35
8849958495fffff,Manufacturing,44
8849958495fffff,Professional Service,1
8849958495fffff,Public Administration,61
8849958495fffff,Real Estate,13
8849958495fffff,Retail,109
8849958495fffff,Transportation,9
8849958495fffff,Wholesale,7
8849958497fffff,Art/Culture,24
8849958497fffff,Business Support,4
8849958497fffff,Education,223
8849958497fffff,Financial,2
8849958497fffff,Hospitality,66
8849958497fffff,Manufacturing,13
8849958497fffff,Professional Service,1
8849958497fffff,Real Estate,9
8849958497fffff,Retail,59
8849958497fffff,Transportation,316
8849958499fffff,Art/Culture,15
8849958499fffff,Business Support,457
8849958499fffff,Education,75
8849958499fffff,Energy,3
8849958499fffff,Financial,71
8849958499fffff,Health,91
8849958499fffff,Hospitality,632
8849958499fffff,Information,17
8849958499fffff,Manufacturing,141
8849958499fffff,Professional Service,547
8849958499fffff,Real Estate,4
8849958499fffff,Retail,458
8849958499fffff,Transportation,25
8849958499fffff,Wholesale,16
884995849bfffff,Art/Culture,9
884995849bfffff,Business Support,30
884995849bfffff,Education,198
884995849bfffff,Financial,2
884995849bfffff,Health,55
884995849bfffff,Hospitality,62
884995849bfffff,Manufacturing,148
884995849bfffff,Professional Service,7
884995849bfffff,Public Administration,17
884995849bfffff,Real Estate,24
884995849bfffff,Retail,414
884995849bfffff,Transportation,9
884995849bfffff,Wholesale,227
884995849dfffff,Art/Culture,7
884995849dfffff,Business Support,3
884995849dfffff,Education,335
884995849dfffff,Energy,4
884995849dfffff,Financial,34
884995849dfffff,Health,35
884995849dfffff,Hospitality,84
884995849dfffff,Manufacturing,32
884995849dfffff,Professional Service,13
884995849dfffff,Public Administration,4
884995849dfffff,Retail,787
884995849dfffff,Transportation,14
884995849dfffff,Wholesale,9
88499584a1fffff,Art/Culture,10
88499584a1fffff,Business Support,113
88499584a1fffff,Construction,89
88499584a1fffff,Corporate,2
88499584a1fffff,Education,99
88499584a1fffff,Financial,333
88499584a1fffff,Health,226
88499584a1fffff,Hospitality,130
88499584a1fffff,Information,95
88499584a1fffff,Manufacturing,24
88499584a1fffff,Professional Service,470
88499584a1fffff,Public Administration,1262
88499584a1fffff,Real Estate,37
88499584a1fffff,Retail,266
88499584a1fffff,Transportation,93
88499584a1fffff,Wholesale,154
88499584a3fffff,Art/Culture,591
88499584a3fffff,Business Support,1727
88499584a3fffff,Construction,1416
88499584a3fffff,Corporate,31
88499584a3fffff,Education,1075
88499584a3fffff,Financial,3225
88499584a3fffff,Health,195
88499584a3fffff,Hospitality,894
88499584a3fffff,Information,189
88499584a3fffff,Manufacturing,426
88499584a3fffff,Professional Service,2730
88499584a3fffff,Public Administration,809
88499584a3fffff,Real Estate,518
88499584a3fffff,Retail,1313
88499584a3fffff,Transportation,325
88499584a3fffff,Wholesale,2657
88499584a5fffff,Art/Culture,168
88499584a5fffff,Business Support,251
88499584a5fffff,Construction,48
88499584a5fffff,Education,301
88499584a5fffff,Financial,103
88499584a5fffff,Health,426
88499584a5fffff,Hospitality,471
88499584a5fffff,Information,28
88499584a5fffff,Manufacturing,54
88499584a5fffff,Professional Service,466
88499584a5fffff,Public Administration,442
88499584a5fffff,Real Estate,11
88499584a5fffff,Retail,286
88499584a5fffff,Wholesale,2
88499584a7fffff,Art/Culture,34
88499584a7fffff,Business Support,176
88499584a7fffff,Construction,127
88499584a7fffff,Education,778
88499584a7fffff,Financial,1162
88499584a7fffff,Health,1508
88499584a7fffff,Hospitality,714
88499584a7fffff,Information,347
88499584a7fffff,Manufacturing,1
88499584a7fffff,Professional Service,478
88499584a7fffff,Public Administration,1194
88499584a7fffff,Real Estate,124
88499584a7fffff,Retail,1390
88499584a7fffff,Transportation,43
88499584a7fffff,Wholesale,909
88499584a9fffff,Art/Culture,205
88499584a9fffff,Business Support,42
88499584a9fffff,Construction,21
88499584a9fffff,Corporate,22
88499584a9fffff,Education,337
88499584a9fffff,Energy,98
88499584a9fffff,Financial,464
88499584a9fffff,Health,93
88499584a9fffff,Hospitality,1504
88499584a9fffff,Information,121
88499584a9fffff,Manufacturing,870
88499584a9fffff,Professional Service,25
88499584a9fffff,Public Administration,432
88499584a9fffff,Real Estate,45
88499584a9fffff,Retail,2259
88499584a9fffff,Transportation,44
88499584a9fffff,Wholesale,216
88499584abfffff,Art/Culture,305
88499584abfffff,Business Support,601
88499584abfffff,Construction,1070
88499584abfffff,Education,970
88499584abfffff,Energy,29
88499584abfffff,Financial,2322
88499584abfffff,Health,803
88499584abfffff,Hospitality,1743
88499584abfffff,Information,78
88499584abfffff,Manufacturing,739
88499584abfffff,Professional Service,2378
88499584abfffff,Public Administration,4502
88499584abfffff,Real Estate,246
88499584abfffff,Retail,1086
88499584abfffff,Transportation,640
88499584abfffff,Wholesale,327
88499584adfffff,Art/Culture,147
88499584adfffff,Business Support,77
88499584adfffff,Construction,72
88499584adfffff,Education,289
88499584adfffff,Energy,2
88499584adfffff,Financial,221
88499584adfffff,Health,363
88499584adfffff,Hospitality,574
88499584adfffff,Information,105
88499584adfffff,Manufacturing,422
88499584adfffff,Professional Service,68
88499584adfffff,Public Administration,200
88499584adfffff,Real Estate,35
88499584adfffff,Retail,1413
88499584adfffff,Transportation,4
88499584adfffff,Wholesale,67
88499584b1fffff,Art/Culture,40
88499584b1fffff,Business Support,14
88499584b1fffff,Construction,521
88499584b1fffff,Education,524
88499584b1fffff,Financial,11
88499584b1fffff,Health,588
88499584b1fffff,Hospitality,388
88499584b1fffff,Manufacturing,216
88499584b1fffff,Professional Service,47
88499584b1fffff,Public Administration,907
88499584b1fffff,Real Estate,4
88499584b1fffff,Retail,467
88499584b1fffff,Transportation,34
88499584b1fffff,Wholesale,3
88499584b3fffff,Art/Culture,12
88499584b3fffff,Business Support,27
88499584b3fffff,Construction,6
88499584b3fffff,Education,495
88499584b3fffff,Financial,222
88499584b3fffff,Health,261
88499584b3fffff,Hospitality,304
88499584b3fffff,Information,3
88499584b3fffff,Manufacturing,870
88499584b3fffff,Professional Service,146
88499584b3fffff,Public Administration,117
88499584b3fffff,Real Estate,19
88499584b3fffff,Retail,1333
88499584b3fffff,Wholesale,596
88499584b5fffff,Art/Culture,109
88499584b5fffff,Business Support,576
88499584b5fffff,Construction,14
88499584b5fffff,Education,700
88499584b5fffff,Financial,755
88499584b5fffff,Health,532
88499584b5fffff,Hospitality,787
88499584b5fffff,Information,14
88499584b5fffff,Manufacturing,178
88499584b5fffff,Professional Service,1910
88499584b5fffff,Public Administration,314
88499584b5fffff,Real Estate,81
88499584b5fffff,Retail,1131
88499584b5fffff,Transportation,285
88499584b5fffff,Wholesale,360
88499584b7fffff,Art/Culture,31
88499584b7fffff,Business Support,177
88499584b7fffff,Construction,45
88499584b7fffff,Education,261
88499584b7fffff,Financial,52
88499584b7fffff,Health,289
88499584b7fffff,Hospitality,334
88499584b7fffff,Information,8
88499584b7fffff,Manufacturing,651
88499584b7fffff,Professional Service,125
88499584b7fffff,Public Administration,108
88499584b7fffff,Real Estate,6
88499584b7fffff,Retail,636
88499584b7fffff,Transportation,98
88499584b7fffff,Wholesale,681
88499584b9fffff,Business Support,81
88499584b9fffff,Construction,83
88499584b9fffff,Corporate,1
88499584b9fffff,Education,602
88499584b9fffff,Financial,1148
88499584b9fffff,Health,76
88499584b9fffff,Hospitality,141
88499584b9fffff,Information,6
88499584b9fffff,Manufacturing,24
88499584b9fffff,Professional Service,693
88499584b9fffff,Public Administration,1971
88499584b9fffff,Real Estate,15
88499584b9fffff,Retail,269
88499584b9fffff,Transportation,70
88499584b9fffff,Wholesale,366
88499584bbfffff,Art/Culture,15
88499584bbfffff,Business Support,62
88499584bbfffff,Construction,270
88499584bbfffff,Education,256
88499584bbfffff,Energy,25
88499584bbfffff,Financial,183
88499584bbfffff,Health,62
88499584bbfffff,Hospitality,178
88499584bbfffff,Manufacturing,31
88499584bbfffff,Professional Service,14
88499584bbfffff,Public Administration,11
88499584bbfffff,Real Estate,4
88499584bbfffff,Retail,434
88499584bbfffff,Transportation,11
88499584bbfffff,Wholesale,61
88499584bdfffff,Art/Culture,111
88499584bdfffff,Business Support,509
88499584bdfffff,Construction,696
88499584bdfffff,Corporate,8
88499584bdfffff,Education,521
88499584bdfffff,Financial,1486
88499584bdfffff,Health,41
88499584bdfffff,Hospitality,973
88499584bdfffff,Information,113
88499584bdfffff,Manufacturing,27
88499584bdfffff,Professional Service,1531
88499584bdfffff,Public Administration,1587
88499584bdfffff,Real Estate,109
88499584bdfffff,Retail,1692
88499584bdfffff,Transportation,113
88499584bdfffff,Wholesale,1751
88499584c1fffff,Education,139
88499584c1fffff,Financial,62
88499584c1fffff,Health,26
88499584c1fffff,Professional Service,397
88499584c1fffff,Public Administration,4
88499584c1fffff,Real Estate,14
88499584c1fffff,Retail,4
88499584c3fffff,Art/Culture,24
88499584c3fffff,Business Support,4
88499584c3fffff,Construction,47
88499584c3fffff,Education,211
88499584c3fffff,Financial,240
88499584c3fffff,Health,136
88499584c3fffff,Hospitality,973
88499584c3fffff,Information,4
88499584c3fffff,Manufacturing,1
88499584c3fffff,Professional Service,152
88499584c3fffff,Public Administration,5
88499584c3fffff,Real Estate,14
88499584c3fffff,Retail,1750
88499584c3fffff,Transportation,18
88499584c3fffff,Wholesale,6
88499584cbfffff,Art/Culture,150
88499584cbfffff,Business Support,4
88499584cbfffff,Education,264
88499584cbfffff,Financial,206
88499584cbfffff,Health,102
88499584cbfffff,Hospitality,611
88499584cbfffff,Information,20
88499584cbfffff,Manufacturing,11
88499584cbfffff,Professional Service,46
88499584cbfffff,Real Estate,39
88499584cbfffff,Retail,435
88499584cbfffff,Transportation,18
88499584cbfffff,Wholesale,44
88499584d3fffff,Business Support,7
88499584d3fffff,Education,98
88499584d3fffff,Health,47
88499584d3fffff,Hospitality,82
88499584d3fffff,Manufacturing,83
88499584d3fffff,Professional Service,2
88499584d3fffff,Real Estate,2
88499584d3fffff,Retail,337
88499584d3fffff,Wholesale,7
88499584d5fffff,Art/Culture,120
88499584d5fffff,Business Support,359
88499584d5fffff,Construction,24
88499584d5fffff,Education,355
88499584d5fffff,Energy,387
88499584d5fffff,Financial,45
88499584d5fffff,Health,107
88499584d5fffff,Hospitality,164
88499584d5fffff,Information,3
88499584d5fffff,Manufacturing,262
88499584d5fffff,Professional Service,77
88499584d5fffff,Public Administration,6
88499584d5fffff,Real Estate,21
88499584d5fffff,Retail,225
88499584d5fffff,Transportation,25
88499584d5fffff,Wholesale,255
88499584d9fffff,Business Support,34
88499584d9fffff,Construction,38
88499584d9fffff,Education,85
88499584d9fffff,Financial,8
88499584d9fffff,Health,26
88499584d9fffff,Hospitality,60
88499584d9fffff,Manufacturing,7
88499584d9fffff,Professional Service,77
88499584d9fffff,Real Estate,3
88499584d9fffff,Retail,119
88499584d9fffff,Wholesale,2
88499584ddfffff,Art/Culture,48
88499584ddfffff,Business Support,274
88499584ddfffff,Construction,133
88499584ddfffff,Corporate,4
88499584ddfffff,Education,317
88499584ddfffff,Financial,371
88499584ddfffff,Health,706
88499584ddfffff,Hospitality,406
88499584ddfffff,Information,44
88499584ddfffff,Manufacturing,180
88499584ddfffff,Professional Service,333
88499584ddfffff,Public Administration,351
88499584ddfffff,Real Estate,56
88499584ddfffff,Retail,635
88499584ddfffff,Transportation,85
88499584ddfffff,Wholesale,85
88499584e3fffff,Art/Culture,94
88499584e3fffff,Business Support,85
88499584e3fffff,Construction,106
88499584e3fffff,Education,4020
88499584e3fffff,Financial,239
88499584e3fffff,Health,51
88499584e3fffff,Hospitality,430
88499584e3fffff,Information,29
88499584e3fffff,Manufacturing,12
88499584e3fffff,Professional Service,511
88499584e3fffff,Public Administration,544
88499584e3fffff,Real Estate,204
88499584e3fffff,Retail,611
88499584e3fffff,Transportation,24
88499584e3fffff,Wholesale,569
88499584e5fffff,Art/Culture,7
88499584e5fffff,Business Support,22
88499584e5fffff,Construction,7
88499584e5fffff,Education,674
88499584e5fffff,Financial,41
88499584e5fffff,Health,123
88499584e5fffff,Hospitality,295
88499584e5fffff,Information,1
88499584e5fffff,Manufacturing,291
88499584e5fffff,Professional Service,60
88499584e5fffff,Real Estate,74
88499584e5fffff,Retail,987
88499584e5fffff,Transportation,4
88499584e5fffff,Wholesale,32
88499584e7fffff,Art/Culture,2
88499584e7fffff,Business Support,100
88499584e7fffff,Education,300
88499584e7fffff,Financial,20
88499584e7fffff,Health,118
88499584e7fffff,Hospitality,495
88499584e7fffff,Information,13
88499584e7fffff,Manufacturing,98
88499584e7fffff,Professional Service,105
88499584e7fffff,Public Administration,119
88499584e7fffff,Real Estate,43
88499584e7fffff,Retail,360
88499584e7fffff,Transportation,47
88499584e7fffff,Wholesale,194
88499584ebfffff,Art/Culture,151
88499584ebfffff,Business Support,9
88499584ebfffff,Education,1904
88499584ebfffff,Financial,4
88499584ebfffff,Hospitality,9
88499584ebfffff,Public Administration,1411
88499584ebfffff,Retail,50
88499584ebfffff,Transportation,22
8849958503fffff,Business Support,28
8849958503fffff,Education,898
8849958503fffff,Energy,8
8849958503fffff,Financial,3
8849958503fffff,Health,17
8849958503fffff,Hospitality,117
8849958503fffff,Information,15
8849958503fffff,Manufacturing,4
8849958503fffff,Professional Service,1
8849958503fffff,Public Administration,776
8849958503fffff,Real Estate,2
8849958503fffff,Retail,197
8849958503fffff,Transportation,8
8849958503fffff,Wholesale,2
8849958509fffff,Agriculture,3
8849958509fffff,Art/Culture,197
8849958509fffff,Education,29
8849958509fffff,Energy,8
8849958509fffff,Health,4
8849958509fffff,Hospitality,139
8849958509fffff,Public Administration,835
8849958509fffff,Real Estate,4
8849958509fffff,Retail,48
884995850bfffff,Art/Culture,44
884995850bfffff,Business Support,21
884995850bfffff,Construction,7
884995850bfffff,Education,170
884995850bfffff,Energy,8
884995850bfffff,Financial,76
884995850bfffff,Health,70
884995850bfffff,Hospitality,344
884995850bfffff,Information,69
884995850bfffff,Manufacturing,153
884995850bfffff,Professional Service,27
884995850bfffff,Public Administration,236
884995850bfffff,Real Estate,28
884995850bfffff,Retail,1360
884995850bfffff,Transportation,10
884995850bfffff,Wholesale,53
8849958511fffff,Art/Culture,37
8849958511fffff,Business Support,183
8849958511fffff,Construction,7
8849958511fffff,Education,210
8849958511fffff,Financial,14
8849958511fffff,Health,140
8849958511fffff,Hospitality,268
8849958511fffff,Information,59
8849958511fffff,Manufacturing,126
8849958511fffff,Professional Service,6
8849958511fffff,Public Administration,805
8849958511fffff,Real Estate,11
8849958511fffff,Retail,275
8849958511fffff,Wholesale,5
8849958515fffff,Art/Culture,10
8849958515fffff,Business Support,369
8849958515fffff,Construction,76
8849958515fffff,Education,540
8849958515fffff,Financial,92
8849958515fffff,Health,202
8849958515fffff,Hospitality,407
8849958515fffff,Information,4
8849958515fffff,Manufacturing,108
8849958515fffff,Professional Service,103
8849958515fffff,Public Administration,753
8849958515fffff,Real Estate,21
8849958515fffff,Retail,725
8849958515fffff,Transportation,14
8849958515fffff,Wholesale,28
8849958517fffff,Art/Culture,4
8849958517fffff,Business Support,21
8849958517fffff,Construction,7
8849958517fffff,Education,309
8849958517fffff,Financial,46
8849958517fffff,Health,199
8849958517fffff,Hospitality,111
8849958517fffff,Manufacturing,88
8849958517fffff,Professional Service,16
8849958517fffff,Public Administration,24
8849958517fffff,Real Estate,14
8849958517fffff,Retail,608
8849958517fffff,Transportation,4
8849958517fffff,Wholesale,18
8849958519fffff,Art/Culture,158
8849958519fffff,Business Support,111
8849958519fffff,Education,448
8849958519fffff,Energy,9
8849958519fffff,Financial,316
8849958519fffff,Health,254
8849958519fffff,Hospitality,1273
8849958519fffff,Information,75
8849958519fffff,Manufacturing,11
8849958519fffff,Professional Service,5
8849958519fffff,Public Administration,1078
8849958519fffff,Real Estate,279
8849958519fffff,Retail,2805
8849958519fffff,Transportation,274
8849958519fffff,Wholesale,46
884995851bfffff,Art/Culture,40
884995851bfffff,Business Support,12
884995851bfffff,Education,89
884995851bfffff,Financial,123
884995851bfffff,Health,1104
884995851bfffff,Hospitality,367
884995851bfffff,Information,54
884995851bfffff,Manufacturing,36
884995851bfffff,Professional Service,17
884995851bfffff,Public Administration,15
884995851bfffff,Real Estate,43
884995851bfffff,Retail,796
884995851bfffff,Transportation,1
884995851bfffff,Wholesale,291
884995851dfffff,Art/Culture,33
884995851dfffff,Business Support,2
884995851dfffff,Construction,21
884995851dfffff,Education,170
884995851dfffff,Financial,213
884995851dfffff,Health,137
884995851dfffff,Hospitality,338
884995851dfffff,Information,2
884995851dfffff,Manufacturing,641
884995851dfffff,Professional Service,130
884995851dfffff,Public Administration,43
884995851dfffff,Real Estate,36
884995851dfffff,Retail,546
884995851dfffff,Transportation,40
884995851dfffff,Wholesale,363
8849958521fffff,Art/Culture,11
8849958521fffff,Business Support,22
8849958521fffff,Construction,35
8849958521fffff,Education,240
8849958521fffff,Energy,6
8849958521fffff,Financial,2
8849958521fffff,Health,155
8849958521fffff,Hospitality,232
8849958521fffff,Manufacturing,278
8849958521fffff,Professional Service,21
8849958521fffff,Public Administration,367
8849958521fffff,Real Estate,7
8849958521fffff,Retail,835
8849958521fffff,Wholesale,80
8849958523fffff,Art/Culture,318
8849958523fffff,Business Support,11
8849958523fffff,Education,121
8849958523fffff,Financial,118
8849958523fffff,Health,38
8849958523fffff,Hospitality,634
8849958523fffff,Information,84
8849958523fffff,Manufacturing,1233
8849958523fffff,Professional Service,9
8849958523fffff,Public Administration,206
8849958523fffff,Real Estate,2
8849958523fffff,Retail,2094
8849958523fffff,Transportation,7
8849958523fffff,Wholesale,131
8849958525fffff,Art/Culture,36
8849958525fffff,Business Support,26
8849958525fffff,Construction,17
8849958525fffff,Corporate,416
8849958525fffff,Education,252
8849958525fffff,Financial,22
8849958525fffff,Health,634
8849958525fffff,Hospitality,374
8849958525fffff,Information,54
8849958525fffff,Manufacturing,348
8849958525fffff,Professional Service,45
8849958525fffff,Public Administration,142
8849958525fffff,Real Estate,30
8849958525fffff,Retail,1315
8849958525fffff,Transportation,35
8849958525fffff,Wholesale,83
8849958527fffff,Art/Culture,34
8849958527fffff,Business Support,45
8849958527fffff,Education,500
8849958527fffff,Financial,82
8849958527fffff,Health,330
8849958527fffff,Hospitality,620
8849958527fffff,Information,23
8849958527fffff,Manufacturing,308
8849958527fffff,Professional Service,20
8849958527fffff,Public Administration,98
8849958527fffff,Real Estate,33
8849958527fffff,Retail,2260
8849958527fffff,Transportation,17
8849958527fffff,Wholesale,36
8849958529fffff,Art/Culture,41
8849958529fffff,Business Support,11
8849958529fffff,Education,28
8849958529fffff,Financial,4
8849958529fffff,Health,65
8849958529fffff,Hospitality,203
8849958529fffff,Information,2
8849958529fffff,Manufacturing,171
8849958529fffff,Professional Service,31
8849958529fffff,Real Estate,46
8849958529fffff,Retail,786
8849958529fffff,Wholesale,47
884995852bfffff,Art/Culture,33
884995852bfffff,Business Support,21
884995852bfffff,Construction,2
884995852bfffff,Education,353
884995852bfffff,Financial,5
884995852bfffff,Health,86
884995852bfffff,Hospitality,270
884995852bfffff,Information,6
884995852bfffff,Manufacturing,220
884995852bfffff,Professional Service,15
884995852bfffff,Public Administration,299
884995852bfffff,Real Estate,14
884995852bfffff,Retail,1021
884995852bfffff,Transportation,375
884995852bfffff,Wholesale,37
884995852dfffff,Art/Culture,11
884995852dfffff,Business Support,33
884995852dfffff,Construction,7
884995852dfffff,Education,154
884995852dfffff,Health,154
884995852dfffff,Hospitality,239
884995852dfffff,Manufacturing,298
884995852dfffff,Professional Service,28
884995852dfffff,Public Administration,19
884995852dfffff,Real Estate,61
884995852dfffff,Retail,920
884995852dfffff,Transportation,6
884995852dfffff,Wholesale,85
8849958531fffff,Art/Culture,41
8849958531fffff,Business Support,2
8849958531fffff,Construction,4
8849958531fffff,Education,163
8849958531fffff,Energy,8
8849958531fffff,Financial,82
8849958531fffff,Health,58
8849958531fffff,Hospitality,570
8849958531fffff,Information,63
8849958531fffff,Manufacturing,194
8849958531fffff,Professional Service,73
8849958531fffff,Public Administration,48
8849958531fffff,Real Estate,18
8849958531fffff,Retail,748
8849958531fffff,Transportation,76
8849958531fffff,Wholesale,113
8849958533fffff,Art/Culture,33
8849958533fffff,Business Support,20
8849958533fffff,Construction,2
8849958533fffff,Education,237
8849958533fffff,Health,215
8849958533fffff,Hospitality,211
8849958533fffff,Manufacturing,328
8849958533fffff,Professional Service,48
8849958533fffff,Real Estate,37
8849958533fffff,Retail,938
8849958533fffff,Transportation,46
8849958533fffff,Wholesale,42
8849958535fffff,Art/Culture,32
8849958535fffff,Business Support,7
8849958535fffff,Education,290
8849958535fffff,Energy,24
8849958535fffff,Financial,199
8849958535fffff,Health,552
8849958535fffff,Hospitality,454
8849958535fffff,Manufacturing,2100
8849958535fffff,Professional Service,9
8849958535fffff,Public Administration,2
8849958535fffff,Real Estate,10
8849958535fffff,Retail,694
8849958535fffff,Transportation,423
8849958535fffff,Wholesale,149
8849958537fffff,Art/Culture,3
8849958537fffff,Education,114
8849958537fffff,Health,112
8849958537fffff,Hospitality,17
8849958537fffff,Information,6
8849958537fffff,Manufacturing,209
8849958537fffff,Professional Service,7
8849958537fffff,Real Estate,10
8849958537fffff,Retail,494
8849958537fffff,Wholesale,106
8849958539fffff,Art/Culture,2
8849958539fffff,Business Support,28
8849958539fffff,Education,80
8849958539fffff,Health,69
8849958539fffff,Hospitality,74
8849958539fffff,Manufacturing,27
8849958539fffff,Professional Service,13
8849958539fffff,Public Administration,71
8849958539fffff,Real Estate,4
8849958539fffff,Retail,177
884995853bfffff,Art/Culture,56
884995853bfffff,Business Support,13
884995853bfffff,Construction,11
884995853bfffff,Education,317
884995853bfffff,Financial,42
884995853bfffff,Health,190
884995853bfffff,Hospitality,294
884995853bfffff,Information,7
884995853bfffff,Manufacturing,86
884995853bfffff,Professional Service,20
884995853bfffff,Public Administration,320
884995853bfffff,Real Estate,10
884995853bfffff,Retail,1111
884995853bfffff,Wholesale,8
884995853dfffff,Art/Culture,12
884995853dfffff,Business Support,3
884995853dfffff,Education,210
884995853dfffff,Financial,1
884995853dfffff,Health,36
884995853dfffff,Hospitality,97
884995853dfffff,Manufacturing,153
884995853dfffff,Professional Service,6
884995853dfffff,Public Administration,4
884995853dfffff,Real Estate,6
884995853dfffff,Retail,201
884995853dfffff,Transportation,16
884995853dfffff,Wholesale,13
8849958541fffff,Agriculture,9
8849958541fffff,Art/Culture,51
8849958541fffff,Education,22
8849958541fffff,Health,13
8849958541fffff,Hospitality,24
8849958541fffff,Manufacturing,22
8849958541fffff,Public Administration,14
8849958541fffff,Real Estate,30
8849958541fffff,Retail,116
8849958549fffff,Art/Culture,86
8849958549fffff,Business Support,78
8849958549fffff,Construction,4
8849958549fffff,Education,615
8849958549fffff,Financial,142
8849958549fffff,Health,658
8849958549fffff,Hospitality,694
8849958549fffff,Information,29
8849958549fffff,Manufacturing,236
8849958549fffff,Professional Service,51
8849958549fffff,Public Administration,1017
8849958549fffff,Real Estate,18
8849958549fffff,Retail,3723
8849958549fffff,Transportation,147
8849958549fffff,Wholesale,71
884995854bfffff,Art/Culture,6
884995854bfffff,Business Support,8
884995854bfffff,Construction,17
884995854bfffff,Education,39
884995854bfffff,Health,36
884995854bfffff,Hospitality,58
884995854bfffff,Manufacturing,101
884995854bfffff,Professional Service,14
884995854bfffff,Real Estate,18
884995854bfffff,Retail,442
884995854bfffff,Wholesale,6
884995854dfffff,Agriculture,4
884995854dfffff,Art/Culture,4
884995854dfffff,Business Support,6
884995854dfffff,Education,4
884995854dfffff,Health,57
884995854dfffff,Hospitality,62
884995854dfffff,Manufacturing,46
884995854dfffff,Professional Service,6
884995854dfffff,Real Estate,6
884995854dfffff,Retail,383
884995854dfffff,Wholesale,3
8849958551fffff,Art/Culture,3
8849958551fffff,Business Support,63
8849958551fffff,Construction,30
8849958551fffff,Education,196
8849958551fffff,Financial,9
8849958551fffff,Health,133
8849958551fffff,Hospitality,167
8849958551fffff,Information,7
8849958551fffff,Manufacturing,280
8849958551fffff,Professional Service,67
8849958551fffff,Public Administration,89
8849958551fffff,Real Estate,9
8849958551fffff,Retail,317
8849958551fffff,Transportation,6
8849958551fffff,Wholesale,48
8849958553fffff,Art/Culture,148
8849958553fffff,Business Support,5
8849958553fffff,Construction,135
8849958553fffff,Education,169
8849958553fffff,Financial,542
8849958553fffff,Health,237
8849958553fffff,Hospitality,752
8849958553fffff,Information,139
8849958553fffff,Manufacturing,27
8849958553fffff,Professional Service,108
8849958553fffff,Public Administration,194
8849958553fffff,Real Estate,20
8849958553fffff,Retail,2046
8849958553fffff,Transportation,50
8849958553fffff,Wholesale,106
8849958555fffff,Business Support,4
8849958555fffff,Construction,6
8849958555fffff,Education,32
8849958555fffff,Financial,1
8849958555fffff,Health,78
8849958555fffff,Hospitality,33
8849958555fffff,Manufacturing,87
8849958555fffff,Professional Service,3
8849958555fffff,Public Administration,7
8849958555fffff,Real Estate,24
8849958555fffff,Retail,105
8849958557fffff,Art/Culture,37
8849958557fffff,Business Support,63
8849958557fffff,Construction,24
8849958557fffff,Education,904
8849958557fffff,Financial,4
8849958557fffff,Health,140
8849958557fffff,Hospitality,165
8849958557fffff,Information,71
8849958557fffff,Manufacturing,63
8849958557fffff,Professional Service,297
8849958557fffff,Public Administration,27
8849958557fffff,Real Estate,45
8849958557fffff,Retail,405
8849958557fffff,Wholesale,9
8849958559fffff,Art/Culture,79
8849958559fffff,Business Support,26
8849958559fffff,Construction,10
8849958559fffff,Education,189
8849958559fffff,Financial,54
8849958559fffff,Health,76
8849958559fffff,Hospitality,569
8849958559fffff,Information,7
8849958559fffff,Manufacturing,132
8849958559fffff,Professional Service,107
8849958559fffff,Public Administration,53
8849958559fffff,Real Estate,24
8849958559fffff,Retail,661
8849958559fffff,Transportation,28
8849958559fffff,Wholesale,46
884995855bfffff,Art/Culture,15
884995855bfffff,Construction,23
884995855bfffff,Education,118
884995855bfffff,Energy,32
884995855bfffff,Financial,39
884995855bfffff,Health,167
884995855bfffff,Hospitality,293
884995855bfffff,Information,19
884995855bfffff,Manufacturing,195
884995855bfffff,Professional Service,49
884995855bfffff,Public Administration,96
884995855bfffff,Real Estate,26
884995855bfffff,Retail,573
884995855bfffff,Wholesale,128
884995855dfffff,Art/Culture,3
884995855dfffff,Business Support,5
884995855dfffff,Construction,6
884995855dfffff,Education,161
884995855dfffff,Financial,6
884995855dfffff,Health,81
884995855dfffff,Hospitality,162
884995855dfffff,Information,4
884995855dfffff,Manufacturing,168
884995855dfffff,Professional Service,11
884995855dfffff,Public Administration,361
884995855dfffff,Real Estate,1
884995855dfffff,Retail,516
884995855dfffff,Wholesale,32
8849958567fffff,Art/Culture,20
8849958567fffff,Business Support,17
8849958567fffff,Construction,4
8849958567fffff,Education,39
8849958567fffff,Health,61
8849958567fffff,Hospitality,113
8849958567fffff,Information,10
8849958567fffff,Manufacturing,179
8849958567fffff,Professional Service,13
8849958567fffff,Public Administration,9
8849958567fffff,Real Estate,10
8849958567fffff,Retail,358
8849958567fffff,Transportation,2
8849958567fffff,Wholesale,8
8849958581fffff,Art/Culture,6
8849958581fffff,Business Support,3
8849958581fffff,Construction,21
8849958581fffff,Education,357
8849958581fffff,Financial,4
8849958581fffff,Health,63
8849958581fffff,Hospitality,175
8849958581fffff,Information,2
8849958581fffff,Manufacturing,18
8849958581fffff,Professional Service,31
8849958581fffff,Public Administration,67
8849958581fffff,Real Estate,16
8849958581fffff,Retail,229
8849958581fffff,Transportation,2
8849958581fffff,Wholesale,11
8849958583fffff,Art/Culture,121
8849958583fffff,Business Support,26
8849958583fffff,Construction,36
8849958583fffff,Education,891
8849958583fffff,Financial,39
8849958583fffff,Health,451
8849958583fffff,Hospitality,140
8849958583fffff,Information,180
8849958583fffff,Manufacturing,24
8849958583fffff,Professional Service,74
8849958583fffff,Real Estate,4
8849958583fffff,Retail,217
8849958583fffff,Transportation,33
8849958583fffff,Wholesale,174
8849958585fffff,Art/Culture,4
8849958585fffff,Business Support,7
8849958585fffff,Construction,100
8849958585fffff,Education,143
8849958585fffff,Financial,449
8849958585fffff,Health,42
8849958585fffff,Hospitality,152
8849958585fffff,Manufacturing,117
8849958585fffff,Professional Service,30
8849958585fffff,Public Administration,363
8849958585fffff,Real Estate,10
8849958585fffff,Retail,250
8849958585fffff,Transportation,88
8849958585fffff,Wholesale,3
8849958587fffff,Art/Culture,16
8849958587fffff,Business Support,60
8849958587fffff,Construction,58
8849958587fffff,Education,221
8849958587fffff,Energy,14
8849958587fffff,Financial,83
8849958587fffff,Health,190
8849958587fffff,Hospitality,333
8849958587fffff,Information,10
8849958587fffff,Manufacturing,70
8849958587fffff,Professional Service,125
8849958587fffff,Public Administration,8
8849958587fffff,Real Estate,31
8849958587fffff,Retail,281
8849958587fffff,Transportation,2
8849958587fffff,Wholesale,99
8849958589fffff,Art/Culture,14
8849958589fffff,Business Support,275
8849958589fffff,Construction,24
8849958589fffff,Education,136
8849958589fffff,Financial,131
8849958589fffff,Health,196
8849958589fffff,Hospitality,519
8849958589fffff,Information,111
8849958589fffff,Manufacturing,48
8849958589fffff,Professional Service,110
8849958589fffff,Public Administration,61
8849958589fffff,Real Estate,43
8849958589fffff,Retail,1252
8849958589fffff,Transportation,257
8849958589fffff,Wholesale,76
884995858dfffff,Art/Culture,31
884995858dfffff,Business Support,79
884995858dfffff,Construction,1
884995858dfffff,Education,784
884995858dfffff,Financial,221
884995858dfffff,Health,126
884995858dfffff,Hospitality,239
884995858dfffff,Information,26
884995858dfffff,Manufacturing,152
884995858dfffff,Professional Service,27
884995858dfffff,Public Administration,5
884995858dfffff,Real Estate,9
884995858dfffff,Retail,498
884995858dfffff,Wholesale,24
8849958591fffff,Art/Culture,231
8849958591fffff,Business Support,726
8849958591fffff,Education,531
8849958591fffff,Energy,221
8849958591fffff,Financial,150
8849958591fffff,Health,213
8849958591fffff,Hospitality,270
8849958591fffff,Information,133
8849958591fffff,Manufacturing,444
8849958591fffff,Professional Service,535
8849958591fffff,Public Administration,781
8849958591fffff,Real Estate,59
8849958591fffff,Retail,923
8849958591fffff,Transportation,37
8849958591fffff,Wholesale,90
8849958593fffff,Art/Culture,197
8849958593fffff,Business Support,864
8849958593fffff,Construction,258
8849958593fffff,Education,157
8849958593fffff,Energy,15
8849958593fffff,Financial,894
8849958593fffff,Health,638
8849958593fffff,Hospitality,944
8849958593fffff,Information,466
8849958593fffff,Manufacturing,77
8849958593fffff,Professional Service,459
8849958593fffff,Public Administration,2429
8849958593fffff,Real Estate,31
8849958593fffff,Retail,1007
8849958593fffff,Transportation,77
8849958593fffff,Wholesale,133
8849958595fffff,Art/Culture,35
8849958595fffff,Business Support,77
8849958595fffff,Construction,228
8849958595fffff,Education,330
8849958595fffff,Financial,177
8849958595fffff,Health,201
8849958595fffff,Hospitality,468
8849958595fffff,Manufacturing,921
8849958595fffff,Professional Service,142
8849958595fffff,Public Administration,69
8849958595fffff,Real Estate,58
8849958595fffff,Retail,812
8849958595fffff,Transportation,468
8849958595fffff,Wholesale,273
8849958597fffff,Art/Culture,14
8849958597fffff,Business Support,275
8849958597fffff,Construction,175
8849958597fffff,Education,215
8849958597fffff,Financial,14
8849958597fffff,Health,161
8849958597fffff,Hospitality,363
8849958597fffff,Information,56
8849958597fffff,Manufacturing,653
8849958597fffff,Professional Service,96
8849958597fffff,Public Administration,539
8849958597fffff,Real Estate,54
8849958597fffff,Retail,840
8849958597fffff,Transportation,252
8849958597fffff,Wholesale,421
8849958599fffff,Art/Culture,146
8849958599fffff,Business Support,71
8849958599fffff,Construction,163
8849958599fffff,Education,1193
8849958599fffff,Financial,30
8849958599fffff,Health,253
8849958599fffff,Hospitality,834
8849958599fffff,Information,176
8849958599fffff,Manufacturing,91
8849958599fffff,Professional Service,208
8849958599fffff,Public Administration,346
8849958599fffff,Real Estate,12
8849958599fffff,Retail,986
8849958599fffff,Transportation,24
8849958599fffff,Wholesale,152
884995859bfffff,Art/Culture,667
884995859bfffff,Business Support,20
884995859bfffff,Construction,1
884995859bfffff,Education,239
884995859bfffff,Financial,433
884995859bfffff,Health,675
884995859bfffff,Hospitality,334
884995859bfffff,Information,932
884995859bfffff,Manufacturing,936
884995859bfffff,Professional Service,661
884995859bfffff,Public Administration,35
884995859bfffff,Real Estate,11
884995859bfffff,Retail,1478
884995859bfffff,Transportation,2
884995859bfffff,Wholesale,149
884995859dfffff,Art/Culture,272
884995859dfffff,Business Support,698
884995859dfffff,Construction,30
884995859dfffff,Education,924
884995859dfffff,Financial,100
884995859dfffff,Health,328
884995859dfffff,Hospitality,636
884995859dfffff,Information,59
884995859dfffff,Manufacturing,53
884995859dfffff,Professional Service,68
884995859dfffff,Public Administration,855
884995859dfffff,Real Estate,34
884995859dfffff,Retail,693
884995859dfffff,Transportation,70
884995859dfffff,Wholesale,344
88499585a1fffff,Art/Culture,19
88499585a1fffff,Business Support,39
88499585a1fffff,Construction,43
88499585a1fffff,Education,334
88499585a1fffff,Energy,17
88499585a1fffff,Financial,226
88499585a1fffff,Health,478
88499585a1fffff,Hospitality,521
88499585a1fffff,Manufacturing,2560
88499585a1fffff,Professional Service,95
88499585a1fffff,Public Administration,9
88499585a1fffff,Real Estate,22
88499585a1fffff,Retail,1213
88499585a1fffff,Transportation,809
88499585a1fffff,Wholesale,1550
88499585a3fffff,Art/Culture,9
88499585a3fffff,Business Support,441
88499585a3fffff,Construction,60
88499585a3fffff,Education,357
88499585a3fffff,Financial,3
88499585a3fffff,Health,143
88499585a3fffff,Hospitality,423
88499585a3fffff,Information,18
88499585a3fffff,Manufacturing,438
88499585a3fffff,Professional Service,142
88499585a3fffff,Public Administration,221
88499585a3fffff,Real Estate,23
88499585a3fffff,Retail,740
88499585a3fffff,Wholesale,89
88499585a5fffff,Art/Culture,24
88499585a5fffff,Business Support,93
88499585a5fffff,Construction,3
88499585a5fffff,Education,38
88499585a5fffff,Energy,8
88499585a5fffff,Financial,401
88499585a5fffff,Health,245
88499585a5fffff,Hospitality,326
88499585a5fffff,Manufacturing,1289
88499585a5fffff,Professional Service,12
88499585a5fffff,Public Administration,406
88499585a5fffff,Real Estate,27
88499585a5fffff,Retail,1403
88499585a5fffff,Transportation,318
88499585a5fffff,Wholesale,328
88499585a7fffff,Art/Culture,32
88499585a7fffff,Business Support,47
88499585a7fffff,Construction,83
88499585a7fffff,Education,176
88499585a7fffff,Energy,23
88499585a7fffff,Financial,95
88499585a7fffff,Health,173
88499585a7fffff,Hospitality,294
88499585a7fffff,Information,123
88499585a7fffff,Manufacturing,2877
88499585a7fffff,Professional Service,219
88499585a7fffff,Public Administration,92
88499585a7fffff,Real Estate,41
88499585a7fffff,Retail,550
88499585a7fffff,Transportation,63
88499585a7fffff,Wholesale,1394
88499585a9fffff,Art/Culture,8
88499585a9fffff,Business Support,643
88499585a9fffff,Construction,4
88499585a9fffff,Education,237
88499585a9fffff,Financial,6
88499585a9fffff,Health,84
88499585a9fffff,Hospitality,190
88499585a9fffff,Information,115
88499585a9fffff,Manufacturing,3370
88499585a9fffff,Professional Service,52
88499585a9fffff,Public Administration,7
88499585a9fffff,Real Estate,52
88499585a9fffff,Retail,471
88499585a9fffff,Transportation,56
88499585a9fffff,Wholesale,944
88499585abfffff,Art/Culture,30
88499585abfffff,Business Support,49
88499585abfffff,Construction,77
88499585abfffff,Education,741
88499585abfffff,Financial,264
88499585abfffff,Health,309
88499585abfffff,Hospitality,446
88499585abfffff,Information,75
88499585abfffff,Manufacturing,849
88499585abfffff,Professional Service,51
88499585abfffff,Public Administration,1
88499585abfffff,Real Estate,23
88499585abfffff,Retail,1233
88499585abfffff,Transportation,103
88499585abfffff,Wholesale,210
88499585adfffff,Art/Culture,11
88499585adfffff,Business Support,730
88499585adfffff,Construction,685
88499585adfffff,Education,39
88499585adfffff,Energy,9
88499585adfffff,Financial,208
88499585adfffff,Health,56
88499585adfffff,Hospitality,238
88499585adfffff,Manufacturing,2599
88499585adfffff,Professional Service,49
88499585adfffff,Public Administration,104
88499585adfffff,Real Estate,23
88499585adfffff,Retail,730
88499585adfffff,Transportation,63
88499585adfffff,Wholesale,1022
88499585b1fffff,Art/Culture,322
88499585b1fffff,Business Support,34
88499585b1fffff,Education,179
88499585b1fffff,Financial,31
88499585b1fffff,Health,137
88499585b1fffff,Hospitality,210
88499585b1fffff,Information,2
88499585b1fffff,Manufacturing,671
88499585b1fffff,Professional Service,81
88499585b1fffff,Public Administration,38
88499585b1fffff,Real Estate,55
88499585b1fffff,Retail,829
88499585b1fffff,Transportation,2
88499585b1fffff,Wholesale,103
88499585b3fffff,Art/Culture,12
88499585b3fffff,Business Support,45
88499585b3fffff,Construction,228
88499585b3fffff,Education,278
88499585b3fffff,Energy,149
88499585b3fffff,Financial,313
88499585b3fffff,Health,318
88499585b3fffff,Hospitality,512
88499585b3fffff,Information,4
88499585b3fffff,Manufacturing,362
88499585b3fffff,Professional Service,301
88499585b3fffff,Public Administration,345
88499585b3fffff,Real Estate,26
88499585b3fffff,Retail,1156
88499585b3fffff,Transportation,51
88499585b3fffff,Wholesale,124
88499585b5fffff,Art/Culture,61
88499585b5fffff,Business Support,29
88499585b5fffff,Construction,133
88499585b5fffff,Education,154
88499585b5fffff,Financial,163
88499585b5fffff,Health,136
88499585b5fffff,Hospitality,540
88499585b5fffff,Information,79
88499585b5fffff,Manufacturing,585
88499585b5fffff,Professional Service,101
88499585b5fffff,Public Administration,342
88499585b5fffff,Real Estate,37
88499585b5fffff,Retail,1344
88499585b5fffff,Transportation,8
88499585b5fffff,Wholesale,329
88499585b7fffff,Art/Culture,20
88499585b7fffff,Business Support,11
88499585b7fffff,Construction,30
88499585b7fffff,Education,353
88499585b7fffff,Energy,11
88499585b7fffff,Financial,2
88499585b7fffff,Health,107
88499585b7fffff,Hospitality,196
88499585b7fffff,Manufacturing,60
88499585b7fffff,Professional Service,124
88499585b7fffff,Public Administration,54
88499585b7fffff,Real Estate,37
88499585b7fffff,Retail,276
88499585b7fffff,Transportation,6
88499585b7fffff,Wholesale,92
88499585b9fffff,Art/Culture,51
88499585b9fffff,Business Support,263
88499585b9fffff,Construction,6
88499585b9fffff,Education,94
88499585b9fffff,Financial,117
88499585b9fffff,Health,149
88499585b9fffff,Hospitality,230
88499585b9fffff,Information,15
88499585b9fffff,Manufacturing,191
88499585b9fffff,Professional Service,81
88499585b9fffff,Public Administration,14
88499585b9fffff,Real Estate,26
88499585b9fffff,Retail,307
88499585b9fffff,Transportation,411
88499585b9fffff,Wholesale,137
88499585bbfffff,Art/Culture,123
88499585bbfffff,Business Support,468
88499585bbfffff,Construction,112
88499585bbfffff,Education,281
88499585bbfffff,Financial,214
88499585bbfffff,Health,260
88499585bbfffff,Hospitality,951
88499585bbfffff,Information,8
88499585bbfffff,Manufacturing,1149
88499585bbfffff,Professional Service,113
88499585bbfffff,Public Administration,286
88499585bbfffff,Real Estate,43
88499585bbfffff,Retail,2999
88499585bbfffff,Transportation,79
88499585bbfffff,Wholesale,247
88499585bdfffff,Art/Culture,14
88499585bdfffff,Business Support,28
88499585bdfffff,Construction,34
88499585bdfffff,Education,204
88499585bdfffff,Energy,8
88499585bdfffff,Financial,6
88499585bdfffff,Health,107
88499585bdfffff,Hospitality,111
88499585bdfffff,Information,4
88499585bdfffff,Manufacturing,263
88499585bdfffff,Professional Service,78
88499585bdfffff,Public Administration,51
88499585bdfffff,Real Estate,10
88499585bdfffff,Retail,225
88499585bdfffff,Transportation,133
88499585bdfffff,Wholesale,32
88499585c1fffff,Art/Culture,27
88499585c1fffff,Business Support,43
88499585c1fffff,Construction,121
88499585c1fffff,Education,519
88499585c1fffff,Financial,148
88499585c1fffff,Health,578
88499585c1fffff,Hospitality,509
88499585c1fffff,Information,4
88499585c1fffff,Manufacturing,326
88499585c1fffff,Professional Service,101
88499585c1fffff,Public Administration,414
88499585c1fffff,Real Estate,27
88499585c1fffff,Retail,603
88499585c1fffff,Transportation,132
88499585c1fffff,Wholesale,47
88499585c3fffff,Art/Culture,4
88499585c3fffff,Business Support,34
88499585c3fffff,Construction,21
88499585c3fffff,Education,184
88499585c3fffff,Energy,339
88499585c3fffff,Financial,83
88499585c3fffff,Health,40
88499585c3fffff,Hospitality,164
88499585c3fffff,Information,147
88499585c3fffff,Manufacturing,975
88499585c3fffff,Professional Service,414
88499585c3fffff,Public Administration,302
88499585c3fffff,Real Estate,4
88499585c3fffff,Retail,425
88499585c3fffff,Transportation,36
88499585c3fffff,Wholesale,18
88499585c5fffff,Art/Culture,19
88499585c5fffff,Business Support,3
88499585c5fffff,Construction,21
88499585c5fffff,Education,142
88499585c5fffff,Financial,64
88499585c5fffff,Health,82
88499585c5fffff,Hospitality,299
88499585c5fffff,Information,96
88499585c5fffff,Manufacturing,21
88499585c5fffff,Professional Service,62
88499585c5fffff,Public Administration,657
88499585c5fffff,Real Estate,20
88499585c5fffff,Retail,207
88499585c5fffff,Wholesale,30
88499585c7fffff,Art/Culture,36
88499585c7fffff,Business Support,7
88499585c7fffff,Construction,41
88499585c7fffff,Education,734
88499585c7fffff,Financial,4
88499585c7fffff,Health,82
88499585c7fffff,Hospitality,214
88499585c7fffff,Information,11
88499585c7fffff,Manufacturing,60
88499585c7fffff,Professional Service,126
88499585c7fffff,Public Administration,42
88499585c7fffff,Real Estate,13
88499585c7fffff,Retail,335
88499585c7fffff,Transportation,22
88499585c7fffff,Wholesale,5
88499585c9fffff,Art/Culture,166
88499585c9fffff,Business Support,1
88499585c9fffff,Construction,26
88499585c9fffff,Education,410
88499585c9fffff,Financial,86
88499585c9fffff,Health,266
88499585c9fffff,Hospitality,177
88499585c9fffff,Information,104
88499585c9fffff,Manufacturing,364
88499585c9fffff,Professional Service,18
88499585c9fffff,Public Administration,945
88499585c9fffff,Real Estate,19
88499585c9fffff,Retail,397
88499585c9fffff,Transportation,43
88499585c9fffff,Wholesale,91
88499585cbfffff,Art/Culture,156
88499585cbfffff,Business Support,3
88499585cbfffff,Education,493
88499585cbfffff,Financial,79
88499585cbfffff,Health,191
88499585cbfffff,Hospitality,104
88499585cbfffff,Information,20
88499585cbfffff,Manufacturing,105
88499585cbfffff,Professional Service,18
88499585cbfffff,Public Administration,307
88499585cbfffff,Retail,430
88499585cbfffff,Wholesale,5
88499585cdfffff,Art/Culture,54
88499585cdfffff,Business Support,6
88499585cdfffff,Construction,8
88499585cdfffff,Education,137
88499585cdfffff,Energy,10
88499585cdfffff,Financial,267
88499585cdfffff,Health,73
88499585cdfffff,Hospitality,356
88499585cdfffff,Manufacturing,35
88499585cdfffff,Professional Service,95
88499585cdfffff,Public Administration,239
88499585cdfffff,Real Estate,13
88499585cdfffff,Retail,760
88499585cdfffff,Transportation,170
88499585cdfffff,Wholesale,40
88499585d1fffff,Art/Culture,2
88499585d1fffff,Education,103
88499585d1fffff,Financial,58
88499585d1fffff,Health,61
88499585d1fffff,Hospitality,209
88499585d1fffff,Information,38
88499585d1fffff,Manufacturing,337
88499585d1fffff,Professional Service,19
88499585d1fffff,Public Administration,476
88499585d1fffff,Real Estate,5
88499585d1fffff,Retail,662
88499585d1fffff,Transportation,8
88499585d1fffff,Wholesale,33
88499585d3fffff,Art/Culture,320
88499585d3fffff,Business Support,352
88499585d3fffff,Construction,7
88499585d3fffff,Education,597
88499585d3fffff,Financial,600
88499585d3fffff,Health,423
88499585d3fffff,Hospitality,1751
88499585d3fffff,Information,2
88499585d3fffff,Manufacturing,544
88499585d3fffff,Professional Service,348
88499585d3fffff,Public Administration,888
88499585d3fffff,Real Estate,43
88499585d3fffff,Retail,1308
88499585d3fffff,Transportation,47
88499585d3fffff,Wholesale,209
88499585d5fffff,Art/Culture,106
88499585d5fffff,Business Support,18
88499585d5fffff,Construction,112
88499585d5fffff,Education,427
88499585d5fffff,Energy,422
88499585d5fffff,Financial,161
88499585d5fffff,Health,369
88499585d5fffff,Hospitality,520
88499585d5fffff,Information,41
88499585d5fffff,Manufacturing,248
88499585d5fffff,Professional Service,196
88499585d5fffff,Public Administration,143
88499585d5fffff,Real Estate,45
88499585d5fffff,Retail,1039
88499585d5fffff,Transportation,321
88499585d5fffff,Wholesale,644
88499585d7fffff,Art/Culture,40
88499585d7fffff,Business Support,326
88499585d7fffff,Construction,59
88499585d7fffff,Education,965
88499585d7fffff,Financial,285
88499585d7fffff,Health,648
88499585d7fffff,Hospitality,514
88499585d7fffff,Information,34
88499585d7fffff,Manufacturing,370
88499585d7fffff,Professional Service,572
88499585d7fffff,Public Administration,567
88499585d7fffff,Real Estate,64
88499585d7fffff,Retail,535
88499585d7fffff,Transportation,39
88499585d7fffff,Wholesale,524
88499585d9fffff,Art/Culture,25
88499585d9fffff,Business Support,25
88499585d9fffff,Construction,11
88499585d9fffff,Education,240
88499585d9fffff,Financial,108
88499585d9fffff,Health,111
88499585d9fffff,Hospitality,254
88499585d9fffff,Information,28
88499585d9fffff,Manufacturing,304
88499585d9fffff,Professional Service,17
88499585d9fffff,Real Estate,40
88499585d9fffff,Retail,1060
88499585d9fffff,Wholesale,51
88499585dbfffff,Art/Culture,1
88499585dbfffff,Business Support,24
88499585dbfffff,Construction,11
88499585dbfffff,Education,170
88499585dbfffff,Financial,4
88499585dbfffff,Health,59
88499585dbfffff,Hospitality,84
88499585dbfffff,Manufacturing,149
88499585dbfffff,Professional Service,18
88499585dbfffff,Public Administration,3
88499585dbfffff,Real Estate,14
88499585dbfffff,Retail,365
88499585dbfffff,Wholesale,68
88499585ddfffff,Art/Culture,41
88499585ddfffff,Business Support,7
88499585ddfffff,Construction,22
88499585ddfffff,Education,135
88499585ddfffff,Energy,5
88499585ddfffff,Financial,308
88499585ddfffff,Health,151
88499585ddfffff,Hospitality,164
88499585ddfffff,Manufacturing,185
88499585ddfffff,Professional Service,27
88499585ddfffff,Public Administration,43
88499585ddfffff,Real Estate,29
88499585ddfffff,Retail,795
88499585ddfffff,Transportation,17
88499585ddfffff,Wholesale,179
88499585e1fffff,Art/Culture,6
88499585e1fffff,Business Support,35
88499585e1fffff,Education,124
88499585e1fffff,Energy,7
88499585e1fffff,Financial,2
88499585e1fffff,Health,146
88499585e1fffff,Hospitality,115
88499585e1fffff,Manufacturing,72
88499585e1fffff,Professional Service,5
88499585e1fffff,Public Administration,593
88499585e1fffff,Real Estate,2
88499585e1fffff,Retail,619
88499585e1fffff,Wholesale,38
88499585e3fffff,Art/Culture,11
88499585e3fffff,Business Support,33
88499585e3fffff,Construction,22
88499585e3fffff,Education,78
88499585e3fffff,Energy,19
88499585e3fffff,Financial,8
88499585e3fffff,Health,70
88499585e3fffff,Hospitality,99
88499585e3fffff,Manufacturing,297
88499585e3fffff,Professional Service,84
88499585e3fffff,Public Administration,2
88499585e3fffff,Real Estate,2
88499585e3fffff,Retail,553
88499585e3fffff,Transportation,169
88499585e3fffff,Wholesale,196
88499585e5fffff,Art/Culture,14
88499585e5fffff,Business Support,197
88499585e5fffff,Construction,24
88499585e5fffff,Education,199
88499585e5fffff,Energy,6
88499585e5fffff,Financial,22
88499585e5fffff,Health,105
88499585e5fffff,Hospitality,232
88499585e5fffff,Information,16
88499585e5fffff,Manufacturing,277
88499585e5fffff,Professional Service,49
88499585e5fffff,Public Administration,4
88499585e5fffff,Real Estate,21
88499585e5fffff,Retail,974
88499585e5fffff,Transportation,69
88499585e5fffff,Wholesale,34
88499585e7fffff,Art/Culture,16
88499585e7fffff,Business Support,20
88499585e7fffff,Construction,19
88499585e7fffff,Education,157
88499585e7fffff,Energy,8
88499585e7fffff,Financial,249
88499585e7fffff,Health,195
88499585e7fffff,Hospitality,169
88499585e7fffff,Information,23
88499585e7fffff,Manufacturing,485
88499585e7fffff,Professional Service,37
88499585e7fffff,Public Administration,1
88499585e7fffff,Real Estate,7
88499585e7fffff,Retail,925
88499585e7fffff,Transportation,1
88499585e7fffff,Wholesale,96
88499585e9fffff,Art/Culture,13
88499585e9fffff,Business Support,17
88499585e9fffff,Construction,9
88499585e9fffff,Education,1002
88499585e9fffff,Financial,7
88499585e9fffff,Health,100
88499585e9fffff,Hospitality,249
88499585e9fffff,Information,3
88499585e9fffff,Manufacturing,93
88499585e9fffff,Professional Service,23
88499585e9fffff,Public Administration,1
88499585e9fffff,Real Estate,16
88499585e9fffff,Retail,619
88499585e9fffff,Wholesale,13
88499585ebfffff,Art/Culture,25
88499585ebfffff,Business Support,120
88499585ebfffff,Education,329
88499585ebfffff,Energy,9
88499585ebfffff,Financial,22
88499585ebfffff,Health,150
88499585ebfffff,Hospitality,284
88499585ebfffff,Manufacturing,99
88499585ebfffff,Professional Service,29
88499585ebfffff,Public Administration,16
88499585ebfffff,Real Estate,20
88499585ebfffff,Retail,759
88499585ebfffff,Transportation,1253
88499585ebfffff,Wholesale,119
88499585edfffff,Art/Culture,170
88499585edfffff,Business Support,6
88499585edfffff,Construction,1
88499585edfffff,Education,624
88499585edfffff,Financial,131
88499585edfffff,Health,171
88499585edfffff,Hospitality,219
88499585edfffff,Information,2
88499585edfffff,Manufacturing,92
88499585edfffff,Professional Service,29
88499585edfffff,Public Administration,173
88499585edfffff,Real Estate,18
88499585edfffff,Retail,449
88499585edfffff,Transportation,14
88499585edfffff,Wholesale,8
8849958605fffff,Art/Culture,7
8849958605fffff,Business Support,4
8849958605fffff,Education,242
8849958605fffff,Health,2
8849958605fffff,Hospitality,29
8849958605fffff,Manufacturing,47
8849958605fffff,Professional Service,5
8849958605fffff,Public Administration,4
8849958605fffff,Retail,229
8849958605fffff,Wholesale,3
884995860bfffff,Business Support,4
884995860bfffff,Education,3
884995860bfffff,Health,6
884995860bfffff,Hospitality,10
884995860bfffff,Manufacturing,15
884995860bfffff,Retail,88
884995860bfffff,Wholesale,7
8849958623fffff,Art/Culture,5
8849958623fffff,Business Support,6
8849958623fffff,Education,287
8849958623fffff,Health,164
8849958623fffff,Hospitality,120
8849958623fffff,Information,2
8849958623fffff,Manufacturing,191
8849958623fffff,Professional Service,23
8849958623fffff,Public Administration,23
8849958623fffff,Real Estate,7
8849958623fffff,Retail,542
8849958623fffff,Wholesale,47
8849958627fffff,Art/Culture,12
8849958627fffff,Education,4
8849958627fffff,Health,50
8849958627fffff,Hospitality,42
8849958627fffff,Information,6
8849958627fffff,Manufacturing,93
8849958627fffff,Professional Service,1
8849958627fffff,Real Estate,5
8849958627fffff,Retail,253
8849958627fffff,Wholesale,23
884995862bfffff,Education,15
884995862bfffff,Health,3
884995862bfffff,Hospitality,1
884995862bfffff,Manufacturing,28
884995862bfffff,Professional Service,41
884995862bfffff,Retail,42
884995862bfffff,Wholesale,3
884995862dfffff,Art/Culture,10
884995862dfffff,Business Support,10
884995862dfffff,Construction,5
884995862dfffff,Education,95
884995862dfffff,Health,34
884995862dfffff,Hospitality,74
884995862dfffff,Manufacturing,59
884995862dfffff,Professional Service,19
884995862dfffff,Public Administration,8
884995862dfffff,Real Estate,1
884995862dfffff,Retail,325
884995862dfffff,Wholesale,12
8849958631fffff,Business Support,4
8849958631fffff,Health,14
8849958631fffff,Hospitality,5
8849958631fffff,Information,6
8849958631fffff,Manufacturing,28
8849958631fffff,Retail,94
8849958639fffff,Retail,6
884995863dfffff,Art/Culture,1
884995863dfffff,Education,4
884995863dfffff,Health,19
884995863dfffff,Hospitality,3
884995863dfffff,Manufacturing,5
884995863dfffff,Professional Service,2
884995863dfffff,Retail,69
8849958641fffff,Business Support,4
8849958641fffff,Manufacturing,14
8849958641fffff,Retail,35
8849958643fffff,Art/Culture,21
8849958643fffff,Business Support,8
8849958643fffff,Education,189
8849958643fffff,Health,116
8849958643fffff,Hospitality,165
8849958643fffff,Information,1
8849958643fffff,Manufacturing,114
8849958643fffff,Professional Service,12
8849958643fffff,Public Administration,3
8849958643fffff,Retail,547
8849958643fffff,Transportation,8
8849958643fffff,Wholesale,6
8849958645fffff,Art/Culture,3
8849958645fffff,Business Support,7
8849958645fffff,Education,26
8849958645fffff,Financial,10
8849958645fffff,Hospitality,26
8849958645fffff,Manufacturing,23
8849958645fffff,Real Estate,6
8849958645fffff,Retail,130
8849958645fffff,Wholesale,8
8849958651fffff,Health,8
8849958651fffff,Manufacturing,1
8849958651fffff,Retail,22
8849958655fffff,Art/Culture,7
8849958655fffff,Business Support,1
8849958655fffff,Education,78
8849958655fffff,Health,5
8849958655fffff,Hospitality,51
8849958655fffff,Information,2
8849958655fffff,Manufacturing,92
8849958655fffff,Professional Service,2
8849958655fffff,Real Estate,6
8849958655fffff,Retail,197
8849958655fffff,Transportation,14
8849958655fffff,Wholesale,9
884995865dfffff,Art/Culture,5
884995865dfffff,Education,55
884995865dfffff,Health,23
884995865dfffff,Hospitality,27
884995865dfffff,Manufacturing,85
884995865dfffff,Professional Service,7
884995865dfffff,Retail,309
884995865dfffff,Wholesale,14
8849958663fffff,Art/Culture,6
8849958663fffff,Business Support,9
8849958663fffff,Health,17
8849958663fffff,Hospitality,29
8849958663fffff,Manufacturing,30
8849958663fffff,Retail,197
8849958663fffff,Wholesale,3
8849958669fffff,Education,7
8849958669fffff,Health,17
8849958669fffff,Hospitality,11
8849958669fffff,Manufacturing,22
8849958669fffff,Real Estate,2
8849958669fffff,Retail,125
8849958669fffff,Wholesale,8
8849958681fffff,Art/Culture,20
8849958681fffff,Business Support,12
8849958681fffff,Education,149
8849958681fffff,Financial,5
8849958681fffff,Health,117
8849958681fffff,Hospitality,360
8849958681fffff,Manufacturing,254
8849958681fffff,Professional Service,44
8849958681fffff,Public Administration,7
8849958681fffff,Real Estate,49
8849958681fffff,Retail,936
8849958681fffff,Transportation,328
8849958681fffff,Wholesale,61
8849958683fffff,Art/Culture,18
8849958683fffff,Business Support,8
8849958683fffff,Construction,1
8849958683fffff,Education,187
8849958683fffff,Financial,2
8849958683fffff,Health,83
8849958683fffff,Hospitality,119
8849958683fffff,Manufacturing,145
8849958683fffff,Professional Service,27
8849958683fffff,Public Administration,3
8849958683fffff,Real Estate,15
8849958683fffff,Retail,895
8849958683fffff,Transportation,98
8849958683fffff,Wholesale,57
8849958685fffff,Art/Culture,35
8849958685fffff,Business Support,38
8849958685fffff,Education,362
8849958685fffff,Financial,200
8849958685fffff,Health,242
8849958685fffff,Hospitality,658
8849958685fffff,Manufacturing,147
8849958685fffff,Professional Service,150
8849958685fffff,Public Administration,19
8849958685fffff,Real Estate,35
8849958685fffff,Retail,912
8849958685fffff,Transportation,51
8849958685fffff,Wholesale,93
8849958687fffff,Art/Culture,10
8849958687fffff,Business Support,12
8849958687fffff,Education,241
8849958687fffff,Financial,28
8849958687fffff,Health,187
8849958687fffff,Hospitality,255
8849958687fffff,Manufacturing,138
8849958687fffff,Professional Service,45
8849958687fffff,Public Administration,9
8849958687fffff,Real Estate,18
8849958687fffff,Retail,913
8849958687fffff,Transportation,26
8849958687fffff,Wholesale,13
8849958689fffff,Art/Culture,14
8849958689fffff,Business Support,6
8849958689fffff,Education,168
8849958689fffff,Health,57
8849958689fffff,Hospitality,133
8849958689fffff,Manufacturing,129
8849958689fffff,Professional Service,11
8849958689fffff,Public Administration,4
8849958689fffff,Real Estate,11
8849958689fffff,Retail,651
8849958689fffff,Wholesale,15
884995868bfffff,Art/Culture,16
884995868bfffff,Business Support,11
884995868bfffff,Education,80
884995868bfffff,Energy,1
884995868bfffff,Health,29
884995868bfffff,Hospitality,92
884995868bfffff,Manufacturing,110
884995868bfffff,Professional Service,15
884995868bfffff,Retail,521
884995868bfffff,Transportation,1
884995868bfffff,Wholesale,10
884995868dfffff,Art/Culture,44
884995868dfffff,Business Support,15
884995868dfffff,Construction,8
884995868dfffff,Education,108
884995868dfffff,Energy,4
884995868dfffff,Financial,13
884995868dfffff,Health,68
884995868dfffff,Hospitality,172
884995868dfffff,Information,233
884995868dfffff,Manufacturing,180
884995868dfffff,Professional Service,14
884995868dfffff,Public Administration,39
884995868dfffff,Real Estate,28
884995868dfffff,Retail,673
884995868dfffff,Transportation,93
884995868dfffff,Wholesale,112
8849958691fffff,Agriculture,15
8849958691fffff,Art/Culture,21
8849958691fffff,Business Support,2
8849958691fffff,Construction,1
8849958691fffff,Education,41
8849958691fffff,Financial,4
8849958691fffff,Health,606
8849958691fffff,Hospitality,170
8849958691fffff,Manufacturing,50
8849958691fffff,Professional Service,7
8849958691fffff,Public Administration,55
8849958691fffff,Real Estate,6
8849958691fffff,Retail,441
8849958691fffff,Wholesale,204
8849958693fffff,Art/Culture,31
8849958693fffff,Business Support,5
8849958693fffff,Education,200
8849958693fffff,Health,352
8849958693fffff,Hospitality,130
8849958693fffff,Information,48
8849958693fffff,Manufacturing,124
8849958693fffff,Professional Service,8
8849958693fffff,Public Administration,237
8849958693fffff,Real Estate,24
8849958693fffff,Retail,621
8849958693fffff,Wholesale,107
8849958695fffff,Art/Culture,19
8849958695fffff,Business Support,35
8849958695fffff,Education,114
8849958695fffff,Financial,149
8849958695fffff,Health,41
8849958695fffff,Hospitality,113
8849958695fffff,Information,4
8849958695fffff,Manufacturing,31
8849958695fffff,Professional Service,31
8849958695fffff,Public Administration,2123
8849958695fffff,Real Estate,13
8849958695fffff,Retail,323
8849958695fffff,Transportation,42
8849958695fffff,Wholesale,4
8849958697fffff,Art/Culture,32
8849958697fffff,Business Support,13
8849958697fffff,Construction,6
8849958697fffff,Education,614
8849958697fffff,Energy,28
8849958697fffff,Financial,31
8849958697fffff,Health,126
8849958697fffff,Hospitality,272
8849958697fffff,Manufacturing,242
8849958697fffff,Professional Service,33
8849958697fffff,Public Administration,5
8849958697fffff,Real Estate,19
8849958697fffff,Retail,790
8849958697fffff,Wholesale,4
884995869bfffff,Art/Culture,10
884995869bfffff,Business Support,3
884995869bfffff,Construction,3
884995869bfffff,Education,43
884995869bfffff,Health,25
884995869bfffff,Hospitality,74
884995869bfffff,Manufacturing,77
884995869bfffff,Professional Service,3
884995869bfffff,Real Estate,12
884995869bfffff,Retail,566
884995869bfffff,Wholesale,13
884995869dfffff,Art/Culture,8
884995869dfffff,Business Support,11
884995869dfffff,Construction,29
884995869dfffff,Education,184
884995869dfffff,Energy,10
884995869dfffff,Health,47
884995869dfffff,Hospitality,86
884995869dfffff,Manufacturing,68
884995869dfffff,Professional Service,5
884995869dfffff,Real Estate,4
884995869dfffff,Retail,521
884995869dfffff,Wholesale,141
88499586a3fffff,Art/Culture,7
88499586a3fffff,Business Support,887
88499586a3fffff,Corporate,445
88499586a3fffff,Education,542
88499586a3fffff,Financial,246
88499586a3fffff,Health,8
88499586a3fffff,Hospitality,292
88499586a3fffff,Information,401
88499586a3fffff,Manufacturing,100
88499586a3fffff,Professional Service,16
88499586a3fffff,Public Administration,4
88499586a3fffff,Real Estate,17
88499586a3fffff,Retail,650
88499586a3fffff,Transportation,19
88499586a3fffff,Wholesale,297
88499586a5fffff,Art/Culture,50
88499586a5fffff,Education,167
88499586a5fffff,Financial,3
88499586a5fffff,Health,43
88499586a5fffff,Hospitality,25
88499586a5fffff,Public Administration,363
88499586a5fffff,Retail,39
88499586a5fffff,Wholesale,32
88499586adfffff,Art/Culture,26
88499586adfffff,Health,1
88499586adfffff,Hospitality,5
88499586adfffff,Manufacturing,4
88499586adfffff,Public Administration,4
88499586adfffff,Retail,25
88499586b1fffff,Art/Culture,31
88499586b1fffff,Business Support,9
88499586b1fffff,Construction,415
88499586b1fffff,Education,557
88499586b1fffff,Energy,191
88499586b1fffff,Financial,15
88499586b1fffff,Health,424
88499586b1fffff,Hospitality,245
88499586b1fffff,Information,29
88499586b1fffff,Manufacturing,227
88499586b1fffff,Professional Service,40
88499586b1fffff,Public Administration,33
88499586b1fffff,Real Estate,16
88499586b1fffff,Retail,572
88499586b1fffff,Transportation,39
88499586b1fffff,Wholesale,31
88499586b3fffff,Art/Culture,2
88499586b3fffff,Education,704
88499586b3fffff,Energy,2
88499586b3fffff,Financial,2
88499586b3fffff,Health,30
88499586b3fffff,Hospitality,66
88499586b3fffff,Manufacturing,157
88499586b3fffff,Professional Service,64
88499586b3fffff,Real Estate,2
88499586b3fffff,Retail,321
88499586b3fffff,Wholesale,36
88499586b5fffff,Art/Culture,138
88499586b5fffff,Business Support,60
88499586b5fffff,Corporate,4
88499586b5fffff,Education,456
88499586b5fffff,Energy,17
88499586b5fffff,Financial,733
88499586b5fffff,Health,1067
88499586b5fffff,Hospitality,1122
88499586b5fffff,Information,63
88499586b5fffff,Manufacturing,20
88499586b5fffff,Professional Service,323
88499586b5fffff,Real Estate,29
88499586b5fffff,Retail,1179
88499586b5fffff,Transportation,26
88499586b5fffff,Wholesale,691
88499586b7fffff,Art/Culture,51
88499586b7fffff,Business Support,307
88499586b7fffff,Construction,161
88499586b7fffff,Corporate,4
88499586b7fffff,Education,726
88499586b7fffff,Energy,148
88499586b7fffff,Financial,471
88499586b7fffff,Health,204
88499586b7fffff,Hospitality,343
88499586b7fffff,Information,103
88499586b7fffff,Manufacturing,91
88499586b7fffff,Professional Service,1124
88499586b7fffff,Public Administration,1708
88499586b7fffff,Real Estate,820
88499586b7fffff,Retail,1164
88499586b7fffff,Transportation,174
88499586b7fffff,Wholesale,1278
88499586b9fffff,Art/Culture,1
88499586b9fffff,Business Support,21
88499586b9fffff,Education,96
88499586b9fffff,Financial,4
88499586b9fffff,Health,61
88499586b9fffff,Hospitality,42
88499586b9fffff,Information,4
88499586b9fffff,Manufacturing,34
88499586b9fffff,Professional Service,5
88499586b9fffff,Public Administration,428
88499586b9fffff,Retail,230
88499586b9fffff,Transportation,71
88499586bbfffff,Art/Culture,38
88499586bbfffff,Business Support,16
88499586bbfffff,Education,299
88499586bbfffff,Financial,151
88499586bbfffff,Health,291
88499586bbfffff,Hospitality,213
88499586bbfffff,Manufacturing,291
88499586bbfffff,Professional Service,19
88499586bbfffff,Public Administration,35
88499586bbfffff,Real Estate,14
88499586bbfffff,Retail,715
88499586bbfffff,Wholesale,14
88499586bdfffff,Art/Culture,26
88499586bdfffff,Business Support,7
88499586bdfffff,Construction,9
88499586bdfffff,Education,204
88499586bdfffff,Financial,47
88499586bdfffff,Health,48
88499586bdfffff,Hospitality,128
88499586bdfffff,Manufacturing,41
88499586bdfffff,Professional Service,4
88499586bdfffff,Real Estate,4
88499586bdfffff,Retail,485
88499586bdfffff,Transportation,1
88499586bdfffff,Wholesale,7
88499586c3fffff,Art/Culture,28
88499586c3fffff,Business Support,11
88499586c3fffff,Education,184
88499586c3fffff,Health,111
88499586c3fffff,Hospitality,117
88499586c3fffff,Information,2
88499586c3fffff,Manufacturing,132
88499586c3fffff,Professional Service,3
88499586c3fffff,Public Administration,16
88499586c3fffff,Real Estate,9
88499586c3fffff,Retail,697
88499586c3fffff,Transportation,29
88499586c3fffff,Wholesale,19
88499586c7fffff,Art/Culture,3
88499586c7fffff,Business Support,54
88499586c7fffff,Construction,5
88499586c7fffff,Education,79
88499586c7fffff,Financial,2
88499586c7fffff,Health,122
88499586c7fffff,Hospitality,92
88499586c7fffff,Information,3
88499586c7fffff,Manufacturing,107
88499586c7fffff,Professional Service,7
88499586c7fffff,Public Administration,2
88499586c7fffff,Real Estate,7
88499586c7fffff,Retail,739
88499586c7fffff,Wholesale,16
88499586d5fffff,Agriculture,3
88499586d5fffff,Art/Culture,6
88499586d5fffff,Business Support,9
88499586d5fffff,Education,31
88499586d5fffff,Health,27
88499586d5fffff,Hospitality,57
88499586d5fffff,Manufacturing,120
88499586d5fffff,Professional Service,5
88499586d5fffff,Public Administration,20
88499586d5fffff,Real Estate,1
88499586d5fffff,Retail,485
88499586d5fffff,Wholesale,10
88499586ddfffff,Business Support,1
88499586ddfffff,Health,18
88499586ddfffff,Hospitality,16
88499586ddfffff,Manufacturing,34
88499586ddfffff,Real Estate,2
88499586ddfffff,Retail,158
88499586ddfffff,Wholesale,6
88499586e1fffff,Art/Culture,3
88499586e1fffff,Business Support,3
88499586e1fffff,Education,203
88499586e1fffff,Energy,6
88499586e1fffff,Financial,6
88499586e1fffff,Health,330
88499586e1fffff,Hospitality,129
88499586e1fffff,Manufacturing,241
88499586e1fffff,Public Administration,484
88499586e1fffff,Real Estate,9
88499586e1fffff,Retail,371
88499586e1fffff,Wholesale,3
88499586e3fffff,Art/Culture,9
88499586e3fffff,Education,21
88499586e3fffff,Financial,5
88499586e3fffff,Health,11
88499586e3fffff,Hospitality,131
88499586e3fffff,Manufacturing,344
88499586e3fffff,Professional Service,14
88499586e3fffff,Public Administration,33
88499586e3fffff,Real Estate,12
88499586e3fffff,Retail,354
88499586e3fffff,Wholesale,160
88499586e7fffff,Art/Culture,26
88499586e7fffff,Business Support,6
88499586e7fffff,Construction,2
88499586e7fffff,Education,197
88499586e7fffff,Financial,5
88499586e7fffff,Health,66
88499586e7fffff,Hospitality,182
88499586e7fffff,Information,8
88499586e7fffff,Manufacturing,172
88499586e7fffff,Professional Service,14
88499586e7fffff,Public Administration,4
88499586e7fffff,Real Estate,21
88499586e7fffff,Retail,706
88499586e7fffff,Transportation,3
88499586e7fffff,Wholesale,37
88499586ebfffff,Art/Culture,31
88499586ebfffff,Business Support,12
88499586ebfffff,Construction,66
88499586ebfffff,Education,319
88499586ebfffff,Health,171
88499586ebfffff,Hospitality,142
88499586ebfffff,Information,8
88499586ebfffff,Manufacturing,77
88499586ebfffff,Professional Service,6
88499586ebfffff,Public Administration,4
88499586ebfffff,Real Estate,32
88499586ebfffff,Retail,528
88499586ebfffff,Wholesale,24
88499586edfffff,Art/Culture,15
88499586edfffff,Education,48
88499586edfffff,Health,31
88499586edfffff,Hospitality,46
88499586edfffff,Manufacturing,68
88499586edfffff,Professional Service,52
88499586edfffff,Public Administration,115
88499586edfffff,Real Estate,9
88499586edfffff,Retail,205
88499586edfffff,Wholesale,34
8849958701fffff,Business Support,12
8849958701fffff,Financial,7
8849958701fffff,Health,54
8849958701fffff,Hospitality,33
8849958701fffff,Manufacturing,16
8849958701fffff,Professional Service,6
8849958701fffff,Public Administration,1020
8849958701fffff,Retail,106
8849958701fffff,Transportation,71
8849958703fffff,Art/Culture,2
8849958703fffff,Education,59
8849958703fffff,Health,56
8849958703fffff,Hospitality,3
8849958703fffff,Information,16
8849958703fffff,Public Administration,14
8849958703fffff,Real Estate,2
8849958703fffff,Retail,40
8849958703fffff,Wholesale,1
8849958705fffff,Business Support,4
8849958705fffff,Education,8
8849958705fffff,Health,17
8849958705fffff,Hospitality,10
8849958705fffff,Manufacturing,39
8849958705fffff,Professional Service,3
8849958705fffff,Retail,199
8849958705fffff,Transportation,30
8849958705fffff,Wholesale,3
8849958707fffff,Art/Culture,19
8849958707fffff,Business Support,7
8849958707fffff,Education,100
8849958707fffff,Financial,7
8849958707fffff,Health,87
8849958707fffff,Hospitality,159
8849958707fffff,Manufacturing,139
8849958707fffff,Professional Service,27
8849958707fffff,Public Administration,29
8849958707fffff,Real Estate,28
8849958707fffff,Retail,753
8849958707fffff,Transportation,6
8849958707fffff,Wholesale,16
884995870dfffff,Art/Culture,18
884995870dfffff,Business Support,11
884995870dfffff,Education,75
884995870dfffff,Financial,4
884995870dfffff,Health,54
884995870dfffff,Hospitality,86
884995870dfffff,Manufacturing,145
884995870dfffff,Professional Service,14
884995870dfffff,Public Administration,434
884995870dfffff,Real Estate,9
884995870dfffff,Retail,570
884995870dfffff,Wholesale,80
8849958715fffff,Financial,8
8849958715fffff,Manufacturing,5
8849958715fffff,Professional Service,1
8849958715fffff,Retail,11
8849958719fffff,Business Support,1
8849958719fffff,Health,3
8849958719fffff,Hospitality,24
8849958719fffff,Manufacturing,22
8849958719fffff,Professional Service,1
8849958719fffff,Public Administration,2
8849958719fffff,Real Estate,6
8849958719fffff,Retail,97
8849958719fffff,Wholesale,11
884995871bfffff,Business Support,3
884995871bfffff,Financial,4
884995871bfffff,Health,8
884995871bfffff,Hospitality,14
884995871bfffff,Manufacturing,24
884995871bfffff,Professional Service,5
884995871bfffff,Retail,97
884995871bfffff,Transportation,39
884995871bfffff,Wholesale,3
884995871dfffff,Education,2
884995871dfffff,Health,12
884995871dfffff,Hospitality,8
884995871dfffff,Manufacturing,10
884995871dfffff,Real Estate,4
884995871dfffff,Retail,56
884995871dfffff,Wholesale,1
8849958723fffff,Art/Culture,97
8849958723fffff,Business Support,49
8849958723fffff,Construction,52
8849958723fffff,Education,556
8849958723fffff,Energy,59
8849958723fffff,Financial,129
8849958723fffff,Health,182
8849958723fffff,Hospitality,272
8849958723fffff,Information,4
8849958723fffff,Manufacturing,769
8849958723fffff,Professional Service,54
8849958723fffff,Public Administration,1274
8849958723fffff,Real Estate,38
8849958723fffff,Retail,2070
8849958723fffff,Transportation,55
8849958723fffff,Wholesale,184
8849958725fffff,Education,42
8849958725fffff,Energy,647
8849958725fffff,Financial,4
8849958725fffff,Health,102
8849958725fffff,Hospitality,323
8849958725fffff,Manufacturing,111
8849958725fffff,Professional Service,13
8849958725fffff,Public Administration,118
8849958725fffff,Real Estate,13
8849958725fffff,Retail,770
8849958725fffff,Wholesale,7
8849958727fffff,Art/Culture,25
8849958727fffff,Business Support,10
8849958727fffff,Education,190
8849958727fffff,Financial,24
8849958727fffff,Health,249
8849958727fffff,Hospitality,252
8849958727fffff,Information,1
8849958727fffff,Manufacturing,184
8849958727fffff,Professional Service,49
8849958727fffff,Public Administration,36
8849958727fffff,Real Estate,17
8849958727fffff,Retail,1017
8849958727fffff,Transportation,501
8849958727fffff,Wholesale,20
8849958729fffff,Education,61
8849958729fffff,Financial,3
8849958729fffff,Health,10
8849958729fffff,Hospitality,19
8849958729fffff,Information,1
8849958729fffff,Manufacturing,24
8849958729fffff,Professional Service,6
8849958729fffff,Public Administration,2
8849958729fffff,Real Estate,2
8849958729fffff,Retail,221
8849958729fffff,Wholesale,2
884995872bfffff,Art/Culture,1
884995872bfffff,Business Support,2
884995872bfffff,Education,175
884995872bfffff,Financial,4
884995872bfffff,Health,47
884995872bfffff,Hospitality,64
884995872bfffff,Manufacturing,205
884995872bfffff,Professional Service,34
884995872bfffff,Real Estate,12
884995872bfffff,Retail,211
884995872bfffff,Wholesale,24
884995872dfffff,Business Support,3
884995872dfffff,Education,273
884995872dfffff,Health,44
884995872dfffff,Hospitality,40
884995872dfffff,Information,8
884995872dfffff,Manufacturing,52
884995872dfffff,Professional Service,7
884995872dfffff,Public Administration,10
884995872dfffff,Real Estate,5
884995872dfffff,Retail,181
884995872dfffff,Wholesale,7
8849958731fffff,Art/Culture,208
8849958731fffff,Business Support,22
8849958731fffff,Education,963
8849958731fffff,Financial,55
8849958731fffff,Health,41
8849958731fffff,Hospitality,148
8849958731fffff,Information,10
8849958731fffff,Manufacturing,113
8849958731fffff,Professional Service,40
8849958731fffff,Public Administration,107
8849958731fffff,Real Estate,34
8849958731fffff,Retail,400
8849958731fffff,Transportation,6
8849958731fffff,Wholesale,535
8849958735fffff,Art/Culture,24
8849958735fffff,Business Support,242
8849958735fffff,Construction,4
8849958735fffff,Education,575
8849958735fffff,Energy,142
8849958735fffff,Financial,289
8849958735fffff,Health,383
8849958735fffff,Hospitality,365
8849958735fffff,Information,48
8849958735fffff,Manufacturing,353
8849958735fffff,Professional Service,59
8849958735fffff,Public Administration,405
8849958735fffff,Real Estate,20
8849958735fffff,Retail,1405
8849958735fffff,Transportation,19
8849958735fffff,Wholesale,45
8849958737fffff,Art/Culture,6
8849958737fffff,Business Support,14
8849958737fffff,Construction,4
8849958737fffff,Education,520
8849958737fffff,Financial,34
8849958737fffff,Health,141
8849958737fffff,Hospitality,298
8849958737fffff,Manufacturing,573
8849958737fffff,Professional Service,21
8849958737fffff,Public Administration,115
8849958737fffff,Real Estate,15
8849958737fffff,Retail,721
8849958737fffff,Transportation,1
8849958737fffff,Wholesale,196
8849958739fffff,Art/Culture,1
8849958739fffff,Business Support,12
8849958739fffff,Education,341
8849958739fffff,Health,58
8849958739fffff,Hospitality,64
8849958739fffff,Information,2
8849958739fffff,Manufacturing,90
8849958739fffff,Professional Service,101
8849958739fffff,Public Administration,11
8849958739fffff,Real Estate,4
8849958739fffff,Retail,390
8849958739fffff,Wholesale,15
884995873bfffff,Art/Culture,22
884995873bfffff,Business Support,10
884995873bfffff,Construction,107
884995873bfffff,Education,127
884995873bfffff,Financial,4
884995873bfffff,Health,118
884995873bfffff,Hospitality,99
884995873bfffff,Information,4
884995873bfffff,Manufacturing,149
884995873bfffff,Professional Service,10
884995873bfffff,Public Administration,18
884995873bfffff,Real Estate,12
884995873bfffff,Retail,385
884995873bfffff,Wholesale,4
884995873dfffff,Art/Culture,9
884995873dfffff,Construction,73
884995873dfffff,Education,683
884995873dfffff,Financial,12
884995873dfffff,Health,14
884995873dfffff,Hospitality,70
884995873dfffff,Manufacturing,434
884995873dfffff,Professional Service,29
884995873dfffff,Public Administration,12
884995873dfffff,Real Estate,3
884995873dfffff,Retail,74
884995873dfffff,Transportation,4
884995873dfffff,Wholesale,134
8849958745fffff,Art/Culture,4
8849958745fffff,Business Support,3
8849958745fffff,Education,195
8849958745fffff,Hospitality,9
8849958745fffff,Manufacturing,19
8849958745fffff,Retail,91
8849958745fffff,Wholesale,1
8849958749fffff,Art/Culture,7
8849958749fffff,Health,18
8849958749fffff,Manufacturing,7
8849958749fffff,Retail,59
8849958749fffff,Wholesale,2
8849958751fffff,Art/Culture,1
8849958751fffff,Health,1
8849958751fffff,Hospitality,4
8849958751fffff,Manufacturing,1
8849958751fffff,Retail,28
8849958753fffff,Education,30
8849958753fffff,Health,3
8849958753fffff,Hospitality,12
8849958753fffff,Manufacturing,18
8849958753fffff,Real Estate,3
8849958753fffff,Retail,69
8849958753fffff,Wholesale,6
8849958757fffff,Art/Culture,4
8849958757fffff,Business Support,4
8849958757fffff,Education,75
8849958757fffff,Financial,1
8849958757fffff,Health,38
8849958757fffff,Hospitality,58
8849958757fffff,Manufacturing,51
8849958757fffff,Professional Service,5
8849958757fffff,Public Administration,2
8849958757fffff,Real Estate,2
8849958757fffff,Retail,281
8849958757fffff,Transportation,48
8849958757fffff,Wholesale,20
8849958759fffff,Retail,1
8849958761fffff,Art/Culture,8
8849958761fffff,Business Support,9
8849958761fffff,Education,160
8849958761fffff,Health,26
8849958761fffff,Hospitality,51
8849958761fffff,Information,8
8849958761fffff,Manufacturing,56
8849958761fffff,Professional Service,5
8849958761fffff,Public Administration,24
8849958761fffff,Real Estate,1
8849958761fffff,Retail,400
8849958761fffff,Wholesale,17
8849958763fffff,Art/Culture,5
8849958763fffff,Business Support,1
8849958763fffff,Health,3
8849958763fffff,Hospitality,29
8849958763fffff,Manufacturing,34
8849958763fffff,Professional Service,2
8849958763fffff,Real Estate,6
8849958763fffff,Retail,194
8849958763fffff,Wholesale,9
8849958765fffff,Health,1
8849958765fffff,Manufacturing,21
8849958765fffff,Professional Service,4
8849958765fffff,Retail,77
8849958767fffff,Health,6
8849958767fffff,Hospitality,12
8849958767fffff,Manufacturing,11
8849958767fffff,Retail,117
884995876bfffff,Art/Culture,7
884995876bfffff,Education,6
884995876bfffff,Health,95
884995876bfffff,Hospitality,33
884995876bfffff,Manufacturing,35
884995876bfffff,Professional Service,11
884995876bfffff,Real Estate,8
884995876bfffff,Retail,148
884995876bfffff,Wholesale,14
884995876dfffff,Agriculture,2
884995876dfffff,Art/Culture,8
884995876dfffff,Business Support,1
884995876dfffff,Education,204
884995876dfffff,Health,67
884995876dfffff,Hospitality,21
884995876dfffff,Information,8
884995876dfffff,Manufacturing,45
884995876dfffff,Professional Service,10
884995876dfffff,Public Administration,2
884995876dfffff,Retail,188
884995876dfffff,Wholesale,12
8849958c01fffff,Art/Culture,41
8849958c01fffff,Business Support,14
8849958c01fffff,Construction,198
8849958c01fffff,Education,672
8849958c01fffff,Financial,130
8849958c01fffff,Health,130
8849958c01fffff,Hospitality,345
8849958c01fffff,Information,21
8849958c01fffff,Manufacturing,214
8849958c01fffff,Professional Service,28
8849958c01fffff,Public Administration,27
8849958c01fffff,Real Estate,27
8849958c01fffff,Retail,844
8849958c01fffff,Transportation,85
8849958c01fffff,Wholesale,86
8849958c03fffff,Art/Culture,31
8849958c03fffff,Business Support,17
8849958c03fffff,Construction,3
8849958c03fffff,Education,240
8849958c03fffff,Energy,15
8849958c03fffff,Financial,143
8849958c03fffff,Health,115
8849958c03fffff,Hospitality,398
8849958c03fffff,Information,10
8849958c03fffff,Manufacturing,231
8849958c03fffff,Professional Service,9
8849958c03fffff,Public Administration,502
8849958c03fffff,Real Estate,13
8849958c03fffff,Retail,1385
8849958c03fffff,Transportation,596
8849958c03fffff,Wholesale,32
8849958c07fffff,Art/Culture,8
8849958c07fffff,Business Support,20
8849958c07fffff,Education,458
8849958c07fffff,Health,190
8849958c07fffff,Hospitality,146
8849958c07fffff,Manufacturing,176
8849958c07fffff,Professional Service,26
8849958c07fffff,Public Administration,33
8849958c07fffff,Real Estate,12
8849958c07fffff,Retail,865
8849958c07fffff,Wholesale,4
8849958c09fffff,Art/Culture,36
8849958c09fffff,Business Support,19
8849958c09fffff,Construction,3
8849958c09fffff,Education,279
8849958c09fffff,Energy,7
8849958c09fffff,Financial,107
8849958c09fffff,Health,111
8849958c09fffff,Hospitality,251
8849958c09fffff,Information,4
8849958c09fffff,Manufacturing,240
8849958c09fffff,Professional Service,15
8849958c09fffff,Public Administration,183
8849958c09fffff,Real Estate,9
8849958c09fffff,Retail,1116
8849958c09fffff,Transportation,15
8849958c09fffff,Wholesale,90
8849958c0bfffff,Art/Culture,7
8849958c0bfffff,Business Support,14
8849958c0bfffff,Education,311
8849958c0bfffff,Energy,8
8849958c0bfffff,Financial,31
8849958c0bfffff,Health,229
8849958c0bfffff,Hospitality,122
8849958c0bfffff,Manufacturing,168
8849958c0bfffff,Professional Service,12
8849958c0bfffff,Public Administration,1783
8849958c0bfffff,Real Estate,1
8849958c0bfffff,Retail,722
8849958c0bfffff,Transportation,30
8849958c0bfffff,Wholesale,49
8849958c0dfffff,Art/Culture,20
8849958c0dfffff,Business Support,35
8849958c0dfffff,Construction,4
8849958c0dfffff,Education,335
8849958c0dfffff,Energy,6
8849958c0dfffff,Financial,8
8849958c0dfffff,Health,85
8849958c0dfffff,Hospitality,226
8849958c0dfffff,Manufacturing,309
8849958c0dfffff,Professional Service,36
8849958c0dfffff,Public Administration,3
8849958c0dfffff,Real Estate,21
8849958c0dfffff,Retail,1250
8849958c0dfffff,Wholesale,29
8849958c11fffff,Art/Culture,11
8849958c11fffff,Business Support,12
8849958c11fffff,Construction,6
8849958c11fffff,Education,188
8849958c11fffff,Energy,6
8849958c11fffff,Financial,9
8849958c11fffff,Health,67
8849958c11fffff,Hospitality,166
8849958c11fffff,Manufacturing,541
8849958c11fffff,Professional Service,13
8849958c11fffff,Public Administration,29
8849958c11fffff,Real Estate,55
8849958c11fffff,Retail,810
8849958c11fffff,Transportation,170
8849958c11fffff,Wholesale,45
8849958c13fffff,Art/Culture,55
8849958c13fffff,Business Support,12
8849958c13fffff,Education,174
8849958c13fffff,Health,26
8849958c13fffff,Hospitality,96
8849958c13fffff,Information,9
8849958c13fffff,Manufacturing,84
8849958c13fffff,Professional Service,11
8849958c13fffff,Public Administration,23
8849958c13fffff,Real Estate,6
8849958c13fffff,Retail,376
8849958c13fffff,Wholesale,34
8849958c15fffff,Art/Culture,12
8849958c15fffff,Business Support,26
8849958c15fffff,Construction,7
8849958c15fffff,Education,39
8849958c15fffff,Financial,49
8849958c15fffff,Health,77
8849958c15fffff,Hospitality,176
8849958c15fffff,Information,22
8849958c15fffff,Manufacturing,849
8849958c15fffff,Professional Service,31
8849958c15fffff,Public Administration,48
8849958c15fffff,Real Estate,41
8849958c15fffff,Retail,866
8849958c15fffff,Transportation,419
8849958c15fffff,Wholesale,254
8849958c17fffff,Art/Culture,25
8849958c17fffff,Business Support,20
8849958c17fffff,Education,536
8849958c17fffff,Financial,31
8849958c17fffff,Health,68
8849958c17fffff,Hospitality,220
8849958c17fffff,Manufacturing,282
8849958c17fffff,Professional Service,47
8849958c17fffff,Public Administration,52
8849958c17fffff,Real Estate,26
8849958c17fffff,Retail,909
8849958c17fffff,Transportation,17
8849958c17fffff,Wholesale,148
8849958c19fffff,Art/Culture,13
8849958c19fffff,Business Support,6
8849958c19fffff,Education,331
8849958c19fffff,Financial,2
8849958c19fffff,Health,31
8849958c19fffff,Hospitality,178
8849958c19fffff,Information,2
8849958c19fffff,Manufacturing,695
8849958c19fffff,Professional Service,12
8849958c19fffff,Public Administration,55
8849958c19fffff,Real Estate,10
8849958c19fffff,Retail,592
8849958c19fffff,Transportation,2
8849958c19fffff,Wholesale,68
8849958c1bfffff,Art/Culture,20
8849958c1bfffff,Business Support,23
8849958c1bfffff,Education,175
8849958c1bfffff,Energy,3
8849958c1bfffff,Health,75
8849958c1bfffff,Hospitality,238
8849958c1bfffff,Manufacturing,110
8849958c1bfffff,Professional Service,3
8849958c1bfffff,Real Estate,7
8849958c1bfffff,Retail,799
8849958c1bfffff,Wholesale,8
8849958c1dfffff,Art/Culture,17
8849958c1dfffff,Business Support,2
8849958c1dfffff,Education,250
8849958c1dfffff,Health,112
8849958c1dfffff,Hospitality,166
8849958c1dfffff,Manufacturing,704
8849958c1dfffff,Professional Service,16
8849958c1dfffff,Public Administration,9
8849958c1dfffff,Real Estate,13
8849958c1dfffff,Retail,835
8849958c1dfffff,Transportation,1
8849958c1dfffff,Wholesale,242
8849958c39fffff,Art/Culture,12
8849958c39fffff,Business Support,8
8849958c39fffff,Construction,5
8849958c39fffff,Education,338
8849958c39fffff,Energy,7
8849958c39fffff,Financial,14
8849958c39fffff,Health,87
8849958c39fffff,Hospitality,295
8849958c39fffff,Information,25
8849958c39fffff,Manufacturing,235
8849958c39fffff,Professional Service,36
8849958c39fffff,Public Administration,1
8849958c39fffff,Real Estate,11
8849958c39fffff,Retail,919
8849958c39fffff,Wholesale,37
8849958c41fffff,Art/Culture,12
8849958c41fffff,Business Support,12
8849958c41fffff,Education,271
8849958c41fffff,Health,69
8849958c41fffff,Hospitality,170
8849958c41fffff,Manufacturing,211
8849958c41fffff,Professional Service,9
8849958c41fffff,Public Administration,7
8849958c41fffff,Real Estate,7
8849958c41fffff,Retail,1001
8849958c41fffff,Wholesale,25
8849958c43fffff,Art/Culture,31
8849958c43fffff,Business Support,40
8849958c43fffff,Education,337
8849958c43fffff,Energy,15
8849958c43fffff,Health,217
8849958c43fffff,Hospitality,331
8849958c43fffff,Information,4
8849958c43fffff,Manufacturing,298
8849958c43fffff,Professional Service,40
8849958c43fffff,Public Administration,91
8849958c43fffff,Real Estate,32
8849958c43fffff,Retail,1495
8849958c43fffff,Transportation,25
8849958c43fffff,Wholesale,36
8849958c45fffff,Art/Culture,7
8849958c45fffff,Business Support,29
8849958c45fffff,Education,373
8849958c45fffff,Health,103
8849958c45fffff,Hospitality,155
8849958c45fffff,Information,8
8849958c45fffff,Manufacturing,139
8849958c45fffff,Professional Service,15
8849958c45fffff,Real Estate,4
8849958c45fffff,Retail,944
8849958c45fffff,Wholesale,17
8849958c47fffff,Art/Culture,14
8849958c47fffff,Business Support,39
8849958c47fffff,Education,406
8849958c47fffff,Health,276
8849958c47fffff,Hospitality,303
8849958c47fffff,Manufacturing,299
8849958c47fffff,Professional Service,16
8849958c47fffff,Public Administration,67
8849958c47fffff,Real Estate,33
8849958c47fffff,Retail,1448
8849958c47fffff,Wholesale,22
8849958c49fffff,Hospitality,1
8849958c49fffff,Manufacturing,11
8849958c49fffff,Real Estate,4
8849958c49fffff,Retail,48
8849958c49fffff,Wholesale,1
8849958c4bfffff,Art/Culture,3
8849958c4bfffff,Business Support,19
8849958c4bfffff,Education,106
8849958c4bfffff,Financial,2
8849958c4bfffff,Health,124
8849958c4bfffff,Hospitality,195
8849958c4bfffff,Manufacturing,239
8849958c4bfffff,Professional Service,12
8849958c4bfffff,Public Administration,1
8849958c4bfffff,Real Estate,19
8849958c4bfffff,Retail,1396
8849958c4bfffff,Transportation,14
8849958c4bfffff,Wholesale,20
8849958c51fffff,Art/Culture,22
8849958c51fffff,Business Support,40
8849958c51fffff,Education,605
8849958c51fffff,Financial,1
8849958c51fffff,Health,139
8849958c51fffff,Hospitality,209
8849958c51fffff,Manufacturing,807
8849958c51fffff,Professional Service,8
8849958c51fffff,Real Estate,29
8849958c51fffff,Retail,972
8849958c51fffff,Transportation,36
8849958c51fffff,Wholesale,103
8849958c53fffff,Art/Culture,17
8849958c53fffff,Business Support,43
8849958c53fffff,Construction,3
8849958c53fffff,Education,648
8849958c53fffff,Financial,1
8849958c53fffff,Health,354
8849958c53fffff,Hospitality,211
8849958c53fffff,Information,3
8849958c53fffff,Manufacturing,1818
8849958c53fffff,Professional Service,37
8849958c53fffff,Real Estate,2
8849958c53fffff,Retail,714
8849958c53fffff,Transportation,2
8849958c53fffff,Wholesale,297
8849958c55fffff,Art/Culture,24
8849958c55fffff,Business Support,18
8849958c55fffff,Education,231
8849958c55fffff,Energy,7
8849958c55fffff,Financial,320
8849958c55fffff,Health,78
8849958c55fffff,Hospitality,376
8849958c55fffff,Information,98
8849958c55fffff,Manufacturing,164
8849958c55fffff,Professional Service,35
8849958c55fffff,Public Administration,17
8849958c55fffff,Real Estate,11
8849958c55fffff,Retail,1364
8849958c55fffff,Transportation,39
8849958c55fffff,Wholesale,50
8849958c57fffff,Art/Culture,30
8849958c57fffff,Business Support,8
8849958c57fffff,Education,327
8849958c57fffff,Financial,2
8849958c57fffff,Health,72
8849958c57fffff,Hospitality,234
8849958c57fffff,Information,12
8849958c57fffff,Manufacturing,357
8849958c57fffff,Professional Service,17
8849958c57fffff,Public Administration,3
8849958c57fffff,Real Estate,20
8849958c57fffff,Retail,1055
8849958c57fffff,Transportation,1
8849958c57fffff,Wholesale,176
8849958c59fffff,Art/Culture,131
8849958c59fffff,Business Support,39
8849958c59fffff,Education,176
8849958c59fffff,Energy,8
8849958c59fffff,Financial,155
8849958c59fffff,Health,683
8849958c59fffff,Hospitality,308
8849958c59fffff,Manufacturing,255
8849958c59fffff,Professional Service,41
8849958c59fffff,Real Estate,23
8849958c59fffff,Retail,1385
8849958c59fffff,Transportation,36
8849958c59fffff,Wholesale,407
8849958c5bfffff,Art/Culture,28
8849958c5bfffff,Business Support,89
8849958c5bfffff,Construction,5
8849958c5bfffff,Education,415
8849958c5bfffff,Health,101
8849958c5bfffff,Hospitality,272
8849958c5bfffff,Manufacturing,680
8849958c5bfffff,Professional Service,42
8849958c5bfffff,Public Administration,22
8849958c5bfffff,Real Estate,14
8849958c5bfffff,Retail,1039
8849958c5bfffff,Transportation,42
8849958c5bfffff,Wholesale,140
8849958c5dfffff,Art/Culture,18
8849958c5dfffff,Business Support,26
8849958c5dfffff,Education,407
8849958c5dfffff,Energy,13
8849958c5dfffff,Financial,30
8849958c5dfffff,Health,190
8849958c5dfffff,Hospitality,323
8849958c5dfffff,Information,30
8849958c5dfffff,Manufacturing,206
8849958c5dfffff,Professional Service,36
8849958c5dfffff,Public Administration,141
8849958c5dfffff,Real Estate,22
8849958c5dfffff,Retail,1432
8849958c5dfffff,Transportation,27
8849958c5dfffff,Wholesale,87
8849958c61fffff,Art/Culture,19
8849958c61fffff,Business Support,33
8849958c61fffff,Education,148
8849958c61fffff,Energy,10
8849958c61fffff,Financial,31
8849958c61fffff,Health,69
8849958c61fffff,Hospitality,91
8849958c61fffff,Manufacturing,83
8849958c61fffff,Professional Service,4
8849958c61fffff,Public Administration,2
8849958c61fffff,Real Estate,10
8849958c61fffff,Retail,606
8849958c61fffff,Transportation,2
8849958c61fffff,Wholesale,12
8849958c63fffff,Art/Culture,32
8849958c63fffff,Business Support,23
8849958c63fffff,Education,170
8849958c63fffff,Financial,5
8849958c63fffff,Health,100
8849958c63fffff,Hospitality,170
8849958c63fffff,Manufacturing,333
8849958c63fffff,Professional Service,22
8849958c63fffff,Public Administration,38
8849958c63fffff,Real Estate,11
8849958c63fffff,Retail,944
8849958c63fffff,Wholesale,191
8849958c69fffff,Art/Culture,3
8849958c69fffff,Business Support,4
8849958c69fffff,Education,385
8849958c69fffff,Energy,3
8849958c69fffff,Health,24
8849958c69fffff,Hospitality,95
8849958c69fffff,Information,9
8849958c69fffff,Manufacturing,137
8849958c69fffff,Professional Service,6
8849958c69fffff,Public Administration,2
8849958c69fffff,Retail,516
8849958c69fffff,Wholesale,4
8849958c6bfffff,Art/Culture,33
8849958c6bfffff,Business Support,35
8849958c6bfffff,Education,389
8849958c6bfffff,Health,239
8849958c6bfffff,Hospitality,382
8849958c6bfffff,Information,8
8849958c6bfffff,Manufacturing,374
8849958c6bfffff,Professional Service,21
8849958c6bfffff,Public Administration,71
8849958c6bfffff,Real Estate,27
8849958c6bfffff,Retail,1619
8849958c6bfffff,Transportation,12
8849958c6bfffff,Wholesale,35
8849958c6dfffff,Art/Culture,21
8849958c6dfffff,Business Support,9
8849958c6dfffff,Education,85
8849958c6dfffff,Energy,4
8849958c6dfffff,Financial,13
8849958c6dfffff,Health,497
8849958c6dfffff,Hospitality,154
8849958c6dfffff,Manufacturing,108
8849958c6dfffff,Professional Service,9
8849958c6dfffff,Public Administration,188
8849958c6dfffff,Real Estate,6
8849958c6dfffff,Retail,651
8849958c6dfffff,Wholesale,20
8849958c91fffff,Art/Culture,24
8849958c91fffff,Business Support,18
8849958c91fffff,Construction,3
8849958c91fffff,Education,834
8849958c91fffff,Energy,6
8849958c91fffff,Financial,3
8849958c91fffff,Health,170
8849958c91fffff,Hospitality,203
8849958c91fffff,Information,4
8849958c91fffff,Manufacturing,279
8849958c91fffff,Professional Service,22
8849958c91fffff,Public Administration,48
8849958c91fffff,Real Estate,13
8849958c91fffff,Retail,807
8849958c91fffff,Transportation,81
8849958c91fffff,Wholesale,400
8849958c99fffff,Art/Culture,59
8849958c99fffff,Business Support,10
8849958c99fffff,Construction,117
8849958c99fffff,Education,419
8849958c99fffff,Energy,155
8849958c99fffff,Financial,6
8849958c99fffff,Health,132
8849958c99fffff,Hospitality,317
8849958c99fffff,Information,7
8849958c99fffff,Manufacturing,894
8849958c99fffff,Professional Service,13
8849958c99fffff,Public Administration,8
8849958c99fffff,Real Estate,7
8849958c99fffff,Retail,764
8849958c99fffff,Transportation,2
8849958c99fffff,Wholesale,433
8849958c9bfffff,Agriculture,8
8849958c9bfffff,Art/Culture,13
8849958c9bfffff,Business Support,33
8849958c9bfffff,Education,598
8849958c9bfffff,Energy,6
8849958c9bfffff,Financial,13
8849958c9bfffff,Health,455
8849958c9bfffff,Hospitality,438
8849958c9bfffff,Manufacturing,260
8849958c9bfffff,Professional Service,59
8849958c9bfffff,Public Administration,525
8849958c9bfffff,Real Estate,53
8849958c9bfffff,Retail,1341
8849958c9bfffff,Transportation,11
8849958c9bfffff,Wholesale,57
8849958cc1fffff,Art/Culture,7
8849958cc1fffff,Business Support,27
8849958cc1fffff,Construction,4
8849958cc1fffff,Education,368
8849958cc1fffff,Financial,310
8849958cc1fffff,Health,856
8849958cc1fffff,Hospitality,333
8849958cc1fffff,Information,7
8849958cc1fffff,Manufacturing,74
8849958cc1fffff,Professional Service,15
8849958cc1fffff,Public Administration,249
8849958cc1fffff,Real Estate,1
8849958cc1fffff,Retail,1080
8849958cc1fffff,Transportation,29
8849958cc1fffff,Wholesale,12
8849958cc3fffff,Art/Culture,22
8849958cc3fffff,Business Support,59
8849958cc3fffff,Construction,11
8849958cc3fffff,Education,571
8849958cc3fffff,Financial,147
8849958cc3fffff,Health,110
8849958cc3fffff,Hospitality,717
8849958cc3fffff,Information,32
8849958cc3fffff,Manufacturing,260
8849958cc3fffff,Professional Service,143
8849958cc3fffff,Public Administration,157
8849958cc3fffff,Real Estate,52
8849958cc3fffff,Retail,2016
8849958cc3fffff,Transportation,34
8849958cc3fffff,Wholesale,41
8849958cc5fffff,Art/Culture,30
8849958cc5fffff,Business Support,46
8849958cc5fffff,Construction,112
8849958cc5fffff,Education,356
8849958cc5fffff,Financial,3
8849958cc5fffff,Health,123
8849958cc5fffff,Hospitality,529
8849958cc5fffff,Information,2
8849958cc5fffff,Manufacturing,304
8849958cc5fffff,Professional Service,41
8849958cc5fffff,Public Administration,135
8849958cc5fffff,Real Estate,14
8849958cc5fffff,Retail,1406
8849958cc5fffff,Transportation,197
8849958cc5fffff,Wholesale,188
8849958cc9fffff,Art/Culture,8
8849958cc9fffff,Business Support,2
8849958cc9fffff,Construction,5
8849958cc9fffff,Education,3
8849958cc9fffff,Health,10
8849958cc9fffff,Hospitality,70
8849958cc9fffff,Information,7
8849958cc9fffff,Manufacturing,30
8849958cc9fffff,Retail,283
8849958ccbfffff,Art/Culture,113
8849958ccbfffff,Business Support,50
8849958ccbfffff,Education,925
8849958ccbfffff,Financial,14
8849958ccbfffff,Health,131
8849958ccbfffff,Hospitality,222
8849958ccbfffff,Manufacturing,118
8849958ccbfffff,Professional Service,16
8849958ccbfffff,Real Estate,14
8849958ccbfffff,Retail,1000
8849958ccbfffff,Transportation,158
8849958ccbfffff,Wholesale,15
8849958ccdfffff,Art/Culture,60
8849958ccdfffff,Business Support,39
8849958ccdfffff,Education,924
8849958ccdfffff,Energy,15
8849958ccdfffff,Financial,7
8849958ccdfffff,Health,67
8849958ccdfffff,Hospitality,231
8849958ccdfffff,Information,10
8849958ccdfffff,Manufacturing,250
8849958ccdfffff,Professional Service,14
8849958ccdfffff,Public Administration,418
8849958ccdfffff,Real Estate,12
8849958ccdfffff,Retail,653
8849958ccdfffff,Transportation,983
8849958ccdfffff,Wholesale,54
8849958cd1fffff,Art/Culture,37
8849958cd1fffff,Business Support,385
8849958cd1fffff,Construction,12
8849958cd1fffff,Education,248
8849958cd1fffff,Energy,47
8849958cd1fffff,Financial,305
8849958cd1fffff,Health,70
8849958cd1fffff,Hospitality,410
8849958cd1fffff,Information,28
8849958cd1fffff,Manufacturing,807
8849958cd1fffff,Professional Service,40
8849958cd1fffff,Retail,1060
8849958cd1fffff,Transportation,467
8849958cd1fffff,Wholesale,153
8849958cd3fffff,Art/Culture,23
8849958cd3fffff,Business Support,4
8849958cd3fffff,Construction,264
8849958cd3fffff,Education,275
8849958cd3fffff,Financial,255
8849958cd3fffff,Health,270
8849958cd3fffff,Hospitality,222
8849958cd3fffff,Manufacturing,1166
8849958cd3fffff,Professional Service,39
8849958cd3fffff,Public Administration,31
8849958cd3fffff,Real Estate,27
8849958cd3fffff,Retail,1007
8849958cd3fffff,Transportation,59
8849958cd3fffff,Wholesale,138
8849958cd7fffff,Art/Culture,17
8849958cd7fffff,Business Support,20
8849958cd7fffff,Education,385
8849958cd7fffff,Financial,75
8849958cd7fffff,Health,596
8849958cd7fffff,Hospitality,436
8849958cd7fffff,Information,1
8849958cd7fffff,Manufacturing,399
8849958cd7fffff,Professional Service,18
8849958cd7fffff,Public Administration,98
8849958cd7fffff,Real Estate,15
8849958cd7fffff,Retail,1436
8849958cd7fffff,Transportation,100
8849958cd7fffff,Wholesale,520
8849958cd9fffff,Art/Culture,24
8849958cd9fffff,Business Support,16
8849958cd9fffff,Construction,7
8849958cd9fffff,Education,689
8849958cd9fffff,Financial,14
8849958cd9fffff,Health,430
8849958cd9fffff,Hospitality,399
8849958cd9fffff,Manufacturing,873
8849958cd9fffff,Professional Service,34
8849958cd9fffff,Public Administration,84
8849958cd9fffff,Real Estate,35
8849958cd9fffff,Retail,1191
8849958cd9fffff,Transportation,13
8849958cd9fffff,Wholesale,105
8849958cdbfffff,Agriculture,7
8849958cdbfffff,Art/Culture,36
8849958cdbfffff,Business Support,22
8849958cdbfffff,Education,219
8849958cdbfffff,Financial,62
8849958cdbfffff,Health,219
8849958cdbfffff,Hospitality,337
8849958cdbfffff,Information,11
8849958cdbfffff,Manufacturing,620
8849958cdbfffff,Professional Service,33
8849958cdbfffff,Public Administration,157
8849958cdbfffff,Real Estate,70
8849958cdbfffff,Retail,907
8849958cdbfffff,Transportation,42
8849958cdbfffff,Wholesale,48
8849958cddfffff,Art/Culture,10
8849958cddfffff,Business Support,22
8849958cddfffff,Education,200
8849958cddfffff,Financial,23
8849958cddfffff,Health,84
8849958cddfffff,Hospitality,290
8849958cddfffff,Information,42
8849958cddfffff,Manufacturing,351
8849958cddfffff,Professional Service,25
8849958cddfffff,Public Administration,33
8849958cddfffff,Real Estate,18
8849958cddfffff,Retail,1201
8849958cddfffff,Transportation,36
8849958cddfffff,Wholesale,448
8849958e01fffff,Art/Culture,37
8849958e01fffff,Business Support,3
8849958e01fffff,Education,13
8849958e01fffff,Health,24
8849958e01fffff,Hospitality,34
8849958e01fffff,Information,6
8849958e01fffff,Manufacturing,79
8849958e01fffff,Professional Service,5
8849958e01fffff,Real Estate,4
8849958e01fffff,Retail,259
8849958e01fffff,Transportation,12
8849958e01fffff,Wholesale,9
8849958e03fffff,Art/Culture,13
8849958e03fffff,Business Support,6
8849958e03fffff,Education,218
8849958e03fffff,Financial,3
8849958e03fffff,Health,166
8849958e03fffff,Hospitality,204
8849958e03fffff,Information,3
8849958e03fffff,Manufacturing,172
8849958e03fffff,Professional Service,9
8849958e03fffff,Public Administration,27
8849958e03fffff,Real Estate,4
8849958e03fffff,Retail,838
8849958e03fffff,Transportation,499
8849958e03fffff,Wholesale,26
8849958e05fffff,Energy,169
8849958e05fffff,Health,10
8849958e05fffff,Hospitality,17
8849958e05fffff,Information,2
8849958e05fffff,Manufacturing,31
8849958e05fffff,Public Administration,46
8849958e05fffff,Retail,166
8849958e05fffff,Transportation,101
8849958e05fffff,Wholesale,70
8849958e09fffff,Art/Culture,56
8849958e09fffff,Business Support,16
8849958e09fffff,Education,383
8849958e09fffff,Financial,41
8849958e09fffff,Health,150
8849958e09fffff,Hospitality,329
8849958e09fffff,Information,3
8849958e09fffff,Manufacturing,232
8849958e09fffff,Professional Service,70
8849958e09fffff,Public Administration,51
8849958e09fffff,Real Estate,34
8849958e09fffff,Retail,1278
8849958e09fffff,Transportation,37
8849958e09fffff,Wholesale,48
8849958e0bfffff,Art/Culture,35
8849958e0bfffff,Business Support,8
8849958e0bfffff,Education,453
8849958e0bfffff,Financial,120
8849958e0bfffff,Health,138
8849958e0bfffff,Hospitality,266
8849958e0bfffff,Information,9
8849958e0bfffff,Manufacturing,218
8849958e0bfffff,Professional Service,11
8849958e0bfffff,Public Administration,87
8849958e0bfffff,Real Estate,39
8849958e0bfffff,Retail,624
8849958e0bfffff,Transportation,48
8849958e0bfffff,Wholesale,19
8849958e0dfffff,Art/Culture,2
8849958e0dfffff,Business Support,12
8849958e0dfffff,Education,98
8849958e0dfffff,Financial,9
8849958e0dfffff,Health,57
8849958e0dfffff,Hospitality,64
8849958e0dfffff,Manufacturing,635
8849958e0dfffff,Professional Service,7
8849958e0dfffff,Public Administration,3
8849958e0dfffff,Real Estate,2
8849958e0dfffff,Retail,378
8849958e0dfffff,Transportation,31
8849958e0dfffff,Wholesale,136
8849958e11fffff,Art/Culture,5
8849958e11fffff,Business Support,4
8849958e11fffff,Education,16
8849958e11fffff,Hospitality,25
8849958e11fffff,Information,3
8849958e11fffff,Manufacturing,42
8849958e11fffff,Real Estate,7
8849958e11fffff,Retail,183
8849958e11fffff,Wholesale,16
8849958e13fffff,Art/Culture,22
8849958e13fffff,Business Support,15
8849958e13fffff,Construction,85
8849958e13fffff,Education,321
8849958e13fffff,Financial,4
8849958e13fffff,Health,50
8849958e13fffff,Hospitality,156
8849958e13fffff,Manufacturing,206
8849958e13fffff,Professional Service,15
8849958e13fffff,Retail,945
8849958e13fffff,Wholesale,56
8849958e15fffff,Art/Culture,29
8849958e15fffff,Business Support,29
8849958e15fffff,Education,72
8849958e15fffff,Energy,8
8849958e15fffff,Financial,7
8849958e15fffff,Health,94
8849958e15fffff,Hospitality,250
8849958e15fffff,Information,3
8849958e15fffff,Manufacturing,391
8849958e15fffff,Professional Service,7
8849958e15fffff,Public Administration,7
8849958e15fffff,Real Estate,43
8849958e15fffff,Retail,1463
8849958e15fffff,Transportation,2
8849958e15fffff,Wholesale,55
8849958e17fffff,Art/Culture,65
8849958e17fffff,Business Support,27
8849958e17fffff,Education,238
8849958e17fffff,Financial,18
8849958e17fffff,Health,304
8849958e17fffff,Hospitality,277
8849958e17fffff,Manufacturing,303
8849958e17fffff,Professional Service,26
8849958e17fffff,Public Administration,24
8849958e17fffff,Real Estate,25
8849958e17fffff,Retail,1303
8849958e17fffff,Transportation,8
8849958e17fffff,Wholesale,27
8849958e19fffff,Art/Culture,12
8849958e19fffff,Business Support,7
8849958e19fffff,Education,7
8849958e19fffff,Financial,207
8849958e19fffff,Health,940
8849958e19fffff,Hospitality,159
8849958e19fffff,Information,2
8849958e19fffff,Manufacturing,915
8849958e19fffff,Retail,383
8849958e19fffff,Transportation,27
8849958e19fffff,Wholesale,60
8849958e1dfffff,Art/Culture,43
8849958e1dfffff,Business Support,9
8849958e1dfffff,Education,302
8849958e1dfffff,Health,93
8849958e1dfffff,Hospitality,197
8849958e1dfffff,Manufacturing,499
8849958e1dfffff,Professional Service,17
8849958e1dfffff,Public Administration,6
8849958e1dfffff,Real Estate,19
8849958e1dfffff,Retail,966
8849958e1dfffff,Transportation,12
8849958e1dfffff,Wholesale,58
8849958e31fffff,Art/Culture,17
8849958e31fffff,Business Support,23
8849958e31fffff,Education,154
8849958e31fffff,Health,79
8849958e31fffff,Hospitality,154
8849958e31fffff,Manufacturing,261
8849958e31fffff,Professional Service,6
8849958e31fffff,Real Estate,19
8849958e31fffff,Retail,1216
8849958e31fffff,Wholesale,35
8849958e33fffff,Art/Culture,26
8849958e33fffff,Business Support,28
8849958e33fffff,Construction,5
8849958e33fffff,Education,94
8849958e33fffff,Health,371
8849958e33fffff,Hospitality,283
8849958e33fffff,Information,4
8849958e33fffff,Manufacturing,332
8849958e33fffff,Professional Service,18
8849958e33fffff,Real Estate,11
8849958e33fffff,Retail,1240
8849958e33fffff,Transportation,26
8849958e33fffff,Wholesale,47
8849958e35fffff,Art/Culture,21
8849958e35fffff,Business Support,15
8849958e35fffff,Education,173
8849958e35fffff,Health,33
8849958e35fffff,Hospitality,93
8849958e35fffff,Information,9
8849958e35fffff,Manufacturing,143
8849958e35fffff,Professional Service,9
8849958e35fffff,Public Administration,1
8849958e35fffff,Real Estate,5
8849958e35fffff,Retail,766
8849958e35fffff,Wholesale,17
8849958e37fffff,Art/Culture,17
8849958e37fffff,Business Support,39
8849958e37fffff,Construction,3
8849958e37fffff,Education,228
8849958e37fffff,Health,77
8849958e37fffff,Hospitality,261
8849958e37fffff,Manufacturing,234
8849958e37fffff,Professional Service,12
8849958e37fffff,Public Administration,2
8849958e37fffff,Real Estate,19
8849958e37fffff,Retail,1225
8849958e37fffff,Wholesale,19
8849958e39fffff,Energy,8
8849958e39fffff,Hospitality,8
8849958e39fffff,Manufacturing,12
8849958e39fffff,Retail,53
8849958e39fffff,Wholesale,10
8849958e3bfffff,Art/Culture,76
8849958e3bfffff,Business Support,39
8849958e3bfffff,Education,182
8849958e3bfffff,Health,130
8849958e3bfffff,Hospitality,203
8849958e3bfffff,Information,9
8849958e3bfffff,Manufacturing,302
8849958e3bfffff,Professional Service,16
8849958e3bfffff,Public Administration,5
8849958e3bfffff,Real Estate,43
8849958e3bfffff,Retail,1543
8849958e3bfffff,Transportation,2
8849958e3bfffff,Wholesale,32
8849958e41fffff,Health,2
8849958e41fffff,Hospitality,9
8849958e41fffff,Manufacturing,34
8849958e41fffff,Real Estate,3
8849958e41fffff,Retail,171
8849958e41fffff,Wholesale,4
8849958e43fffff,Art/Culture,15
8849958e43fffff,Business Support,11
8849958e43fffff,Construction,100
8849958e43fffff,Education,271
8849958e43fffff,Health,79
8849958e43fffff,Hospitality,242
8849958e43fffff,Manufacturing,317
8849958e43fffff,Professional Service,29
8849958e43fffff,Public Administration,3
8849958e43fffff,Real Estate,11
8849958e43fffff,Retail,750
8849958e43fffff,Wholesale,33
8849958e45fffff,Hospitality,2
8849958e45fffff,Manufacturing,29
8849958e45fffff,Real Estate,3
8849958e45fffff,Retail,97
8849958e45fffff,Wholesale,4
8849958e47fffff,Art/Culture,4
8849958e47fffff,Business Support,8
8849958e47fffff,Education,4
8849958e47fffff,Health,24
8849958e47fffff,Hospitality,61
8849958e47fffff,Manufacturing,234
8849958e47fffff,Professional Service,9
8849958e47fffff,Real Estate,8
8849958e47fffff,Retail,404
8849958e47fffff,Wholesale,24
8849958e51fffff,Art/Culture,69
8849958e51fffff,Business Support,17
8849958e51fffff,Education,392
8849958e51fffff,Financial,41
8849958e51fffff,Health,301
8849958e51fffff,Hospitality,468
8849958e51fffff,Information,13
8849958e51fffff,Manufacturing,462
8849958e51fffff,Professional Service,25
8849958e51fffff,Public Administration,43
8849958e51fffff,Real Estate,34
8849958e51fffff,Retail,1430
8849958e51fffff,Transportation,21
8849958e51fffff,Wholesale,42
8849958e53fffff,Art/Culture,6
8849958e53fffff,Business Support,35
8849958e53fffff,Education,202
8849958e53fffff,Financial,109
8849958e53fffff,Health,123
8849958e53fffff,Hospitality,117
8849958e53fffff,Information,12
8849958e53fffff,Manufacturing,1262
8849958e53fffff,Professional Service,39
8849958e53fffff,Public Administration,16
8849958e53fffff,Real Estate,18
8849958e53fffff,Retail,731
8849958e53fffff,Transportation,17
8849958e53fffff,Wholesale,246
8849958e55fffff,Art/Culture,15
8849958e55fffff,Business Support,11
8849958e55fffff,Education,356
8849958e55fffff,Financial,1
8849958e55fffff,Health,217
8849958e55fffff,Hospitality,177
8849958e55fffff,Information,9
8849958e55fffff,Manufacturing,967
8849958e55fffff,Professional Service,21
8849958e55fffff,Public Administration,49
8849958e55fffff,Real Estate,14
8849958e55fffff,Retail,795
8849958e55fffff,Wholesale,69
8849958e57fffff,Art/Culture,35
8849958e57fffff,Business Support,5
8849958e57fffff,Education,131
8849958e57fffff,Energy,95
8849958e57fffff,Financial,41
8849958e57fffff,Health,110
8849958e57fffff,Hospitality,250
8849958e57fffff,Information,7
8849958e57fffff,Manufacturing,1543
8849958e57fffff,Professional Service,14
8849958e57fffff,Real Estate,37
8849958e57fffff,Retail,746
8849958e57fffff,Transportation,27
8849958e57fffff,Wholesale,326
8849958e59fffff,Art/Culture,5
8849958e59fffff,Business Support,18
8849958e59fffff,Construction,2
8849958e59fffff,Education,385
8849958e59fffff,Health,48
8849958e59fffff,Hospitality,135
8849958e59fffff,Information,5
8849958e59fffff,Manufacturing,286
8849958e59fffff,Professional Service,12
8849958e59fffff,Public Administration,25
8849958e59fffff,Real Estate,18
8849958e59fffff,Retail,655
8849958e59fffff,Wholesale,27
8849958e5bfffff,Art/Culture,37
8849958e5bfffff,Business Support,14
8849958e5bfffff,Construction,7
8849958e5bfffff,Education,102
8849958e5bfffff,Financial,10
8849958e5bfffff,Health,140
8849958e5bfffff,Hospitality,310
8849958e5bfffff,Information,21
8849958e5bfffff,Manufacturing,205
8849958e5bfffff,Professional Service,18
8849958e5bfffff,Public Administration,8
8849958e5bfffff,Real Estate,44
8849958e5bfffff,Retail,1119
8849958e5bfffff,Transportation,3
8849958e5bfffff,Wholesale,65
8849958e5dfffff,Art/Culture,33
8849958e5dfffff,Business Support,7
8849958e5dfffff,Construction,7
8849958e5dfffff,Education,142
8849958e5dfffff,Financial,27
8849958e5dfffff,Health,839
8849958e5dfffff,Hospitality,178
8849958e5dfffff,Manufacturing,96
8849958e5dfffff,Professional Service,24
8849958e5dfffff,Public Administration,386
8849958e5dfffff,Real Estate,46
8849958e5dfffff,Retail,315
8849958e5dfffff,Wholesale,8
8849958e61fffff,Art/Culture,39
8849958e61fffff,Business Support,9
8849958e61fffff,Education,534
8849958e61fffff,Financial,13
8849958e61fffff,Health,25
8849958e61fffff,Hospitality,38
8849958e61fffff,Manufacturing,57
8849958e61fffff,Professional Service,13
8849958e61fffff,Public Administration,23
8849958e61fffff,Retail,384
8849958e61fffff,Transportation,371
8849958e61fffff,Wholesale,13
8849958e63fffff,Art/Culture,14
8849958e63fffff,Business Support,8
8849958e63fffff,Construction,18
8849958e63fffff,Education,153
8849958e63fffff,Financial,4
8849958e63fffff,Health,271
8849958e63fffff,Hospitality,108
8849958e63fffff,Information,6
8849958e63fffff,Manufacturing,196
8849958e63fffff,Professional Service,11
8849958e63fffff,Public Administration,46
8849958e63fffff,Real Estate,29
8849958e63fffff,Retail,729
8849958e63fffff,Transportation,25
8849958e63fffff,Wholesale,278
8849958e65fffff,Art/Culture,2
8849958e65fffff,Business Support,2
8849958e65fffff,Education,189
8849958e65fffff,Financial,20
8849958e65fffff,Health,58
8849958e65fffff,Hospitality,118
8849958e65fffff,Manufacturing,182
8849958e65fffff,Professional Service,4
8849958e65fffff,Real Estate,12
8849958e65fffff,Retail,600
8849958e65fffff,Transportation,11
8849958e65fffff,Wholesale,7
8849958e67fffff,Art/Culture,29
8849958e67fffff,Business Support,6
8849958e67fffff,Construction,60
8849958e67fffff,Energy,2
8849958e67fffff,Health,15
8849958e67fffff,Hospitality,54
8849958e67fffff,Manufacturing,65
8849958e67fffff,Professional Service,3
8849958e67fffff,Public Administration,89
8849958e67fffff,Real Estate,2
8849958e67fffff,Retail,315
8849958e67fffff,Wholesale,11
8849958e6dfffff,Art/Culture,12
8849958e6dfffff,Business Support,7
8849958e6dfffff,Education,338
8849958e6dfffff,Financial,98
8849958e6dfffff,Health,26
8849958e6dfffff,Hospitality,114
8849958e6dfffff,Information,26
8849958e6dfffff,Manufacturing,85
8849958e6dfffff,Professional Service,24
8849958e6dfffff,Public Administration,257
8849958e6dfffff,Real Estate,15
8849958e6dfffff,Retail,468
8849958e6dfffff,Transportation,33
8849958e6dfffff,Wholesale,219
8849958e81fffff,Art/Culture,63
8849958e81fffff,Business Support,342
8849958e81fffff,Education,171
8849958e81fffff,Financial,68
8849958e81fffff,Health,125
8849958e81fffff,Hospitality,329
8849958e81fffff,Information,4
8849958e81fffff,Manufacturing,244
8849958e81fffff,Professional Service,16
8849958e81fffff,Public Administration,455
8849958e81fffff,Real Estate,85
8849958e81fffff,Retail,853
8849958e81fffff,Transportation,4
8849958e81fffff,Wholesale,48
8849958e83fffff,Art/Culture,8
8849958e83fffff,Business Support,35
8849958e83fffff,Construction,19
8849958e83fffff,Corporate,3
8849958e83fffff,Education,913
8849958e83fffff,Energy,9
8849958e83fffff,Financial,6
8849958e83fffff,Health,19
8849958e83fffff,Hospitality,266
8849958e83fffff,Information,4
8849958e83fffff,Manufacturing,639
8849958e83fffff,Professional Service,3
8849958e83fffff,Public Administration,61
8849958e83fffff,Real Estate,4
8849958e83fffff,Retail,298
8849958e83fffff,Transportation,52
8849958e83fffff,Wholesale,611
8849958e85fffff,Art/Culture,10
8849958e85fffff,Business Support,12
8849958e85fffff,Construction,3
8849958e85fffff,Education,452
8849958e85fffff,Financial,28
8849958e85fffff,Health,155
8849958e85fffff,Hospitality,165
8849958e85fffff,Information,8
8849958e85fffff,Manufacturing,105
8849958e85fffff,Professional Service,33
8849958e85fffff,Public Administration,21
8849958e85fffff,Real Estate,11
8849958e85fffff,Retail,608
8849958e85fffff,Wholesale,3
8849958e87fffff,Art/Culture,38
8849958e87fffff,Business Support,9
8849958e87fffff,Construction,3
8849958e87fffff,Corporate,3
8849958e87fffff,Education,238
8849958e87fffff,Energy,103
8849958e87fffff,Financial,5
8849958e87fffff,Health,85
8849958e87fffff,Hospitality,161
8849958e87fffff,Information,8
8849958e87fffff,Manufacturing,314
8849958e87fffff,Professional Service,11
8849958e87fffff,Public Administration,46
8849958e87fffff,Real Estate,38
8849958e87fffff,Retail,474
8849958e87fffff,Transportation,1
8849958e87fffff,Wholesale,38
8849958e89fffff,Art/Culture,96
8849958e89fffff,Business Support,19
8849958e89fffff,Education,225
8849958e89fffff,Financial,94
8849958e89fffff,Health,109
8849958e89fffff,Hospitality,322
8849958e89fffff,Information,3
8849958e89fffff,Manufacturing,801
8849958e89fffff,Professional Service,26
8849958e89fffff,Public Administration,38
8849958e89fffff,Real Estate,40
8849958e89fffff,Retail,1035
8849958e89fffff,Transportation,31
8849958e89fffff,Wholesale,396
8849958e8bfffff,Art/Culture,21
8849958e8bfffff,Business Support,180
8849958e8bfffff,Education,422
8849958e8bfffff,Energy,17
8849958e8bfffff,Financial,234
8849958e8bfffff,Health,421
8849958e8bfffff,Hospitality,456
8849958e8bfffff,Information,17
8849958e8bfffff,Manufacturing,1251
8849958e8bfffff,Professional Service,34
8849958e8bfffff,Real Estate,85
8849958e8bfffff,Retail,1747
8849958e8bfffff,Transportation,43
8849958e8bfffff,Wholesale,180
8849958e8dfffff,Art/Culture,247
8849958e8dfffff,Business Support,22
8849958e8dfffff,Construction,59
8849958e8dfffff,Education,350
8849958e8dfffff,Energy,14
8849958e8dfffff,Financial,4
8849958e8dfffff,Health,300
8849958e8dfffff,Hospitality,403
8849958e8dfffff,Information,25
8849958e8dfffff,Manufacturing,365
8849958e8dfffff,Professional Service,49
8849958e8dfffff,Public Administration,531
8849958e8dfffff,Real Estate,28
8849958e8dfffff,Retail,1182
8849958e8dfffff,Transportation,191
8849958e8dfffff,Wholesale,29
8849958e95fffff,Art/Culture,8
8849958e95fffff,Business Support,30
8849958e95fffff,Construction,9
8849958e95fffff,Education,213
8849958e95fffff,Financial,129
8849958e95fffff,Health,24
8849958e95fffff,Hospitality,141
8849958e95fffff,Manufacturing,2918
8849958e95fffff,Professional Service,50
8849958e95fffff,Public Administration,344
8849958e95fffff,Real Estate,25
8849958e95fffff,Retail,564
8849958e95fffff,Wholesale,770
8849958e97fffff,Art/Culture,20
8849958e97fffff,Business Support,2
8849958e97fffff,Energy,7
8849958e97fffff,Financial,57
8849958e97fffff,Health,35
8849958e97fffff,Hospitality,182
8849958e97fffff,Manufacturing,18
8849958e97fffff,Public Administration,233
8849958e97fffff,Real Estate,40
8849958e97fffff,Retail,5035
8849958e97fffff,Transportation,12
8849958e97fffff,Wholesale,2269
8849958e99fffff,Art/Culture,55
8849958e99fffff,Business Support,38
8849958e99fffff,Construction,3
8849958e99fffff,Education,737
8849958e99fffff,Energy,8
8849958e99fffff,Financial,312
8849958e99fffff,Health,378
8849958e99fffff,Hospitality,561
8849958e99fffff,Information,10
8849958e99fffff,Manufacturing,346
8849958e99fffff,Professional Service,64
8849958e99fffff,Public Administration,827
8849958e99fffff,Real Estate,37
8849958e99fffff,Retail,2387
8849958e99fffff,Transportation,30
8849958e99fffff,Wholesale,126
8849958e9bfffff,Art/Culture,4
8849958e9bfffff,Business Support,11
8849958e9bfffff,Education,57
8849958e9bfffff,Energy,8
8849958e9bfffff,Financial,78
8849958e9bfffff,Health,43
8849958e9bfffff,Hospitality,643
8849958e9bfffff,Manufacturing,424
8849958e9bfffff,Professional Service,29
8849958e9bfffff,Public Administration,24
8849958e9bfffff,Real Estate,84
8849958e9bfffff,Retail,4503
8849958e9bfffff,Transportation,13
8849958e9bfffff,Wholesale,3100
8849958e9dfffff,Art/Culture,12
8849958e9dfffff,Business Support,340
8849958e9dfffff,Construction,22
8849958e9dfffff,Education,614
8849958e9dfffff,Energy,9
8849958e9dfffff,Financial,86
8849958e9dfffff,Health,164
8849958e9dfffff,Hospitality,276
8849958e9dfffff,Information,44
8849958e9dfffff,Manufacturing,1279
8849958e9dfffff,Professional Service,14
8849958e9dfffff,Public Administration,109
8849958e9dfffff,Real Estate,18
8849958e9dfffff,Retail,1397
8849958e9dfffff,Transportation,65
8849958e9dfffff,Wholesale,438
8849958ea1fffff,Art/Culture,39
8849958ea1fffff,Business Support,6
8849958ea1fffff,Education,37
8849958ea1fffff,Financial,4
8849958ea1fffff,Health,12
8849958ea1fffff,Hospitality,37
8849958ea1fffff,Manufacturing,58
8849958ea1fffff,Professional Service,13
8849958ea1fffff,Public Administration,11
8849958ea1fffff,Real Estate,7
8849958ea1fffff,Retail,222
8849958ea1fffff,Wholesale,46
8849958ea3fffff,Art/Culture,8
8849958ea3fffff,Business Support,15
8849958ea3fffff,Education,91
8849958ea3fffff,Energy,1
8849958ea3fffff,Financial,5
8849958ea3fffff,Health,60
8849958ea3fffff,Hospitality,124
8849958ea3fffff,Information,10
8849958ea3fffff,Manufacturing,233
8849958ea3fffff,Professional Service,5
8849958ea3fffff,Public Administration,25
8849958ea3fffff,Real Estate,12
8849958ea3fffff,Retail,1000
8849958ea3fffff,Transportation,168
8849958ea3fffff,Wholesale,972
8849958ea5fffff,Art/Culture,9
8849958ea5fffff,Business Support,30
8849958ea5fffff,Construction,4
8849958ea5fffff,Education,4
8849958ea5fffff,Energy,6
8849958ea5fffff,Financial,8
8849958ea5fffff,Health,84
8849958ea5fffff,Hospitality,196
8849958ea5fffff,Manufacturing,1507
8849958ea5fffff,Professional Service,10
8849958ea5fffff,Public Administration,6
8849958ea5fffff,Real Estate,18
8849958ea5fffff,Retail,832
8849958ea5fffff,Transportation,9
8849958ea5fffff,Wholesale,140
8849958ea7fffff,Art/Culture,7
8849958ea7fffff,Business Support,7
8849958ea7fffff,Education,124
8849958ea7fffff,Health,22
8849958ea7fffff,Hospitality,106
8849958ea7fffff,Information,21
8849958ea7fffff,Manufacturing,88
8849958ea7fffff,Professional Service,9
8849958ea7fffff,Public Administration,519
8849958ea7fffff,Real Estate,3
8849958ea7fffff,Retail,474
8849958ea7fffff,Transportation,8
8849958ea7fffff,Wholesale,17
8849958ea9fffff,Agriculture,4
8849958ea9fffff,Art/Culture,84
8849958ea9fffff,Business Support,64
8849958ea9fffff,Education,513
8849958ea9fffff,Financial,9
8849958ea9fffff,Health,458
8849958ea9fffff,Hospitality,235
8849958ea9fffff,Information,7
8849958ea9fffff,Manufacturing,164
8849958ea9fffff,Professional Service,28
8849958ea9fffff,Public Administration,369
8849958ea9fffff,Real Estate,11
8849958ea9fffff,Retail,708
8849958ea9fffff,Wholesale,20
8849958eabfffff,Art/Culture,28
8849958eabfffff,Business Support,10
8849958eabfffff,Education,553
8849958eabfffff,Financial,3
8849958eabfffff,Health,75
8849958eabfffff,Hospitality,127
8849958eabfffff,Information,14
8849958eabfffff,Manufacturing,177
8849958eabfffff,Professional Service,9
8849958eabfffff,Public Administration,2
8849958eabfffff,Real Estate,14
8849958eabfffff,Retail,991
8849958eabfffff,Transportation,160
8849958eabfffff,Wholesale,34
8849958eb1fffff,Art/Culture,7
8849958eb1fffff,Business Support,93
8849958eb1fffff,Construction,13
8849958eb1fffff,Education,819
8849958eb1fffff,Energy,6
8849958eb1fffff,Health,290
8849958eb1fffff,Hospitality,239
8849958eb1fffff,Information,36
8849958eb1fffff,Manufacturing,909
8849958eb1fffff,Professional Service,53
8849958eb1fffff,Public Administration,28
8849958eb1fffff,Real Estate,61
8849958eb1fffff,Retail,816
8849958eb1fffff,Transportation,253
8849958eb1fffff,Wholesale,226
8849958eb3fffff,Art/Culture,14
8849958eb3fffff,Business Support,522
8849958eb3fffff,Education,125
8849958eb3fffff,Financial,535
8849958eb3fffff,Health,97
8849958eb3fffff,Hospitality,348
8849958eb3fffff,Manufacturing,753
8849958eb3fffff,Professional Service,128
8849958eb3fffff,Real Estate,512
8849958eb3fffff,Retail,856
8849958eb3fffff,Transportation,124
8849958eb3fffff,Wholesale,425
8849958eb5fffff,Art/Culture,27
8849958eb5fffff,Business Support,33
8849958eb5fffff,Construction,3
8849958eb5fffff,Education,712
8849958eb5fffff,Energy,12
8849958eb5fffff,Financial,48
8849958eb5fffff,Health,215
8849958eb5fffff,Hospitality,260
8849958eb5fffff,Information,34
8849958eb5fffff,Manufacturing,104
8849958eb5fffff,Professional Service,10
8849958eb5fffff,Public Administration,389
8849958eb5fffff,Real Estate,9
8849958eb5fffff,Retail,1039
8849958eb5fffff,Transportation,3
8849958eb5fffff,Wholesale,3
8849958eb7fffff,Art/Culture,19
8849958eb7fffff,Business Support,30
8849958eb7fffff,Education,784
8849958eb7fffff,Financial,78
8849958eb7fffff,Health,116
8849958eb7fffff,Hospitality,224
8849958eb7fffff,Information,30
8849958eb7fffff,Manufacturing,223
8849958eb7fffff,Professional Service,37
8849958eb7fffff,Public Administration,761
8849958eb7fffff,Real Estate,9
8849958eb7fffff,Retail,646
8849958eb7fffff,Transportation,53
8849958eb7fffff,Wholesale,168
8849958eb9fffff,Art/Culture,22
8849958eb9fffff,Business Support,20
8849958eb9fffff,Construction,26
8849958eb9fffff,Education,369
8849958eb9fffff,Financial,22
8849958eb9fffff,Health,77
8849958eb9fffff,Hospitality,251
8849958eb9fffff,Manufacturing,348
8849958eb9fffff,Professional Service,26
8849958eb9fffff,Public Administration,90
8849958eb9fffff,Real Estate,81
8849958eb9fffff,Retail,902
8849958eb9fffff,Transportation,7
8849958eb9fffff,Wholesale,234
8849958ebbfffff,Art/Culture,15
8849958ebbfffff,Business Support,61
8849958ebbfffff,Construction,2
8849958ebbfffff,Education,53
8849958ebbfffff,Financial,111
8849958ebbfffff,Health,73
8849958ebbfffff,Hospitality,329
8849958ebbfffff,Manufacturing,2076
8849958ebbfffff,Professional Service,27
8849958ebbfffff,Public Administration,154
8849958ebbfffff,Real Estate,88
8849958ebbfffff,Retail,1890
8849958ebbfffff,Transportation,353
8849958ebbfffff,Wholesale,1005
8849958ebdfffff,Education,44
8849958ebdfffff,Financial,37
8849958ebdfffff,Health,27
8849958ebdfffff,Hospitality,22
8849958ebdfffff,Information,399
8849958ebdfffff,Manufacturing,313
8849958ebdfffff,Professional Service,52
8849958ebdfffff,Public Administration,405
8849958ebdfffff,Retail,114
8849958ebdfffff,Wholesale,210
8849958ec1fffff,Art/Culture,7
8849958ec1fffff,Business Support,24
8849958ec1fffff,Construction,2
8849958ec1fffff,Education,259
8849958ec1fffff,Financial,21
8849958ec1fffff,Health,1138
8849958ec1fffff,Hospitality,145
8849958ec1fffff,Information,3
8849958ec1fffff,Manufacturing,3111
8849958ec1fffff,Professional Service,37
8849958ec1fffff,Public Administration,61
8849958ec1fffff,Real Estate,3
8849958ec1fffff,Retail,473
8849958ec1fffff,Wholesale,438
8849958ec3fffff,Art/Culture,16
8849958ec3fffff,Business Support,15
8849958ec3fffff,Education,321
8849958ec3fffff,Energy,57
8849958ec3fffff,Financial,11
8849958ec3fffff,Health,62
8849958ec3fffff,Hospitality,139
8849958ec3fffff,Information,7
8849958ec3fffff,Manufacturing,785
8849958ec3fffff,Professional Service,28
8849958ec3fffff,Public Administration,209
8849958ec3fffff,Real Estate,5
8849958ec3fffff,Retail,670
8849958ec3fffff,Transportation,61
8849958ec3fffff,Wholesale,25
8849958ec5fffff,Art/Culture,23
8849958ec5fffff,Business Support,21
8849958ec5fffff,Construction,43
8849958ec5fffff,Education,269
8849958ec5fffff,Energy,8
8849958ec5fffff,Financial,6
8849958ec5fffff,Health,71
8849958ec5fffff,Hospitality,200
8849958ec5fffff,Information,7
8849958ec5fffff,Manufacturing,251
8849958ec5fffff,Professional Service,27
8849958ec5fffff,Public Administration,27
8849958ec5fffff,Real Estate,23
8849958ec5fffff,Retail,1233
8849958ec5fffff,Wholesale,28
8849958ec7fffff,Art/Culture,16
8849958ec7fffff,Business Support,26
8849958ec7fffff,Construction,4
8849958ec7fffff,Education,285
8849958ec7fffff,Energy,83
8849958ec7fffff,Financial,44
8849958ec7fffff,Health,193
8849958ec7fffff,Hospitality,277
8849958ec7fffff,Information,7
8849958ec7fffff,Manufacturing,327
8849958ec7fffff,Professional Service,8
8849958ec7fffff,Public Administration,3
8849958ec7fffff,Real Estate,18
8849958ec7fffff,Retail,923
8849958ec7fffff,Transportation,1
8849958ec7fffff,Wholesale,553
8849958ec9fffff,Art/Culture,46
8849958ec9fffff,Business Support,36
8849958ec9fffff,Construction,25
8849958ec9fffff,Education,425
8849958ec9fffff,Financial,16
8849958ec9fffff,Health,292
8849958ec9fffff,Hospitality,587
8849958ec9fffff,Information,3
8849958ec9fffff,Manufacturing,1863
8849958ec9fffff,Professional Service,69
8849958ec9fffff,Public Administration,48
8849958ec9fffff,Real Estate,33
8849958ec9fffff,Retail,1397
8849958ec9fffff,Transportation,116
8849958ec9fffff,Wholesale,508
8849958ecbfffff,Art/Culture,16
8849958ecbfffff,Business Support,8
8849958ecbfffff,Construction,46
8849958ecbfffff,Education,254
8849958ecbfffff,Energy,2
8849958ecbfffff,Financial,4
8849958ecbfffff,Health,49
8849958ecbfffff,Hospitality,124
8849958ecbfffff,Manufacturing,1992
8849958ecbfffff,Professional Service,28
8849958ecbfffff,Public Administration,4
8849958ecbfffff,Real Estate,9
8849958ecbfffff,Retail,511
8849958ecbfffff,Transportation,4
8849958ecbfffff,Wholesale,1587
8849958ecdfffff,Art/Culture,107
8849958ecdfffff,Business Support,22
8849958ecdfffff,Construction,2
8849958ecdfffff,Education,223
8849958ecdfffff,Energy,13
8849958ecdfffff,Financial,9
8849958ecdfffff,Health,125
8849958ecdfffff,Hospitality,177
8849958ecdfffff,Manufacturing,668
8849958ecdfffff,Professional Service,38
8849958ecdfffff,Public Administration,1361
8849958ecdfffff,Real Estate,7
8849958ecdfffff,Retail,454
8849958ecdfffff,Wholesale,498
8849958ed1fffff,Art/Culture,20
8849958ed3fffff,Art/Culture,10
8849958ed3fffff,Business Support,22
8849958ed3fffff,Construction,11
8849958ed3fffff,Education,97
8849958ed3fffff,Financial,86
8849958ed3fffff,Health,70
8849958ed3fffff,Hospitality,273
8849958ed3fffff,Manufacturing,245
8849958ed3fffff,Professional Service,50
8849958ed3fffff,Public Administration,8
8849958ed3fffff,Real Estate,16
8849958ed3fffff,Retail,915
8849958ed3fffff,Transportation,4
8849958ed3fffff,Wholesale,15
8849958ed5fffff,Art/Culture,1
8849958ed5fffff,Business Support,8
8849958ed5fffff,Construction,3
8849958ed5fffff,Education,127
8849958ed5fffff,Financial,1
8849958ed5fffff,Health,40
8849958ed5fffff,Hospitality,69
8849958ed5fffff,Manufacturing,142
8849958ed5fffff,Professional Service,9
8849958ed5fffff,Retail,428
8849958ed5fffff,Transportation,35
8849958ed5fffff,Wholesale,6
8849958ed7fffff,Business Support,11
8849958ed7fffff,Education,149
8849958ed7fffff,Energy,6
8849958ed7fffff,Financial,14
8849958ed7fffff,Health,435
8849958ed7fffff,Hospitality,115
8849958ed7fffff,Information,23
8849958ed7fffff,Manufacturing,97
8849958ed7fffff,Professional Service,6
8849958ed7fffff,Public Administration,24
8849958ed7fffff,Real Estate,4
8849958ed7fffff,Retail,802
8849958ed7fffff,Wholesale,103
8849958ed9fffff,Art/Culture,8
8849958ed9fffff,Business Support,19
8849958ed9fffff,Education,89
8849958ed9fffff,Energy,6
8849958ed9fffff,Health,51
8849958ed9fffff,Hospitality,97
8849958ed9fffff,Manufacturing,120
8849958ed9fffff,Professional Service,2
8849958ed9fffff,Public Administration,3
8849958ed9fffff,Real Estate,46
8849958ed9fffff,Retail,567
8849958ed9fffff,Wholesale,11
8849958edbfffff,Art/Culture,26
8849958edbfffff,Business Support,16
8849958edbfffff,Construction,6
8849958edbfffff,Education,568
8849958edbfffff,Energy,8
8849958edbfffff,Health,123
8849958edbfffff,Hospitality,152
8849958edbfffff,Information,8
8849958edbfffff,Manufacturing,312
8849958edbfffff,Professional Service,14
8849958edbfffff,Real Estate,8
8849958edbfffff,Retail,741
8849958edbfffff,Transportation,33
8849958edbfffff,Wholesale,100
8849958ee1fffff,Art/Culture,31
8849958ee1fffff,Business Support,55
8849958ee1fffff,Construction,4
8849958ee1fffff,Education,408
8849958ee1fffff,Financial,139
8849958ee1fffff,Health,656
8849958ee1fffff,Hospitality,334
8849958ee1fffff,Information,3
8849958ee1fffff,Manufacturing,430
8849958ee1fffff,Professional Service,27
8849958ee1fffff,Public Administration,145
8849958ee1fffff,Real Estate,18
8849958ee1fffff,Retail,1238
8849958ee1fffff,Transportation,9
8849958ee1fffff,Wholesale,182
8849958ee3fffff,Art/Culture,7
8849958ee3fffff,Business Support,4
8849958ee3fffff,Construction,20
8849958ee3fffff,Education,437
8849958ee3fffff,Financial,7
8849958ee3fffff,Health,113
8849958ee3fffff,Hospitality,182
8849958ee3fffff,Manufacturing,219
8849958ee3fffff,Professional Service,29
8849958ee3fffff,Public Administration,7
8849958ee3fffff,Real Estate,27
8849958ee3fffff,Retail,563
8849958ee3fffff,Transportation,5
8849958ee3fffff,Wholesale,88
8849958ee5fffff,Art/Culture,55
8849958ee5fffff,Business Support,22
8849958ee5fffff,Education,323
8849958ee5fffff,Financial,21
8849958ee5fffff,Health,140
8849958ee5fffff,Hospitality,250
8849958ee5fffff,Manufacturing,315
8849958ee5fffff,Professional Service,40
8849958ee5fffff,Public Administration,26
8849958ee5fffff,Real Estate,35
8849958ee5fffff,Retail,909
8849958ee5fffff,Transportation,46
8849958ee5fffff,Wholesale,83
8849958ee7fffff,Art/Culture,71
8849958ee7fffff,Business Support,16
8849958ee7fffff,Construction,4
8849958ee7fffff,Education,416
8849958ee7fffff,Financial,28
8849958ee7fffff,Health,171
8849958ee7fffff,Hospitality,352
8849958ee7fffff,Information,27
8849958ee7fffff,Manufacturing,246
8849958ee7fffff,Professional Service,25
8849958ee7fffff,Public Administration,26
8849958ee7fffff,Real Estate,5
8849958ee7fffff,Retail,815
8849958ee7fffff,Transportation,32
8849958ee7fffff,Wholesale,13
8849958ee9fffff,Art/Culture,22
8849958ee9fffff,Business Support,31
8849958ee9fffff,Education,492
8849958ee9fffff,Financial,4
8849958ee9fffff,Health,125
8849958ee9fffff,Hospitality,271
8849958ee9fffff,Information,25
8849958ee9fffff,Manufacturing,456
8849958ee9fffff,Professional Service,30
8849958ee9fffff,Public Administration,57
8849958ee9fffff,Real Estate,39
8849958ee9fffff,Retail,1110
8849958ee9fffff,Transportation,36
8849958ee9fffff,Wholesale,59
8849958eebfffff,Art/Culture,17
8849958eebfffff,Business Support,23
8849958eebfffff,Construction,29
8849958eebfffff,Education,204
8849958eebfffff,Financial,8
8849958eebfffff,Health,137
8849958eebfffff,Hospitality,290
8849958eebfffff,Information,8
8849958eebfffff,Manufacturing,432
8849958eebfffff,Professional Service,53
8849958eebfffff,Public Administration,222
8849958eebfffff,Real Estate,62
8849958eebfffff,Retail,1238
8849958eebfffff,Transportation,4
8849958eebfffff,Wholesale,83
8849958eedfffff,Art/Culture,40
8849958eedfffff,Business Support,45
8849958eedfffff,Education,472
8849958eedfffff,Financial,63
8849958eedfffff,Health,132
8849958eedfffff,Hospitality,390
8849958eedfffff,Information,9
8849958eedfffff,Manufacturing,820
8849958eedfffff,Professional Service,23
8849958eedfffff,Public Administration,56
8849958eedfffff,Real Estate,26
8849958eedfffff,Retail,1442
8849958eedfffff,Transportation,23
8849958eedfffff,Wholesale,419
8849958f01fffff,Art/Culture,6
8849958f01fffff,Business Support,3
8849958f01fffff,Education,129
8849958f01fffff,Financial,14
8849958f01fffff,Health,62
8849958f01fffff,Hospitality,109
8849958f01fffff,Information,2
8849958f01fffff,Manufacturing,265
8849958f01fffff,Professional Service,16
8849958f01fffff,Public Administration,31
8849958f01fffff,Real Estate,1
8849958f01fffff,Retail,364
8849958f01fffff,Wholesale,83
8849958f03fffff,Art/Culture,8
8849958f03fffff,Business Support,8
8849958f03fffff,Health,7
8849958f03fffff,Manufacturing,123
8849958f03fffff,Real Estate,2
8849958f03fffff,Retail,42
8849958f03fffff,Wholesale,6
8849958f13fffff,Retail,14
8849958f3bfffff,Art/Culture,12
8849958f3bfffff,Business Support,21
8849958f3bfffff,Construction,1
8849958f3bfffff,Education,274
8849958f3bfffff,Health,72
8849958f3bfffff,Hospitality,197
8849958f3bfffff,Manufacturing,154
8849958f3bfffff,Professional Service,15
8849958f3bfffff,Real Estate,14
8849958f3bfffff,Retail,1069
8849958f3bfffff,Wholesale,16
8849958f3dfffff,Art/Culture,7
8849958f3dfffff,Business Support,5
8849958f3dfffff,Education,240
8849958f3dfffff,Financial,25
8849958f3dfffff,Health,506
8849958f3dfffff,Hospitality,45
8849958f3dfffff,Manufacturing,90
8849958f3dfffff,Professional Service,3
8849958f3dfffff,Real Estate,4
8849958f3dfffff,Retail,779
8849958f3dfffff,Transportation,3
8849958f3dfffff,Wholesale,44
8849958f59fffff,Business Support,2
8849958f59fffff,Construction,4
8849958f59fffff,Education,361
8849958f59fffff,Health,49
8849958f59fffff,Hospitality,24
8849958f59fffff,Manufacturing,37
8849958f59fffff,Public Administration,4
8849958f59fffff,Real Estate,1
8849958f59fffff,Retail,234
8849958f5bfffff,Art/Culture,9
8849958f5bfffff,Business Support,9
8849958f5bfffff,Construction,18
8849958f5bfffff,Education,414
8849958f5bfffff,Health,20
8849958f5bfffff,Hospitality,131
8849958f5bfffff,Manufacturing,48
8849958f5bfffff,Professional Service,8
8849958f5bfffff,Public Administration,2
8849958f5bfffff,Real Estate,5
8849958f5bfffff,Retail,209
8849958f5bfffff,Wholesale,17
884995942bfffff,Art/Culture,5
884995942bfffff,Education,83
884995942bfffff,Health,14
884995942bfffff,Hospitality,30
884995942bfffff,Information,4
884995942bfffff,Manufacturing,15
884995942bfffff,Professional Service,3
884995942bfffff,Public Administration,3
884995942bfffff,Retail,161
884995942bfffff,Wholesale,3
88499594b3fffff,Art/Culture,12
88499594b3fffff,Hospitality,2
88499594b7fffff,Manufacturing,11
88499594b7fffff,Retail,29
88499594b7fffff,Wholesale,1
8849959583fffff,Hospitality,1
8849959583fffff,Retail,3
88499595a3fffff,Agriculture,1
88499595a3fffff,Art/Culture,16
88499595a3fffff,Business Support,34
88499595a3fffff,Education,148
88499595a3fffff,Financial,5
88499595a3fffff,Health,443
88499595a3fffff,Hospitality,226
88499595a3fffff,Information,15
88499595a3fffff,Manufacturing,158
88499595a3fffff,Professional Service,16
88499595a3fffff,Public Administration,11
88499595a3fffff,Real Estate,8
88499595a3fffff,Retail,1078
88499595a3fffff,Wholesale,29
88499595a5fffff,Business Support,5
88499595a5fffff,Education,14
88499595a5fffff,Health,39
88499595a5fffff,Hospitality,11
88499595a5fffff,Information,2
88499595a5fffff,Manufacturing,17
88499595a5fffff,Public Administration,4
88499595a5fffff,Retail,145
88499595a5fffff,Wholesale,16
88499595a7fffff,Art/Culture,96
88499595a7fffff,Education,4
88499595a7fffff,Health,4
88499595a7fffff,Hospitality,10
88499595a7fffff,Manufacturing,21
88499595a7fffff,Professional Service,2
88499595a7fffff,Retail,224
88499595a7fffff,Wholesale,1
88499595abfffff,Art/Culture,3
88499595abfffff,Business Support,5
88499595abfffff,Education,185
88499595abfffff,Health,67
88499595abfffff,Hospitality,48
88499595abfffff,Manufacturing,38
88499595abfffff,Professional Service,4
88499595abfffff,Real Estate,4
88499595abfffff,Retail,357
88499595abfffff,Wholesale,2
88499595b1fffff,Art/Culture,4
88499595b1fffff,Education,39
88499595b1fffff,Health,46
88499595b1fffff,Hospitality,70
88499595b1fffff,Manufacturing,312
88499595b1fffff,Professional Service,2
88499595b1fffff,Real Estate,1
88499595b1fffff,Retail,223
88499595b1fffff,Wholesale,69
88499595bbfffff,Education,10
88499595bbfffff,Health,2
88499595bbfffff,Hospitality,7
88499595bbfffff,Manufacturing,24
88499595bbfffff,Professional Service,4
88499595bbfffff,Real Estate,5
88499595bbfffff,Retail,139
88499595bbfffff,Wholesale,1
88499595bdfffff,Art/Culture,21
88499595bdfffff,Business Support,11
88499595bdfffff,Education,342
88499595bdfffff,Health,63
88499595bdfffff,Hospitality,97
88499595bdfffff,Manufacturing,91
88499595bdfffff,Professional Service,7
88499595bdfffff,Public Administration,19
88499595bdfffff,Real Estate,1
88499595bdfffff,Retail,427
88499595bdfffff,Wholesale,20
884995a365fffff,Art/Culture,26
884995a365fffff,Construction,1
884995a365fffff,Education,159
884995a365fffff,Financial,12
884995a365fffff,Health,33
884995a365fffff,Hospitality,194
884995a365fffff,Information,4
884995a365fffff,Manufacturing,163
884995a365fffff,Professional Service,10
884995a365fffff,Public Administration,11
884995a365fffff,Real Estate,4
884995a365fffff,Retail,853
884995a365fffff,Transportation,10
884995a365fffff,Wholesale,134
884995aa05fffff,Art/Culture,38
884995aa05fffff,Business Support,18
884995aa05fffff,Education,376
884995aa05fffff,Energy,3
884995aa05fffff,Financial,6
884995aa05fffff,Health,121
884995aa05fffff,Hospitality,188
884995aa05fffff,Manufacturing,155
884995aa05fffff,Professional Service,4
884995aa05fffff,Public Administration,340
884995aa05fffff,Real Estate,18
884995aa05fffff,Retail,860
884995aa05fffff,Wholesale,18
884995aa09fffff,Art/Culture,4
884995aa09fffff,Business Support,4
884995aa09fffff,Education,1
884995aa09fffff,Energy,1
884995aa09fffff,Financial,4
884995aa09fffff,Health,17
884995aa09fffff,Hospitality,19
884995aa09fffff,Manufacturing,39
884995aa09fffff,Professional Service,5
884995aa09fffff,Public Administration,92
884995aa09fffff,Real Estate,4
884995aa09fffff,Retail,251
884995aa09fffff,Wholesale,1
884995aa0dfffff,Art/Culture,24
884995aa0dfffff,Business Support,9
884995aa0dfffff,Education,582
884995aa0dfffff,Energy,6
884995aa0dfffff,Health,324
884995aa0dfffff,Hospitality,72
884995aa0dfffff,Manufacturing,114
884995aa0dfffff,Professional Service,7
884995aa0dfffff,Public Administration,134
884995aa0dfffff,Real Estate,4
884995aa0dfffff,Retail,517
884995aa0dfffff,Wholesale,19
884995aa21fffff,Art/Culture,9
884995aa21fffff,Business Support,3
884995aa21fffff,Construction,3
884995aa21fffff,Education,26
884995aa21fffff,Health,24
884995aa21fffff,Hospitality,73
884995aa21fffff,Manufacturing,73
884995aa21fffff,Public Administration,3
884995aa21fffff,Retail,368
884995aa21fffff,Transportation,33
884995aa21fffff,Wholesale,6
884995aa23fffff,Art/Culture,4
884995aa23fffff,Education,44
884995aa23fffff,Health,2
884995aa23fffff,Hospitality,10
884995aa23fffff,Manufacturing,3
884995aa23fffff,Retail,89
884995aa29fffff,Art/Culture,54
884995aa29fffff,Business Support,24
884995aa29fffff,Construction,11
884995aa29fffff,Education,92
884995aa29fffff,Health,71
884995aa29fffff,Hospitality,101
884995aa29fffff,Manufacturing,186
884995aa29fffff,Professional Service,13
884995aa29fffff,Public Administration,115
884995aa29fffff,Real Estate,29
884995aa29fffff,Retail,781
884995aa29fffff,Wholesale,83
884995aa2bfffff,Art/Culture,6
884995aa2bfffff,Business Support,3
884995aa2bfffff,Education,5
884995aa2bfffff,Energy,1
884995aa2bfffff,Health,57
884995aa2bfffff,Hospitality,67
884995aa2bfffff,Manufacturing,69
884995aa2bfffff,Professional Service,4
884995aa2bfffff,Public Administration,3
884995aa2bfffff,Real Estate,10
884995aa2bfffff,Retail,423
884995aa2bfffff,Wholesale,1
884995aa2dfffff,Art/Culture,20
884995aa2dfffff,Hospitality,8
884995aa2dfffff,Information,3
884995aa2dfffff,Manufacturing,3
884995aa2dfffff,Real Estate,4
884995aa2dfffff,Retail,84
884995aa41fffff,Art/Culture,44
884995aa41fffff,Business Support,34
884995aa41fffff,Construction,47
884995aa41fffff,Education,217
884995aa41fffff,Energy,19
884995aa41fffff,Financial,22
884995aa41fffff,Health,211
884995aa41fffff,Hospitality,428
884995aa41fffff,Manufacturing,423
884995aa41fffff,Professional Service,71
884995aa41fffff,Public Administration,1359
884995aa41fffff,Real Estate,29
884995aa41fffff,Retail,1426
884995aa41fffff,Transportation,27
884995aa41fffff,Wholesale,73
884995aa43fffff,Art/Culture,7
884995aa43fffff,Business Support,10
884995aa43fffff,Construction,5
884995aa43fffff,Education,60
884995aa43fffff,Financial,7
884995aa43fffff,Health,51
884995aa43fffff,Hospitality,87
884995aa43fffff,Information,3
884995aa43fffff,Manufacturing,89
884995aa43fffff,Professional Service,19
884995aa43fffff,Public Administration,12
884995aa43fffff,Real Estate,10
884995aa43fffff,Retail,620
884995aa43fffff,Transportation,4
884995aa43fffff,Wholesale,51
884995aa45fffff,Art/Culture,33
884995aa45fffff,Business Support,27
884995aa45fffff,Education,411
884995aa45fffff,Financial,8
884995aa45fffff,Health,528
884995aa45fffff,Hospitality,325
884995aa45fffff,Manufacturing,383
884995aa45fffff,Professional Service,66
884995aa45fffff,Public Administration,676
884995aa45fffff,Real Estate,10
884995aa45fffff,Retail,1313
884995aa45fffff,Transportation,69
884995aa45fffff,Wholesale,85
884995aa47fffff,Art/Culture,19
884995aa47fffff,Business Support,7
884995aa47fffff,Construction,58
884995aa47fffff,Education,385
884995aa47fffff,Financial,12
884995aa47fffff,Health,107
884995aa47fffff,Hospitality,127
884995aa47fffff,Information,4
884995aa47fffff,Manufacturing,99
884995aa47fffff,Professional Service,5
884995aa47fffff,Public Administration,1249
884995aa47fffff,Real Estate,3
884995aa47fffff,Retail,468
884995aa47fffff,Transportation,47
884995aa47fffff,Wholesale,12
884995aa4dfffff,Art/Culture,6
884995aa4dfffff,Business Support,13
884995aa4dfffff,Education,406
884995aa4dfffff,Financial,6
884995aa4dfffff,Health,212
884995aa4dfffff,Hospitality,117
884995aa4dfffff,Manufacturing,69
884995aa4dfffff,Professional Service,9
884995aa4dfffff,Real Estate,11
884995aa4dfffff,Retail,373
884995aa4dfffff,Wholesale,14
884995aa61fffff,Art/Culture,15
884995aa61fffff,Business Support,20
884995aa61fffff,Education,185
884995aa61fffff,Energy,1
884995aa61fffff,Health,144
884995aa61fffff,Hospitality,131
884995aa61fffff,Information,1
884995aa61fffff,Manufacturing,117
884995aa61fffff,Professional Service,4
884995aa61fffff,Public Administration,7
884995aa61fffff,Real Estate,34
884995aa61fffff,Retail,904
884995aa61fffff,Wholesale,58
884995aa63fffff,Agriculture,12
884995aa63fffff,Art/Culture,88
884995aa63fffff,Business Support,28
884995aa63fffff,Education,560
884995aa63fffff,Financial,43
884995aa63fffff,Health,172
884995aa63fffff,Hospitality,465
884995aa63fffff,Information,5
884995aa63fffff,Manufacturing,381
884995aa63fffff,Professional Service,49
884995aa63fffff,Public Administration,17
884995aa63fffff,Real Estate,52
884995aa63fffff,Retail,2123
884995aa63fffff,Transportation,46
884995aa63fffff,Wholesale,77
884995aa65fffff,Art/Culture,4
884995aa65fffff,Education,142
884995aa65fffff,Energy,2
884995aa65fffff,Health,12
884995aa65fffff,Hospitality,48
884995aa65fffff,Manufacturing,34
884995aa65fffff,Real Estate,2
884995aa65fffff,Retail,391
884995aa65fffff,Wholesale,16
884995aa67fffff,Art/Culture,38
884995aa67fffff,Business Support,5
884995aa67fffff,Education,321
884995aa67fffff,Energy,2
884995aa67fffff,Health,55
884995aa67fffff,Hospitality,105
884995aa67fffff,Manufacturing,126
884995aa67fffff,Professional Service,5
884995aa67fffff,Public Administration,8
884995aa67fffff,Real Estate,1
884995aa67fffff,Retail,661
884995aa67fffff,Transportation,1
884995aa67fffff,Wholesale,20
884995aa69fffff,Art/Culture,16
884995aa69fffff,Business Support,40
884995aa69fffff,Education,163
884995aa69fffff,Energy,6
884995aa69fffff,Financial,17
884995aa69fffff,Health,58
884995aa69fffff,Hospitality,138
884995aa69fffff,Manufacturing,141
884995aa69fffff,Professional Service,5
884995aa69fffff,Public Administration,1
884995aa69fffff,Real Estate,11
884995aa69fffff,Retail,1009
884995aa69fffff,Wholesale,24
884995aa6bfffff,Art/Culture,68
884995aa6bfffff,Business Support,10
884995aa6bfffff,Construction,4
884995aa6bfffff,Education,418
884995aa6bfffff,Financial,27
884995aa6bfffff,Health,205
884995aa6bfffff,Hospitality,202
884995aa6bfffff,Manufacturing,329
884995aa6bfffff,Professional Service,10
884995aa6bfffff,Public Administration,489
884995aa6bfffff,Real Estate,38
884995aa6bfffff,Retail,764
884995aa6bfffff,Transportation,239
884995aa6bfffff,Wholesale,265
884995aa6dfffff,Art/Culture,46
884995aa6dfffff,Business Support,11
884995aa6dfffff,Education,48
884995aa6dfffff,Energy,66
884995aa6dfffff,Health,68
884995aa6dfffff,Hospitality,131
884995aa6dfffff,Manufacturing,113
884995aa6dfffff,Professional Service,12
884995aa6dfffff,Public Administration,17
884995aa6dfffff,Real Estate,2
884995aa6dfffff,Retail,919
884995aa6dfffff,Transportation,21
884995aa6dfffff,Wholesale,13
884995b045fffff,Art/Culture,33
884995b045fffff,Education,191
884995b045fffff,Financial,2
884995b045fffff,Health,385
884995b045fffff,Hospitality,137
884995b045fffff,Manufacturing,56
884995b045fffff,Professional Service,10
884995b045fffff,Public Administration,462
884995b045fffff,Real Estate,12
884995b045fffff,Retail,298
884995b045fffff,Transportation,5
884995b045fffff,Wholesale,27
884995b049fffff,Health,32
884995b049fffff,Hospitality,1
884995b049fffff,Manufacturing,15
884995b049fffff,Real Estate,1
884995b049fffff,Retail,56
884995b049fffff,Wholesale,3
884995b061fffff,Art/Culture,33
884995b061fffff,Business Support,14
884995b061fffff,Education,278
884995b061fffff,Financial,39
884995b061fffff,Health,387
884995b061fffff,Hospitality,278
884995b061fffff,Manufacturing,155
884995b061fffff,Professional Service,18
884995b061fffff,Public Administration,42
884995b061fffff,Real Estate,12
884995b061fffff,Retail,701
884995b061fffff,Transportation,16
884995b061fffff,Wholesale,98
884995b069fffff,Art/Culture,27
884995b069fffff,Business Support,49
884995b069fffff,Construction,13
884995b069fffff,Education,768
884995b069fffff,Financial,61
884995b069fffff,Health,204
884995b069fffff,Hospitality,714
884995b069fffff,Information,17
884995b069fffff,Manufacturing,179
884995b069fffff,Professional Service,74
884995b069fffff,Public Administration,10
884995b069fffff,Real Estate,20
884995b069fffff,Retail,1298
884995b069fffff,Transportation,7
884995b069fffff,Wholesale,106
884995b103fffff,Art/Culture,100
884995b103fffff,Business Support,208
884995b103fffff,Construction,387
884995b103fffff,Corporate,24
884995b103fffff,Education,56
884995b103fffff,Energy,9
884995b103fffff,Financial,1523
884995b103fffff,Health,361
884995b103fffff,Hospitality,293
884995b103fffff,Information,136
884995b103fffff,Manufacturing,419
884995b103fffff,Professional Service,1557
884995b103fffff,Public Administration,4
884995b103fffff,Real Estate,427
884995b103fffff,Retail,454
884995b103fffff,Transportation,1305
884995b103fffff,Wholesale,471
884995b105fffff,Business Support,24
884995b105fffff,Construction,3
884995b105fffff,Corporate,4
884995b105fffff,Education,27
884995b105fffff,Financial,20
884995b105fffff,Manufacturing,67
884995b105fffff,Professional Service,624
884995b105fffff,Public Administration,3
884995b105fffff,Real Estate,20
884995b105fffff,Retail,118
884995b105fffff,Wholesale,95
884995b107fffff,Business Support,25
884995b107fffff,Education,194
884995b107fffff,Energy,46
884995b107fffff,Financial,29
884995b107fffff,Health,7
884995b107fffff,Professional Service,22
884995b107fffff,Real Estate,1
884995b107fffff,Retail,34
884995b107fffff,Transportation,1
884995b109fffff,Art/Culture,11
884995b109fffff,Education,108
884995b109fffff,Financial,622
884995b109fffff,Health,74
884995b109fffff,Hospitality,194
884995b109fffff,Manufacturing,19
884995b109fffff,Professional Service,105
884995b109fffff,Real Estate,27
884995b109fffff,Retail,50
884995b109fffff,Wholesale,449
884995b11dfffff,Education,243
884995b11dfffff,Energy,4
884995b11dfffff,Public Administration,1
884995b123fffff,Business Support,1
884995b123fffff,Construction,2
884995b123fffff,Education,88
884995b123fffff,Financial,2
884995b123fffff,Health,15
884995b123fffff,Hospitality,17
884995b123fffff,Information,63
884995b123fffff,Professional Service,153
884995b123fffff,Real Estate,5
884995b123fffff,Retail,31
884995b123fffff,Wholesale,11
884995b125fffff,Art/Culture,114
884995b125fffff,Business Support,864
884995b125fffff,Construction,520
884995b125fffff,Education,577
884995b125fffff,Financial,96
884995b125fffff,Health,435
884995b125fffff,Hospitality,161
884995b125fffff,Manufacturing,128
884995b125fffff,Professional Service,71
884995b125fffff,Public Administration,35
884995b125fffff,Real Estate,6
884995b125fffff,Retail,683
884995b125fffff,Transportation,6
884995b125fffff,Wholesale,30
884995b127fffff,Construction,4
884995b127fffff,Education,9
884995b127fffff,Health,1
884995b127fffff,Information,19
884995b127fffff,Manufacturing,4
884995b127fffff,Professional Service,38
884995b127fffff,Public Administration,25
884995b127fffff,Retail,5
884995b127fffff,Wholesale,2
884995b129fffff,Art/Culture,71
884995b129fffff,Education,135
884995b129fffff,Energy,143
884995b129fffff,Financial,43
884995b129fffff,Health,23
884995b129fffff,Hospitality,102
884995b129fffff,Manufacturing,15
884995b129fffff,Public Administration,432
884995b129fffff,Retail,47
884995b12dfffff,Art/Culture,13
884995b12dfffff,Business Support,123
884995b12dfffff,Construction,236
884995b12dfffff,Education,460
884995b12dfffff,Energy,26
884995b12dfffff,Financial,167
884995b12dfffff,Health,115
884995b12dfffff,Hospitality,211
884995b12dfffff,Manufacturing,100
884995b12dfffff,Professional Service,195
884995b12dfffff,Public Administration,45
884995b12dfffff,Real Estate,11
884995b12dfffff,Retail,910
884995b12dfffff,Transportation,64
884995b12dfffff,Wholesale,178
884995b135fffff,Art/Culture,1
884995b135fffff,Education,33
884995b135fffff,Financial,90
884995b135fffff,Health,16
884995b135fffff,Hospitality,106
884995b135fffff,Manufacturing,33
884995b135fffff,Professional Service,101
884995b135fffff,Retail,129
884995b135fffff,Wholesale,87
884995b139fffff,Art/Culture,291
884995b139fffff,Business Support,58
884995b139fffff,Education,9
884995b139fffff,Energy,14
884995b139fffff,Financial,226
884995b139fffff,Health,39
884995b139fffff,Hospitality,82
884995b139fffff,Manufacturing,4
884995b139fffff,Professional Service,610
884995b139fffff,Public Administration,1
884995b139fffff,Real Estate,85
884995b139fffff,Retail,148
884995b139fffff,Transportation,72
884995b139fffff,Wholesale,647
884995b13dfffff,Financial,1
884995b13dfffff,Health,5
884995b13dfffff,Professional Service,25
884995b13dfffff,Retail,10
884995b13dfffff,Transportation,14
884995b141fffff,Art/Culture,265
884995b141fffff,Business Support,4
884995b141fffff,Education,181
884995b141fffff,Health,116
884995b141fffff,Hospitality,119
884995b141fffff,Information,3
884995b141fffff,Manufacturing,49
884995b141fffff,Professional Service,4
884995b141fffff,Public Administration,235
884995b141fffff,Real Estate,2
884995b141fffff,Retail,424
884995b141fffff,Wholesale,16
884995b143fffff,Art/Culture,9
884995b143fffff,Business Support,3
884995b143fffff,Construction,39
884995b143fffff,Education,97
884995b143fffff,Financial,179
884995b143fffff,Health,171
884995b143fffff,Hospitality,279
884995b143fffff,Manufacturing,73
884995b143fffff,Professional Service,8
884995b143fffff,Public Administration,1
884995b143fffff,Real Estate,17
884995b143fffff,Retail,481
884995b143fffff,Transportation,203
884995b143fffff,Wholesale,33
884995b145fffff,Art/Culture,4
884995b145fffff,Business Support,4
884995b145fffff,Education,228
884995b145fffff,Health,72
884995b145fffff,Hospitality,294
884995b145fffff,Information,1
884995b145fffff,Manufacturing,347
884995b145fffff,Professional Service,19
884995b145fffff,Public Administration,4
884995b145fffff,Real Estate,18
884995b145fffff,Retail,822
884995b145fffff,Transportation,3
884995b145fffff,Wholesale,12
884995b147fffff,Art/Culture,8
884995b147fffff,Business Support,13
884995b147fffff,Education,278
884995b147fffff,Financial,131
884995b147fffff,Health,102
884995b147fffff,Hospitality,328
884995b147fffff,Manufacturing,115
884995b147fffff,Professional Service,18
884995b147fffff,Public Administration,7
884995b147fffff,Real Estate,1
884995b147fffff,Retail,956
884995b147fffff,Transportation,7
884995b147fffff,Wholesale,32
884995b149fffff,Art/Culture,9
884995b149fffff,Business Support,20
884995b149fffff,Construction,6
884995b149fffff,Education,531
884995b149fffff,Financial,15
884995b149fffff,Health,136
884995b149fffff,Hospitality,108
884995b149fffff,Information,8
884995b149fffff,Manufacturing,132
884995b149fffff,Professional Service,55
884995b149fffff,Public Administration,11
884995b149fffff,Real Estate,12
884995b149fffff,Retail,784
884995b149fffff,Transportation,7
884995b149fffff,Wholesale,28
884995b14bfffff,Art/Culture,3
884995b14bfffff,Education,17
884995b14bfffff,Financial,11
884995b14bfffff,Health,6
884995b14bfffff,Manufacturing,10
884995b14bfffff,Professional Service,13
884995b14bfffff,Retail,31
884995b14dfffff,Art/Culture,6
884995b14dfffff,Business Support,8
884995b14dfffff,Education,142
884995b14dfffff,Financial,46
884995b14dfffff,Health,82
884995b14dfffff,Hospitality,93
884995b14dfffff,Manufacturing,67
884995b14dfffff,Professional Service,11
884995b14dfffff,Retail,511
884995b14dfffff,Wholesale,70
884995b151fffff,Art/Culture,11
884995b151fffff,Construction,161
884995b151fffff,Education,111
884995b151fffff,Financial,24
884995b151fffff,Health,4
884995b151fffff,Hospitality,285
884995b151fffff,Manufacturing,11
884995b151fffff,Professional Service,1
884995b151fffff,Real Estate,11
884995b151fffff,Retail,339
884995b151fffff,Transportation,8
884995b151fffff,Wholesale,2
884995b155fffff,Art/Culture,69
884995b155fffff,Business Support,1681
884995b155fffff,Construction,1410
884995b155fffff,Corporate,101
884995b155fffff,Education,583
884995b155fffff,Energy,36
884995b155fffff,Financial,1712
884995b155fffff,Health,18
884995b155fffff,Hospitality,1130
884995b155fffff,Information,279
884995b155fffff,Manufacturing,882
884995b155fffff,Professional Service,2960
884995b155fffff,Public Administration,324
884995b155fffff,Real Estate,776
884995b155fffff,Retail,1796
884995b155fffff,Transportation,488
884995b155fffff,Wholesale,1504
884995b157fffff,Art/Culture,32
884995b157fffff,Business Support,14
884995b157fffff,Construction,4
884995b157fffff,Education,187
884995b157fffff,Energy,2
884995b157fffff,Financial,3
884995b157fffff,Health,15
884995b157fffff,Hospitality,165
884995b157fffff,Manufacturing,60
884995b157fffff,Professional Service,38
884995b157fffff,Public Administration,3
884995b157fffff,Real Estate,49
884995b157fffff,Retail,349
884995b157fffff,Wholesale,53
884995b159fffff,Construction,70
884995b159fffff,Corporate,1
884995b159fffff,Education,19
884995b159fffff,Energy,3
884995b159fffff,Financial,19
884995b159fffff,Health,12
884995b159fffff,Hospitality,4
884995b159fffff,Manufacturing,193
884995b159fffff,Real Estate,103
884995b159fffff,Retail,32
884995b159fffff,Transportation,196
884995b159fffff,Wholesale,130
884995b15bfffff,Art/Culture,70
884995b15bfffff,Business Support,314
884995b15bfffff,Construction,306
884995b15bfffff,Corporate,1
884995b15bfffff,Education,1070
884995b15bfffff,Financial,248
884995b15bfffff,Health,7
884995b15bfffff,Hospitality,88
884995b15bfffff,Manufacturing,8
884995b15bfffff,Professional Service,15
884995b15bfffff,Real Estate,28
884995b15bfffff,Retail,1075
884995b15bfffff,Transportation,222
884995b15bfffff,Wholesale,184
884995b15dfffff,Art/Culture,117
884995b15dfffff,Business Support,1517
884995b15dfffff,Construction,1
884995b15dfffff,Corporate,12
884995b15dfffff,Education,286
884995b15dfffff,Financial,1200
884995b15dfffff,Health,22
884995b15dfffff,Hospitality,764
884995b15dfffff,Information,1004
884995b15dfffff,Manufacturing,16
884995b15dfffff,Professional Service,951
884995b15dfffff,Public Administration,99
884995b15dfffff,Real Estate,18
884995b15dfffff,Retail,1137
884995b15dfffff,Transportation,9
884995b15dfffff,Wholesale,937
884995b161fffff,Art/Culture,11
884995b161fffff,Business Support,7
884995b161fffff,Construction,1
884995b161fffff,Education,107
884995b161fffff,Financial,7
884995b161fffff,Health,82
884995b161fffff,Hospitality,104
884995b161fffff,Information,3
884995b161fffff,Manufacturing,113
884995b161fffff,Professional Service,11
884995b161fffff,Public Administration,13
884995b161fffff,Real Estate,2
884995b161fffff,Retail,794
884995b161fffff,Wholesale,7
884995b163fffff,Art/Culture,3
884995b163fffff,Business Support,2
884995b163fffff,Corporate,4
884995b163fffff,Energy,73
884995b163fffff,Financial,122
884995b163fffff,Health,22
884995b163fffff,Hospitality,47
884995b163fffff,Manufacturing,24
884995b163fffff,Professional Service,15
884995b163fffff,Retail,152
884995b163fffff,Transportation,947
884995b163fffff,Wholesale,234
884995b165fffff,Art/Culture,32
884995b165fffff,Business Support,5
884995b165fffff,Education,220
884995b165fffff,Health,82
884995b165fffff,Hospitality,188
884995b165fffff,Information,1
884995b165fffff,Manufacturing,262
884995b165fffff,Professional Service,9
884995b165fffff,Public Administration,19
884995b165fffff,Real Estate,11
884995b165fffff,Retail,765
884995b165fffff,Transportation,87
884995b165fffff,Wholesale,409
884995b167fffff,Art/Culture,11
884995b167fffff,Business Support,7
884995b167fffff,Construction,2
884995b167fffff,Education,242
884995b167fffff,Financial,109
884995b167fffff,Health,160
884995b167fffff,Hospitality,278
884995b167fffff,Information,4
884995b167fffff,Manufacturing,174
884995b167fffff,Professional Service,22
884995b167fffff,Public Administration,4
884995b167fffff,Real Estate,27
884995b167fffff,Retail,751
884995b167fffff,Transportation,26
884995b167fffff,Wholesale,17
884995b169fffff,Art/Culture,23
884995b169fffff,Business Support,2
884995b169fffff,Construction,13
884995b169fffff,Education,239
884995b169fffff,Health,146
884995b169fffff,Hospitality,106
884995b169fffff,Information,4
884995b169fffff,Manufacturing,113
884995b169fffff,Professional Service,42
884995b169fffff,Public Administration,41
884995b169fffff,Real Estate,55
884995b169fffff,Retail,526
884995b169fffff,Transportation,4
884995b169fffff,Wholesale,48
884995b16bfffff,Art/Culture,19
884995b16bfffff,Business Support,9
884995b16bfffff,Education,214
884995b16bfffff,Energy,2
884995b16bfffff,Health,99
884995b16bfffff,Hospitality,137
884995b16bfffff,Manufacturing,576
884995b16bfffff,Professional Service,9
884995b16bfffff,Public Administration,3
884995b16bfffff,Real Estate,9
884995b16bfffff,Retail,731
884995b16bfffff,Wholesale,2
884995b16dfffff,Art/Culture,23
884995b16dfffff,Business Support,29
884995b16dfffff,Construction,12
884995b16dfffff,Education,141
884995b16dfffff,Financial,52
884995b16dfffff,Health,237
884995b16dfffff,Hospitality,169
884995b16dfffff,Information,2
884995b16dfffff,Manufacturing,220
884995b16dfffff,Professional Service,54
884995b16dfffff,Public Administration,4
884995b16dfffff,Real Estate,44
884995b16dfffff,Retail,1214
884995b16dfffff,Transportation,68
884995b16dfffff,Wholesale,38
884995b205fffff,Construction,1
884995b205fffff,Education,83
884995b205fffff,Health,69
884995b205fffff,Hospitality,5
884995b205fffff,Manufacturing,32
884995b205fffff,Real Estate,2
884995b205fffff,Retail,200
884995b205fffff,Wholesale,2
884995b221fffff,Art/Culture,13
884995b221fffff,Business Support,1
884995b221fffff,Education,30
884995b221fffff,Health,4
884995b221fffff,Hospitality,67
884995b221fffff,Manufacturing,33
884995b221fffff,Real Estate,7
884995b221fffff,Retail,115
884995b221fffff,Wholesale,99
884995b225fffff,Construction,3
884995b225fffff,Education,334
884995b225fffff,Energy,26
884995b225fffff,Health,15
884995b225fffff,Hospitality,77
884995b225fffff,Manufacturing,12
884995b225fffff,Professional Service,2
884995b225fffff,Public Administration,14
884995b225fffff,Real Estate,7
884995b225fffff,Retail,176
884995b225fffff,Transportation,4
884995b23dfffff,Education,25
884995b23dfffff,Manufacturing,2
884995b23dfffff,Real Estate,1
884995b23dfffff,Retail,42
884995b263fffff,Manufacturing,1
884995b263fffff,Retail,7
884995b305fffff,Art/Culture,18
884995b305fffff,Education,74
884995b305fffff,Financial,36
884995b305fffff,Hospitality,24
884995b305fffff,Professional Service,6
884995b305fffff,Real Estate,121
884995b305fffff,Retail,15
884995b309fffff,Art/Culture,44
884995b309fffff,Business Support,19
884995b309fffff,Education,123
884995b309fffff,Health,200
884995b309fffff,Hospitality,207
884995b309fffff,Manufacturing,95
884995b309fffff,Professional Service,30
884995b309fffff,Real Estate,15
884995b309fffff,Retail,824
884995b309fffff,Transportation,7
884995b309fffff,Wholesale,4
884995b30bfffff,Art/Culture,6
884995b30bfffff,Education,129
884995b30bfffff,Health,4
884995b30bfffff,Hospitality,24
884995b30bfffff,Information,3
884995b30bfffff,Manufacturing,8
884995b30bfffff,Retail,85
884995b30bfffff,Wholesale,3
884995b30dfffff,Art/Culture,2
884995b30dfffff,Education,18
884995b30dfffff,Health,22
884995b30dfffff,Hospitality,28
884995b30dfffff,Manufacturing,8
884995b30dfffff,Real Estate,16
884995b30dfffff,Retail,114
884995b30dfffff,Wholesale,8
884995b311fffff,Art/Culture,28
884995b311fffff,Business Support,4
884995b311fffff,Construction,275
884995b311fffff,Education,302
884995b311fffff,Financial,4
884995b311fffff,Health,8
884995b311fffff,Hospitality,80
884995b311fffff,Manufacturing,192
884995b311fffff,Professional Service,2
884995b311fffff,Public Administration,4
884995b311fffff,Real Estate,2
884995b311fffff,Retail,195
884995b311fffff,Wholesale,4
884995b313fffff,Art/Culture,83
884995b313fffff,Business Support,42
884995b313fffff,Construction,230
884995b313fffff,Education,519
884995b313fffff,Energy,4
884995b313fffff,Financial,1560
884995b313fffff,Health,85
884995b313fffff,Hospitality,355
884995b313fffff,Information,26
884995b313fffff,Manufacturing,855
884995b313fffff,Professional Service,79
884995b313fffff,Public Administration,474
884995b313fffff,Real Estate,61
884995b313fffff,Retail,1238
884995b313fffff,Transportation,26
884995b313fffff,Wholesale,532
884995b31bfffff,Art/Culture,9
884995b31bfffff,Business Support,15
884995b31bfffff,Corporate,5
884995b31bfffff,Education,259
884995b31bfffff,Financial,49
884995b31bfffff,Health,105
884995b31bfffff,Hospitality,172
884995b31bfffff,Information,7
884995b31bfffff,Manufacturing,252
884995b31bfffff,Professional Service,26
884995b31bfffff,Public Administration,27
884995b31bfffff,Real Estate,3
884995b31bfffff,Retail,702
884995b31bfffff,Transportation,21
884995b31bfffff,Wholesale,50
884995b323fffff,Business Support,2
884995b323fffff,Education,17
884995b323fffff,Health,38
884995b323fffff,Hospitality,41
884995b323fffff,Manufacturing,65
884995b323fffff,Professional Service,5
884995b323fffff,Real Estate,4
884995b323fffff,Retail,294
884995b323fffff,Wholesale,10
884995b325fffff,Art/Culture,2
884995b325fffff,Business Support,8
884995b325fffff,Education,124
884995b325fffff,Financial,10
884995b325fffff,Health,64
884995b325fffff,Hospitality,89
884995b325fffff,Information,4
884995b325fffff,Manufacturing,26
884995b325fffff,Professional Service,6
884995b325fffff,Public Administration,16
884995b325fffff,Real Estate,12
884995b325fffff,Retail,354
884995b325fffff,Transportation,13
884995b325fffff,Wholesale,11
884995b327fffff,Art/Culture,32
884995b327fffff,Business Support,13
884995b327fffff,Construction,29
884995b327fffff,Education,165
884995b327fffff,Financial,10
884995b327fffff,Health,74
884995b327fffff,Hospitality,130
884995b327fffff,Manufacturing,159
884995b327fffff,Professional Service,25
884995b327fffff,Public Administration,17
884995b327fffff,Real Estate,24
884995b327fffff,Retail,1022
884995b327fffff,Transportation,26
884995b327fffff,Wholesale,26
884995b32bfffff,Art/Culture,15
884995b32bfffff,Education,3
884995b32bfffff,Financial,3
884995b32bfffff,Public Administration,4
884995b32bfffff,Retail,4
884995b32dfffff,Art/Culture,21
884995b32dfffff,Business Support,2
884995b32dfffff,Construction,70
884995b32dfffff,Education,165
884995b32dfffff,Financial,155
884995b32dfffff,Health,4
884995b32dfffff,Hospitality,200
884995b32dfffff,Manufacturing,64
884995b32dfffff,Professional Service,7
884995b32dfffff,Public Administration,24
884995b32dfffff,Real Estate,7
884995b32dfffff,Retail,162
884995b32dfffff,Transportation,105
884995b32dfffff,Wholesale,95
884995b331fffff,Art/Culture,100
884995b331fffff,Business Support,2091
884995b331fffff,Construction,727
884995b331fffff,Corporate,23
884995b331fffff,Education,290
884995b331fffff,Energy,37
884995b331fffff,Financial,981
884995b331fffff,Health,86
884995b331fffff,Hospitality,1087
884995b331fffff,Information,1554
884995b331fffff,Manufacturing,833
884995b331fffff,Professional Service,3519
884995b331fffff,Real Estate,1521
884995b331fffff,Retail,1785
884995b331fffff,Transportation,684
884995b331fffff,Wholesale,1233
884995b335fffff,Art/Culture,10
884995b335fffff,Construction,480
884995b335fffff,Education,119
884995b335fffff,Financial,3
884995b335fffff,Health,36
884995b335fffff,Hospitality,62
884995b335fffff,Manufacturing,164
884995b335fffff,Professional Service,17
884995b335fffff,Public Administration,13
884995b335fffff,Real Estate,7
884995b335fffff,Retail,238
884995b335fffff,Wholesale,38
884995b337fffff,Art/Culture,79
884995b337fffff,Business Support,1619
884995b337fffff,Construction,578
884995b337fffff,Corporate,646
884995b337fffff,Education,471
884995b337fffff,Energy,672
884995b337fffff,Financial,2856
884995b337fffff,Health,8
884995b337fffff,Hospitality,1939
884995b337fffff,Information,532
884995b337fffff,Manufacturing,144
884995b337fffff,Professional Service,1446
884995b337fffff,Public Administration,33
884995b337fffff,Real Estate,582
884995b337fffff,Retail,1297
884995b337fffff,Transportation,1350
884995b337fffff,Wholesale,3550
884995b339fffff,Education,912
884995b339fffff,Financial,3
884995b339fffff,Hospitality,82
884995b339fffff,Manufacturing,13
884995b339fffff,Public Administration,12
884995b33dfffff,Education,436
884995b33dfffff,Energy,4
884995b33dfffff,Health,37
884995b33dfffff,Hospitality,70
884995b33dfffff,Manufacturing,32
884995b33dfffff,Public Administration,4
884995b33dfffff,Real Estate,23
884995b33dfffff,Retail,159
884995b33dfffff,Wholesale,4
884995b341fffff,Art/Culture,7
884995b341fffff,Business Support,6
884995b341fffff,Education,77
884995b341fffff,Health,92
884995b341fffff,Hospitality,62
884995b341fffff,Manufacturing,91
884995b341fffff,Professional Service,3
884995b341fffff,Retail,553
884995b341fffff,Transportation,385
884995b341fffff,Wholesale,9
884995b345fffff,Art/Culture,34
884995b345fffff,Business Support,20
884995b345fffff,Construction,3
884995b345fffff,Education,269
884995b345fffff,Financial,22
884995b345fffff,Health,147
884995b345fffff,Hospitality,339
884995b345fffff,Manufacturing,192
884995b345fffff,Professional Service,6
884995b345fffff,Real Estate,12
884995b345fffff,Retail,1392
884995b345fffff,Transportation,16
884995b345fffff,Wholesale,34
884995b347fffff,Art/Culture,14
884995b347fffff,Business Support,5
884995b347fffff,Education,29
884995b347fffff,Health,52
884995b347fffff,Hospitality,134
884995b347fffff,Manufacturing,122
884995b347fffff,Professional Service,20
884995b347fffff,Real Estate,4
884995b347fffff,Retail,747
884995b347fffff,Wholesale,39
884995b349fffff,Health,3
884995b349fffff,Hospitality,13
884995b349fffff,Manufacturing,8
884995b349fffff,Retail,106
884995b349fffff,Wholesale,6
884995b34dfffff,Art/Culture,30
884995b34dfffff,Business Support,8
884995b34dfffff,Education,427
884995b34dfffff,Health,88
884995b34dfffff,Hospitality,139
884995b34dfffff,Manufacturing,127
884995b34dfffff,Professional Service,34
884995b34dfffff,Public Administration,348
884995b34dfffff,Real Estate,30
884995b34dfffff,Retail,674
884995b34dfffff,Wholesale,26
884995b351fffff,Art/Culture,7
884995b351fffff,Business Support,5
884995b351fffff,Construction,21
884995b351fffff,Education,132
884995b351fffff,Health,22
884995b351fffff,Hospitality,104
884995b351fffff,Manufacturing,462
884995b351fffff,Professional Service,10
884995b351fffff,Real Estate,25
884995b351fffff,Retail,328
884995b351fffff,Transportation,1
884995b351fffff,Wholesale,29
884995b359fffff,Business Support,1
884995b359fffff,Health,6
884995b359fffff,Hospitality,20
884995b359fffff,Manufacturing,38
884995b359fffff,Real Estate,6
884995b359fffff,Retail,100
884995b359fffff,Wholesale,10
884995b361fffff,Art/Culture,25
884995b361fffff,Business Support,10
884995b361fffff,Construction,65
884995b361fffff,Education,69
884995b361fffff,Energy,2
884995b361fffff,Financial,11
884995b361fffff,Health,177
884995b361fffff,Hospitality,207
884995b361fffff,Manufacturing,165
884995b361fffff,Professional Service,26
884995b361fffff,Public Administration,6
884995b361fffff,Real Estate,13
884995b361fffff,Retail,840
884995b361fffff,Wholesale,16
884995b363fffff,Art/Culture,41
884995b363fffff,Business Support,6
884995b363fffff,Construction,4
884995b363fffff,Education,816
884995b363fffff,Financial,4
884995b363fffff,Health,50
884995b363fffff,Hospitality,166
884995b363fffff,Manufacturing,134
884995b363fffff,Professional Service,11
884995b363fffff,Public Administration,5
884995b363fffff,Real Estate,5
884995b363fffff,Retail,560
884995b363fffff,Transportation,7
884995b363fffff,Wholesale,29
884995b367fffff,Art/Culture,5
884995b367fffff,Business Support,4
884995b367fffff,Education,842
884995b367fffff,Financial,37
884995b367fffff,Health,17
884995b367fffff,Hospitality,114
884995b367fffff,Manufacturing,41
884995b367fffff,Professional Service,9
884995b367fffff,Public Administration,7
884995b367fffff,Real Estate,4
884995b367fffff,Retail,157
884995b367fffff,Transportation,2
884995b367fffff,Wholesale,11
884995b369fffff,Art/Culture,65
884995b369fffff,Business Support,10
884995b369fffff,Construction,6
884995b369fffff,Education,195
884995b369fffff,Health,95
884995b369fffff,Hospitality,84
884995b369fffff,Information,12
884995b369fffff,Manufacturing,41
884995b369fffff,Professional Service,21
884995b369fffff,Public Administration,16
884995b369fffff,Retail,427
884995b369fffff,Transportation,1
884995b369fffff,Wholesale,8
884995b36bfffff,Art/Culture,32
884995b36bfffff,Business Support,10
884995b36bfffff,Education,268
884995b36bfffff,Energy,3
884995b36bfffff,Financial,18
884995b36bfffff,Health,142
884995b36bfffff,Hospitality,93
884995b36bfffff,Information,10
884995b36bfffff,Manufacturing,84
884995b36bfffff,Professional Service,7
884995b36bfffff,Public Administration,50
884995b36bfffff,Retail,656
884995b36bfffff,Wholesale,6
884995b36dfffff,Art/Culture,15
884995b36dfffff,Business Support,10
884995b36dfffff,Construction,6
884995b36dfffff,Education,321
884995b36dfffff,Financial,102
884995b36dfffff,Health,543
884995b36dfffff,Hospitality,274
884995b36dfffff,Manufacturing,122
884995b36dfffff,Professional Service,20
884995b36dfffff,Public Administration,11
884995b36dfffff,Real Estate,6
884995b36dfffff,Retail,863
884995b36dfffff,Transportation,141
884995b36dfffff,Wholesale,29
884995b801fffff,Art/Culture,109
884995b801fffff,Business Support,32
884995b801fffff,Construction,4
884995b801fffff,Education,860
884995b801fffff,Energy,29
884995b801fffff,Financial,20
884995b801fffff,Health,672
884995b801fffff,Hospitality,720
884995b801fffff,Information,68
884995b801fffff,Manufacturing,585
884995b801fffff,Professional Service,86
884995b801fffff,Public Administration,764
884995b801fffff,Real Estate,46
884995b801fffff,Retail,860
884995b801fffff,Transportation,50
884995b801fffff,Wholesale,270
884995b803fffff,Art/Culture,25
884995b803fffff,Business Support,71
884995b803fffff,Construction,2
884995b803fffff,Education,857
884995b803fffff,Financial,50
884995b803fffff,Health,1827
884995b803fffff,Hospitality,459
884995b803fffff,Information,4
884995b803fffff,Manufacturing,2023
884995b803fffff,Professional Service,95
884995b803fffff,Public Administration,528
884995b803fffff,Real Estate,41
884995b803fffff,Retail,760
884995b803fffff,Transportation,29
884995b803fffff,Wholesale,778
884995b805fffff,Art/Culture,40
884995b805fffff,Business Support,27
884995b805fffff,Construction,16
884995b805fffff,Education,393
884995b805fffff,Financial,48
884995b805fffff,Health,188
884995b805fffff,Hospitality,717
884995b805fffff,Information,11
884995b805fffff,Manufacturing,231
884995b805fffff,Professional Service,29
884995b805fffff,Public Administration,643
884995b805fffff,Real Estate,42
884995b805fffff,Retail,2884
884995b805fffff,Transportation,9
884995b805fffff,Wholesale,118
884995b807fffff,Art/Culture,14
884995b807fffff,Business Support,744
884995b807fffff,Construction,1
884995b807fffff,Education,91
884995b807fffff,Energy,1
884995b807fffff,Financial,10
884995b807fffff,Health,95
884995b807fffff,Hospitality,693
884995b807fffff,Information,42
884995b807fffff,Manufacturing,553
884995b807fffff,Professional Service,55
884995b807fffff,Public Administration,102
884995b807fffff,Real Estate,69
884995b807fffff,Retail,1781
884995b807fffff,Transportation,70
884995b807fffff,Wholesale,273
884995b809fffff,Art/Culture,23
884995b809fffff,Business Support,332
884995b809fffff,Construction,183
884995b809fffff,Education,237
884995b809fffff,Energy,24
884995b809fffff,Financial,33
884995b809fffff,Health,293
884995b809fffff,Hospitality,1465
884995b809fffff,Information,196
884995b809fffff,Manufacturing,255
884995b809fffff,Professional Service,16
884995b809fffff,Public Administration,660
884995b809fffff,Real Estate,35
884995b809fffff,Retail,2185
884995b809fffff,Transportation,68
884995b809fffff,Wholesale,60
884995b80bfffff,Art/Culture,5
884995b80bfffff,Business Support,72
884995b80bfffff,Construction,28
884995b80bfffff,Corporate,2
884995b80bfffff,Education,153
884995b80bfffff,Energy,82
884995b80bfffff,Financial,114
884995b80bfffff,Health,93
884995b80bfffff,Hospitality,219
884995b80bfffff,Information,18
884995b80bfffff,Manufacturing,1524
884995b80bfffff,Professional Service,350
884995b80bfffff,Public Administration,1556
884995b80bfffff,Real Estate,9
884995b80bfffff,Retail,945
884995b80bfffff,Transportation,500
884995b80bfffff,Wholesale,223
884995b80dfffff,Art/Culture,416
884995b80dfffff,Business Support,27
884995b80dfffff,Education,436
884995b80dfffff,Energy,9
884995b80dfffff,Financial,74
884995b80dfffff,Health,527
884995b80dfffff,Hospitality,392
884995b80dfffff,Information,56
884995b80dfffff,Manufacturing,191
884995b80dfffff,Professional Service,27
884995b80dfffff,Public Administration,690
884995b80dfffff,Real Estate,12
884995b80dfffff,Retail,500
884995b80dfffff,Transportation,5
884995b80dfffff,Wholesale,59
884995b811fffff,Art/Culture,21
884995b811fffff,Business Support,15
884995b811fffff,Construction,109
884995b811fffff,Education,369
884995b811fffff,Energy,8
884995b811fffff,Financial,246
884995b811fffff,Health,214
884995b811fffff,Hospitality,336
884995b811fffff,Information,40
884995b811fffff,Manufacturing,359
884995b811fffff,Professional Service,47
884995b811fffff,Public Administration,552
884995b811fffff,Real Estate,18
884995b811fffff,Retail,1173
884995b811fffff,Transportation,54
884995b811fffff,Wholesale,73
884995b813fffff,Education,15
884995b813fffff,Financial,14
884995b813fffff,Health,2
884995b813fffff,Hospitality,26
884995b813fffff,Manufacturing,11
884995b813fffff,Professional Service,28
884995b813fffff,Public Administration,235
884995b813fffff,Real Estate,3
884995b813fffff,Retail,332
884995b813fffff,Transportation,710
884995b813fffff,Wholesale,551
884995b815fffff,Art/Culture,43
884995b815fffff,Business Support,25
884995b815fffff,Construction,414
884995b815fffff,Education,231
884995b815fffff,Financial,36
884995b815fffff,Health,101
884995b815fffff,Hospitality,402
884995b815fffff,Manufacturing,1183
884995b815fffff,Professional Service,32
884995b815fffff,Public Administration,155
884995b815fffff,Real Estate,26
884995b815fffff,Retail,1811
884995b815fffff,Transportation,87
884995b815fffff,Wholesale,410
884995b817fffff,Art/Culture,18
884995b817fffff,Business Support,14
884995b817fffff,Construction,16
884995b817fffff,Education,129
884995b817fffff,Financial,11
884995b817fffff,Health,75
884995b817fffff,Hospitality,219
884995b817fffff,Manufacturing,582
884995b817fffff,Professional Service,16
884995b817fffff,Real Estate,35
884995b817fffff,Retail,534
884995b817fffff,Transportation,35
884995b817fffff,Wholesale,663
884995b819fffff,Art/Culture,51
884995b819fffff,Business Support,942
884995b819fffff,Construction,29
884995b819fffff,Education,477
884995b819fffff,Financial,83
884995b819fffff,Health,210
884995b819fffff,Hospitality,665
884995b819fffff,Information,23
884995b819fffff,Manufacturing,349
884995b819fffff,Professional Service,60
884995b819fffff,Public Administration,310
884995b819fffff,Real Estate,29
884995b819fffff,Retail,1013
884995b819fffff,Transportation,78
884995b819fffff,Wholesale,518
884995b81bfffff,Art/Culture,61
884995b81bfffff,Business Support,263
884995b81bfffff,Construction,21
884995b81bfffff,Education,171
884995b81bfffff,Energy,4
884995b81bfffff,Financial,182
884995b81bfffff,Health,62
884995b81bfffff,Hospitality,243
884995b81bfffff,Information,29
884995b81bfffff,Manufacturing,184
884995b81bfffff,Professional Service,69
884995b81bfffff,Real Estate,9
884995b81bfffff,Retail,788
884995b81bfffff,Transportation,321
884995b81bfffff,Wholesale,50
884995b81dfffff,Business Support,607
884995b81dfffff,Construction,6
884995b81dfffff,Education,1283
884995b81dfffff,Financial,166
884995b81dfffff,Health,10
884995b81dfffff,Hospitality,69
884995b81dfffff,Information,6
884995b81dfffff,Manufacturing,1357
884995b81dfffff,Professional Service,36
884995b81dfffff,Public Administration,571
884995b81dfffff,Real Estate,53
884995b81dfffff,Retail,676
884995b81dfffff,Transportation,85
884995b81dfffff,Wholesale,667
884995b821fffff,Art/Culture,25
884995b821fffff,Business Support,155
884995b821fffff,Construction,305
884995b821fffff,Education,210
884995b821fffff,Energy,28
884995b821fffff,Financial,30
884995b821fffff,Health,149
884995b821fffff,Hospitality,405
884995b821fffff,Manufacturing,206
884995b821fffff,Professional Service,116
884995b821fffff,Public Administration,221
884995b821fffff,Real Estate,22
884995b821fffff,Retail,773
884995b821fffff,Transportation,191
884995b821fffff,Wholesale,134
884995b823fffff,Art/Culture,55
884995b823fffff,Business Support,45
884995b823fffff,Construction,7
884995b823fffff,Education,463
884995b823fffff,Financial,320
884995b823fffff,Health,389
884995b823fffff,Hospitality,891
884995b823fffff,Information,34
884995b823fffff,Manufacturing,424
884995b823fffff,Professional Service,181
884995b823fffff,Public Administration,40
884995b823fffff,Real Estate,20
884995b823fffff,Retail,2025
884995b823fffff,Transportation,83
884995b823fffff,Wholesale,108
884995b825fffff,Art/Culture,56
884995b825fffff,Business Support,35
884995b825fffff,Construction,21
884995b825fffff,Education,429
884995b825fffff,Financial,323
884995b825fffff,Health,62
884995b825fffff,Hospitality,476
884995b825fffff,Manufacturing,1012
884995b825fffff,Professional Service,45
884995b825fffff,Public Administration,8
884995b825fffff,Real Estate,24
884995b825fffff,Retail,1713
884995b825fffff,Transportation,231
884995b825fffff,Wholesale,634
884995b827fffff,Art/Culture,24
884995b827fffff,Business Support,13
884995b827fffff,Construction,47
884995b827fffff,Education,225
884995b827fffff,Financial,13
884995b827fffff,Health,241
884995b827fffff,Hospitality,309
884995b827fffff,Manufacturing,272
884995b827fffff,Professional Service,68
884995b827fffff,Public Administration,210
884995b827fffff,Real Estate,11
884995b827fffff,Retail,1017
884995b827fffff,Transportation,4
884995b827fffff,Wholesale,56
884995b829fffff,Art/Culture,87
884995b829fffff,Business Support,11
884995b829fffff,Construction,6
884995b829fffff,Education,228
884995b829fffff,Financial,88
884995b829fffff,Health,164
884995b829fffff,Hospitality,326
884995b829fffff,Information,4
884995b829fffff,Manufacturing,786
884995b829fffff,Professional Service,75
884995b829fffff,Public Administration,76
884995b829fffff,Real Estate,48
884995b829fffff,Retail,1067
884995b829fffff,Transportation,51
884995b829fffff,Wholesale,220
884995b82bfffff,Agriculture,7
884995b82bfffff,Art/Culture,67
884995b82bfffff,Business Support,330
884995b82bfffff,Construction,6
884995b82bfffff,Education,446
884995b82bfffff,Financial,167
884995b82bfffff,Health,812
884995b82bfffff,Hospitality,396
884995b82bfffff,Information,4
884995b82bfffff,Manufacturing,617
884995b82bfffff,Professional Service,69
884995b82bfffff,Public Administration,129
884995b82bfffff,Real Estate,23
884995b82bfffff,Retail,800
884995b82bfffff,Transportation,47
884995b82bfffff,Wholesale,149
884995b82dfffff,Art/Culture,24
884995b82dfffff,Business Support,11
884995b82dfffff,Construction,2
884995b82dfffff,Education,301
884995b82dfffff,Financial,50
884995b82dfffff,Health,270
884995b82dfffff,Hospitality,395
884995b82dfffff,Manufacturing,165
884995b82dfffff,Professional Service,57
884995b82dfffff,Public Administration,161
884995b82dfffff,Real Estate,27
884995b82dfffff,Retail,1534
884995b82dfffff,Transportation,55
884995b82dfffff,Wholesale,108
884995b833fffff,Art/Culture,1
884995b833fffff,Business Support,101
884995b833fffff,Construction,9
884995b833fffff,Education,656
884995b833fffff,Financial,97
884995b833fffff,Health,295
884995b833fffff,Hospitality,216
884995b833fffff,Information,2
884995b833fffff,Manufacturing,78
884995b833fffff,Professional Service,76
884995b833fffff,Public Administration,552
884995b833fffff,Real Estate,38
884995b833fffff,Retail,299
884995b833fffff,Transportation,638
884995b833fffff,Wholesale,174
884995b835fffff,Art/Culture,21
884995b835fffff,Business Support,226
884995b835fffff,Education,866
884995b835fffff,Energy,3
884995b835fffff,Financial,168
884995b835fffff,Health,1176
884995b835fffff,Hospitality,307
884995b835fffff,Information,4
884995b835fffff,Manufacturing,99
884995b835fffff,Professional Service,16
884995b835fffff,Public Administration,351
884995b835fffff,Retail,995
884995b835fffff,Transportation,357
884995b835fffff,Wholesale,17
884995b837fffff,Art/Culture,388
884995b837fffff,Business Support,151
884995b837fffff,Construction,213
884995b837fffff,Education,271
884995b837fffff,Energy,4
884995b837fffff,Financial,609
884995b837fffff,Health,2676
884995b837fffff,Hospitality,2315
884995b837fffff,Information,211
884995b837fffff,Manufacturing,66
884995b837fffff,Professional Service,93
884995b837fffff,Public Administration,100
884995b837fffff,Real Estate,110
884995b837fffff,Retail,3455
884995b837fffff,Transportation,128
884995b837fffff,Wholesale,183
884995b839fffff,Art/Culture,17
884995b839fffff,Business Support,91
884995b839fffff,Construction,62
884995b839fffff,Education,164
884995b839fffff,Energy,7
884995b839fffff,Financial,355
884995b839fffff,Health,278
884995b839fffff,Hospitality,914
884995b839fffff,Information,13
884995b839fffff,Manufacturing,447
884995b839fffff,Professional Service,138
884995b839fffff,Public Administration,30
884995b839fffff,Real Estate,22
884995b839fffff,Retail,1238
884995b839fffff,Transportation,169
884995b839fffff,Wholesale,639
884995b83bfffff,Art/Culture,4
884995b83bfffff,Business Support,20
884995b83bfffff,Construction,28
884995b83bfffff,Education,257
884995b83bfffff,Energy,10
884995b83bfffff,Financial,8
884995b83bfffff,Health,263
884995b83bfffff,Hospitality,290
884995b83bfffff,Information,2
884995b83bfffff,Manufacturing,931
884995b83bfffff,Professional Service,22
884995b83bfffff,Public Administration,247
884995b83bfffff,Real Estate,4
884995b83bfffff,Retail,953
884995b83bfffff,Transportation,8
884995b83bfffff,Wholesale,399
884995b83dfffff,Art/Culture,54
884995b83dfffff,Business Support,99
884995b83dfffff,Construction,23
884995b83dfffff,Education,185
884995b83dfffff,Financial,71
884995b83dfffff,Health,191
884995b83dfffff,Hospitality,420
884995b83dfffff,Information,20
884995b83dfffff,Manufacturing,738
884995b83dfffff,Professional Service,126
884995b83dfffff,Public Administration,306
884995b83dfffff,Real Estate,15
884995b83dfffff,Retail,805
884995b83dfffff,Transportation,175
884995b83dfffff,Wholesale,178
884995b841fffff,Art/Culture,1336
884995b841fffff,Business Support,978
884995b841fffff,Construction,633
884995b841fffff,Corporate,369
884995b841fffff,Education,154
884995b841fffff,Financial,638
884995b841fffff,Health,347
884995b841fffff,Hospitality,3903
884995b841fffff,Information,1205
884995b841fffff,Manufacturing,867
884995b841fffff,Professional Service,1109
884995b841fffff,Public Administration,1927
884995b841fffff,Real Estate,569
884995b841fffff,Retail,8668
884995b841fffff,Transportation,377
884995b841fffff,Wholesale,3240
884995b843fffff,Art/Culture,1079
884995b843fffff,Business Support,639
884995b843fffff,Construction,383
884995b843fffff,Education,349
884995b843fffff,Financial,333
884995b843fffff,Health,1101
884995b843fffff,Hospitality,1801
884995b843fffff,Information,4
884995b843fffff,Manufacturing,175
884995b843fffff,Professional Service,248
884995b843fffff,Public Administration,2962
884995b843fffff,Real Estate,53
884995b843fffff,Retail,965
884995b843fffff,Transportation,539
884995b843fffff,Wholesale,228
884995b845fffff,Art/Culture,982
884995b845fffff,Business Support,452
884995b845fffff,Construction,9
884995b845fffff,Corporate,4
884995b845fffff,Education,417
884995b845fffff,Energy,33
884995b845fffff,Financial,2669
884995b845fffff,Health,311
884995b845fffff,Hospitality,6771
884995b845fffff,Information,317
884995b845fffff,Manufacturing,2822
884995b845fffff,Professional Service,784
884995b845fffff,Public Administration,5310
884995b845fffff,Real Estate,284
884995b845fffff,Retail,16121
884995b845fffff,Transportation,187
884995b845fffff,Wholesale,686
884995b847fffff,Art/Culture,316
884995b847fffff,Business Support,54
884995b847fffff,Construction,3
884995b847fffff,Corporate,4
884995b847fffff,Education,468
884995b847fffff,Financial,95
884995b847fffff,Health,218
884995b847fffff,Hospitality,1608
884995b847fffff,Manufacturing,330
884995b847fffff,Professional Service,30
884995b847fffff,Public Administration,4873
884995b847fffff,Real Estate,13
884995b847fffff,Retail,3853
884995b847fffff,Transportation,218
884995b847fffff,Wholesale,137
884995b849fffff,Art/Culture,315
884995b849fffff,Business Support,161
884995b849fffff,Education,1102
884995b849fffff,Financial,502
884995b849fffff,Health,380
884995b849fffff,Hospitality,1582
884995b849fffff,Information,401
884995b849fffff,Manufacturing,186
884995b849fffff,Professional Service,378
884995b849fffff,Public Administration,5698
884995b849fffff,Real Estate,57
884995b849fffff,Retail,1079
884995b849fffff,Transportation,79
884995b849fffff,Wholesale,596
884995b84bfffff,Art/Culture,588
884995b84bfffff,Business Support,2843
884995b84bfffff,Construction,141
884995b84bfffff,Corporate,495
884995b84bfffff,Education,954
884995b84bfffff,Energy,2
884995b84bfffff,Financial,1923
884995b84bfffff,Health,541
884995b84bfffff,Hospitality,3658
884995b84bfffff,Information,461
884995b84bfffff,Manufacturing,138
884995b84bfffff,Professional Service,847
884995b84bfffff,Public Administration,3804
884995b84bfffff,Real Estate,195
884995b84bfffff,Retail,1626
884995b84bfffff,Transportation,1046
884995b84bfffff,Wholesale,328
884995b84dfffff,Art/Culture,73
884995b84dfffff,Business Support,570
884995b84dfffff,Construction,153
884995b84dfffff,Education,1219
884995b84dfffff,Energy,2
884995b84dfffff,Financial,368
884995b84dfffff,Health,850
884995b84dfffff,Hospitality,1595
884995b84dfffff,Information,57
884995b84dfffff,Manufacturing,589
884995b84dfffff,Professional Service,102
884995b84dfffff,Public Administration,3362
884995b84dfffff,Real Estate,202
884995b84dfffff,Retail,9885
884995b84dfffff,Transportation,581
884995b84dfffff,Wholesale,1129
884995b851fffff,Art/Culture,29
884995b851fffff,Business Support,186
884995b851fffff,Construction,92
884995b851fffff,Education,1017
884995b851fffff,Financial,32
884995b851fffff,Health,336
884995b851fffff,Hospitality,499
884995b851fffff,Information,24
884995b851fffff,Manufacturing,279
884995b851fffff,Professional Service,162
884995b851fffff,Public Administration,1105
884995b851fffff,Real Estate,22
884995b851fffff,Retail,518
884995b851fffff,Transportation,495
884995b851fffff,Wholesale,143
884995b853fffff,Art/Culture,74
884995b853fffff,Business Support,36
884995b853fffff,Education,3734
884995b853fffff,Energy,15
884995b853fffff,Financial,32
884995b853fffff,Health,1217
884995b853fffff,Hospitality,345
884995b853fffff,Manufacturing,142
884995b853fffff,Professional Service,19
884995b853fffff,Public Administration,530
884995b853fffff,Real Estate,23
884995b853fffff,Retail,249
884995b853fffff,Transportation,280
884995b853fffff,Wholesale,172
884995b855fffff,Art/Culture,183
884995b855fffff,Business Support,152
884995b855fffff,Construction,8
884995b855fffff,Education,838
884995b855fffff,Energy,66
884995b855fffff,Financial,346
884995b855fffff,Health,1194
884995b855fffff,Hospitality,2235
884995b855fffff,Information,112
884995b855fffff,Manufacturing,865
884995b855fffff,Professional Service,213
884995b855fffff,Public Administration,397
884995b855fffff,Real Estate,47
884995b855fffff,Retail,4688
884995b855fffff,Transportation,874
884995b855fffff,Wholesale,149
884995b857fffff,Art/Culture,29
884995b857fffff,Business Support,29
884995b857fffff,Construction,45
884995b857fffff,Education,216
884995b857fffff,Financial,206
884995b857fffff,Health,120
884995b857fffff,Hospitality,470
884995b857fffff,Information,170
884995b857fffff,Manufacturing,1126
884995b857fffff,Professional Service,477
884995b857fffff,Public Administration,383
884995b857fffff,Real Estate,14
884995b857fffff,Retail,1176
884995b857fffff,Transportation,69
884995b857fffff,Wholesale,726
884995b859fffff,Art/Culture,102
884995b859fffff,Business Support,1372
884995b859fffff,Construction,575
884995b859fffff,Education,120
884995b859fffff,Energy,191
884995b859fffff,Financial,733
884995b859fffff,Health,256
884995b859fffff,Hospitality,1098
884995b859fffff,Information,970
884995b859fffff,Manufacturing,874
884995b859fffff,Professional Service,590
884995b859fffff,Public Administration,298
884995b859fffff,Real Estate,187
884995b859fffff,Retail,1971
884995b859fffff,Transportation,197
884995b859fffff,Wholesale,846
884995b85bfffff,Art/Culture,103
884995b85bfffff,Business Support,44
884995b85bfffff,Construction,16
884995b85bfffff,Education,1119
884995b85bfffff,Financial,26
884995b85bfffff,Health,578
884995b85bfffff,Hospitality,229
884995b85bfffff,Information,72
884995b85bfffff,Manufacturing,932
884995b85bfffff,Professional Service,198
884995b85bfffff,Public Administration,543
884995b85bfffff,Real Estate,87
884995b85bfffff,Retail,726
884995b85bfffff,Transportation,43
884995b85bfffff,Wholesale,602
884995b85dfffff,Art/Culture,298
884995b85dfffff,Business Support,720
884995b85dfffff,Construction,111
884995b85dfffff,Corporate,2
884995b85dfffff,Education,1771
884995b85dfffff,Financial,286
884995b85dfffff,Health,569
884995b85dfffff,Hospitality,1484
884995b85dfffff,Information,638
884995b85dfffff,Manufacturing,510
884995b85dfffff,Professional Service,370
884995b85dfffff,Public Administration,1013
884995b85dfffff,Real Estate,71
884995b85dfffff,Retail,1668
884995b85dfffff,Transportation,693
884995b85dfffff,Wholesale,526
884995b861fffff,Art/Culture,70
884995b861fffff,Business Support,11
884995b861fffff,Construction,5
884995b861fffff,Education,190
884995b861fffff,Energy,4
884995b861fffff,Health,189
884995b861fffff,Hospitality,398
884995b861fffff,Information,37
884995b861fffff,Manufacturing,357
884995b861fffff,Professional Service,16
884995b861fffff,Public Administration,88
884995b861fffff,Real Estate,35
884995b861fffff,Retail,3972
884995b861fffff,Transportation,78
884995b861fffff,Wholesale,316
884995b863fffff,Art/Culture,78
884995b863fffff,Business Support,13
884995b863fffff,Education,282
884995b863fffff,Financial,13
884995b863fffff,Health,224
884995b863fffff,Hospitality,460
884995b863fffff,Information,1
884995b863fffff,Manufacturing,662
884995b863fffff,Professional Service,24
884995b863fffff,Public Administration,183
884995b863fffff,Real Estate,17
884995b863fffff,Retail,4085
884995b863fffff,Transportation,30
884995b863fffff,Wholesale,216
884995b865fffff,Agriculture,44
884995b865fffff,Art/Culture,76
884995b865fffff,Business Support,27
884995b865fffff,Construction,1
884995b865fffff,Education,634
884995b865fffff,Financial,98
884995b865fffff,Health,854
884995b865fffff,Hospitality,520
884995b865fffff,Information,8
884995b865fffff,Manufacturing,225
884995b865fffff,Professional Service,20
884995b865fffff,Public Administration,753
884995b865fffff,Real Estate,23
884995b865fffff,Retail,1229
884995b865fffff,Transportation,347
884995b865fffff,Wholesale,114
884995b867fffff,Art/Culture,29
884995b867fffff,Business Support,10
884995b867fffff,Education,47
884995b867fffff,Financial,26
884995b867fffff,Health,107
884995b867fffff,Hospitality,305
884995b867fffff,Manufacturing,493
884995b867fffff,Professional Service,30
884995b867fffff,Public Administration,80
884995b867fffff,Real Estate,26
884995b867fffff,Retail,2186
884995b867fffff,Transportation,57
884995b867fffff,Wholesale,227
884995b869fffff,Art/Culture,524
884995b869fffff,Business Support,28
884995b869fffff,Education,976
884995b869fffff,Energy,19
884995b869fffff,Financial,74
884995b869fffff,Health,887
884995b869fffff,Hospitality,975
884995b869fffff,Information,29
884995b869fffff,Manufacturing,353
884995b869fffff,Professional Service,12
884995b869fffff,Public Administration,694
884995b869fffff,Real Estate,56
884995b869fffff,Retail,15547
884995b869fffff,Transportation,143
884995b869fffff,Wholesale,1129
884995b86bfffff,Art/Culture,360
884995b86bfffff,Business Support,17
884995b86bfffff,Construction,3
884995b86bfffff,Education,360
884995b86bfffff,Financial,104
884995b86bfffff,Health,263
884995b86bfffff,Hospitality,696
884995b86bfffff,Information,8
884995b86bfffff,Manufacturing,319
884995b86bfffff,Professional Service,22
884995b86bfffff,Public Administration,303
884995b86bfffff,Real Estate,113
884995b86bfffff,Retail,11156
884995b86bfffff,Transportation,84
884995b86bfffff,Wholesale,933
884995b86dfffff,Art/Culture,9
884995b86dfffff,Business Support,31
884995b86dfffff,Construction,1
884995b86dfffff,Education,161
884995b86dfffff,Energy,4
884995b86dfffff,Financial,148
884995b86dfffff,Health,56
884995b86dfffff,Hospitality,210
884995b86dfffff,Information,2
884995b86dfffff,Manufacturing,184
884995b86dfffff,Professional Service,23
884995b86dfffff,Public Administration,364
884995b86dfffff,Real Estate,20
884995b86dfffff,Retail,430
884995b86dfffff,Transportation,12
884995b86dfffff,Wholesale,78
884995b889fffff,Art/Culture,61
884995b889fffff,Business Support,12
884995b889fffff,Education,688
884995b889fffff,Financial,35
884995b889fffff,Health,11
884995b889fffff,Hospitality,85
884995b889fffff,Manufacturing,100
884995b889fffff,Professional Service,468
884995b889fffff,Public Administration,61
884995b889fffff,Real Estate,1
884995b889fffff,Retail,356
884995b889fffff,Transportation,106
884995b889fffff,Wholesale,228
884995b88bfffff,Art/Culture,12
884995b88bfffff,Business Support,7
884995b88bfffff,Education,164
884995b88bfffff,Energy,8
884995b88bfffff,Financial,9
884995b88bfffff,Health,24
884995b88bfffff,Hospitality,91
884995b88bfffff,Information,12
884995b88bfffff,Manufacturing,52
884995b88bfffff,Professional Service,1
884995b88bfffff,Public Administration,78
884995b88bfffff,Real Estate,4
884995b88bfffff,Retail,287
884995b88bfffff,Wholesale,39
884995b88dfffff,Art/Culture,201
884995b88dfffff,Business Support,191
884995b88dfffff,Education,325
884995b88dfffff,Financial,403
884995b88dfffff,Health,8
884995b88dfffff,Hospitality,235
884995b88dfffff,Information,94
884995b88dfffff,Manufacturing,899
884995b88dfffff,Professional Service,456
884995b88dfffff,Public Administration,9
884995b88dfffff,Real Estate,73
884995b88dfffff,Retail,974
884995b88dfffff,Transportation,3303
884995b88dfffff,Wholesale,782
884995b899fffff,Art/Culture,10
884995b899fffff,Business Support,14
884995b899fffff,Education,260
884995b899fffff,Financial,5
884995b899fffff,Health,92
884995b899fffff,Hospitality,168
884995b899fffff,Information,1
884995b899fffff,Manufacturing,839
884995b899fffff,Professional Service,24
884995b899fffff,Public Administration,2
884995b899fffff,Real Estate,1
884995b899fffff,Retail,535
884995b899fffff,Transportation,42
884995b899fffff,Wholesale,11
884995b8a1fffff,Art/Culture,16
884995b8a1fffff,Business Support,4
884995b8a1fffff,Construction,241
884995b8a1fffff,Education,203
884995b8a1fffff,Financial,38
884995b8a1fffff,Health,158
884995b8a1fffff,Hospitality,281
884995b8a1fffff,Information,15
884995b8a1fffff,Manufacturing,398
884995b8a1fffff,Professional Service,38
884995b8a1fffff,Public Administration,4
884995b8a1fffff,Real Estate,12
884995b8a1fffff,Retail,1022
884995b8a1fffff,Transportation,164
884995b8a1fffff,Wholesale,103
884995b8a3fffff,Art/Culture,14
884995b8a3fffff,Business Support,24
884995b8a3fffff,Construction,181
884995b8a3fffff,Education,158
884995b8a3fffff,Financial,123
884995b8a3fffff,Health,92
884995b8a3fffff,Hospitality,228
884995b8a3fffff,Manufacturing,673
884995b8a3fffff,Professional Service,62
884995b8a3fffff,Public Administration,2
884995b8a3fffff,Real Estate,24
884995b8a3fffff,Retail,1046
884995b8a3fffff,Transportation,379
884995b8a3fffff,Wholesale,1126
884995b8a5fffff,Art/Culture,21
884995b8a5fffff,Business Support,5
884995b8a5fffff,Education,865
884995b8a5fffff,Financial,22
884995b8a5fffff,Health,43
884995b8a5fffff,Hospitality,159
884995b8a5fffff,Information,44
884995b8a5fffff,Manufacturing,592
884995b8a5fffff,Professional Service,43
884995b8a5fffff,Public Administration,53
884995b8a5fffff,Real Estate,4
884995b8a5fffff,Retail,240
884995b8a5fffff,Transportation,187
884995b8a5fffff,Wholesale,75
884995b8a7fffff,Art/Culture,4
884995b8a7fffff,Business Support,3
884995b8a7fffff,Construction,3
884995b8a7fffff,Education,219
884995b8a7fffff,Energy,4
884995b8a7fffff,Financial,68
884995b8a7fffff,Health,40
884995b8a7fffff,Hospitality,76
884995b8a7fffff,Manufacturing,48
884995b8a7fffff,Professional Service,10
884995b8a7fffff,Real Estate,34
884995b8a7fffff,Retail,285
884995b8adfffff,Art/Culture,12
884995b8adfffff,Business Support,188
884995b8adfffff,Construction,20
884995b8adfffff,Education,300
884995b8adfffff,Financial,27
884995b8adfffff,Health,5
884995b8adfffff,Hospitality,267
884995b8adfffff,Information,14
884995b8adfffff,Manufacturing,2250
884995b8adfffff,Professional Service,53
884995b8adfffff,Public Administration,7
884995b8adfffff,Real Estate,10
884995b8adfffff,Retail,329
884995b8adfffff,Transportation,1976
884995b8adfffff,Wholesale,701
884995b8bdfffff,Art/Culture,14
884995b8bdfffff,Business Support,96
884995b8bdfffff,Education,201
884995b8bdfffff,Energy,1
884995b8bdfffff,Financial,105
884995b8bdfffff,Health,159
884995b8bdfffff,Hospitality,741
884995b8bdfffff,Information,3
884995b8bdfffff,Manufacturing,1701
884995b8bdfffff,Professional Service,51
884995b8bdfffff,Public Administration,6
884995b8bdfffff,Real Estate,17
884995b8bdfffff,Retail,1225
884995b8bdfffff,Transportation,64
884995b8bdfffff,Wholesale,284
884995b8c1fffff,Art/Culture,46
884995b8c1fffff,Business Support,90
884995b8c1fffff,Construction,12
884995b8c1fffff,Education,424
884995b8c1fffff,Financial,623
884995b8c1fffff,Health,911
884995b8c1fffff,Hospitality,600
884995b8c1fffff,Information,217
884995b8c1fffff,Manufacturing,1226
884995b8c1fffff,Professional Service,58
884995b8c1fffff,Public Administration,1355
884995b8c1fffff,Real Estate,51
884995b8c1fffff,Retail,1968
884995b8c1fffff,Transportation,222
884995b8c1fffff,Wholesale,674
884995b8c3fffff,Art/Culture,14
884995b8c3fffff,Business Support,44
884995b8c3fffff,Education,225
884995b8c3fffff,Financial,4
884995b8c3fffff,Health,162
884995b8c3fffff,Hospitality,275
884995b8c3fffff,Information,7
884995b8c3fffff,Manufacturing,870
884995b8c3fffff,Professional Service,118
884995b8c3fffff,Public Administration,431
884995b8c3fffff,Real Estate,59
884995b8c3fffff,Retail,938
884995b8c3fffff,Transportation,77
884995b8c3fffff,Wholesale,442
884995b8c7fffff,Art/Culture,17
884995b8c7fffff,Business Support,222
884995b8c7fffff,Construction,1
884995b8c7fffff,Education,781
884995b8c7fffff,Financial,44
884995b8c7fffff,Health,307
884995b8c7fffff,Hospitality,247
884995b8c7fffff,Information,33
884995b8c7fffff,Manufacturing,677
884995b8c7fffff,Professional Service,69
884995b8c7fffff,Public Administration,557
884995b8c7fffff,Real Estate,43
884995b8c7fffff,Retail,703
884995b8c7fffff,Transportation,36
884995b8c7fffff,Wholesale,52
884995b8c9fffff,Art/Culture,101
884995b8c9fffff,Business Support,407
884995b8c9fffff,Construction,27
884995b8c9fffff,Education,467
884995b8c9fffff,Energy,17
884995b8c9fffff,Financial,346
884995b8c9fffff,Health,673
884995b8c9fffff,Hospitality,944
884995b8c9fffff,Information,39
884995b8c9fffff,Manufacturing,381
884995b8c9fffff,Professional Service,149
884995b8c9fffff,Public Administration,158
884995b8c9fffff,Real Estate,87
884995b8c9fffff,Retail,1435
884995b8c9fffff,Transportation,40
884995b8c9fffff,Wholesale,250
884995b8cbfffff,Art/Culture,9
884995b8cbfffff,Business Support,292
884995b8cbfffff,Construction,427
884995b8cbfffff,Education,193
884995b8cbfffff,Financial,116
884995b8cbfffff,Health,218
884995b8cbfffff,Hospitality,324
884995b8cbfffff,Information,6
884995b8cbfffff,Manufacturing,1150
884995b8cbfffff,Professional Service,16
884995b8cbfffff,Public Administration,370
884995b8cbfffff,Real Estate,18
884995b8cbfffff,Retail,703
884995b8cbfffff,Transportation,10
884995b8cbfffff,Wholesale,786
884995b8cdfffff,Art/Culture,12
884995b8cdfffff,Business Support,11
884995b8cdfffff,Construction,229
884995b8cdfffff,Education,499
884995b8cdfffff,Energy,23
884995b8cdfffff,Health,109
884995b8cdfffff,Hospitality,226
884995b8cdfffff,Information,10
884995b8cdfffff,Manufacturing,686
884995b8cdfffff,Professional Service,127
884995b8cdfffff,Public Administration,2
884995b8cdfffff,Real Estate,201
884995b8cdfffff,Retail,631
884995b8cdfffff,Transportation,103
884995b8cdfffff,Wholesale,588
884995b8d1fffff,Art/Culture,64
884995b8d1fffff,Business Support,21
884995b8d1fffff,Construction,2
884995b8d1fffff,Corporate,1
884995b8d1fffff,Education,718
884995b8d1fffff,Financial,148
884995b8d1fffff,Health,598
884995b8d1fffff,Hospitality,772
884995b8d1fffff,Information,139
884995b8d1fffff,Manufacturing,199
884995b8d1fffff,Professional Service,13
884995b8d1fffff,Public Administration,16
884995b8d1fffff,Real Estate,42
884995b8d1fffff,Retail,1618
884995b8d1fffff,Transportation,34
884995b8d1fffff,Wholesale,40
884995b8d3fffff,Agriculture,1
884995b8d3fffff,Art/Culture,62
884995b8d3fffff,Business Support,65
884995b8d3fffff,Construction,4
884995b8d3fffff,Education,383
884995b8d3fffff,Financial,183
884995b8d3fffff,Health,182
884995b8d3fffff,Hospitality,381
884995b8d3fffff,Information,26
884995b8d3fffff,Manufacturing,563
884995b8d3fffff,Professional Service,30
884995b8d3fffff,Public Administration,255
884995b8d3fffff,Real Estate,19
884995b8d3fffff,Retail,967
884995b8d3fffff,Wholesale,145
884995b8d5fffff,Art/Culture,8
884995b8d5fffff,Business Support,137
884995b8d5fffff,Construction,79
884995b8d5fffff,Education,74
884995b8d5fffff,Financial,18
884995b8d5fffff,Health,110
884995b8d5fffff,Hospitality,108
884995b8d5fffff,Information,1
884995b8d5fffff,Manufacturing,601
884995b8d5fffff,Professional Service,211
884995b8d5fffff,Public Administration,23
884995b8d5fffff,Real Estate,4
884995b8d5fffff,Retail,905
884995b8d5fffff,Transportation,1552
884995b8d5fffff,Wholesale,815
884995b8d7fffff,Art/Culture,99
884995b8d7fffff,Business Support,9
884995b8d7fffff,Construction,8
884995b8d7fffff,Education,384
884995b8d7fffff,Energy,7
884995b8d7fffff,Financial,15
884995b8d7fffff,Health,43
884995b8d7fffff,Hospitality,168
884995b8d7fffff,Information,14
884995b8d7fffff,Manufacturing,52
884995b8d7fffff,Professional Service,34
884995b8d7fffff,Public Administration,3
884995b8d7fffff,Real Estate,12
884995b8d7fffff,Retail,468
884995b8d7fffff,Transportation,200
884995b8d7fffff,Wholesale,177
884995b8d9fffff,Agriculture,1
884995b8d9fffff,Art/Culture,3
884995b8d9fffff,Business Support,16
884995b8d9fffff,Construction,13
884995b8d9fffff,Education,679
884995b8d9fffff,Financial,5
884995b8d9fffff,Health,78
884995b8d9fffff,Hospitality,159
884995b8d9fffff,Information,1
884995b8d9fffff,Manufacturing,354
884995b8d9fffff,Professional Service,45
884995b8d9fffff,Public Administration,120
884995b8d9fffff,Real Estate,13
884995b8d9fffff,Retail,812
884995b8d9fffff,Transportation,19
884995b8d9fffff,Wholesale,117
884995b8dbfffff,Art/Culture,66
884995b8dbfffff,Business Support,14
884995b8dbfffff,Education,84
884995b8dbfffff,Financial,1
884995b8dbfffff,Health,51
884995b8dbfffff,Hospitality,170
884995b8dbfffff,Information,125
884995b8dbfffff,Manufacturing,425
884995b8dbfffff,Professional Service,185
884995b8dbfffff,Public Administration,46
884995b8dbfffff,Real Estate,10
884995b8dbfffff,Retail,138
884995b8dbfffff,Transportation,44
884995b8dbfffff,Wholesale,359
884995b8ddfffff,Art/Culture,14
884995b8ddfffff,Business Support,16
884995b8ddfffff,Corporate,1
884995b8ddfffff,Education,250
884995b8ddfffff,Financial,23
884995b8ddfffff,Health,164
884995b8ddfffff,Hospitality,246
884995b8ddfffff,Manufacturing,592
884995b8ddfffff,Professional Service,46
884995b8ddfffff,Public Administration,176
884995b8ddfffff,Real Estate,22
884995b8ddfffff,Retail,918
884995b8ddfffff,Transportation,124
884995b8ddfffff,Wholesale,133
884995b8e3fffff,Art/Culture,2
884995b8e3fffff,Business Support,35
884995b8e3fffff,Financial,44
884995b8e3fffff,Health,15
884995b8e3fffff,Hospitality,57
884995b8e3fffff,Information,46
884995b8e3fffff,Manufacturing,3015
884995b8e3fffff,Professional Service,40
884995b8e3fffff,Public Administration,191
884995b8e3fffff,Real Estate,2
884995b8e3fffff,Retail,420
884995b8e3fffff,Transportation,101
884995b8e3fffff,Wholesale,844
884995b8e5fffff,Art/Culture,16
884995b8e5fffff,Business Support,260
884995b8e5fffff,Construction,4
884995b8e5fffff,Education,363
884995b8e5fffff,Financial,9
884995b8e5fffff,Health,97
884995b8e5fffff,Hospitality,253
884995b8e5fffff,Information,29
884995b8e5fffff,Manufacturing,1244
884995b8e5fffff,Professional Service,43
884995b8e5fffff,Public Administration,386
884995b8e5fffff,Real Estate,32
884995b8e5fffff,Retail,918
884995b8e5fffff,Transportation,330
884995b8e5fffff,Wholesale,508
884995b8e7fffff,Business Support,217
884995b8e7fffff,Construction,7
884995b8e7fffff,Education,136
884995b8e7fffff,Energy,83
884995b8e7fffff,Financial,136
884995b8e7fffff,Health,226
884995b8e7fffff,Hospitality,242
884995b8e7fffff,Manufacturing,1196
884995b8e7fffff,Professional Service,5
884995b8e7fffff,Public Administration,3
884995b8e7fffff,Real Estate,13
884995b8e7fffff,Retail,1471
884995b8e7fffff,Transportation,87
884995b8e7fffff,Wholesale,1303
884995b8edfffff,Art/Culture,114
884995b8edfffff,Business Support,11
884995b8edfffff,Education,51
884995b8edfffff,Energy,16
884995b8edfffff,Financial,44
884995b8edfffff,Health,9
884995b8edfffff,Hospitality,850
884995b8edfffff,Information,121
884995b8edfffff,Manufacturing,1750
884995b8edfffff,Professional Service,82
884995b8edfffff,Public Administration,60
884995b8edfffff,Real Estate,18
884995b8edfffff,Retail,2228
884995b8edfffff,Transportation,470
884995b8edfffff,Wholesale,1829
884995b901fffff,Art/Culture,3
884995b901fffff,Business Support,2
884995b901fffff,Education,30
884995b901fffff,Financial,2
884995b901fffff,Health,36
884995b901fffff,Hospitality,34
884995b901fffff,Information,4
884995b901fffff,Professional Service,34
884995b901fffff,Real Estate,2
884995b901fffff,Retail,25
884995b903fffff,Art/Culture,24
884995b903fffff,Business Support,49
884995b903fffff,Construction,24
884995b903fffff,Education,280
884995b903fffff,Energy,2
884995b903fffff,Financial,107
884995b903fffff,Health,129
884995b903fffff,Hospitality,314
884995b903fffff,Manufacturing,165
884995b903fffff,Professional Service,48
884995b903fffff,Public Administration,451
884995b903fffff,Real Estate,106
884995b903fffff,Retail,830
884995b903fffff,Transportation,535
884995b903fffff,Wholesale,217
884995b907fffff,Business Support,62
884995b907fffff,Construction,2
884995b907fffff,Education,292
884995b907fffff,Health,122
884995b907fffff,Hospitality,152
884995b907fffff,Information,1
884995b907fffff,Manufacturing,97
884995b907fffff,Professional Service,32
884995b907fffff,Public Administration,286
884995b907fffff,Real Estate,11
884995b907fffff,Retail,578
884995b907fffff,Wholesale,15
884995b90dfffff,Art/Culture,5
884995b90dfffff,Business Support,11
884995b90dfffff,Construction,4
884995b90dfffff,Education,325
884995b90dfffff,Health,70
884995b90dfffff,Hospitality,184
884995b90dfffff,Manufacturing,68
884995b90dfffff,Professional Service,44
884995b90dfffff,Public Administration,4
884995b90dfffff,Real Estate,10
884995b90dfffff,Retail,368
884995b90dfffff,Transportation,122
884995b90dfffff,Wholesale,4
884995b911fffff,Art/Culture,134
884995b911fffff,Business Support,193
884995b911fffff,Construction,405
884995b911fffff,Education,131
884995b911fffff,Energy,61
884995b911fffff,Financial,30
884995b911fffff,Health,1121
884995b911fffff,Hospitality,942
884995b911fffff,Information,134
884995b911fffff,Manufacturing,367
884995b911fffff,Public Administration,119
884995b911fffff,Retail,1460
884995b911fffff,Transportation,8
884995b911fffff,Wholesale,152
884995b913fffff,Art/Culture,44
884995b913fffff,Business Support,24
884995b913fffff,Construction,3
884995b913fffff,Education,834
884995b913fffff,Financial,38
884995b913fffff,Health,561
884995b913fffff,Hospitality,220
884995b913fffff,Information,12
884995b913fffff,Manufacturing,329
884995b913fffff,Professional Service,41
884995b913fffff,Public Administration,748
884995b913fffff,Real Estate,12
884995b913fffff,Retail,627
884995b913fffff,Transportation,27
884995b913fffff,Wholesale,45
884995b915fffff,Art/Culture,100
884995b915fffff,Business Support,17
884995b915fffff,Construction,1
884995b915fffff,Education,535
884995b915fffff,Financial,161
884995b915fffff,Health,188
884995b915fffff,Hospitality,390
884995b915fffff,Manufacturing,314
884995b915fffff,Professional Service,65
884995b915fffff,Public Administration,38
884995b915fffff,Real Estate,22
884995b915fffff,Retail,1333
884995b915fffff,Transportation,3
884995b915fffff,Wholesale,184
884995b917fffff,Art/Culture,17
884995b917fffff,Business Support,14
884995b917fffff,Education,582
884995b917fffff,Energy,120
884995b917fffff,Financial,306
884995b917fffff,Health,61
884995b917fffff,Hospitality,329
884995b917fffff,Information,25
884995b917fffff,Manufacturing,23
884995b917fffff,Professional Service,400
884995b917fffff,Public Administration,125
884995b917fffff,Real Estate,12
884995b917fffff,Retail,399
884995b917fffff,Transportation,173
884995b917fffff,Wholesale,1
884995b919fffff,Art/Culture,33
884995b919fffff,Business Support,5
884995b919fffff,Construction,7
884995b919fffff,Education,168
884995b919fffff,Energy,4
884995b919fffff,Financial,9
884995b919fffff,Health,163
884995b919fffff,Hospitality,491
884995b919fffff,Manufacturing,266
884995b919fffff,Professional Service,25
884995b919fffff,Public Administration,338
884995b919fffff,Real Estate,6
884995b919fffff,Retail,990
884995b919fffff,Transportation,268
884995b919fffff,Wholesale,80
884995b91bfffff,Art/Culture,7
884995b91bfffff,Business Support,1
884995b91bfffff,Education,204
884995b91bfffff,Financial,17
884995b91bfffff,Health,21
884995b91bfffff,Hospitality,120
884995b91bfffff,Manufacturing,1559
884995b91bfffff,Professional Service,7
884995b91bfffff,Public Administration,289
884995b91bfffff,Real Estate,12
884995b91bfffff,Retail,692
884995b91bfffff,Transportation,211
884995b91bfffff,Wholesale,1169
884995b91dfffff,Art/Culture,8
884995b91dfffff,Business Support,20
884995b91dfffff,Construction,242
884995b91dfffff,Education,260
884995b91dfffff,Financial,5
884995b91dfffff,Health,81
884995b91dfffff,Hospitality,129
884995b91dfffff,Manufacturing,168
884995b91dfffff,Professional Service,7
884995b91dfffff,Public Administration,31
884995b91dfffff,Real Estate,33
884995b91dfffff,Retail,447
884995b91dfffff,Transportation,205
884995b91dfffff,Wholesale,32
884995b929fffff,Art/Culture,36
884995b929fffff,Business Support,7
884995b929fffff,Education,499
884995b929fffff,Financial,47
884995b929fffff,Health,91
884995b929fffff,Hospitality,228
884995b929fffff,Information,12
884995b929fffff,Manufacturing,18
884995b929fffff,Professional Service,6
884995b929fffff,Public Administration,451
884995b929fffff,Real Estate,11
884995b929fffff,Retail,632
884995b929fffff,Transportation,69
884995b929fffff,Wholesale,120
884995b92bfffff,Art/Culture,10
884995b92bfffff,Business Support,15
884995b92bfffff,Construction,3
884995b92bfffff,Education,898
884995b92bfffff,Financial,2
884995b92bfffff,Health,87
884995b92bfffff,Hospitality,229
884995b92bfffff,Information,2
884995b92bfffff,Manufacturing,132
884995b92bfffff,Professional Service,17
884995b92bfffff,Public Administration,10
884995b92bfffff,Real Estate,32
884995b92bfffff,Retail,700
884995b92bfffff,Transportation,4
884995b92bfffff,Wholesale,9
884995b931fffff,Art/Culture,14
884995b931fffff,Business Support,23
884995b931fffff,Construction,94
884995b931fffff,Education,375
884995b931fffff,Financial,167
884995b931fffff,Health,161
884995b931fffff,Hospitality,335
884995b931fffff,Manufacturing,215
884995b931fffff,Professional Service,19
884995b931fffff,Public Administration,352
884995b931fffff,Real Estate,28
884995b931fffff,Retail,1249
884995b931fffff,Transportation,11
884995b931fffff,Wholesale,57
884995b933fffff,Art/Culture,51
884995b933fffff,Business Support,453
884995b933fffff,Education,375
884995b933fffff,Financial,51
884995b933fffff,Health,277
884995b933fffff,Hospitality,341
884995b933fffff,Information,2
884995b933fffff,Manufacturing,438
884995b933fffff,Professional Service,126
884995b933fffff,Real Estate,7
884995b933fffff,Retail,1931
884995b933fffff,Transportation,2
884995b933fffff,Wholesale,112
884995b937fffff,Art/Culture,24
884995b937fffff,Business Support,16
884995b937fffff,Construction,4
884995b937fffff,Education,145
884995b937fffff,Energy,2
884995b937fffff,Financial,3
884995b937fffff,Health,131
884995b937fffff,Hospitality,243
884995b937fffff,Manufacturing,270
884995b937fffff,Professional Service,30
884995b937fffff,Public Administration,1
884995b937fffff,Real Estate,38
884995b937fffff,Retail,940
884995b937fffff,Transportation,30
884995b937fffff,Wholesale,74
884995b939fffff,Art/Culture,127
884995b939fffff,Business Support,1
884995b939fffff,Education,324
884995b939fffff,Financial,33
884995b939fffff,Health,331
884995b939fffff,Hospitality,116
884995b939fffff,Information,4
884995b939fffff,Manufacturing,80
884995b939fffff,Professional Service,5
884995b939fffff,Public Administration,392
884995b939fffff,Real Estate,1
884995b939fffff,Retail,412
884995b939fffff,Wholesale,45
884995b93bfffff,Art/Culture,26
884995b93bfffff,Business Support,26
884995b93bfffff,Construction,40
884995b93bfffff,Education,360
884995b93bfffff,Health,232
884995b93bfffff,Hospitality,134
884995b93bfffff,Information,3
884995b93bfffff,Manufacturing,166
884995b93bfffff,Professional Service,27
884995b93bfffff,Public Administration,8
884995b93bfffff,Real Estate,26
884995b93bfffff,Retail,568
884995b93bfffff,Transportation,8
884995b93bfffff,Wholesale,39
884995b93dfffff,Art/Culture,97
884995b93dfffff,Business Support,9
884995b93dfffff,Construction,21
884995b93dfffff,Education,479
884995b93dfffff,Financial,10
884995b93dfffff,Health,308
884995b93dfffff,Hospitality,442
884995b93dfffff,Information,9
884995b93dfffff,Manufacturing,221
884995b93dfffff,Professional Service,35
884995b93dfffff,Public Administration,54
884995b93dfffff,Real Estate,44
884995b93dfffff,Retail,1118
884995b93dfffff,Transportation,436
884995b93dfffff,Wholesale,43
884995b941fffff,Art/Culture,9
884995b941fffff,Business Support,186
884995b941fffff,Education,28
884995b941fffff,Financial,354
884995b941fffff,Health,49
884995b941fffff,Hospitality,1369
884995b941fffff,Information,28
884995b941fffff,Manufacturing,60
884995b941fffff,Professional Service,63
884995b941fffff,Public Administration,2065
884995b941fffff,Real Estate,331
884995b941fffff,Retail,1585
884995b941fffff,Transportation,5053
884995b941fffff,Wholesale,125
884995b943fffff,Art/Culture,42
884995b943fffff,Business Support,8
884995b943fffff,Construction,61
884995b943fffff,Education,156
884995b943fffff,Financial,8
884995b943fffff,Health,124
884995b943fffff,Hospitality,233
884995b943fffff,Information,9
884995b943fffff,Manufacturing,107
884995b943fffff,Professional Service,18
884995b943fffff,Public Administration,155
884995b943fffff,Real Estate,11
884995b943fffff,Retail,691
884995b943fffff,Transportation,2276
884995b943fffff,Wholesale,109
884995b94bfffff,Art/Culture,8
884995b94bfffff,Business Support,169
884995b94bfffff,Construction,107
884995b94bfffff,Education,396
884995b94bfffff,Energy,223
884995b94bfffff,Financial,13
884995b94bfffff,Health,122
884995b94bfffff,Hospitality,1283
884995b94bfffff,Manufacturing,734
884995b94bfffff,Professional Service,48
884995b94bfffff,Public Administration,137
884995b94bfffff,Real Estate,76
884995b94bfffff,Retail,553
884995b94bfffff,Transportation,1797
884995b94bfffff,Wholesale,196
884995b951fffff,Art/Culture,22
884995b951fffff,Business Support,11
884995b951fffff,Construction,7
884995b951fffff,Education,187
884995b951fffff,Energy,4
884995b951fffff,Financial,29
884995b951fffff,Health,306
884995b951fffff,Hospitality,242
884995b951fffff,Manufacturing,230
884995b951fffff,Professional Service,15
884995b951fffff,Public Administration,19
884995b951fffff,Real Estate,11
884995b951fffff,Retail,893
884995b951fffff,Transportation,61
884995b951fffff,Wholesale,31
884995b953fffff,Art/Culture,13
884995b953fffff,Business Support,23
884995b953fffff,Construction,14
884995b953fffff,Education,494
884995b953fffff,Financial,21
884995b953fffff,Health,135
884995b953fffff,Hospitality,402
884995b953fffff,Manufacturing,321
884995b953fffff,Professional Service,49
884995b953fffff,Public Administration,43
884995b953fffff,Real Estate,20
884995b953fffff,Retail,1182
884995b953fffff,Transportation,8
884995b953fffff,Wholesale,98
884995b955fffff,Art/Culture,23
884995b955fffff,Business Support,13
884995b955fffff,Construction,46
884995b955fffff,Education,196
884995b955fffff,Health,75
884995b955fffff,Hospitality,175
884995b955fffff,Manufacturing,218
884995b955fffff,Professional Service,54
884995b955fffff,Public Administration,104
884995b955fffff,Real Estate,8
884995b955fffff,Retail,498
884995b955fffff,Transportation,127
884995b955fffff,Wholesale,32
884995b957fffff,Art/Culture,117
884995b957fffff,Business Support,13
884995b957fffff,Education,135
884995b957fffff,Financial,13
884995b957fffff,Health,481
884995b957fffff,Hospitality,172
884995b957fffff,Information,5
884995b957fffff,Manufacturing,108
884995b957fffff,Professional Service,36
884995b957fffff,Public Administration,139
884995b957fffff,Real Estate,7
884995b957fffff,Retail,499
884995b957fffff,Transportation,2
884995b957fffff,Wholesale,12
884995b959fffff,Art/Culture,3
884995b959fffff,Business Support,17
884995b959fffff,Construction,45
884995b959fffff,Education,258
884995b959fffff,Energy,2
884995b959fffff,Financial,5
884995b959fffff,Health,167
884995b959fffff,Hospitality,188
884995b959fffff,Information,11
884995b959fffff,Manufacturing,157
884995b959fffff,Professional Service,18
884995b959fffff,Public Administration,135
884995b959fffff,Real Estate,22
884995b959fffff,Retail,652
884995b959fffff,Transportation,124
884995b959fffff,Wholesale,27
884995b95bfffff,Art/Culture,51
884995b95bfffff,Business Support,374
884995b95bfffff,Construction,4
884995b95bfffff,Education,390
884995b95bfffff,Financial,24
884995b95bfffff,Health,564
884995b95bfffff,Hospitality,382
884995b95bfffff,Information,3
884995b95bfffff,Manufacturing,247
884995b95bfffff,Professional Service,57
884995b95bfffff,Public Administration,11
884995b95bfffff,Real Estate,17
884995b95bfffff,Retail,1796
884995b95bfffff,Transportation,60
884995b95bfffff,Wholesale,219
884995b95dfffff,Art/Culture,12
884995b95dfffff,Business Support,82
884995b95dfffff,Construction,59
884995b95dfffff,Education,292
884995b95dfffff,Financial,123
884995b95dfffff,Health,247
884995b95dfffff,Hospitality,775
884995b95dfffff,Information,53
884995b95dfffff,Manufacturing,279
884995b95dfffff,Professional Service,64
884995b95dfffff,Public Administration,7
884995b95dfffff,Real Estate,39
884995b95dfffff,Retail,1841
884995b95dfffff,Transportation,92
884995b95dfffff,Wholesale,108
884995b961fffff,Business Support,13
884995b961fffff,Education,124
884995b961fffff,Financial,4
884995b961fffff,Health,53
884995b961fffff,Hospitality,147
884995b961fffff,Information,3
884995b961fffff,Manufacturing,88
884995b961fffff,Professional Service,13
884995b961fffff,Public Administration,9
884995b961fffff,Real Estate,9
884995b961fffff,Retail,560
884995b961fffff,Transportation,25
884995b961fffff,Wholesale,32
884995b963fffff,Art/Culture,19
884995b963fffff,Business Support,38
884995b963fffff,Construction,5
884995b963fffff,Education,852
884995b963fffff,Energy,44
884995b963fffff,Financial,14
884995b963fffff,Health,123
884995b963fffff,Hospitality,363
884995b963fffff,Information,48
884995b963fffff,Manufacturing,62
884995b963fffff,Professional Service,14
884995b963fffff,Public Administration,1391
884995b963fffff,Real Estate,10
884995b963fffff,Retail,599
884995b963fffff,Transportation,75
884995b963fffff,Wholesale,33
884995b96bfffff,Art/Culture,14
884995b96bfffff,Construction,4
884995b96bfffff,Education,137
884995b96bfffff,Financial,22
884995b96bfffff,Health,14
884995b96bfffff,Hospitality,152
884995b96bfffff,Manufacturing,227
884995b96bfffff,Professional Service,18
884995b96bfffff,Public Administration,136
884995b96bfffff,Real Estate,89
884995b96bfffff,Retail,243
884995b96bfffff,Transportation,1736
884995b96bfffff,Wholesale,10
884995b96dfffff,Business Support,1
884995b96dfffff,Hospitality,5
884995b96dfffff,Manufacturing,17
884995b96dfffff,Public Administration,23
884995b96dfffff,Retail,13
884995b98bfffff,Construction,8
884995b98bfffff,Education,552
884995b98bfffff,Financial,7
884995b98bfffff,Health,13
884995b98bfffff,Hospitality,29
884995b98bfffff,Manufacturing,497
884995b98bfffff,Professional Service,3
884995b98bfffff,Public Administration,23
884995b98bfffff,Retail,119
884995b98bfffff,Transportation,302
884995b98bfffff,Wholesale,86
884995b98dfffff,Art/Culture,3
884995b98dfffff,Business Support,4
884995b98dfffff,Education,35
884995b98dfffff,Energy,1
884995b98dfffff,Health,11
884995b98dfffff,Hospitality,21
884995b98dfffff,Manufacturing,43
884995b98dfffff,Real Estate,3
884995b98dfffff,Retail,220
884995b991fffff,Art/Culture,2
884995b991fffff,Business Support,7
884995b991fffff,Energy,3
884995b991fffff,Health,21
884995b991fffff,Hospitality,3
884995b991fffff,Manufacturing,15
884995b991fffff,Retail,184
884995b993fffff,Art/Culture,31
884995b993fffff,Business Support,6
884995b993fffff,Education,296
884995b993fffff,Financial,58
884995b993fffff,Health,52
884995b993fffff,Hospitality,78
884995b993fffff,Manufacturing,114
884995b993fffff,Professional Service,16
884995b993fffff,Public Administration,26
884995b993fffff,Real Estate,4
884995b993fffff,Retail,826
884995b993fffff,Transportation,7
884995b993fffff,Wholesale,32
884995b99bfffff,Art/Culture,31
884995b99bfffff,Business Support,15
884995b99bfffff,Construction,77
884995b99bfffff,Education,541
884995b99bfffff,Energy,6
884995b99bfffff,Financial,162
884995b99bfffff,Health,692
884995b99bfffff,Hospitality,383
884995b99bfffff,Manufacturing,294
884995b99bfffff,Professional Service,31
884995b99bfffff,Public Administration,465
884995b99bfffff,Real Estate,14
884995b99bfffff,Retail,1228
884995b99bfffff,Transportation,85
884995b99bfffff,Wholesale,48
884995b99dfffff,Art/Culture,8
884995b99dfffff,Business Support,5
884995b99dfffff,Education,61
884995b99dfffff,Financial,5
884995b99dfffff,Health,99
884995b99dfffff,Hospitality,39
884995b99dfffff,Manufacturing,361
884995b99dfffff,Professional Service,264
884995b99dfffff,Public Administration,103
884995b99dfffff,Retail,409
884995b99dfffff,Transportation,67
884995b99dfffff,Wholesale,124
884995b9c1fffff,Art/Culture,31
884995b9c1fffff,Business Support,8
884995b9c1fffff,Construction,64
884995b9c1fffff,Education,403
884995b9c1fffff,Energy,80
884995b9c1fffff,Financial,15
884995b9c1fffff,Health,661
884995b9c1fffff,Hospitality,174
884995b9c1fffff,Manufacturing,120
884995b9c1fffff,Professional Service,30
884995b9c1fffff,Public Administration,43
884995b9c1fffff,Real Estate,27
884995b9c1fffff,Retail,953
884995b9c1fffff,Wholesale,51
884995b9c3fffff,Art/Culture,65
884995b9c3fffff,Business Support,62
884995b9c3fffff,Construction,209
884995b9c3fffff,Education,496
884995b9c3fffff,Energy,83
884995b9c3fffff,Financial,12
884995b9c3fffff,Health,353
884995b9c3fffff,Hospitality,735
884995b9c3fffff,Manufacturing,157
884995b9c3fffff,Professional Service,41
884995b9c3fffff,Public Administration,163
884995b9c3fffff,Real Estate,9
884995b9c3fffff,Retail,1096
884995b9c3fffff,Transportation,94
884995b9c3fffff,Wholesale,35
884995b9c5fffff,Art/Culture,19
884995b9c5fffff,Business Support,12
884995b9c5fffff,Education,246
884995b9c5fffff,Financial,50
884995b9c5fffff,Health,63
884995b9c5fffff,Hospitality,263
884995b9c5fffff,Manufacturing,330
884995b9c5fffff,Professional Service,11
884995b9c5fffff,Public Administration,22
884995b9c5fffff,Real Estate,21
884995b9c5fffff,Retail,921
884995b9c5fffff,Transportation,202
884995b9c5fffff,Wholesale,82
884995b9c7fffff,Art/Culture,14
884995b9c7fffff,Business Support,10
884995b9c7fffff,Education,449
884995b9c7fffff,Energy,3
884995b9c7fffff,Financial,2
884995b9c7fffff,Health,76
884995b9c7fffff,Hospitality,88
884995b9c7fffff,Manufacturing,171
884995b9c7fffff,Professional Service,8
884995b9c7fffff,Public Administration,91
884995b9c7fffff,Real Estate,4
884995b9c7fffff,Retail,726
884995b9c7fffff,Transportation,31
884995b9c7fffff,Wholesale,158
884995b9c9fffff,Art/Culture,52
884995b9c9fffff,Business Support,210
884995b9c9fffff,Construction,11
884995b9c9fffff,Education,900
884995b9c9fffff,Financial,307
884995b9c9fffff,Health,464
884995b9c9fffff,Hospitality,1119
884995b9c9fffff,Manufacturing,139
884995b9c9fffff,Professional Service,129
884995b9c9fffff,Public Administration,501
884995b9c9fffff,Real Estate,31
884995b9c9fffff,Retail,2046
884995b9c9fffff,Transportation,326
884995b9c9fffff,Wholesale,179
884995b9cbfffff,Art/Culture,59
884995b9cbfffff,Business Support,105
884995b9cbfffff,Construction,136
884995b9cbfffff,Education,1468
884995b9cbfffff,Energy,58
884995b9cbfffff,Financial,852
884995b9cbfffff,Health,1328
884995b9cbfffff,Hospitality,782
884995b9cbfffff,Information,15
884995b9cbfffff,Manufacturing,190
884995b9cbfffff,Professional Service,361
884995b9cbfffff,Public Administration,498
884995b9cbfffff,Real Estate,48
884995b9cbfffff,Retail,818
884995b9cbfffff,Transportation,124
884995b9cbfffff,Wholesale,367
884995b9cdfffff,Art/Culture,107
884995b9cdfffff,Business Support,26
884995b9cdfffff,Construction,7
884995b9cdfffff,Education,493
884995b9cdfffff,Energy,4
884995b9cdfffff,Financial,121
884995b9cdfffff,Health,640
884995b9cdfffff,Hospitality,414
884995b9cdfffff,Information,11
884995b9cdfffff,Manufacturing,720
884995b9cdfffff,Professional Service,46
884995b9cdfffff,Public Administration,937
884995b9cdfffff,Real Estate,19
884995b9cdfffff,Retail,1570
884995b9cdfffff,Transportation,560
884995b9cdfffff,Wholesale,279
884995b9d1fffff,Art/Culture,1
884995b9d1fffff,Business Support,14
884995b9d1fffff,Education,852
884995b9d1fffff,Financial,27
884995b9d1fffff,Health,7
884995b9d1fffff,Hospitality,57
884995b9d1fffff,Manufacturing,8
884995b9d1fffff,Retail,57
884995b9d1fffff,Transportation,4
884995b9d1fffff,Wholesale,6
884995b9d3fffff,Art/Culture,237
884995b9d3fffff,Business Support,8
884995b9d3fffff,Education,1381
884995b9d3fffff,Financial,178
884995b9d3fffff,Health,369
884995b9d3fffff,Hospitality,407
884995b9d3fffff,Information,78
884995b9d3fffff,Manufacturing,254
884995b9d3fffff,Professional Service,29
884995b9d3fffff,Public Administration,176
884995b9d3fffff,Real Estate,9
884995b9d3fffff,Retail,547
884995b9d3fffff,Transportation,34
884995b9d3fffff,Wholesale,10
884995b9d5fffff,Art/Culture,26
884995b9d5fffff,Business Support,8
884995b9d5fffff,Construction,78
884995b9d5fffff,Education,1650
884995b9d5fffff,Financial,179
884995b9d5fffff,Health,164
884995b9d5fffff,Hospitality,228
884995b9d5fffff,Manufacturing,145
884995b9d5fffff,Professional Service,63
884995b9d5fffff,Public Administration,114
884995b9d5fffff,Real Estate,12
884995b9d5fffff,Retail,602
884995b9d5fffff,Transportation,22
884995b9d5fffff,Wholesale,132
884995b9d7fffff,Art/Culture,12
884995b9d7fffff,Business Support,15
884995b9d7fffff,Construction,29
884995b9d7fffff,Education,1595
884995b9d7fffff,Energy,45
884995b9d7fffff,Financial,92
884995b9d7fffff,Health,28
884995b9d7fffff,Hospitality,231
884995b9d7fffff,Manufacturing,524
884995b9d7fffff,Professional Service,95
884995b9d7fffff,Public Administration,26
884995b9d7fffff,Real Estate,9
884995b9d7fffff,Retail,509
884995b9d7fffff,Transportation,18
884995b9d7fffff,Wholesale,61
884995b9d9fffff,Art/Culture,12
884995b9d9fffff,Business Support,40
884995b9d9fffff,Construction,227
884995b9d9fffff,Education,2109
884995b9d9fffff,Financial,3
884995b9d9fffff,Health,304
884995b9d9fffff,Hospitality,528
884995b9d9fffff,Information,1
884995b9d9fffff,Manufacturing,33
884995b9d9fffff,Professional Service,25
884995b9d9fffff,Real Estate,14
884995b9d9fffff,Retail,426
884995b9d9fffff,Transportation,40
884995b9d9fffff,Wholesale,14
884995b9ddfffff,Art/Culture,50
884995b9ddfffff,Business Support,160
884995b9ddfffff,Construction,7
884995b9ddfffff,Education,1263
884995b9ddfffff,Financial,178
884995b9ddfffff,Health,265
884995b9ddfffff,Hospitality,337
884995b9ddfffff,Manufacturing,78
884995b9ddfffff,Professional Service,212
884995b9ddfffff,Public Administration,30
884995b9ddfffff,Real Estate,41
884995b9ddfffff,Retail,601
884995b9ddfffff,Transportation,87
884995b9ddfffff,Wholesale,87
884995b9e1fffff,Agriculture,6
884995b9e1fffff,Art/Culture,24
884995b9e1fffff,Business Support,25
884995b9e1fffff,Education,414
884995b9e1fffff,Energy,1
884995b9e1fffff,Financial,195
884995b9e1fffff,Health,449
884995b9e1fffff,Hospitality,288
884995b9e1fffff,Manufacturing,243
884995b9e1fffff,Professional Service,29
884995b9e1fffff,Public Administration,232
884995b9e1fffff,Real Estate,24
884995b9e1fffff,Retail,1252
884995b9e1fffff,Transportation,8
884995b9e1fffff,Wholesale,337
884995b9e3fffff,Art/Culture,53
884995b9e3fffff,Business Support,27
884995b9e3fffff,Education,907
884995b9e3fffff,Energy,2
884995b9e3fffff,Financial,7
884995b9e3fffff,Health,157
884995b9e3fffff,Hospitality,221
884995b9e3fffff,Manufacturing,105
884995b9e3fffff,Professional Service,26
884995b9e3fffff,Public Administration,9
884995b9e3fffff,Real Estate,28
884995b9e3fffff,Retail,724
884995b9e3fffff,Wholesale,21
884995b9e5fffff,Art/Culture,42
884995b9e5fffff,Business Support,21
884995b9e5fffff,Education,251
884995b9e5fffff,Financial,61
884995b9e5fffff,Health,247
884995b9e5fffff,Hospitality,221
884995b9e5fffff,Manufacturing,251
884995b9e5fffff,Professional Service,79
884995b9e5fffff,Public Administration,22
884995b9e5fffff,Real Estate,31
884995b9e5fffff,Retail,1563
884995b9e5fffff,Wholesale,117
884995b9e7fffff,Art/Culture,27
884995b9e7fffff,Business Support,4
884995b9e7fffff,Education,401
884995b9e7fffff,Energy,3
884995b9e7fffff,Health,148
884995b9e7fffff,Hospitality,224
884995b9e7fffff,Manufacturing,179
884995b9e7fffff,Professional Service,122
884995b9e7fffff,Real Estate,13
884995b9e7fffff,Retail,980
884995b9e7fffff,Wholesale,43
884995b9e9fffff,Agriculture,2
884995b9e9fffff,Art/Culture,15
884995b9e9fffff,Business Support,15
884995b9e9fffff,Construction,5
884995b9e9fffff,Education,326
884995b9e9fffff,Health,101
884995b9e9fffff,Hospitality,220
884995b9e9fffff,Manufacturing,374
884995b9e9fffff,Professional Service,16
884995b9e9fffff,Public Administration,10
884995b9e9fffff,Real Estate,4
884995b9e9fffff,Retail,1111
884995b9e9fffff,Transportation,12
884995b9e9fffff,Wholesale,84
884995b9ebfffff,Art/Culture,11
884995b9ebfffff,Education,56
884995b9ebfffff,Health,35
884995b9ebfffff,Hospitality,30
884995b9ebfffff,Manufacturing,31
884995b9ebfffff,Professional Service,9
884995b9ebfffff,Real Estate,5
884995b9ebfffff,Retail,259
884995b9ebfffff,Wholesale,3
884995b9edfffff,Art/Culture,21
884995b9edfffff,Business Support,13
884995b9edfffff,Education,425
884995b9edfffff,Financial,8
884995b9edfffff,Health,105
884995b9edfffff,Hospitality,249
884995b9edfffff,Manufacturing,186
884995b9edfffff,Professional Service,16
884995b9edfffff,Public Administration,38
884995b9edfffff,Real Estate,35
884995b9edfffff,Retail,919
884995b9edfffff,Transportation,25
884995b9edfffff,Wholesale,60
884995ba01fffff,Art/Culture,110
884995ba01fffff,Business Support,1274
884995ba01fffff,Construction,1089
884995ba01fffff,Education,544
884995ba01fffff,Energy,50
884995ba01fffff,Financial,2171
884995ba01fffff,Health,844
884995ba01fffff,Hospitality,1443
884995ba01fffff,Information,302
884995ba01fffff,Manufacturing,294
884995ba01fffff,Professional Service,2292
884995ba01fffff,Public Administration,355
884995ba01fffff,Real Estate,181
884995ba01fffff,Retail,1425
884995ba01fffff,Transportation,707
884995ba01fffff,Wholesale,1089
884995ba03fffff,Art/Culture,38
884995ba03fffff,Business Support,1140
884995ba03fffff,Construction,807
884995ba03fffff,Education,1560
884995ba03fffff,Financial,630
884995ba03fffff,Health,193
884995ba03fffff,Hospitality,2135
884995ba03fffff,Information,95
884995ba03fffff,Manufacturing,297
884995ba03fffff,Professional Service,1767
884995ba03fffff,Public Administration,275
884995ba03fffff,Real Estate,115
884995ba03fffff,Retail,1685
884995ba03fffff,Transportation,95
884995ba03fffff,Wholesale,1805
884995ba05fffff,Art/Culture,169
884995ba05fffff,Business Support,756
884995ba05fffff,Construction,282
884995ba05fffff,Education,274
884995ba05fffff,Energy,8
884995ba05fffff,Financial,102
884995ba05fffff,Health,883
884995ba05fffff,Hospitality,606
884995ba05fffff,Information,409
884995ba05fffff,Manufacturing,410
884995ba05fffff,Professional Service,678
884995ba05fffff,Public Administration,71
884995ba05fffff,Real Estate,132
884995ba05fffff,Retail,760
884995ba05fffff,Transportation,22
884995ba05fffff,Wholesale,670
884995ba07fffff,Art/Culture,334
884995ba07fffff,Business Support,1371
884995ba07fffff,Construction,794
884995ba07fffff,Education,688
884995ba07fffff,Financial,1409
884995ba07fffff,Health,4368
884995ba07fffff,Hospitality,3096
884995ba07fffff,Information,269
884995ba07fffff,Manufacturing,352
884995ba07fffff,Professional Service,1859
884995ba07fffff,Public Administration,1591
884995ba07fffff,Real Estate,168
884995ba07fffff,Retail,2445
884995ba07fffff,Transportation,426
884995ba07fffff,Wholesale,661
884995ba09fffff,Art/Culture,241
884995ba09fffff,Business Support,3401
884995ba09fffff,Construction,2776
884995ba09fffff,Education,340
884995ba09fffff,Energy,42
884995ba09fffff,Financial,1733
884995ba09fffff,Health,837
884995ba09fffff,Hospitality,3650
884995ba09fffff,Information,658
884995ba09fffff,Manufacturing,361
884995ba09fffff,Professional Service,6470
884995ba09fffff,Public Administration,2071
884995ba09fffff,Real Estate,1439
884995ba09fffff,Retail,2680
884995ba09fffff,Transportation,2076
884995ba09fffff,Wholesale,3859
884995ba0bfffff,Art/Culture,129
884995ba0bfffff,Business Support,57
884995ba0bfffff,Construction,1067
884995ba0bfffff,Education,298
884995ba0bfffff,Financial,1184
884995ba0bfffff,Health,818
884995ba0bfffff,Hospitality,1227
884995ba0bfffff,Information,80
884995ba0bfffff,Manufacturing,611
884995ba0bfffff,Professional Service,393
884995ba0bfffff,Public Administration,1321
884995ba0bfffff,Real Estate,254
884995ba0bfffff,Retail,1685
884995ba0bfffff,Transportation,665
884995ba0bfffff,Wholesale,472
884995ba0dfffff,Art/Culture,102
884995ba0dfffff,Business Support,120
884995ba0dfffff,Construction,68
884995ba0dfffff,Corporate,43
884995ba0dfffff,Education,1417
884995ba0dfffff,Financial,759
884995ba0dfffff,Health,238
884995ba0dfffff,Hospitality,1074
884995ba0dfffff,Information,479
884995ba0dfffff,Manufacturing,181
884995ba0dfffff,Professional Service,1411
884995ba0dfffff,Public Administration,108
884995ba0dfffff,Real Estate,206
884995ba0dfffff,Retail,1423
884995ba0dfffff,Transportation,471
884995ba0dfffff,Wholesale,1194
884995ba11fffff,Art/Culture,588
884995ba11fffff,Business Support,165
884995ba11fffff,Construction,56
884995ba11fffff,Corporate,4
884995ba11fffff,Education,117
884995ba11fffff,Financial,91
884995ba11fffff,Health,252
884995ba11fffff,Hospitality,353
884995ba11fffff,Information,247
884995ba11fffff,Manufacturing,341
884995ba11fffff,Professional Service,169
884995ba11fffff,Public Administration,351
884995ba11fffff,Real Estate,24
884995ba11fffff,Retail,478
884995ba11fffff,Transportation,179
884995ba11fffff,Wholesale,70
884995ba13fffff,Art/Culture,477
884995ba13fffff,Education,127
884995ba13fffff,Financial,11
884995ba13fffff,Health,11
884995ba13fffff,Hospitality,139
884995ba13fffff,Information,17
884995ba13fffff,Public Administration,843
884995ba13fffff,Retail,37
884995ba15fffff,Art/Culture,134
884995ba15fffff,Business Support,640
884995ba15fffff,Construction,215
884995ba15fffff,Education,576
884995ba15fffff,Financial,544
884995ba15fffff,Health,176
884995ba15fffff,Hospitality,450
884995ba15fffff,Information,482
884995ba15fffff,Manufacturing,226
884995ba15fffff,Professional Service,771
884995ba15fffff,Public Administration,1738
884995ba15fffff,Real Estate,50
884995ba15fffff,Retail,551
884995ba15fffff,Transportation,147
884995ba15fffff,Wholesale,403
884995ba19fffff,Art/Culture,51
884995ba19fffff,Business Support,98
884995ba19fffff,Construction,122
884995ba19fffff,Corporate,1
884995ba19fffff,Education,490
884995ba19fffff,Financial,141
884995ba19fffff,Health,283
884995ba19fffff,Hospitality,532
884995ba19fffff,Information,22
884995ba19fffff,Manufacturing,1093
884995ba19fffff,Professional Service,48
884995ba19fffff,Public Administration,339
884995ba19fffff,Real Estate,30
884995ba19fffff,Retail,445
884995ba19fffff,Transportation,7
884995ba19fffff,Wholesale,246
884995ba1dfffff,Agriculture,1
884995ba1dfffff,Art/Culture,176
884995ba1dfffff,Business Support,309
884995ba1dfffff,Construction,934
884995ba1dfffff,Corporate,13
884995ba1dfffff,Education,2158
884995ba1dfffff,Financial,676
884995ba1dfffff,Health,1642
884995ba1dfffff,Hospitality,936
884995ba1dfffff,Information,464
884995ba1dfffff,Manufacturing,694
884995ba1dfffff,Professional Service,724
884995ba1dfffff,Public Administration,1170
884995ba1dfffff,Real Estate,83
884995ba1dfffff,Retail,1822
884995ba1dfffff,Transportation,969
884995ba1dfffff,Wholesale,721
884995ba21fffff,Art/Culture,191
884995ba21fffff,Business Support,11
884995ba21fffff,Construction,11
884995ba21fffff,Education,214
884995ba21fffff,Energy,239
884995ba21fffff,Financial,28
884995ba21fffff,Health,775
884995ba21fffff,Hospitality,270
884995ba21fffff,Manufacturing,145
884995ba21fffff,Professional Service,43
884995ba21fffff,Public Administration,25
884995ba21fffff,Real Estate,8
884995ba21fffff,Retail,1403
884995ba21fffff,Transportation,51
884995ba21fffff,Wholesale,381
884995ba23fffff,Art/Culture,114
884995ba23fffff,Business Support,418
884995ba23fffff,Construction,41
884995ba23fffff,Education,426
884995ba23fffff,Financial,173
884995ba23fffff,Health,1940
884995ba23fffff,Hospitality,2229
884995ba23fffff,Information,55
884995ba23fffff,Manufacturing,320
884995ba23fffff,Professional Service,1221
884995ba23fffff,Public Administration,932
884995ba23fffff,Real Estate,96
884995ba23fffff,Retail,1660
884995ba23fffff,Transportation,91
884995ba23fffff,Wholesale,1093
884995ba25fffff,Art/Culture,38
884995ba25fffff,Business Support,60
884995ba25fffff,Construction,46
884995ba25fffff,Education,116
884995ba25fffff,Financial,48
884995ba25fffff,Health,92
884995ba25fffff,Hospitality,589
884995ba25fffff,Information,31
884995ba25fffff,Manufacturing,3991
884995ba25fffff,Professional Service,139
884995ba25fffff,Public Administration,20
884995ba25fffff,Real Estate,22
884995ba25fffff,Retail,1621
884995ba25fffff,Transportation,65
884995ba25fffff,Wholesale,434
884995ba27fffff,Art/Culture,33
884995ba27fffff,Business Support,850
884995ba27fffff,Construction,8
884995ba27fffff,Education,339
884995ba27fffff,Energy,21
884995ba27fffff,Financial,395
884995ba27fffff,Health,201
884995ba27fffff,Hospitality,1078
884995ba27fffff,Information,666
884995ba27fffff,Manufacturing,665
884995ba27fffff,Professional Service,145
884995ba27fffff,Public Administration,1126
884995ba27fffff,Real Estate,37
884995ba27fffff,Retail,3004
884995ba27fffff,Transportation,170
884995ba27fffff,Wholesale,1612
884995ba29fffff,Art/Culture,104
884995ba29fffff,Business Support,203
884995ba29fffff,Construction,304
884995ba29fffff,Corporate,3
884995ba29fffff,Education,333
884995ba29fffff,Energy,69
884995ba29fffff,Financial,333
884995ba29fffff,Health,87
884995ba29fffff,Hospitality,2580
884995ba29fffff,Information,176
884995ba29fffff,Manufacturing,247
884995ba29fffff,Professional Service,413
884995ba29fffff,Public Administration,1812
884995ba29fffff,Real Estate,38
884995ba29fffff,Retail,3880
884995ba29fffff,Transportation,109
884995ba29fffff,Wholesale,276
884995ba2bfffff,Art/Culture,185
884995ba2bfffff,Business Support,1052
884995ba2bfffff,Construction,104
884995ba2bfffff,Education,460
884995ba2bfffff,Energy,5
884995ba2bfffff,Financial,358
884995ba2bfffff,Health,1461
884995ba2bfffff,Hospitality,1151
884995ba2bfffff,Information,67
884995ba2bfffff,Manufacturing,204
884995ba2bfffff,Professional Service,333
884995ba2bfffff,Public Administration,1033
884995ba2bfffff,Real Estate,4
884995ba2bfffff,Retail,833
884995ba2bfffff,Transportation,46
884995ba2bfffff,Wholesale,487
884995ba2dfffff,Art/Culture,15
884995ba2dfffff,Business Support,509
884995ba2dfffff,Construction,24
884995ba2dfffff,Education,348
884995ba2dfffff,Financial,76
884995ba2dfffff,Health,236
884995ba2dfffff,Hospitality,592
884995ba2dfffff,Information,8
884995ba2dfffff,Manufacturing,1297
884995ba2dfffff,Professional Service,513
884995ba2dfffff,Public Administration,6
884995ba2dfffff,Real Estate,20
884995ba2dfffff,Retail,1438
884995ba2dfffff,Transportation,88
884995ba2dfffff,Wholesale,1187
884995ba31fffff,Art/Culture,351
884995ba31fffff,Business Support,3643
884995ba31fffff,Construction,1634
884995ba31fffff,Corporate,78
884995ba31fffff,Education,470
884995ba31fffff,Energy,734
884995ba31fffff,Financial,3944
884995ba31fffff,Health,1568
884995ba31fffff,Hospitality,7436
884995ba31fffff,Information,360
884995ba31fffff,Manufacturing,505
884995ba31fffff,Professional Service,5883
884995ba31fffff,Public Administration,2188
884995ba31fffff,Real Estate,766
884995ba31fffff,Retail,4539
884995ba31fffff,Transportation,1761
884995ba31fffff,Wholesale,1221
884995ba33fffff,Art/Culture,115
884995ba33fffff,Business Support,1707
884995ba33fffff,Construction,698
884995ba33fffff,Education,187
884995ba33fffff,Energy,54
884995ba33fffff,Financial,286
884995ba33fffff,Health,313
884995ba33fffff,Hospitality,1275
884995ba33fffff,Information,599
884995ba33fffff,Manufacturing,191
884995ba33fffff,Professional Service,2247
884995ba33fffff,Public Administration,493
884995ba33fffff,Real Estate,503
884995ba33fffff,Retail,1241
884995ba33fffff,Transportation,1292
884995ba33fffff,Wholesale,1804
884995ba35fffff,Art/Culture,336
884995ba35fffff,Business Support,1892
884995ba35fffff,Construction,211
884995ba35fffff,Corporate,27
884995ba35fffff,Education,2778
884995ba35fffff,Financial,1226
884995ba35fffff,Health,1308
884995ba35fffff,Hospitality,3083
884995ba35fffff,Information,429
884995ba35fffff,Manufacturing,237
884995ba35fffff,Professional Service,1801
884995ba35fffff,Public Administration,2666
884995ba35fffff,Real Estate,248
884995ba35fffff,Retail,2289
884995ba35fffff,Transportation,173
884995ba35fffff,Wholesale,651
884995ba37fffff,Art/Culture,290
884995ba37fffff,Business Support,2051
884995ba37fffff,Construction,1036
884995ba37fffff,Corporate,11
884995ba37fffff,Education,879
884995ba37fffff,Energy,533
884995ba37fffff,Financial,4822
884995ba37fffff,Health,490
884995ba37fffff,Hospitality,3899
884995ba37fffff,Information,914
884995ba37fffff,Manufacturing,483
884995ba37fffff,Professional Service,4258
884995ba37fffff,Public Administration,3482
884995ba37fffff,Real Estate,1081
884995ba37fffff,Retail,3438
884995ba37fffff,Transportation,2524
884995ba37fffff,Wholesale,2708
884995ba39fffff,Art/Culture,74
884995ba39fffff,Business Support,1547
884995ba39fffff,Construction,424
884995ba39fffff,Education,555
884995ba39fffff,Energy,16
884995ba39fffff,Financial,850
884995ba39fffff,Health,871
884995ba39fffff,Hospitality,2315
884995ba39fffff,Information,298
884995ba39fffff,Manufacturing,616
884995ba39fffff,Professional Service,1105
884995ba39fffff,Public Administration,1516
884995ba39fffff,Real Estate,140
884995ba39fffff,Retail,1420
884995ba39fffff,Transportation,568
884995ba39fffff,Wholesale,334
884995ba3dfffff,Art/Culture,212
884995ba3dfffff,Business Support,1462
884995ba3dfffff,Construction,242
884995ba3dfffff,Education,1006
884995ba3dfffff,Energy,21
884995ba3dfffff,Financial,571
884995ba3dfffff,Health,1900
884995ba3dfffff,Hospitality,4252
884995ba3dfffff,Information,583
884995ba3dfffff,Manufacturing,267
884995ba3dfffff,Professional Service,1165
884995ba3dfffff,Public Administration,1039
884995ba3dfffff,Real Estate,256
884995ba3dfffff,Retail,2108
884995ba3dfffff,Transportation,162
884995ba3dfffff,Wholesale,680
884995ba41fffff,Art/Culture,552
884995ba41fffff,Business Support,2099
884995ba41fffff,Construction,566
884995ba41fffff,Corporate,37
884995ba41fffff,Education,501
884995ba41fffff,Energy,42
884995ba41fffff,Financial,2601
884995ba41fffff,Health,496
884995ba41fffff,Hospitality,1403
884995ba41fffff,Information,106
884995ba41fffff,Manufacturing,741
884995ba41fffff,Professional Service,2910
884995ba41fffff,Public Administration,868
884995ba41fffff,Real Estate,208
884995ba41fffff,Retail,2056
884995ba41fffff,Transportation,416
884995ba41fffff,Wholesale,1183
884995ba43fffff,Art/Culture,143
884995ba43fffff,Business Support,230
884995ba43fffff,Construction,293
884995ba43fffff,Education,337
884995ba43fffff,Financial,1108
884995ba43fffff,Health,318
884995ba43fffff,Hospitality,575
884995ba43fffff,Information,102
884995ba43fffff,Manufacturing,137
884995ba43fffff,Professional Service,1388
884995ba43fffff,Public Administration,1570
884995ba43fffff,Real Estate,280
884995ba43fffff,Retail,1047
884995ba43fffff,Transportation,197
884995ba43fffff,Wholesale,1264
884995ba45fffff,Art/Culture,59
884995ba45fffff,Business Support,269
884995ba45fffff,Construction,176
884995ba45fffff,Education,1355
884995ba45fffff,Financial,179
884995ba45fffff,Health,465
884995ba45fffff,Hospitality,889
884995ba45fffff,Information,124
884995ba45fffff,Manufacturing,430
884995ba45fffff,Professional Service,416
884995ba45fffff,Public Administration,598
884995ba45fffff,Real Estate,55
884995ba45fffff,Retail,1808
884995ba45fffff,Transportation,28
884995ba45fffff,Wholesale,571
884995ba47fffff,Art/Culture,64
884995ba47fffff,Business Support,165
884995ba47fffff,Construction,184
884995ba47fffff,Education,981
884995ba47fffff,Energy,1
884995ba47fffff,Financial,309
884995ba47fffff,Health,419
884995ba47fffff,Hospitality,561
884995ba47fffff,Information,8
884995ba47fffff,Manufacturing,113
884995ba47fffff,Professional Service,1196
884995ba47fffff,Public Administration,437
884995ba47fffff,Real Estate,63
884995ba47fffff,Retail,1041
884995ba47fffff,Transportation,29
884995ba47fffff,Wholesale,462
884995ba49fffff,Art/Culture,569
884995ba49fffff,Business Support,855
884995ba49fffff,Construction,351
884995ba49fffff,Education,395
884995ba49fffff,Energy,3
884995ba49fffff,Financial,2823
884995ba49fffff,Health,577
884995ba49fffff,Hospitality,1831
884995ba49fffff,Information,229
884995ba49fffff,Manufacturing,257
884995ba49fffff,Professional Service,2087
884995ba49fffff,Public Administration,212
884995ba49fffff,Real Estate,483
884995ba49fffff,Retail,2816
884995ba49fffff,Transportation,173
884995ba49fffff,Wholesale,1575
884995ba4bfffff,Art/Culture,72
884995ba4bfffff,Business Support,330
884995ba4bfffff,Construction,388
884995ba4bfffff,Education,1607
884995ba4bfffff,Energy,572
884995ba4bfffff,Financial,857
884995ba4bfffff,Health,703
884995ba4bfffff,Hospitality,755
884995ba4bfffff,Information,125
884995ba4bfffff,Manufacturing,253
884995ba4bfffff,Professional Service,1086
884995ba4bfffff,Public Administration,1147
884995ba4bfffff,Real Estate,139
884995ba4bfffff,Retail,1352
884995ba4bfffff,Transportation,83
884995ba4bfffff,Wholesale,199
884995ba4dfffff,Art/Culture,301
884995ba4dfffff,Business Support,524
884995ba4dfffff,Construction,365
884995ba4dfffff,Corporate,6
884995ba4dfffff,Education,879
884995ba4dfffff,Financial,671
884995ba4dfffff,Health,1239
884995ba4dfffff,Hospitality,1461
884995ba4dfffff,Information,638
884995ba4dfffff,Manufacturing,1731
884995ba4dfffff,Professional Service,469
884995ba4dfffff,Public Administration,1950
884995ba4dfffff,Real Estate,62
884995ba4dfffff,Retail,3127
884995ba4dfffff,Transportation,363
884995ba4dfffff,Wholesale,1244
884995ba51fffff,Art/Culture,112
884995ba51fffff,Business Support,9
884995ba51fffff,Construction,94
884995ba51fffff,Education,204
884995ba51fffff,Energy,10
884995ba51fffff,Financial,285
884995ba51fffff,Health,300
884995ba51fffff,Hospitality,858
884995ba51fffff,Information,37
884995ba51fffff,Manufacturing,1933
884995ba51fffff,Professional Service,143
884995ba51fffff,Public Administration,3608
884995ba51fffff,Real Estate,90
884995ba51fffff,Retail,1157
884995ba51fffff,Transportation,9
884995ba51fffff,Wholesale,1242
884995ba53fffff,Art/Culture,6
884995ba53fffff,Business Support,54
884995ba53fffff,Construction,4
884995ba53fffff,Education,739
884995ba53fffff,Energy,29
884995ba53fffff,Financial,26
884995ba53fffff,Health,1191
884995ba53fffff,Hospitality,333
884995ba53fffff,Information,3
884995ba53fffff,Manufacturing,538
884995ba53fffff,Professional Service,8
884995ba53fffff,Public Administration,26
884995ba53fffff,Real Estate,5
884995ba53fffff,Retail,907
884995ba53fffff,Transportation,1055
884995ba53fffff,Wholesale,61
884995ba55fffff,Art/Culture,69
884995ba55fffff,Business Support,772
884995ba55fffff,Construction,1161
884995ba55fffff,Corporate,134
884995ba55fffff,Education,884
884995ba55fffff,Energy,7
884995ba55fffff,Financial,635
884995ba55fffff,Health,727
884995ba55fffff,Hospitality,745
884995ba55fffff,Information,127
884995ba55fffff,Manufacturing,1173
884995ba55fffff,Professional Service,1058
884995ba55fffff,Public Administration,411
884995ba55fffff,Real Estate,44
884995ba55fffff,Retail,1083
884995ba55fffff,Transportation,164
884995ba55fffff,Wholesale,901
884995ba57fffff,Agriculture,1
884995ba57fffff,Art/Culture,41
884995ba57fffff,Business Support,118
884995ba57fffff,Education,369
884995ba57fffff,Financial,18
884995ba57fffff,Health,950
884995ba57fffff,Hospitality,698
884995ba57fffff,Information,23
884995ba57fffff,Manufacturing,612
884995ba57fffff,Professional Service,53
884995ba57fffff,Public Administration,93
884995ba57fffff,Real Estate,24
884995ba57fffff,Retail,2109
884995ba57fffff,Transportation,215
884995ba57fffff,Wholesale,270
884995ba59fffff,Art/Culture,2
884995ba59fffff,Business Support,535
884995ba59fffff,Construction,387
884995ba59fffff,Education,130
884995ba59fffff,Financial,26
884995ba59fffff,Health,96
884995ba59fffff,Hospitality,220
884995ba59fffff,Manufacturing,523
884995ba59fffff,Professional Service,8
884995ba59fffff,Public Administration,145
884995ba59fffff,Real Estate,18
884995ba59fffff,Retail,1223
884995ba59fffff,Transportation,46
884995ba59fffff,Wholesale,1178
884995ba5bfffff,Art/Culture,207
884995ba5bfffff,Business Support,10
884995ba5bfffff,Education,432
884995ba5bfffff,Financial,171
884995ba5bfffff,Health,259
884995ba5bfffff,Hospitality,231
884995ba5bfffff,Information,28
884995ba5bfffff,Manufacturing,226
884995ba5bfffff,Professional Service,41
884995ba5bfffff,Public Administration,932
884995ba5bfffff,Real Estate,121
884995ba5bfffff,Retail,917
884995ba5bfffff,Transportation,411
884995ba5bfffff,Wholesale,259
884995ba5dfffff,Art/Culture,106
884995ba5dfffff,Business Support,656
884995ba5dfffff,Construction,132
884995ba5dfffff,Education,176
884995ba5dfffff,Financial,375
884995ba5dfffff,Health,612
884995ba5dfffff,Hospitality,851
884995ba5dfffff,Information,31
884995ba5dfffff,Manufacturing,250
884995ba5dfffff,Professional Service,1119
884995ba5dfffff,Public Administration,124
884995ba5dfffff,Real Estate,18
884995ba5dfffff,Retail,1655
884995ba5dfffff,Transportation,94
884995ba5dfffff,Wholesale,1787
884995ba61fffff,Art/Culture,24
884995ba61fffff,Business Support,862
884995ba61fffff,Construction,48
884995ba61fffff,Education,369
884995ba61fffff,Energy,26
884995ba61fffff,Financial,312
884995ba61fffff,Health,360
884995ba61fffff,Hospitality,739
884995ba61fffff,Information,43
884995ba61fffff,Manufacturing,162
884995ba61fffff,Professional Service,719
884995ba61fffff,Public Administration,641
884995ba61fffff,Real Estate,52
884995ba61fffff,Retail,651
884995ba61fffff,Transportation,688
884995ba61fffff,Wholesale,472
884995ba63fffff,Art/Culture,148
884995ba63fffff,Business Support,897
884995ba63fffff,Construction,716
884995ba63fffff,Education,232
884995ba63fffff,Financial,294
884995ba63fffff,Health,420
884995ba63fffff,Hospitality,1066
884995ba63fffff,Information,88
884995ba63fffff,Manufacturing,309
884995ba63fffff,Professional Service,401
884995ba63fffff,Public Administration,470
884995ba63fffff,Real Estate,113
884995ba63fffff,Retail,1901
884995ba63fffff,Transportation,181
884995ba63fffff,Wholesale,494
884995ba65fffff,Art/Culture,38
884995ba65fffff,Business Support,66
884995ba65fffff,Construction,30
884995ba65fffff,Education,275
884995ba65fffff,Financial,30
884995ba65fffff,Health,392
884995ba65fffff,Hospitality,518
884995ba65fffff,Manufacturing,411
884995ba65fffff,Professional Service,33
884995ba65fffff,Public Administration,86
884995ba65fffff,Real Estate,19
884995ba65fffff,Retail,1047
884995ba65fffff,Transportation,101
884995ba65fffff,Wholesale,711
884995ba67fffff,Art/Culture,36
884995ba67fffff,Business Support,96
884995ba67fffff,Construction,73
884995ba67fffff,Education,331
884995ba67fffff,Financial,159
884995ba67fffff,Health,313
884995ba67fffff,Hospitality,698
884995ba67fffff,Information,21
884995ba67fffff,Manufacturing,265
884995ba67fffff,Professional Service,242
884995ba67fffff,Public Administration,893
884995ba67fffff,Real Estate,25
884995ba67fffff,Retail,782
884995ba67fffff,Transportation,16
884995ba67fffff,Wholesale,357
884995ba69fffff,Agriculture,3
884995ba69fffff,Art/Culture,62
884995ba69fffff,Business Support,512
884995ba69fffff,Construction,196
884995ba69fffff,Education,298
884995ba69fffff,Financial,236
884995ba69fffff,Health,282
884995ba69fffff,Hospitality,771
884995ba69fffff,Information,11
884995ba69fffff,Manufacturing,350
884995ba69fffff,Professional Service,713
884995ba69fffff,Public Administration,183
884995ba69fffff,Real Estate,103
884995ba69fffff,Retail,1181
884995ba69fffff,Transportation,52
884995ba69fffff,Wholesale,160
884995ba6bfffff,Art/Culture,38
884995ba6bfffff,Business Support,873
884995ba6bfffff,Construction,82
884995ba6bfffff,Education,636
884995ba6bfffff,Financial,56
884995ba6bfffff,Health,502
884995ba6bfffff,Hospitality,461
884995ba6bfffff,Information,61
884995ba6bfffff,Manufacturing,480
884995ba6bfffff,Professional Service,787
884995ba6bfffff,Public Administration,878
884995ba6bfffff,Real Estate,29
884995ba6bfffff,Retail,1282
884995ba6bfffff,Transportation,100
884995ba6bfffff,Wholesale,769
884995ba6dfffff,Art/Culture,134
884995ba6dfffff,Business Support,243
884995ba6dfffff,Construction,43
884995ba6dfffff,Education,312
884995ba6dfffff,Financial,37
884995ba6dfffff,Health,557
884995ba6dfffff,Hospitality,711
884995ba6dfffff,Information,31
884995ba6dfffff,Manufacturing,335
884995ba6dfffff,Professional Service,150
884995ba6dfffff,Public Administration,129
884995ba6dfffff,Real Estate,7
884995ba6dfffff,Retail,1175
884995ba6dfffff,Transportation,157
884995ba6dfffff,Wholesale,195
884995ba81fffff,Art/Culture,40
884995ba81fffff,Business Support,191
884995ba81fffff,Corporate,31
884995ba81fffff,Education,280
884995ba81fffff,Financial,207
884995ba81fffff,Health,55
884995ba81fffff,Hospitality,154
884995ba81fffff,Information,22
884995ba81fffff,Manufacturing,151
884995ba81fffff,Professional Service,193
884995ba81fffff,Public Administration,789
884995ba81fffff,Real Estate,71
884995ba81fffff,Retail,758
884995ba81fffff,Wholesale,230
884995ba83fffff,Art/Culture,98
884995ba83fffff,Business Support,68
884995ba83fffff,Construction,3
884995ba83fffff,Education,341
884995ba83fffff,Financial,76
884995ba83fffff,Health,56
884995ba83fffff,Hospitality,497
884995ba83fffff,Information,53
884995ba83fffff,Manufacturing,1003
884995ba83fffff,Professional Service,23
884995ba83fffff,Public Administration,364
884995ba83fffff,Real Estate,63
884995ba83fffff,Retail,1864
884995ba83fffff,Transportation,188
884995ba83fffff,Wholesale,1026
884995ba85fffff,Art/Culture,33
884995ba85fffff,Business Support,14
884995ba85fffff,Construction,4
884995ba85fffff,Education,241
884995ba85fffff,Financial,146
884995ba85fffff,Health,822
884995ba85fffff,Hospitality,539
884995ba85fffff,Manufacturing,888
884995ba85fffff,Professional Service,81
884995ba85fffff,Public Administration,40
884995ba85fffff,Real Estate,10
884995ba85fffff,Retail,1835
884995ba85fffff,Transportation,44
884995ba85fffff,Wholesale,343
884995ba87fffff,Art/Culture,30
884995ba87fffff,Business Support,8
884995ba87fffff,Construction,5
884995ba87fffff,Education,269
884995ba87fffff,Financial,71
884995ba87fffff,Health,119
884995ba87fffff,Hospitality,126
884995ba87fffff,Information,16
884995ba87fffff,Manufacturing,82
884995ba87fffff,Professional Service,18
884995ba87fffff,Public Administration,9
884995ba87fffff,Real Estate,10
884995ba87fffff,Retail,715
884995ba87fffff,Transportation,22
884995ba87fffff,Wholesale,63
884995ba89fffff,Art/Culture,111
884995ba89fffff,Business Support,669
884995ba89fffff,Construction,839
884995ba89fffff,Corporate,4
884995ba89fffff,Education,593
884995ba89fffff,Financial,175
884995ba89fffff,Health,227
884995ba89fffff,Hospitality,244
884995ba89fffff,Information,23
884995ba89fffff,Manufacturing,45
884995ba89fffff,Professional Service,991
884995ba89fffff,Public Administration,1684
884995ba89fffff,Real Estate,83
884995ba89fffff,Retail,617
884995ba89fffff,Transportation,8
884995ba89fffff,Wholesale,1226
884995ba8bfffff,Art/Culture,392
884995ba8bfffff,Business Support,869
884995ba8bfffff,Construction,292
884995ba8bfffff,Education,637
884995ba8bfffff,Financial,547
884995ba8bfffff,Health,51
884995ba8bfffff,Hospitality,1249
884995ba8bfffff,Information,172
884995ba8bfffff,Manufacturing,41
884995ba8bfffff,Professional Service,150
884995ba8bfffff,Public Administration,330
884995ba8bfffff,Real Estate,77
884995ba8bfffff,Retail,3425
884995ba8bfffff,Transportation,53
884995ba8bfffff,Wholesale,65
884995ba8dfffff,Art/Culture,629
884995ba8dfffff,Business Support,1027
884995ba8dfffff,Construction,919
884995ba8dfffff,Corporate,361
884995ba8dfffff,Education,170
884995ba8dfffff,Energy,593
884995ba8dfffff,Financial,872
884995ba8dfffff,Health,80
884995ba8dfffff,Hospitality,662
884995ba8dfffff,Information,1037
884995ba8dfffff,Manufacturing,1721
884995ba8dfffff,Professional Service,1807
884995ba8dfffff,Public Administration,8
884995ba8dfffff,Real Estate,555
884995ba8dfffff,Retail,3288
884995ba8dfffff,Transportation,318
884995ba8dfffff,Wholesale,2782
884995baa1fffff,Art/Culture,59
884995baa1fffff,Business Support,306
884995baa1fffff,Construction,24
884995baa1fffff,Education,871
884995baa1fffff,Financial,300
884995baa1fffff,Health,456
884995baa1fffff,Hospitality,1001
884995baa1fffff,Information,34
884995baa1fffff,Manufacturing,797
884995baa1fffff,Professional Service,80
884995baa1fffff,Public Administration,560
884995baa1fffff,Real Estate,54
884995baa1fffff,Retail,2510
884995baa1fffff,Transportation,241
884995baa1fffff,Wholesale,256
884995baa5fffff,Art/Culture,39
884995baa5fffff,Business Support,339
884995baa5fffff,Construction,67
884995baa5fffff,Education,767
884995baa5fffff,Financial,69
884995baa5fffff,Health,174
884995baa5fffff,Hospitality,543
884995baa5fffff,Information,141
884995baa5fffff,Manufacturing,756
884995baa5fffff,Professional Service,57
884995baa5fffff,Public Administration,85
884995baa5fffff,Real Estate,44
884995baa5fffff,Retail,967
884995baa5fffff,Transportation,19
884995baa5fffff,Wholesale,601
884995baa7fffff,Art/Culture,39
884995baa7fffff,Business Support,164
884995baa7fffff,Construction,81
884995baa7fffff,Education,289
884995baa7fffff,Financial,225
884995baa7fffff,Health,240
884995baa7fffff,Hospitality,812
884995baa7fffff,Information,22
884995baa7fffff,Manufacturing,302
884995baa7fffff,Professional Service,124
884995baa7fffff,Public Administration,65
884995baa7fffff,Real Estate,34
884995baa7fffff,Retail,685
884995baa7fffff,Transportation,273
884995baa7fffff,Wholesale,304
884995baa9fffff,Art/Culture,29
884995baa9fffff,Business Support,1481
884995baa9fffff,Construction,200
884995baa9fffff,Education,192
884995baa9fffff,Energy,157
884995baa9fffff,Financial,91
884995baa9fffff,Health,674
884995baa9fffff,Hospitality,390
884995baa9fffff,Information,3
884995baa9fffff,Manufacturing,614
884995baa9fffff,Professional Service,23
884995baa9fffff,Public Administration,461
884995baa9fffff,Real Estate,4
884995baa9fffff,Retail,772
884995baa9fffff,Transportation,178
884995baa9fffff,Wholesale,341
884995baabfffff,Art/Culture,1
884995baabfffff,Business Support,182
884995baabfffff,Construction,76
884995baabfffff,Education,66
884995baabfffff,Financial,35
884995baabfffff,Health,51
884995baabfffff,Hospitality,252
884995baabfffff,Information,4
884995baabfffff,Manufacturing,687
884995baabfffff,Professional Service,74
884995baabfffff,Public Administration,25
884995baabfffff,Real Estate,250
884995baabfffff,Retail,902
884995baabfffff,Transportation,265
884995baabfffff,Wholesale,308
884995baadfffff,Art/Culture,26
884995baadfffff,Business Support,26
884995baadfffff,Construction,241
884995baadfffff,Education,516
884995baadfffff,Financial,29
884995baadfffff,Health,195
884995baadfffff,Hospitality,323
884995baadfffff,Information,30
884995baadfffff,Manufacturing,266
884995baadfffff,Professional Service,100
884995baadfffff,Public Administration,14
884995baadfffff,Real Estate,271
884995baadfffff,Retail,710
884995baadfffff,Transportation,127
884995baadfffff,Wholesale,1035
884995bab1fffff,Art/Culture,6
884995bab1fffff,Business Support,10
884995bab1fffff,Education,86
884995bab1fffff,Energy,8
884995bab1fffff,Financial,6
884995bab1fffff,Health,106
884995bab1fffff,Hospitality,99
884995bab1fffff,Manufacturing,891
884995bab1fffff,Professional Service,17
884995bab1fffff,Public Administration,8
884995bab1fffff,Real Estate,5
884995bab1fffff,Retail,443
884995bab1fffff,Transportation,5
884995bab1fffff,Wholesale,667
884995bab3fffff,Art/Culture,49
884995bab3fffff,Business Support,23
884995bab3fffff,Education,443
884995bab3fffff,Energy,1
884995bab3fffff,Financial,91
884995bab3fffff,Health,654
884995bab3fffff,Hospitality,229
884995bab3fffff,Manufacturing,462
884995bab3fffff,Professional Service,6
884995bab3fffff,Public Administration,30
884995bab3fffff,Real Estate,12
884995bab3fffff,Retail,743
884995bab3fffff,Wholesale,103
884995bab5fffff,Art/Culture,33
884995bab5fffff,Business Support,233
884995bab5fffff,Construction,40
884995bab5fffff,Corporate,8
884995bab5fffff,Education,65
884995bab5fffff,Financial,211
884995bab5fffff,Health,117
884995bab5fffff,Hospitality,379
884995bab5fffff,Information,23
884995bab5fffff,Manufacturing,3150
884995bab5fffff,Professional Service,56
884995bab5fffff,Public Administration,428
884995bab5fffff,Real Estate,47
884995bab5fffff,Retail,1009
884995bab5fffff,Transportation,79
884995bab5fffff,Wholesale,939
884995bab7fffff,Art/Culture,18
884995bab7fffff,Business Support,2
884995bab7fffff,Construction,8
884995bab7fffff,Education,609
884995bab7fffff,Energy,7
884995bab7fffff,Financial,43
884995bab7fffff,Health,114
884995bab7fffff,Hospitality,128
884995bab7fffff,Information,446
884995bab7fffff,Manufacturing,289
884995bab7fffff,Professional Service,12
884995bab7fffff,Public Administration,132
884995bab7fffff,Real Estate,8
884995bab7fffff,Retail,608
884995bab7fffff,Transportation,66
884995bab7fffff,Wholesale,257
884995bab9fffff,Art/Culture,20
884995bab9fffff,Business Support,5
884995bab9fffff,Corporate,4
884995bab9fffff,Education,33
884995bab9fffff,Energy,20
884995bab9fffff,Financial,3
884995bab9fffff,Health,32
884995bab9fffff,Hospitality,177
884995bab9fffff,Manufacturing,711
884995bab9fffff,Professional Service,16
884995bab9fffff,Real Estate,11
884995bab9fffff,Retail,1035
884995bab9fffff,Transportation,325
884995bab9fffff,Wholesale,159
884995babbfffff,Art/Culture,14
884995babbfffff,Business Support,25
884995babbfffff,Education,169
884995babbfffff,Health,90
884995babbfffff,Hospitality,182
884995babbfffff,Manufacturing,1265
884995babbfffff,Professional Service,15
884995babbfffff,Public Administration,1
884995babbfffff,Real Estate,23
884995babbfffff,Retail,921
884995babbfffff,Transportation,184
884995babbfffff,Wholesale,987
884995babdfffff,Art/Culture,243
884995bac1fffff,Agriculture,25
884995bac1fffff,Art/Culture,58
884995bac1fffff,Business Support,1191
884995bac1fffff,Construction,1791
884995bac1fffff,Corporate,220
884995bac1fffff,Education,269
884995bac1fffff,Energy,151
884995bac1fffff,Financial,3526
884995bac1fffff,Health,364
884995bac1fffff,Hospitality,1132
884995bac1fffff,Information,1634
884995bac1fffff,Manufacturing,589
884995bac1fffff,Professional Service,3820
884995bac1fffff,Public Administration,400
884995bac1fffff,Real Estate,1054
884995bac1fffff,Retail,1291
884995bac1fffff,Transportation,2269
884995bac1fffff,Wholesale,1998
884995bac3fffff,Agriculture,23
884995bac3fffff,Art/Culture,542
884995bac3fffff,Business Support,970
884995bac3fffff,Construction,30
884995bac3fffff,Corporate,9
884995bac3fffff,Education,1462
884995bac3fffff,Energy,522
884995bac3fffff,Financial,1058
884995bac3fffff,Health,949
884995bac3fffff,Hospitality,106
884995bac3fffff,Information,43
884995bac3fffff,Manufacturing,131
884995bac3fffff,Professional Service,2333
884995bac3fffff,Public Administration,1683
884995bac3fffff,Real Estate,250
884995bac3fffff,Retail,289
884995bac3fffff,Transportation,312
884995bac3fffff,Wholesale,1303
884995bac7fffff,Art/Culture,531
884995bac7fffff,Business Support,892
884995bac7fffff,Construction,1246
884995bac7fffff,Corporate,51
884995bac7fffff,Education,894
884995bac7fffff,Energy,55
884995bac7fffff,Financial,1723
884995bac7fffff,Health,481
884995bac7fffff,Hospitality,2458
884995bac7fffff,Information,734
884995bac7fffff,Manufacturing,1307
884995bac7fffff,Professional Service,5511
884995bac7fffff,Public Administration,149
884995bac7fffff,Real Estate,1332
884995bac7fffff,Retail,3401
884995bac7fffff,Transportation,769
884995bac7fffff,Wholesale,4781
884995bac9fffff,Art/Culture,25
884995bac9fffff,Business Support,141
884995bac9fffff,Construction,70
884995bac9fffff,Education,154
884995bac9fffff,Financial,182
884995bac9fffff,Health,67
884995bac9fffff,Hospitality,801
884995bac9fffff,Information,24
884995bac9fffff,Manufacturing,72
884995bac9fffff,Professional Service,302
884995bac9fffff,Public Administration,19
884995bac9fffff,Real Estate,47
884995bac9fffff,Retail,513
884995bac9fffff,Transportation,7
884995bac9fffff,Wholesale,112
884995bacbfffff,Art/Culture,330
884995bacbfffff,Business Support,541
884995bacbfffff,Construction,425
884995bacbfffff,Corporate,22
884995bacbfffff,Education,92
884995bacbfffff,Energy,2
884995bacbfffff,Financial,452
884995bacbfffff,Health,130
884995bacbfffff,Hospitality,505
884995bacbfffff,Information,118
884995bacbfffff,Manufacturing,441
884995bacbfffff,Professional Service,452
884995bacbfffff,Public Administration,300
884995bacbfffff,Real Estate,1374
884995bacbfffff,Retail,691
884995bacbfffff,Transportation,457
884995bacbfffff,Wholesale,65
884995bacdfffff,Art/Culture,19
884995bacdfffff,Business Support,406
884995bacdfffff,Construction,1504
884995bacdfffff,Education,433
884995bacdfffff,Financial,373
884995bacdfffff,Health,633
884995bacdfffff,Hospitality,372
884995bacdfffff,Information,155
884995bacdfffff,Manufacturing,31
884995bacdfffff,Professional Service,1313
884995bacdfffff,Public Administration,84
884995bacdfffff,Real Estate,368
884995bacdfffff,Retail,695
884995bacdfffff,Transportation,26
884995bacdfffff,Wholesale,280
884995baddfffff,Agriculture,4
884995baddfffff,Art/Culture,228
884995baddfffff,Business Support,167
884995baddfffff,Construction,8
884995baddfffff,Corporate,1
884995baddfffff,Education,211
884995baddfffff,Energy,86
884995baddfffff,Financial,482
884995baddfffff,Health,305
884995baddfffff,Hospitality,101
884995baddfffff,Manufacturing,320
884995baddfffff,Professional Service,360
884995baddfffff,Public Administration,2231
884995baddfffff,Real Estate,2
884995baddfffff,Retail,181
884995baddfffff,Transportation,8
884995baddfffff,Wholesale,9
884995bae1fffff,Art/Culture,203
884995bae1fffff,Business Support,2527
884995bae1fffff,Construction,2377
884995bae1fffff,Corporate,5
884995bae1fffff,Education,797
884995bae1fffff,Energy,19
884995bae1fffff,Financial,1049
884995bae1fffff,Health,1099
884995bae1fffff,Hospitality,1704
884995bae1fffff,Information,450
884995bae1fffff,Manufacturing,1312
884995bae1fffff,Professional Service,4918
884995bae1fffff,Public Administration,562
884995bae1fffff,Real Estate,408
884995bae1fffff,Retail,2292
884995bae1fffff,Transportation,1712
884995bae1fffff,Wholesale,3028
884995bae3fffff,Art/Culture,127
884995bae3fffff,Business Support,144
884995bae3fffff,Construction,5
884995bae3fffff,Education,462
884995bae3fffff,Financial,145
884995bae3fffff,Health,193
884995bae3fffff,Hospitality,448
884995bae3fffff,Information,32
884995bae3fffff,Manufacturing,1668
884995bae3fffff,Professional Service,166
884995bae3fffff,Public Administration,125
884995bae3fffff,Real Estate,66
884995bae3fffff,Retail,1393
884995bae3fffff,Transportation,45
884995bae3fffff,Wholesale,1299
884995bae5fffff,Art/Culture,223
884995bae5fffff,Business Support,1344
884995bae5fffff,Construction,2278
884995bae5fffff,Education,531
884995bae5fffff,Energy,40
884995bae5fffff,Financial,2261
884995bae5fffff,Health,793
884995bae5fffff,Hospitality,1247
884995bae5fffff,Information,256
884995bae5fffff,Manufacturing,285
884995bae5fffff,Professional Service,2673
884995bae5fffff,Public Administration,1447
884995bae5fffff,Real Estate,349
884995bae5fffff,Retail,1944
884995bae5fffff,Transportation,69
884995bae5fffff,Wholesale,1085
884995bae7fffff,Art/Culture,47
884995bae7fffff,Business Support,101
884995bae7fffff,Construction,229
884995bae7fffff,Education,863
884995bae7fffff,Energy,479
884995bae7fffff,Financial,254
884995bae7fffff,Health,571
884995bae7fffff,Hospitality,575
884995bae7fffff,Information,52
884995bae7fffff,Manufacturing,1471
884995bae7fffff,Professional Service,244
884995bae7fffff,Public Administration,92
884995bae7fffff,Real Estate,91
884995bae7fffff,Retail,1565
884995bae7fffff,Transportation,461
884995bae7fffff,Wholesale,1165
884995bae9fffff,Art/Culture,101
884995bae9fffff,Business Support,451
884995bae9fffff,Construction,476
884995bae9fffff,Corporate,3
884995bae9fffff,Education,1046
884995bae9fffff,Energy,384
884995bae9fffff,Financial,1949
884995bae9fffff,Health,583
884995bae9fffff,Hospitality,5895
884995bae9fffff,Information,106
884995bae9fffff,Manufacturing,209
884995bae9fffff,Professional Service,1604
884995bae9fffff,Public Administration,414
884995bae9fffff,Real Estate,590
884995bae9fffff,Retail,2136
884995bae9fffff,Transportation,768
884995bae9fffff,Wholesale,1007
884995baebfffff,Art/Culture,73
884995baebfffff,Business Support,672
884995baebfffff,Construction,446
884995baebfffff,Corporate,164
884995baebfffff,Education,439
884995baebfffff,Energy,845
884995baebfffff,Financial,1622
884995baebfffff,Health,1273
884995baebfffff,Hospitality,1288
884995baebfffff,Information,525
884995baebfffff,Manufacturing,295
884995baebfffff,Professional Service,2956
884995baebfffff,Public Administration,187
884995baebfffff,Real Estate,465
884995baebfffff,Retail,2821
884995baebfffff,Transportation,149
884995baebfffff,Wholesale,2148
884995baedfffff,Art/Culture,73
884995baedfffff,Business Support,1470
884995baedfffff,Construction,657
884995baedfffff,Corporate,7
884995baedfffff,Education,233
884995baedfffff,Energy,47
884995baedfffff,Financial,2172
884995baedfffff,Health,385
884995baedfffff,Hospitality,2015
884995baedfffff,Information,881
884995baedfffff,Manufacturing,350
884995baedfffff,Professional Service,2685
884995baedfffff,Public Administration,87
884995baedfffff,Real Estate,625
884995baedfffff,Retail,1693
884995baedfffff,Transportation,525
884995baedfffff,Wholesale,1886
884995bb03fffff,Art/Culture,200
884995bb03fffff,Business Support,44
884995bb03fffff,Construction,48
884995bb03fffff,Education,277
884995bb03fffff,Financial,9
884995bb03fffff,Health,64
884995bb03fffff,Hospitality,251
884995bb03fffff,Manufacturing,58
884995bb03fffff,Professional Service,39
884995bb03fffff,Public Administration,775
884995bb03fffff,Real Estate,11
884995bb03fffff,Retail,270
884995bb03fffff,Wholesale,7
884995bb07fffff,Art/Culture,10
884995bb07fffff,Business Support,226
884995bb07fffff,Construction,4
884995bb07fffff,Education,466
884995bb07fffff,Energy,104
884995bb07fffff,Financial,237
884995bb07fffff,Health,396
884995bb07fffff,Hospitality,607
884995bb07fffff,Information,30
884995bb07fffff,Manufacturing,48
884995bb07fffff,Professional Service,80
884995bb07fffff,Public Administration,289
884995bb07fffff,Real Estate,35
884995bb07fffff,Retail,614
884995bb07fffff,Transportation,400
884995bb07fffff,Wholesale,8
884995bb09fffff,Art/Culture,49
884995bb09fffff,Business Support,114
884995bb09fffff,Construction,3
884995bb09fffff,Education,238
884995bb09fffff,Energy,6
884995bb09fffff,Financial,285
884995bb09fffff,Health,101
884995bb09fffff,Hospitality,266
884995bb09fffff,Information,8
884995bb09fffff,Manufacturing,2416
884995bb09fffff,Professional Service,583
884995bb09fffff,Public Administration,11
884995bb09fffff,Real Estate,27
884995bb09fffff,Retail,930
884995bb09fffff,Transportation,138
884995bb09fffff,Wholesale,553
884995bb0bfffff,Art/Culture,4
884995bb0bfffff,Business Support,1214
884995bb0bfffff,Construction,37
884995bb0bfffff,Education,267
884995bb0bfffff,Financial,60
884995bb0bfffff,Health,1054
884995bb0bfffff,Hospitality,768
884995bb0bfffff,Information,3
884995bb0bfffff,Manufacturing,1017
884995bb0bfffff,Professional Service,38
884995bb0bfffff,Public Administration,65
884995bb0bfffff,Real Estate,32
884995bb0bfffff,Retail,1395
884995bb0bfffff,Transportation,55
884995bb0bfffff,Wholesale,796
884995bb0dfffff,Art/Culture,6
884995bb0dfffff,Business Support,410
884995bb0dfffff,Construction,22
884995bb0dfffff,Education,435
884995bb0dfffff,Energy,8
884995bb0dfffff,Financial,183
884995bb0dfffff,Health,107
884995bb0dfffff,Hospitality,309
884995bb0dfffff,Information,144
884995bb0dfffff,Manufacturing,2886
884995bb0dfffff,Professional Service,86
884995bb0dfffff,Public Administration,2027
884995bb0dfffff,Real Estate,255
884995bb0dfffff,Retail,952
884995bb0dfffff,Transportation,44
884995bb0dfffff,Wholesale,681
884995bb11fffff,Art/Culture,36
884995bb11fffff,Business Support,864
884995bb11fffff,Education,530
884995bb11fffff,Energy,1
884995bb11fffff,Financial,254
884995bb11fffff,Health,218
884995bb11fffff,Hospitality,755
884995bb11fffff,Information,46
884995bb11fffff,Manufacturing,416
884995bb11fffff,Professional Service,43
884995bb11fffff,Public Administration,88
884995bb11fffff,Real Estate,24
884995bb11fffff,Retail,3348
884995bb11fffff,Transportation,113
884995bb11fffff,Wholesale,332
884995bb13fffff,Art/Culture,106
884995bb13fffff,Business Support,268
884995bb13fffff,Construction,4
884995bb13fffff,Education,480
884995bb13fffff,Financial,380
884995bb13fffff,Health,997
884995bb13fffff,Hospitality,1564
884995bb13fffff,Information,53
884995bb13fffff,Manufacturing,1425
884995bb13fffff,Professional Service,68
884995bb13fffff,Public Administration,1631
884995bb13fffff,Real Estate,73
884995bb13fffff,Retail,13494
884995bb13fffff,Transportation,89
884995bb13fffff,Wholesale,2130
884995bb15fffff,Art/Culture,95
884995bb15fffff,Business Support,36
884995bb15fffff,Education,686
884995bb15fffff,Energy,2
884995bb15fffff,Financial,28
884995bb15fffff,Health,200
884995bb15fffff,Hospitality,569
884995bb15fffff,Information,63
884995bb15fffff,Manufacturing,116
884995bb15fffff,Professional Service,37
884995bb15fffff,Public Administration,2365
884995bb15fffff,Real Estate,25
884995bb15fffff,Retail,520
884995bb15fffff,Transportation,70
884995bb15fffff,Wholesale,43
884995bb17fffff,Art/Culture,219
884995bb17fffff,Business Support,56
884995bb17fffff,Education,186
884995bb17fffff,Financial,246
884995bb17fffff,Health,340
884995bb17fffff,Hospitality,1724
884995bb17fffff,Information,24
884995bb17fffff,Manufacturing,344
884995bb17fffff,Professional Service,17
884995bb17fffff,Public Administration,2824
884995bb17fffff,Real Estate,11
884995bb17fffff,Retail,15177
884995bb17fffff,Transportation,83
884995bb17fffff,Wholesale,533
884995bb19fffff,Art/Culture,35
884995bb19fffff,Business Support,866
884995bb19fffff,Construction,8
884995bb19fffff,Education,474
884995bb19fffff,Financial,159
884995bb19fffff,Health,201
884995bb19fffff,Hospitality,537
884995bb19fffff,Manufacturing,533
884995bb19fffff,Professional Service,40
884995bb19fffff,Public Administration,188
884995bb19fffff,Real Estate,24
884995bb19fffff,Retail,3406
884995bb19fffff,Transportation,110
884995bb19fffff,Wholesale,486
884995bb1bfffff,Art/Culture,39
884995bb1bfffff,Business Support,913
884995bb1bfffff,Construction,5
884995bb1bfffff,Education,744
884995bb1bfffff,Energy,4
884995bb1bfffff,Financial,274
884995bb1bfffff,Health,469
884995bb1bfffff,Hospitality,873
884995bb1bfffff,Information,17
884995bb1bfffff,Manufacturing,2123
884995bb1bfffff,Professional Service,75
884995bb1bfffff,Public Administration,2632
884995bb1bfffff,Real Estate,32
884995bb1bfffff,Retail,1629
884995bb1bfffff,Transportation,38
884995bb1bfffff,Wholesale,1184
884995bb1dfffff,Art/Culture,36
884995bb1dfffff,Business Support,196
884995bb1dfffff,Construction,3
884995bb1dfffff,Education,274
884995bb1dfffff,Energy,4
884995bb1dfffff,Financial,202
884995bb1dfffff,Health,218
884995bb1dfffff,Hospitality,683
884995bb1dfffff,Information,4
884995bb1dfffff,Manufacturing,607
884995bb1dfffff,Professional Service,134
884995bb1dfffff,Public Administration,140
884995bb1dfffff,Real Estate,42
884995bb1dfffff,Retail,1869
884995bb1dfffff,Transportation,190
884995bb1dfffff,Wholesale,196
884995bb21fffff,Art/Culture,9
884995bb21fffff,Business Support,225
884995bb21fffff,Education,367
884995bb21fffff,Financial,109
884995bb21fffff,Health,80
884995bb21fffff,Hospitality,303
884995bb21fffff,Information,7
884995bb21fffff,Manufacturing,150
884995bb21fffff,Professional Service,14
884995bb21fffff,Public Administration,11
884995bb21fffff,Real Estate,22
884995bb21fffff,Retail,1036
884995bb21fffff,Transportation,413
884995bb21fffff,Wholesale,70
884995bb23fffff,Art/Culture,36
884995bb23fffff,Business Support,108
884995bb23fffff,Construction,2
884995bb23fffff,Education,530
884995bb23fffff,Financial,31
884995bb23fffff,Health,129
884995bb23fffff,Hospitality,342
884995bb23fffff,Information,15
884995bb23fffff,Manufacturing,323
884995bb23fffff,Professional Service,30
884995bb23fffff,Public Administration,412
884995bb23fffff,Real Estate,4
884995bb23fffff,Retail,1091
884995bb23fffff,Transportation,1736
884995bb23fffff,Wholesale,117
884995bb25fffff,Art/Culture,18
884995bb25fffff,Business Support,262
884995bb25fffff,Construction,142
884995bb25fffff,Education,299
884995bb25fffff,Energy,9
884995bb25fffff,Financial,7
884995bb25fffff,Health,74
884995bb25fffff,Hospitality,647
884995bb25fffff,Information,8
884995bb25fffff,Manufacturing,319
884995bb25fffff,Professional Service,55
884995bb25fffff,Public Administration,62
884995bb25fffff,Real Estate,56
884995bb25fffff,Retail,1474
884995bb25fffff,Transportation,741
884995bb25fffff,Wholesale,28
884995bb29fffff,Art/Culture,35
884995bb29fffff,Business Support,13
884995bb29fffff,Education,125
884995bb29fffff,Financial,45
884995bb29fffff,Health,39
884995bb29fffff,Hospitality,178
884995bb29fffff,Manufacturing,53
884995bb29fffff,Professional Service,2
884995bb29fffff,Public Administration,9
884995bb29fffff,Real Estate,11
884995bb29fffff,Retail,263
884995bb29fffff,Transportation,85
884995bb29fffff,Wholesale,19
884995bb2bfffff,Art/Culture,23
884995bb2bfffff,Business Support,20
884995bb2bfffff,Construction,31
884995bb2bfffff,Education,181
884995bb2bfffff,Financial,202
884995bb2bfffff,Health,190
884995bb2bfffff,Hospitality,703
884995bb2bfffff,Information,20
884995bb2bfffff,Manufacturing,574
884995bb2bfffff,Professional Service,26
884995bb2bfffff,Public Administration,117
884995bb2bfffff,Real Estate,84
884995bb2bfffff,Retail,1447
884995bb2bfffff,Transportation,159
884995bb2bfffff,Wholesale,874
884995bb2dfffff,Art/Culture,31
884995bb2dfffff,Business Support,9
884995bb2dfffff,Construction,20
884995bb2dfffff,Education,309
884995bb2dfffff,Energy,13
884995bb2dfffff,Financial,45
884995bb2dfffff,Health,61
884995bb2dfffff,Hospitality,248
884995bb2dfffff,Information,3
884995bb2dfffff,Manufacturing,910
884995bb2dfffff,Professional Service,6
884995bb2dfffff,Public Administration,52
884995bb2dfffff,Real Estate,10
884995bb2dfffff,Retail,690
884995bb2dfffff,Transportation,4
884995bb2dfffff,Wholesale,373
884995bb31fffff,Art/Culture,14
884995bb31fffff,Business Support,41
884995bb31fffff,Construction,13
884995bb31fffff,Education,110
884995bb31fffff,Financial,124
884995bb31fffff,Health,136
884995bb31fffff,Hospitality,399
884995bb31fffff,Manufacturing,285
884995bb31fffff,Professional Service,93
884995bb31fffff,Public Administration,48
884995bb31fffff,Real Estate,22
884995bb31fffff,Retail,1173
884995bb31fffff,Transportation,78
884995bb31fffff,Wholesale,156
884995bb33fffff,Art/Culture,12
884995bb33fffff,Business Support,24
884995bb33fffff,Construction,112
884995bb33fffff,Corporate,11
884995bb33fffff,Education,102
884995bb33fffff,Energy,1
884995bb33fffff,Financial,81
884995bb33fffff,Health,139
884995bb33fffff,Hospitality,140
884995bb33fffff,Information,37
884995bb33fffff,Manufacturing,59
884995bb33fffff,Professional Service,46
884995bb33fffff,Public Administration,166
884995bb33fffff,Real Estate,8
884995bb33fffff,Retail,349
884995bb33fffff,Transportation,3037
884995bb33fffff,Wholesale,45
884995bb35fffff,Art/Culture,22
884995bb35fffff,Business Support,49
884995bb35fffff,Construction,4
884995bb35fffff,Education,247
884995bb35fffff,Financial,155
884995bb35fffff,Health,232
884995bb35fffff,Hospitality,446
884995bb35fffff,Information,30
884995bb35fffff,Manufacturing,204
884995bb35fffff,Professional Service,57
884995bb35fffff,Public Administration,201
884995bb35fffff,Real Estate,48
884995bb35fffff,Retail,1244
884995bb35fffff,Transportation,747
884995bb35fffff,Wholesale,104
884995bb37fffff,Art/Culture,85
884995bb37fffff,Business Support,18
884995bb37fffff,Education,465
884995bb37fffff,Financial,93
884995bb37fffff,Health,433
884995bb37fffff,Hospitality,276
884995bb37fffff,Information,13
884995bb37fffff,Manufacturing,1718
884995bb37fffff,Professional Service,7
884995bb37fffff,Public Administration,398
884995bb37fffff,Real Estate,11
884995bb37fffff,Retail,1232
884995bb37fffff,Transportation,388
884995bb37fffff,Wholesale,191
884995bb39fffff,Art/Culture,23
884995bb39fffff,Business Support,30
884995bb39fffff,Construction,2
884995bb39fffff,Education,612
884995bb39fffff,Energy,3
884995bb39fffff,Financial,98
884995bb39fffff,Health,607
884995bb39fffff,Hospitality,518
884995bb39fffff,Manufacturing,125
884995bb39fffff,Professional Service,80
884995bb39fffff,Public Administration,146
884995bb39fffff,Real Estate,26
884995bb39fffff,Retail,863
884995bb39fffff,Transportation,52
884995bb39fffff,Wholesale,10
884995bb3bfffff,Art/Culture,25
884995bb3bfffff,Business Support,353
884995bb3bfffff,Education,354
884995bb3bfffff,Energy,1
884995bb3bfffff,Financial,285
884995bb3bfffff,Health,477
884995bb3bfffff,Hospitality,442
884995bb3bfffff,Information,4
884995bb3bfffff,Manufacturing,58
884995bb3bfffff,Professional Service,42
884995bb3bfffff,Public Administration,2132
884995bb3bfffff,Real Estate,25
884995bb3bfffff,Retail,566
884995bb3bfffff,Transportation,289
884995bb3bfffff,Wholesale,254
884995bb3dfffff,Art/Culture,102
884995bb3dfffff,Business Support,432
884995bb3dfffff,Construction,7
884995bb3dfffff,Education,237
884995bb3dfffff,Energy,2
884995bb3dfffff,Financial,345
884995bb3dfffff,Health,604
884995bb3dfffff,Hospitality,847
884995bb3dfffff,Information,45
884995bb3dfffff,Manufacturing,419
884995bb3dfffff,Professional Service,82
884995bb3dfffff,Public Administration,428
884995bb3dfffff,Real Estate,36
884995bb3dfffff,Retail,2172
884995bb3dfffff,Transportation,325
884995bb3dfffff,Wholesale,346
884995bb41fffff,Art/Culture,15
884995bb41fffff,Business Support,18
884995bb41fffff,Construction,11
884995bb41fffff,Education,477
884995bb41fffff,Energy,6
884995bb41fffff,Health,147
884995bb41fffff,Hospitality,188
884995bb41fffff,Information,4
884995bb41fffff,Manufacturing,186
884995bb41fffff,Professional Service,36
884995bb41fffff,Public Administration,179
884995bb41fffff,Real Estate,14
884995bb41fffff,Retail,904
884995bb41fffff,Transportation,69
884995bb41fffff,Wholesale,44
884995bb43fffff,Agriculture,6
884995bb43fffff,Art/Culture,14
884995bb43fffff,Business Support,29
884995bb43fffff,Construction,3
884995bb43fffff,Education,995
884995bb43fffff,Financial,8
884995bb43fffff,Health,148
884995bb43fffff,Hospitality,227
884995bb43fffff,Manufacturing,183
884995bb43fffff,Professional Service,25
884995bb43fffff,Public Administration,42
884995bb43fffff,Real Estate,10
884995bb43fffff,Retail,1011
884995bb43fffff,Transportation,20
884995bb43fffff,Wholesale,50
884995bb45fffff,Art/Culture,21
884995bb45fffff,Business Support,520
884995bb45fffff,Education,700
884995bb45fffff,Energy,22
884995bb45fffff,Financial,257
884995bb45fffff,Health,114
884995bb45fffff,Hospitality,535
884995bb45fffff,Information,32
884995bb45fffff,Manufacturing,193
884995bb45fffff,Professional Service,32
884995bb45fffff,Public Administration,1054
884995bb45fffff,Real Estate,10
884995bb45fffff,Retail,1161
884995bb45fffff,Transportation,31
884995bb45fffff,Wholesale,25
884995bb47fffff,Art/Culture,21
884995bb47fffff,Business Support,9
884995bb47fffff,Education,313
884995bb47fffff,Health,75
884995bb47fffff,Hospitality,260
884995bb47fffff,Manufacturing,269
884995bb47fffff,Professional Service,31
884995bb47fffff,Public Administration,93
884995bb47fffff,Real Estate,5
884995bb47fffff,Retail,1358
884995bb47fffff,Transportation,2
884995bb47fffff,Wholesale,8
884995bb49fffff,Art/Culture,45
884995bb49fffff,Business Support,69
884995bb49fffff,Construction,124
884995bb49fffff,Education,229
884995bb49fffff,Financial,1
884995bb49fffff,Health,70
884995bb49fffff,Hospitality,108
884995bb49fffff,Information,4
884995bb49fffff,Manufacturing,140
884995bb49fffff,Professional Service,106
884995bb49fffff,Real Estate,11
884995bb49fffff,Retail,402
884995bb49fffff,Wholesale,103
884995bb4bfffff,Art/Culture,69
884995bb4bfffff,Business Support,470
884995bb4bfffff,Education,264
884995bb4bfffff,Financial,231
884995bb4bfffff,Health,174
884995bb4bfffff,Hospitality,367
884995bb4bfffff,Information,54
884995bb4bfffff,Manufacturing,404
884995bb4bfffff,Professional Service,43
884995bb4bfffff,Public Administration,734
884995bb4bfffff,Real Estate,40
884995bb4bfffff,Retail,1475
884995bb4bfffff,Transportation,9
884995bb4bfffff,Wholesale,232
884995bb4dfffff,Art/Culture,1
884995bb4dfffff,Business Support,29
884995bb4dfffff,Construction,18
884995bb4dfffff,Education,152
884995bb4dfffff,Energy,7
884995bb4dfffff,Financial,21
884995bb4dfffff,Health,79
884995bb4dfffff,Hospitality,299
884995bb4dfffff,Information,2
884995bb4dfffff,Manufacturing,281
884995bb4dfffff,Professional Service,34
884995bb4dfffff,Public Administration,1316
884995bb4dfffff,Real Estate,7
884995bb4dfffff,Retail,780
884995bb4dfffff,Transportation,81
884995bb4dfffff,Wholesale,174
884995bb51fffff,Art/Culture,28
884995bb51fffff,Business Support,24
884995bb51fffff,Construction,43
884995bb51fffff,Education,262
884995bb51fffff,Health,108
884995bb51fffff,Hospitality,218
884995bb51fffff,Manufacturing,560
884995bb51fffff,Professional Service,251
884995bb51fffff,Public Administration,74
884995bb51fffff,Real Estate,26
884995bb51fffff,Retail,755
884995bb51fffff,Transportation,18
884995bb51fffff,Wholesale,170
884995bb53fffff,Art/Culture,26
884995bb53fffff,Business Support,688
884995bb53fffff,Construction,211
884995bb53fffff,Education,755
884995bb53fffff,Energy,48
884995bb53fffff,Financial,274
884995bb53fffff,Health,854
884995bb53fffff,Hospitality,591
884995bb53fffff,Information,37
884995bb53fffff,Manufacturing,868
884995bb53fffff,Professional Service,301
884995bb53fffff,Public Administration,391
884995bb53fffff,Real Estate,12
884995bb53fffff,Retail,1085
884995bb53fffff,Transportation,55
884995bb53fffff,Wholesale,684
884995bb55fffff,Art/Culture,29
884995bb55fffff,Business Support,13
884995bb55fffff,Construction,116
884995bb55fffff,Education,156
884995bb55fffff,Financial,129
884995bb55fffff,Health,1071
884995bb55fffff,Hospitality,209
884995bb55fffff,Manufacturing,1444
884995bb55fffff,Professional Service,41
884995bb55fffff,Real Estate,9
884995bb55fffff,Retail,972
884995bb55fffff,Transportation,92
884995bb55fffff,Wholesale,440
884995bb57fffff,Art/Culture,46
884995bb57fffff,Business Support,9
884995bb57fffff,Construction,152
884995bb57fffff,Education,114
884995bb57fffff,Energy,1
884995bb57fffff,Financial,52
884995bb57fffff,Health,130
884995bb57fffff,Hospitality,458
884995bb57fffff,Information,18
884995bb57fffff,Manufacturing,347
884995bb57fffff,Professional Service,41
884995bb57fffff,Public Administration,83
884995bb57fffff,Real Estate,14
884995bb57fffff,Retail,826
884995bb57fffff,Transportation,163
884995bb57fffff,Wholesale,365
884995bb59fffff,Art/Culture,50
884995bb59fffff,Business Support,94
884995bb59fffff,Construction,290
884995bb59fffff,Education,302
884995bb59fffff,Financial,12
884995bb59fffff,Health,157
884995bb59fffff,Hospitality,368
884995bb59fffff,Manufacturing,109
884995bb59fffff,Professional Service,123
884995bb59fffff,Public Administration,1
884995bb59fffff,Real Estate,8
884995bb59fffff,Retail,557
884995bb59fffff,Transportation,78
884995bb59fffff,Wholesale,322
884995bb5bfffff,Art/Culture,104
884995bb5bfffff,Business Support,896
884995bb5bfffff,Construction,122
884995bb5bfffff,Education,425
884995bb5bfffff,Financial,252
884995bb5bfffff,Health,219
884995bb5bfffff,Hospitality,629
884995bb5bfffff,Information,3
884995bb5bfffff,Manufacturing,727
884995bb5bfffff,Professional Service,210
884995bb5bfffff,Public Administration,500
884995bb5bfffff,Real Estate,32
884995bb5bfffff,Retail,1380
884995bb5bfffff,Transportation,371
884995bb5bfffff,Wholesale,447
884995bb5dfffff,Art/Culture,48
884995bb5dfffff,Business Support,42
884995bb5dfffff,Construction,4
884995bb5dfffff,Education,669
884995bb5dfffff,Financial,22
884995bb5dfffff,Health,164
884995bb5dfffff,Hospitality,173
884995bb5dfffff,Information,7
884995bb5dfffff,Manufacturing,471
884995bb5dfffff,Professional Service,38
884995bb5dfffff,Public Administration,132
884995bb5dfffff,Real Estate,10
884995bb5dfffff,Retail,702
884995bb5dfffff,Transportation,18
884995bb5dfffff,Wholesale,216
884995bb61fffff,Art/Culture,41
884995bb61fffff,Business Support,16
884995bb61fffff,Construction,6
884995bb61fffff,Education,367
884995bb61fffff,Financial,4
884995bb61fffff,Health,97
884995bb61fffff,Hospitality,364
884995bb61fffff,Information,4
884995bb61fffff,Manufacturing,120
884995bb61fffff,Professional Service,34
884995bb61fffff,Public Administration,22
884995bb61fffff,Real Estate,20
884995bb61fffff,Retail,880
884995bb61fffff,Wholesale,20
884995bb63fffff,Art/Culture,241
884995bb63fffff,Business Support,414
884995bb63fffff,Construction,1
884995bb63fffff,Education,618
884995bb63fffff,Energy,9
884995bb63fffff,Financial,154
884995bb63fffff,Health,97
884995bb63fffff,Hospitality,294
884995bb63fffff,Manufacturing,949
884995bb63fffff,Professional Service,35
884995bb63fffff,Public Administration,1053
884995bb63fffff,Real Estate,19
884995bb63fffff,Retail,496
884995bb63fffff,Transportation,6
884995bb63fffff,Wholesale,400
884995bb65fffff,Art/Culture,40
884995bb65fffff,Business Support,74
884995bb65fffff,Construction,7
884995bb65fffff,Education,685
884995bb65fffff,Energy,9
884995bb65fffff,Financial,35
884995bb65fffff,Health,201
884995bb65fffff,Hospitality,591
884995bb65fffff,Information,1
884995bb65fffff,Manufacturing,292
884995bb65fffff,Professional Service,92
884995bb65fffff,Public Administration,161
884995bb65fffff,Real Estate,51
884995bb65fffff,Retail,1724
884995bb65fffff,Transportation,28
884995bb65fffff,Wholesale,407
884995bb67fffff,Art/Culture,7
884995bb67fffff,Business Support,10
884995bb67fffff,Construction,114
884995bb67fffff,Education,101
884995bb67fffff,Financial,18
884995bb67fffff,Health,41
884995bb67fffff,Hospitality,162
884995bb67fffff,Information,25
884995bb67fffff,Manufacturing,1429
884995bb67fffff,Professional Service,18
884995bb67fffff,Public Administration,76
884995bb67fffff,Real Estate,83
884995bb67fffff,Retail,373
884995bb67fffff,Transportation,10
884995bb67fffff,Wholesale,247
884995bb69fffff,Art/Culture,16
884995bb69fffff,Business Support,113
884995bb69fffff,Construction,21
884995bb69fffff,Education,91
884995bb69fffff,Energy,666
884995bb69fffff,Financial,56
884995bb69fffff,Health,40
884995bb69fffff,Hospitality,266
884995bb69fffff,Manufacturing,336
884995bb69fffff,Professional Service,27
884995bb69fffff,Real Estate,24
884995bb69fffff,Retail,1068
884995bb69fffff,Transportation,302
884995bb69fffff,Wholesale,1406
884995bb6bfffff,Art/Culture,88
884995bb6bfffff,Business Support,27
884995bb6bfffff,Construction,38
884995bb6bfffff,Education,565
884995bb6bfffff,Health,421
884995bb6bfffff,Hospitality,422
884995bb6bfffff,Information,24
884995bb6bfffff,Manufacturing,230
884995bb6bfffff,Professional Service,40
884995bb6bfffff,Public Administration,12
884995bb6bfffff,Real Estate,12
884995bb6bfffff,Retail,2185
884995bb6bfffff,Transportation,11
884995bb6bfffff,Wholesale,80
884995bb6dfffff,Art/Culture,112
884995bb6dfffff,Business Support,15
884995bb6dfffff,Education,130
884995bb6dfffff,Financial,395
884995bb6dfffff,Health,87
884995bb6dfffff,Hospitality,1679
884995bb6dfffff,Information,124
884995bb6dfffff,Manufacturing,125
884995bb6dfffff,Professional Service,11
884995bb6dfffff,Public Administration,41
884995bb6dfffff,Real Estate,104
884995bb6dfffff,Retail,4199
884995bb6dfffff,Transportation,153
884995bb6dfffff,Wholesale,658
